,KIE,PJP,XBI,XLV,KIE_vol,PJP_vol,XBI_vol,XLV_vol,cpi,unemployment,interest_rate,trends_flu_symptoms,trends_fever,trends_shortness_of_breath,wili,ili,num_ili,num_patients,nchs_deaths
2010-01-10,9.057225227355957,15.203442573547363,17.86500358581543,24.00796127319336,0.008309592313976783,0.003637132284242427,0.005599831343306768,0.008325845725879848,217.488,9.8,0.11,14,47,2,1.86737529968374,1.82748623353375,14088,770895,8641568.0
2010-01-17,9.049768447875977,15.413590431213379,17.6917781829834,24.340349197387695,0.009687600992879766,0.010255056568695384,0.013182180287897015,0.009302253828523736,217.488,9.8,0.11,13,45,3,1.88072330631514,1.92605625070969,14757,766177,8641568.0
2010-01-24,8.721590042114258,15.033717155456543,17.666114807128906,23.917306900024414,0.018963680818826767,0.019509107405745824,0.016421450934873454,0.019749361590652485,217.488,9.8,0.11,11,49,3,1.96908433236079,1.92494717278953,15122,785580,8641568.0
2010-01-31,8.768827438354492,15.049875259399414,17.733476638793945,23.630233764648438,0.011463958905243,0.0070549884847220835,0.010719580332535948,0.005937719827769766,217.488,9.8,0.11,10,49,2,2.11386811062075,2.0887684250423,16037,767773,8641568.0
2010-02-07,8.656946182250977,14.823567390441895,17.617998123168945,23.290281295776367,0.022844538949551577,0.017173597278252208,0.027867526112459663,0.017661489930304988,217.281,9.8,0.13,10,50,3,2.09694583121344,2.03434082648651,15381,756068,8641568.0
2010-02-14,8.756394386291504,14.969054222106934,18.18579864501953,23.320507049560547,0.010984549450111925,0.006804428464807187,0.01097225576580176,0.0065893902222920134,217.281,9.8,0.13,9,47,3,1.90294345645018,1.97649460514715,15065,762208,8641568.0
2010-02-21,9.129323959350586,15.332765579223633,18.349409103393555,23.819095611572266,0.006685355009827988,0.004454101151917998,0.012567365789770912,0.0039005160255163665,217.281,9.8,0.13,8,51,3,1.96951462278194,1.99361774638287,16087,806925,8641568.0
2010-02-28,9.193965911865234,15.437838554382324,18.06389808654785,23.720890045166016,0.010990405215116034,0.009602574330472556,0.009992333901274207,0.006151276220248675,217.281,9.8,0.13,8,48,3,1.92331036712421,1.85382596354543,14486,781411,8641568.0
2010-03-07,9.569380760192871,15.84197998046875,18.939664840698242,24.189258575439453,0.00628334971678279,0.005204697663707002,0.027908354247004875,0.007812823602319137,217.353,9.9,0.16,7,50,3,1.89658616483482,1.86730358448397,14354,768702,8641568.0
2010-03-14,9.701151847839355,16.003633499145508,19.388778686523438,24.053279876708984,0.004788103035753976,0.005311882906833055,0.007652441966226272,0.0060715636702936,217.353,9.9,0.16,7,49,3,1.75180555050134,1.69986766366336,12601,741293,8641568.0
2010-03-21,9.857553482055664,16.07637596130371,19.49464225769043,24.44456672668457,0.010002214590570335,0.003940641189561133,0.007883913632577432,0.0033816133416194293,217.353,9.9,0.16,5,49,3,1.52631922263178,1.49740820329748,11191,747358,8641568.0
2010-03-28,10.134214401245117,16.052120208740234,19.36953353881836,24.179279327392578,0.0060877606274147384,0.010799704703664516,0.01111636274081506,0.007604965482543983,217.353,9.9,0.16,5,46,3,1.49571988362904,1.45111877208932,10359,713863,8641568.0
2010-04-04,10.383458137512207,16.26226806640625,19.391984939575195,24.490047454833984,0.0075338808791284885,0.006462376593555564,0.00738006944994498,0.006178533081246603,217.403,9.9,0.2,5,48,3,1.22313021684613,1.20714782732567,8813,730068,8641568.0
2010-04-11,10.493125915527344,16.141029357910156,19.578039169311523,24.315717697143555,0.00885716495933258,0.0030492514329741784,0.006437119681295708,0.0035403119333991527,217.403,9.9,0.2,4,49,2,1.17754240902,1.1741508052025,8801,749563,8641568.0
2010-04-18,10.537993431091309,16.15719985961914,19.539546966552734,23.97463035583496,0.01605554688553061,0.001564570925813413,0.007230061775952676,0.0024771493001336646,217.403,9.9,0.2,4,51,2,1.09111851417293,1.16206676116624,8362,719580,8641568.0
2010-04-25,10.866988182067871,15.858138084411621,19.27970314025879,23.762399673461914,0.006932857481745807,0.010483602862554463,0.013060581810676873,0.012249619514066312,217.403,9.9,0.2,4,51,2,1.11957937083649,1.17213431214881,8440,720054,8641568.0
2010-05-02,10.30120849609375,15.809646606445312,19.359909057617188,23.406152725219727,0.027872436965130646,0.013040570945282883,0.016821234822241814,0.0121784129539646,217.29,9.6,0.2,4,49,2,1.08168511952067,1.12167653365951,7914,705551,8641568.0
2010-05-09,9.476214408874512,15.138785362243652,17.168886184692383,22.526906967163086,0.02174006585282084,0.017663699782118517,0.02407691965976627,0.013155652510379893,217.29,9.6,0.2,3,50,2,1.12497482672273,1.14981162628807,7697,669414,8641568.0
2010-05-16,9.780291557312012,15.300430297851562,18.009361267089844,22.71640396118164,0.03813238535495901,0.02043508380674411,0.02318379648926013,0.01630607860376351,217.29,9.6,0.2,3,50,3,1.0619697897527,1.13327579756352,7603,670887,8641568.0
2010-05-23,9.281805038452148,14.710404396057129,17.130388259887695,21.829572677612305,0.029791522822413773,0.015523727741468794,0.018752208581326733,0.013909278721034184,217.29,9.6,0.2,3,48,2,1.08908766932167,1.08171331519166,6853,633532,8641568.0
2010-05-30,9.491169929504395,15.074124336242676,17.36456298828125,21.882627487182617,0.028334862155313296,0.006642399104973317,0.012481714628883167,0.011106115179373408,217.29,9.6,0.2,3,43,3,1.17760142013009,1.19958601095361,6595,549773,8641568.0
2010-06-06,9.040040016174316,14.653827667236328,17.271535873413086,21.587020874023438,0.03577612276403777,0.02136975261077857,0.03590351484065166,0.02204797041733936,217.199,9.4,0.18,3,44,3,0.974930395182935,0.95280825954795,5755,604004,8641568.0
2010-06-13,9.386488914489746,14.912476539611816,17.457599639892578,22.102447509765625,0.02274237963652109,0.013499895447051597,0.023139804545503295,0.009234969641554512,217.199,9.4,0.18,3,41,2,0.987131780132296,0.916032112818763,5316,580329,8641568.0
2010-06-20,9.62938117980957,15.304537773132324,17.941993713378906,22.511890411376953,0.014363314493166867,0.007617537538331987,0.01220223814939758,0.008183451845425462,217.199,9.4,0.18,3,43,3,0.99599053755025,0.926582172934212,5334,575664,8641568.0
2010-06-27,9.382025718688965,15.312631607055664,17.6917781829834,22.100507736206055,0.01539615629856755,0.007133357534372451,0.015115760358238776,0.005523879402020724,217.199,9.4,0.18,2,43,3,0.904726272396402,0.869619711871655,4718,542536,8641568.0
2010-07-04,8.72240924835205,14.778188705444336,16.334821701049805,21.35392189025879,0.01692424938418679,0.01374806928491516,0.016511676107873643,0.007956658826255203,217.605,9.4,0.18,3,46,2,0.941927007840111,0.903133146199371,4691,519414,8641568.0
2010-07-11,9.382025718688965,15.312631607055664,17.02773666381836,22.115739822387695,0.01350777026452089,0.01033307067338984,0.019940145495954822,0.007451843409315613,217.605,9.4,0.18,2,49,2,0.880415229455867,0.773775692770479,4234,547187,8641568.0
2010-07-18,9.007245063781738,15.110187530517578,16.617115020751953,21.849111557006836,0.021418578844128018,0.015183041734480512,0.020204931890940775,0.010990130559889032,217.605,9.4,0.18,2,48,2,0.842614661882896,0.742774403429925,3950,531790,8641568.0
2010-07-25,9.531937599182129,15.320735931396484,17.387027740478516,21.658647537231445,0.020896297877532718,0.009218921948731498,0.013922088604153508,0.009018907138805482,217.605,9.4,0.18,2,50,2,0.858382365250436,0.730934475995922,3850,526723,8641568.0
2010-08-01,9.5819091796875,15.555562019348145,17.60516357421875,21.76529884338379,0.009937223016163892,0.013159274380733148,0.025945914503635006,0.010020256167846771,217.923,9.5,0.19,2,48,3,0.833830394847588,0.786881828762007,4077,518121,8641568.0
2010-08-08,9.54942798614502,16.12238883972168,18.320531845092773,22.63378143310547,0.01598043846509324,0.007762837462842923,0.012597310861759534,0.0072927405063638534,217.923,9.5,0.19,3,45,3,0.847436542815637,0.763050679663405,4008,525260,8641568.0
2010-08-15,9.179644584655762,15.887564659118652,17.566659927368164,22.169071197509766,0.01854736220670133,0.016580184160665423,0.014701036007071023,0.012652890986560581,217.923,9.5,0.19,2,46,3,0.888273269260976,0.841043206314339,4518,537190,8641568.0
2010-08-22,9.037227630615234,15.782283782958984,17.354948043823242,21.841489791870117,0.015553757296896939,0.011018551316748183,0.013753726740374717,0.01151584543369682,217.923,9.5,0.19,3,46,2,0.76537228790335,0.791572794251964,4420,558382,8641568.0
2010-08-29,9.177144050598145,15.790386199951172,17.088682174682617,21.76529884338379,0.020082592263126735,0.011388992499137588,0.016558283815291702,0.01354405363338889,217.923,9.5,0.19,3,45,2,0.91858044292525,0.912731760403811,5007,548573,8641568.0
2010-09-05,9.764301300048828,16.21147346496582,17.743101119995117,22.222394943237305,0.023326460398676287,0.013998351312295898,0.015121316007269696,0.0134737871862924,218.275,9.5,0.19,4,47,2,1.01431787184839,1.03397647058824,5493,531250,8641568.0
2010-09-12,9.72182559967041,16.51917839050293,18.137678146362305,22.679487228393555,0.01778083536594626,0.00851253468969767,0.01141213299132389,0.0076421994806853185,218.275,9.5,0.19,4,45,2,1.01232561233888,0.934009119726069,5510,589930,8641568.0
2010-09-19,9.914754867553711,16.734603881835938,18.500171661376953,22.92630386352539,0.008916007698811247,0.0052170444783581045,0.01140518115130511,0.0048935783073811205,218.275,9.5,0.19,4,47,2,1.11803281725652,1.08188875532238,6741,623077,8641568.0
2010-09-26,9.96237850189209,17.237545013427734,18.93646240234375,23.477638244628906,0.023328457571482768,0.01153062153691313,0.009080975214842375,0.00829769380654603,218.275,9.5,0.19,5,47,3,1.11805942184768,1.06562601148547,6387,599366,8641568.0
2010-10-03,9.877159118652344,17.30243492126465,19.026277542114258,23.347461700439453,0.006500701956507701,0.007065418900132574,0.004760445000260932,0.0058574447306320105,219.035,9.4,0.19,6,46,2,1.10939,1.13505,8473,746485,8641568.0
2010-10-10,10.127787590026855,17.626907348632812,19.526718139648438,23.561870574951172,0.0122492990154504,0.009359696250236112,0.011956839969106646,0.01054448992888332,219.035,9.4,0.19,6,46,2,1.24341,1.25256,9347,746230,8641568.0
2010-10-17,10.197959899902344,18.170398712158203,19.683908462524414,23.852840423583984,0.007127628681183066,0.008681467445191923,0.003646768544450524,0.003432763984595546,219.035,9.4,0.19,6,49,2,1.25726,1.2457,9684,777397,8641568.0
2010-10-24,10.295705795288086,18.275848388671875,19.1032657623291,23.91411590576172,0.005693387305458932,0.010493608943563552,0.01448365829157481,0.011593958149798229,219.035,9.4,0.19,6,46,3,1.25734,1.26774,9904,781234,8641568.0
2010-10-31,10.062623977661133,18.25151824951172,19.10005760192871,23.8681583404541,0.007398956912452267,0.005363870879497616,0.010574288807812497,0.005581267481050356,219.035,9.4,0.19,6,77,2,1.43414,1.43723,11020,766753,8641568.0
2010-11-07,10.59645938873291,18.592212677001953,19.090435028076172,24.082576751708984,0.012918037889149775,0.006822655692950199,0.0052505257413884305,0.005809904561153895,219.59,9.8,0.19,7,47,2,1.51838,1.53341,11807,769982,8641568.0
2010-11-14,10.085182189941406,18.283960342407227,18.80813980102539,23.68438720703125,0.010641763783342882,0.005612623938053045,0.008434693553001613,0.005777767874500667,219.59,9.8,0.19,7,49,2,1.61617,1.69445,13336,787038,8641568.0
2010-11-21,10.055105209350586,18.535430908203125,19.08081817626953,23.73798179626465,0.012595031649047444,0.011307820334928616,0.008806071552843584,0.010159416447116657,219.59,9.8,0.19,6,47,2,1.84378,1.9915,12079,606527,8641568.0
2010-11-28,9.847084999084473,18.511096954345703,19.270082473754883,23.416379928588867,0.015302117302822877,0.010836823484315996,0.011881253225547925,0.010547580955305199,219.59,9.8,0.19,7,48,2,1.72535,1.81305,13997,772016,8641568.0
2010-12-05,10.275654792785645,18.54353904724121,19.594085693359375,23.806913375854492,0.013109642962025771,0.012857034543047218,0.010194681339892936,0.010622051689677878,220.472,9.3,0.18,7,47,2,1.87923,2.01426,14958,742606,8641568.0
2010-12-12,10.649087905883789,18.94913673400879,19.796184539794922,23.960054397583008,0.007807800684514036,0.004299346902333921,0.007487925545684933,0.005705668162403401,220.472,9.3,0.18,8,46,2,2.3371,2.55659,18022,704923,8641568.0
2010-12-19,10.710001945495605,19.521034240722656,20.171510696411133,24.376829147338867,0.005240346353578007,0.006790512330816099,0.007329676504769838,0.005182987505899418,220.472,9.3,0.18,9,50,2,3.03533,3.38185,19899,588406,8641568.0
2010-12-26,10.87686824798584,19.456003189086914,20.655916213989258,24.36144256591797,0.008760924222326607,0.0015219378563939166,0.011241684293553513,0.00222855426949808,220.472,9.3,0.18,11,55,2,3.136,3.43172,20346,592880,8641568.0
2011-01-02,10.879398345947266,19.220218658447266,20.23567008972168,24.245975494384766,0.003003673290972807,0.0036395827281639776,0.0031378182917931614,0.0017199941158418952,221.187,9.1,0.17,13,59,3,2.53336,2.69151,20026,744043,8769558.0
2011-01-09,11.023512840270996,19.130779266357422,20.44418716430664,24.684715270996094,0.0122120284725646,0.006568469435191291,0.009134160134222913,0.0035776535650998416,221.187,9.1,0.17,11,59,2,2.91288,2.91063,20721,711908,8769558.0
2011-01-16,11.195440292358398,19.2608642578125,20.655916213989258,24.769384384155273,0.008803603625092861,0.004169018494815598,0.003639685148940622,0.004681541104701795,221.187,9.1,0.17,13,64,3,3.44497,3.49232,26257,751850,8769558.0
2011-01-23,11.005816459655762,18.943782806396484,19.95016098022461,24.777076721191406,0.015829129566581956,0.00973023500374594,0.01477505031317414,0.004747218576859578,221.187,9.1,0.17,15,68,3,4.16185,4.0037,31975,798637,8769558.0
2011-01-30,10.95777702331543,18.691740036010742,19.690319061279297,24.330644607543945,0.014062355464102767,0.011981739214948172,0.018526025618425094,0.008272875238163996,221.187,9.1,0.17,15,72,3,4.55159,4.43534,34284,772974,8769558.0
2011-02-06,11.157514572143555,18.935649871826172,20.113771438598633,24.88484001159668,0.01457556451537159,0.004886854801176993,0.003805843937469985,0.008004631434305373,221.898,9.0,0.16,16,71,3,4.46504,4.24215,34456,812230,8769558.0
2011-02-13,11.478608131408691,18.87873649597168,20.023942947387695,24.923320770263672,0.008600389771610567,0.0011210999855865884,0.006247932560756149,0.0021871382358714226,221.898,9.0,0.16,16,82,3,4.55124,4.39719,36567,831600,8769558.0
2011-02-20,11.751670837402344,19.1795597076416,20.280582427978516,25.254295349121094,0.0076831999043275945,0.002395806866378579,0.004393103505183035,0.002873750541462173,221.898,9.0,0.16,13,78,3,4.0822,3.90256,31277,801449,8769558.0
2011-02-27,11.433101654052734,18.65921974182129,20.039995193481445,24.869441986083984,0.016073092057868704,0.012921045431231125,0.017241001820775072,0.010330305498674518,221.898,9.0,0.16,11,72,3,3.38812,3.15073,24627,781629,8769558.0
2011-03-06,11.273818969726562,19.14703369140625,20.120187759399414,25.500614166259766,0.017940122936137358,0.011844451948676761,0.006776787541301404,0.011055560660069349,223.046,9.0,0.14,9,68,3,2.99142,2.72422,20377,747993,8769558.0
2011-03-13,11.157514572143555,19.016956329345703,20.264551162719727,25.169641494750977,0.01290569917626194,0.011419484532828454,0.009860510316646424,0.008906097846329489,223.046,9.0,0.14,8,64,3,2.61542,2.33336,17309,741807,8769558.0
2011-03-20,10.882282257080078,18.838088989257812,19.92450523376465,24.7198486328125,0.014133828880095093,0.011858811935645495,0.0060671496477798185,0.011850694410605855,223.046,9.0,0.14,7,66,3,2.09065,1.925,14031,728883,8769558.0
2011-03-27,11.08512020111084,19.228349685668945,20.341529846191406,25.26111602783203,0.008969183754446317,0.004319088004616329,0.009052665583340514,0.005543825168000734,223.046,9.0,0.14,6,64,3,1.86146,1.75243,12957,739375,8769558.0
2011-04-03,11.32852840423584,19.895030975341797,21.563766479492188,25.7327823638916,0.0049499499319004105,0.010523151652111365,0.009592452993822232,0.003349631087472381,224.093,9.1,0.1,5,60,3,1.61377,1.57704,11498,729089,8769558.0
2011-04-10,11.26513957977295,20.37472152709961,21.887758255004883,25.763704299926758,0.008071664121306952,0.004242521097326709,0.0070712270312263395,0.0039926769178070046,224.093,9.1,0.1,5,58,3,1.42199,1.35766,9391,691707,8769558.0
2011-04-17,11.113015174865723,20.789379119873047,22.891841888427734,26.22764015197754,0.007828143029438224,0.004746730392907979,0.009917361039193143,0.004432848307322656,224.093,9.1,0.1,4,57,3,1.3382,1.31223,8695,662612,8769558.0
2011-04-24,11.173863410949707,20.870683670043945,23.097150802612305,26.482805252075195,0.014004986664700413,0.009125428147009815,0.01400723231788715,0.009582066244112905,224.093,9.1,0.1,4,56,3,1.19995,1.14937,7830,681240,8769558.0
2011-05-01,11.511082649230957,21.28533363342285,23.67137336730957,27.248289108276367,0.008942888326726328,0.006754239374096515,0.015655579661165882,0.005589779850683899,224.806,9.0,0.09,4,56,3,1.14889,1.11451,7307,655627,8769558.0
2011-05-08,11.260069847106934,21.38289451599121,23.190185546875,27.449317932128906,0.007645918797583287,0.007635772318846951,0.014841887241354582,0.006925843641779126,224.806,9.0,0.09,4,59,3,1.12194,1.10984,7236,651983,8769558.0
2011-05-15,11.138365745544434,21.765018463134766,23.70024871826172,27.897804260253906,0.010630596305184085,0.009039063107614261,0.012545328514704667,0.0053092282246012465,224.806,9.0,0.09,3,56,3,1.06712,1.0524,6530,620485,8769558.0
2011-05-22,11.044557571411133,21.70810890197754,23.716285705566406,27.86686134338379,0.005506688332508085,0.005252161748695497,0.010639429130978765,0.005823171972185183,224.806,9.0,0.09,3,55,3,1.05058,1.03536,6072,586460,8769558.0
2011-05-29,10.925385475158691,21.748760223388672,23.9600887298584,27.596229553222656,0.008061029550894968,0.006781674889067677,0.011981939138115008,0.0049895433301514755,224.806,9.0,0.09,3,57,3,1.15203,1.11777,5946,531954,8769558.0
2011-06-05,10.641414642333984,21.374767303466797,23.385862350463867,27.20962142944336,0.016145763927859984,0.012210333738886964,0.016520432662500896,0.011240461008159763,224.806,9.1,0.09,3,56,3,0.970975,0.982949,5547,564322,8769558.0
2011-06-12,10.205309867858887,20.9032039642334,22.71861457824707,26.915803909301758,0.010350321516716868,0.011065444866715885,0.01516801799227961,0.01083792546578994,224.806,9.1,0.09,3,55,3,0.894683,0.925194,4989,539238,8769558.0
2011-06-19,10.22731876373291,20.968793869018555,22.275917053222656,27.016624450683594,0.01739475853948187,0.00800268840740415,0.007328349690679243,0.008511762564605424,224.806,9.1,0.09,3,54,3,0.843568,0.835531,4448,532356,8769558.0
2011-06-26,10.171393394470215,21.254026412963867,22.680126190185547,26.946697235107422,0.010444585952453195,0.007459494043955737,0.009774505189065115,0.008844832556659856,224.806,9.1,0.09,3,54,3,0.815409,0.832393,4218,506732,8769558.0
2011-07-03,10.753558158874512,22.19937515258789,23.725908279418945,27.94127082824707,0.006502704826008696,0.005051212796855661,0.009513595342130438,0.005411743751123684,225.395,9.0,0.07,2,51,3,0.823052,0.855591,4009,468565,8769558.0
2011-07-10,10.684918403625488,22.370512008666992,24.19426155090332,27.801410675048828,0.013267615539736443,0.0012096316688953873,0.003814280760021844,0.0031320705415901185,225.395,9.0,0.07,2,50,3,0.674635,0.706949,3721,526346,8769558.0
2011-07-17,10.285796165466309,22.15047836303711,23.818927764892578,27.34295654296875,0.013772020262677669,0.009443491338186763,0.011685711711931114,0.006697830705938646,225.395,9.0,0.07,2,49,3,0.631883,0.694387,3597,518011,8769558.0
2011-07-24,10.250200271606445,22.346073150634766,24.235971450805664,27.65377426147461,0.015326392455755417,0.009548448379169521,0.01707067254056382,0.009305138089787064,225.395,9.0,0.07,2,48,3,0.641513,0.687976,3538,514262,8769558.0
2011-07-31,9.95021915435791,21.58815574645996,22.824472427368164,26.511577606201172,0.011911363788141048,0.007198941355359924,0.01616220223478627,0.0062396618268368365,225.395,9.0,0.07,2,51,3,0.529813,0.644743,3202,496632,8769558.0
2011-08-07,9.131628036499023,19.909347534179688,19.157806396484375,24.716676712036133,0.022645770350716344,0.025631362950196072,0.041849808153107994,0.01933714914782132,226.106,9.0,0.1,3,48,3,0.644089,0.67533,3523,521671,8769558.0
2011-08-14,8.70962142944336,19.958250045776367,19.21875,24.584592819213867,0.07917744293476241,0.044542025749354765,0.06095124928060664,0.044715792931706626,226.106,9.0,0.1,3,47,3,0.667718,0.72823,3874,531975,8769558.0
2011-08-21,8.2672758102417,19.347034454345703,18.708696365356445,24.11060905456543,0.029475577978276497,0.02160678906899851,0.032511745937464226,0.01824221342514755,226.106,9.0,0.1,3,49,3,0.705668,0.806526,4444,551005,8769558.0
2011-08-28,8.506244659423828,20.227184295654297,19.29574203491211,25.05080223083496,0.02035492148685455,0.020471498273403815,0.02867284926974103,0.018139620616812714,226.106,9.0,0.1,3,50,3,0.804155,0.860408,4717,548228,8769558.0
2011-09-04,8.496076583862305,20.33312225341797,19.404809951782227,25.213966369628906,0.03498600665403389,0.0188687746045614,0.025233876509920698,0.017462712951112135,226.597,9.0,0.08,4,52,3,0.907804,0.936075,4813,514168,8769558.0
2011-09-11,8.3257474899292,20.1619873046875,19.677490234375,24.840993881225586,0.037940235422738264,0.021399152343992884,0.03091557360622207,0.022669840930982173,226.597,9.0,0.08,5,53,3,1.00555,0.966683,5567,575887,8769558.0
2011-09-18,8.805601119995117,20.99776268005371,20.457021713256836,25.795135498046875,0.00784756228312407,0.007406793183738258,0.007527803335701969,0.0029681348132175427,226.597,9.0,0.08,6,54,3,1.03601,0.996007,5822,584534,8769558.0
2011-09-25,7.871709823608398,20.050373077392578,19.7352352142334,24.59208869934082,0.02156117003222772,0.015280164030153197,0.0171851847461697,0.014842568839055915,226.597,9.0,0.08,7,59,3,1.07583,1.10846,6708,605162,8769558.0
2011-10-02,8.149833679199219,20.06670570373535,19.090435028076172,24.78738784790039,0.031841937943518035,0.01543211629613659,0.019675021527383308,0.015787132323987232,226.75,8.8,0.07,7,54,3,1.16092,1.20345,9365,778182,8769558.0
2011-10-09,8.203420639038086,20.434240341186523,19.65182876586914,24.920194625854492,0.04060998252727796,0.023082855165113266,0.03779849068533502,0.019712422423673482,226.75,8.8,0.07,7,53,3,1.19785,1.23777,9803,791987,8769558.0
2011-10-16,8.797943115234375,21.34078598022461,20.627038955688477,25.685768127441406,0.023075744119594798,0.012121933184133191,0.011123006378424363,0.010272968655013474,226.75,8.8,0.07,8,55,3,1.27926,1.25259,9958,794995,8769558.0
2011-10-23,9.298060417175293,21.2346134185791,20.800270080566406,25.865442276000977,0.03138751173383623,0.015932465563076755,0.022325080650685433,0.013677084862198081,226.75,8.8,0.07,8,53,3,1.29194,1.30546,10298,788840,8769558.0
2011-10-30,9.63997745513916,22.108503341674805,21.73056983947754,26.724754333496094,0.028054765077561394,0.01944996890199232,0.026765911179268236,0.017182592565779104,226.75,8.8,0.07,8,55,3,1.42824,1.45295,11396,784334,8769558.0
2011-11-06,9.428192138671875,21.536800384521484,20.614206314086914,25.927932739257812,0.026026206401978412,0.014300411361041881,0.020753109371551576,0.014168856642545469,227.169,8.6,0.08,8,54,3,1.39803,1.44089,11496,797839,8769558.0
2011-11-13,9.49198055267334,21.985992431640625,19.895627975463867,26.615398406982422,0.022554722581993005,0.02011451571566691,0.019278617633831572,0.019414920370142114,227.169,8.6,0.08,8,60,3,1.45831,1.46221,11721,801594,8769558.0
2011-11-20,9.119446754455566,21.259111404418945,19.135347366333008,25.662328720092773,0.011501346493993219,0.007351135315892671,0.006750768806661461,0.008310404318750735,227.169,8.6,0.08,7,52,3,1.56548,1.65573,10377,626731,8769558.0
2011-11-27,8.693329811096191,20.646583557128906,19.177061080932617,24.771764755249023,0.013804985285469496,0.011262302476884445,0.02303288613964109,0.00997312550729552,227.169,8.6,0.08,8,53,3,1.34313,1.46606,11479,782984,8769558.0
2011-12-04,9.333781242370605,22.165668487548828,20.947834014892578,26.17792510986328,0.022901573129480483,0.01851338513225578,0.026329234131714445,0.019509576334248876,227.223,8.5,0.07,8,54,2,1.48139,1.51811,11187,736905,8769558.0
2011-12-11,9.47412395477295,22.280010223388672,20.614206314086914,26.420093536376953,0.017947802594626305,0.013907586265394255,0.013016478374461814,0.012467757993567427,227.223,8.5,0.07,8,54,2,1.63398,1.66429,12137,729258,8769558.0
2011-12-18,9.251893043518066,22.267223358154297,20.145856857299805,26.246164321899414,0.009699214592037667,0.010135055647448488,0.010418355417897696,0.008207276145257356,227.223,8.5,0.07,8,54,3,1.83126,1.85274,11958,645424,8769558.0
2011-12-25,9.63235092163086,23.151355743408203,21.05048942565918,27.33812713623047,0.016375844967133228,0.014073304280826872,0.01466857001657153,0.0076134690826343355,227.223,8.5,0.07,10,55,3,2.10451,2.12413,12356,581697,8769558.0
2012-01-01,9.56551742553711,23.06949234008789,21.300704956054688,27.2517032623291,0.009340889378794954,0.008939314564954415,0.012195191188540696,0.007700467125511808,227.842,8.3,0.08,10,57,3,1.73625,1.76709,11992,678631,8839734.0
2012-01-08,9.622074127197266,23.184114456176758,22.320833206176758,27.59737777709961,0.008689286091168202,0.006116456352508485,0.018033757351702272,0.007325782542118928,227.842,8.3,0.08,9,59,3,1.55066,1.5434,11543,747894,8839734.0
2012-01-15,9.822586059570312,23.609800338745117,23.67458152770996,27.83304214477539,0.00914483630387419,0.007441763943747193,0.010438126663667207,0.0042790087548930785,227.842,8.3,0.08,8,59,3,1.62891,1.64762,11939,724623,8839734.0
2012-01-22,10.110501289367676,23.79808235168457,23.539844512939453,28.16297721862793,0.0060763973590503735,0.006169717224836208,0.008234199318896778,0.0034105583179895324,227.842,8.3,0.08,9,59,3,1.76038,1.6843,13209,784244,8839734.0
2012-01-29,10.007674217224121,23.732595443725586,24.928884506225586,28.139419555664062,0.002714638050515768,0.0057228135039246895,0.022197194342621056,0.004816566753602264,227.842,8.3,0.08,9,63,3,1.92728,1.86354,14448,775298,8839734.0
2012-02-05,10.429265022277832,24.338397979736328,25.91372299194336,28.45364761352539,0.011460545215859,0.00802515323867736,0.016375749259680827,0.005511686553333502,228.329,8.3,0.1,9,63,3,1.91994,1.86408,14624,784516,8839734.0
2012-02-12,10.38813304901123,23.98638343811035,25.207971572875977,28.131561279296875,0.0051885890361474925,0.005125511521987257,0.014456939325994308,0.0039674324902528426,228.329,8.3,0.1,10,63,3,2.09951,2.01839,15929,789193,8839734.0
2012-02-19,10.560372352600098,24.019126892089844,25.230430603027344,28.469364166259766,0.006478592976225718,0.009373862082357536,0.022239243301910003,0.004749622154424719,228.329,8.3,0.1,11,64,4,2.23973,2.10385,16137,767022,8839734.0
2012-02-26,10.532095909118652,24.968751907348633,25.18552017211914,28.430072784423828,0.008285569474820764,0.0189685110475313,0.019372863211663996,0.005063595275182479,228.329,8.3,0.1,10,62,3,2.21921,2.09555,16518,788242,8839734.0
2012-03-04,10.48067855834961,25.157047271728516,24.70754051208496,28.52434539794922,0.004957321621733569,0.006854199702341746,0.007917382702453799,0.004563626042477396,228.807,8.2,0.13,9,72,3,2.16693,2.10398,15763,749198,8839734.0
2012-03-11,10.53980827331543,25.034242630004883,24.71395492553711,28.65005111694336,0.013139492090812737,0.01195225772622493,0.017416040040019058,0.009097473505322756,228.807,8.2,0.13,9,65,3,2.38913,2.2941,17150,747570,8839734.0
2012-03-18,10.763510704040527,25.196292877197266,25.175899505615234,29.09466552734375,0.01288891182743496,0.005950023872266172,0.009745111345526827,0.00623916110764105,228.807,8.2,0.13,8,63,3,1.96466,1.92223,14524,755579,8839734.0
2012-03-25,10.642430305480957,25.39287757873535,25.16947364807129,28.913061141967773,0.007581945012606049,0.005429044478390453,0.01102602062235006,0.0031257285875914403,228.807,8.2,0.13,6,59,3,1.84229,1.74239,13017,747079,8839734.0
2012-04-01,10.76866626739502,25.74510383605957,25.81106948852539,29.694721221923828,0.009250043719541466,0.00795656896543121,0.012586478121850684,0.007524079174953703,229.187,8.2,0.14,6,60,3,1.68674,1.67601,11930,711808,8839734.0
2012-04-08,10.740323066711426,25.72052574157715,25.8880615234375,29.61575698852539,0.006033494698888315,0.005301019981050713,0.01465240227874757,0.0035939880094447802,229.187,8.2,0.14,6,64,3,1.53136,1.49637,10732,717202,8839734.0
2012-04-15,10.493006706237793,24.909591674804688,23.94083595275879,28.881492614746094,0.01599515744983538,0.011162857536605026,0.021521842684750336,0.008750424353424826,229.187,8.2,0.14,5,64,3,1.37912,1.38202,10123,732480,8839734.0
2012-04-22,10.596057891845703,25.49117660522461,25.301000595092773,29.442058563232422,0.009485529926756735,0.008041942582741253,0.020522686418168064,0.006700920100706699,229.187,8.2,0.14,5,59,3,1.29515,1.28926,9370,726772,8839734.0
2012-04-29,10.879441261291504,26.26114845275879,26.346797943115234,29.631561279296875,0.007761817609135022,0.008243091700548863,0.01019434356832529,0.006606071755049036,229.187,8.2,0.14,5,59,3,1.39521,1.35803,8999,662649,8839734.0
2012-05-06,10.675920486450195,25.55669593811035,25.27855110168457,29.17361831665039,0.006662387764297292,0.005813202146696354,0.013428755809305934,0.006256803189468904,228.713,8.2,0.16,4,58,3,1.32522,1.30833,8576,655492,8839734.0
2012-05-13,10.678494453430176,25.74510383605957,26.491159439086914,29.22098731994629,0.004468678648121985,0.007877855442423677,0.012105886174924994,0.0050211587038944735,228.713,8.2,0.16,5,60,3,1.23059,1.26692,8062,636347,8839734.0
2012-05-20,10.021559715270996,24.966934204101562,25.243267059326172,28.478824615478516,0.0048270329845832355,0.006838230554676854,0.01588582133136676,0.004503254734929746,228.713,8.2,0.16,4,62,3,1.23028,1.27731,7878,616765,8839734.0
2012-05-27,10.227654457092285,25.458398818969727,26.378875732421875,28.755163192749023,0.005332639507802806,0.007781635646742672,0.014742689568216786,0.007080187795756499,228.713,8.2,0.16,4,60,3,1.26877,1.2991,7153,550614,8839734.0
2012-06-03,9.957152366638184,24.721200942993164,25.11815643310547,28.03668212890625,0.015865218046742686,0.01095863692671121,0.01191281264703793,0.008712059819341783,228.524,8.2,0.16,4,59,3,1.10782,1.16297,6765,581700,8839734.0
2012-06-10,10.30236530303955,25.564889907836914,26.208852767944336,28.889381408691406,0.012942906150679435,0.006050483033672817,0.012802336094736824,0.005801945543870714,228.524,8.2,0.16,4,59,3,1.09559,1.08612,6133,564670,8839734.0
2012-06-17,10.308691024780273,26.044008255004883,26.82798957824707,29.418174743652344,0.011128490610642796,0.010546432968806101,0.01829498809544848,0.009172719542330137,228.524,8.2,0.16,3,55,3,1.11031,1.0568,6048,572296,8839734.0
2012-06-24,10.241432189941406,26.561607360839844,28.07587432861328,29.703947067260742,0.013548373222133715,0.012151679605899144,0.0045231014004364,0.010248051216761,228.524,8.2,0.16,3,53,3,1.10616,1.07871,5786,536380,8839734.0
2012-07-01,10.531164169311523,27.243507385253906,28.380624771118164,30.17228889465332,0.015499106039001675,0.011743898969406695,0.02339105373783263,0.012291298658375947,228.59,8.2,0.16,3,51,3,1.10816,1.04662,5291,505533,8839734.0
2012-07-08,10.510467529296875,27.2763729095459,29.59322738647461,29.87065315246582,0.009182561001258794,0.00677048542972793,0.02088189457836622,0.004778401115415565,228.59,8.2,0.16,3,55,3,0.999444,0.928152,5185,558637,8839734.0
2012-07-15,10.484599113464355,27.3585205078125,29.266014099121094,30.267547607421875,0.010641103027433882,0.012055775789307869,0.012602047267034669,0.006021218521831293,228.59,8.2,0.16,3,52,3,0.924199,0.901936,4931,546713,8839734.0
2012-07-22,10.28282356262207,27.654296875,29.394329071044922,30.36279296875,0.009049664606975675,0.011299505663546571,0.00973441618919841,0.00915051040160795,228.59,8.2,0.16,3,51,3,0.949257,0.915356,5103,557488,8839734.0
2012-07-29,10.365605354309082,28.147245407104492,30.029502868652344,30.82320785522461,0.011976214002431398,0.014467260745940553,0.017734118085538382,0.014967002749320158,228.59,8.2,0.16,3,51,3,0.978903,0.952548,5159,541600,8839734.0
2012-08-05,10.440624237060547,27.539281845092773,27.61393165588379,30.553308486938477,0.009717820598687529,0.0080295108559321,0.01467562571892831,0.008400823602883514,229.918,8.1,0.13,4,52,3,0.925024,0.916661,5026,548294,8839734.0
2012-08-12,10.629467010498047,27.38319206237793,27.35729217529297,30.712080001831055,0.002780414825453006,0.006810576805269145,0.0072804706119467405,0.0027776169733356774,229.918,8.1,0.13,4,53,3,0.848456,0.901787,5051,560110,8839734.0
2012-08-19,10.80795955657959,27.2763729095459,27.787153244018555,30.545377731323242,0.0034905456979273607,0.0034426233358042504,0.010469057321405963,0.0034062026834404666,229.918,8.1,0.13,5,55,4,1.04451,1.03315,6141,594395,8839734.0
2012-08-26,10.784674644470215,27.42426109313965,28.367799758911133,30.751766204833984,0.005926704156617725,0.006840875429046312,0.006457932524104734,0.004531723275490465,229.918,8.1,0.13,5,55,3,1.0986,1.05238,6318,600354,8839734.0
2012-09-02,10.787263870239258,27.50641441345215,28.399877548217773,30.83115005493164,0.003943169704698129,0.002249080114107593,0.004948532331509884,0.0029228925234012484,231.015,7.8,0.14,5,57,3,1.22071,1.12713,6296,558585,8839734.0
2012-09-09,11.051127433776855,28.34442901611328,29.381494522094727,31.378862380981445,0.006580856094172766,0.011940973940155628,0.015088876814290698,0.0076747125759356345,231.015,7.8,0.14,6,55,3,1.24976,1.1866,7382,622114,8839734.0
2012-09-16,11.364136695861816,28.52516746520996,29.81136703491211,31.490001678466797,0.006245564871068676,0.004921240046649231,0.007377973253225418,0.005671930045769232,231.015,7.8,0.14,7,56,3,1.22892,1.21415,7656,630563,8839734.0
2012-09-23,11.15185260772705,28.716840744018555,30.87639808654785,32.06132125854492,0.0027503134315272322,0.010607609116558602,0.004556818209468915,0.0017362825506239586,231.015,7.8,0.14,7,59,3,1.29393,1.25198,7807,623572,8839734.0
2012-09-30,10.998556137084961,28.40407371520996,29.965349197387695,32.0054931640625,0.007910034128698602,0.005474352287595186,0.011703622344882635,0.004620874986928533,231.015,7.8,0.14,8,58,3,1.23034,1.20559,9395,779285,8839734.0
2012-10-07,11.315545082092285,29.0954532623291,30.65505599975586,32.8431282043457,0.00492364762991621,0.0028631887587543853,0.0032133555491970214,0.002727428570642911,231.638,7.8,0.16,8,56,3,1.3278,1.31929,10158,769959,8839734.0
2012-10-14,11.234996795654297,28.494611740112305,29.622093200683594,32.15705871582031,0.006475134247410311,0.004609622697031899,0.009514292032912647,0.00544483621671501,231.638,7.8,0.16,9,100,3,1.33995,1.32737,10585,797444,8839734.0
2012-10-21,11.510416030883789,28.519306182861328,28.887481689453125,32.388404846191406,0.011695629309837188,0.01343575078416815,0.02152219454333621,0.012596340655359292,231.638,7.8,0.16,9,69,3,1.37842,1.36688,10913,798388,8839734.0
2012-10-28,11.367510795593262,28.15715980529785,27.466371536254883,32.1650276184082,0.006509037959282035,0.00498725034675093,0.008299510760062774,0.007932522397617487,231.638,7.8,0.16,8,58,3,1.50085,1.50535,11061,734781,8839734.0
2012-11-04,11.240196228027344,27.918460845947266,26.7959041595459,32.021427154541016,0.010698397529894538,0.01518341364548823,0.02280012705660429,0.008447548035704446,231.249,7.7,0.16,9,59,3,1.65163,1.61273,12674,785871,8839734.0
2012-11-11,11.084298133850098,27.391698837280273,27.091039657592773,31.24761199951172,0.01336001628383222,0.008100531862002143,0.02048626202949151,0.008874253929075619,231.249,7.7,0.16,11,61,3,1.76746,1.75208,13623,777534,8839734.0
2012-11-18,10.967373847961426,27.441076278686523,27.04291534423828,31.056167602539062,0.00700441074785752,0.009864418606984384,0.02551875277637601,0.007782820902005671,231.249,7.7,0.16,10,59,3,2.30609,2.33365,14650,627772,8839734.0
2012-11-25,11.336333274841309,28.387619018554688,28.425539016723633,31.925724029541016,0.0035521637983391844,0.002933310636522695,0.006668695634881796,0.005847695576425173,231.249,7.7,0.16,12,61,3,2.16324,2.2268,18521,831730,8839734.0
2012-12-02,11.411684036254883,28.618078231811523,28.508943557739258,32.10120391845703,0.0051575544507753,0.004945880003433894,0.008768727971901475,0.006365195848535057,231.221,7.9,0.16,17,65,3,2.83038,2.97657,24877,835762,8839734.0
2012-12-09,11.531205177307129,28.535770416259766,27.99888038635254,32.29267120361328,0.0035234249194216055,0.0021681630749704577,0.00285476011138794,0.0024468653539146544,231.221,7.9,0.16,19,67,3,3.43761,3.62552,29432,811800,8839734.0
2012-12-16,11.359716415405273,28.609838485717773,28.41591453552246,32.31658935546875,0.005366384234508926,0.009388003896874756,0.014279312389848127,0.007404244881339152,231.221,7.9,0.16,21,67,3,4.30554,4.5532,34332,754019,8839734.0
2012-12-23,11.544622421264648,29.006267547607422,28.456279754638672,32.25050735473633,0.009881272168262883,0.007548415317313401,0.01108968506398899,0.008818624233343281,231.221,7.9,0.16,26,80,3,6.06082,6.02598,36588,607171,8839734.0
2012-12-30,11.410781860351562,28.332477569580078,27.771474838256836,31.64897346496582,0.0022587444687975013,0.003632892327474196,0.0056522870171183525,0.003583461783419286,231.221,7.9,0.16,30,77,3,4.64931,4.96368,34103,687051,8839734.0
2013-01-06,12.027509689331055,29.63846206665039,29.742284774780273,32.80393981933594,0.007165141535028743,0.004178200179019847,0.014461852553746865,0.00809641788028867,231.679,8.0,0.14,76,83,3,4.32584,4.69072,39896,850531,9014608.0
2013-01-13,12.072124481201172,30.403762817382812,30.706802368164062,33.50172805786133,0.00661072245122615,0.005827165303149033,0.005979991110453292,0.004717546729487288,231.679,8.0,0.14,67,72,3,4.51113,4.70473,39441,838326,9014608.0
2013-01-20,12.17972183227539,30.51190948486328,30.774320602416992,33.83056640625,0.003412343207429362,0.0051087535497783085,0.008105783012970047,0.004391093932874074,231.679,8.0,0.14,44,78,3,4.2171,4.1646,32426,778610,9014608.0
2013-01-27,12.444785118103027,30.76976776123047,30.980073928833008,34.36792755126953,0.008914866773957976,0.0056599152475585324,0.0097020103699626,0.003988607230139878,231.679,8.0,0.14,32,69,3,3.78956,3.69533,29808,806640,9014608.0
2013-02-03,12.644232749938965,31.202320098876953,30.88041114807129,34.68876266479492,0.0053940489513169924,0.007277480059403139,0.010036483854484413,0.0068743479683650195,232.937,7.7,0.15,23,70,3,3.29206,3.2363,24987,772086,9014608.0
2013-02-10,12.717716217041016,31.218969345092773,30.85147476196289,34.80104446411133,0.0066930665226855035,0.008127511083983963,0.010846215852159264,0.008810948284150978,232.937,7.7,0.15,15,65,3,3.0197,2.89421,22321,771229,9014608.0
2013-02-17,12.880428314208984,31.2356014251709,30.690717697143555,34.81708908081055,0.002598961794910957,0.0012593435321972244,0.00511151982938343,0.0019832250983022603,232.937,7.7,0.15,15,67,3,2.71499,2.71742,20519,755092,9014608.0
2013-02-24,12.911922454833984,31.260557174682617,30.72287368774414,34.80104446411133,0.011549831870263042,0.006571672684136824,0.012916959533136802,0.0063337646397469026,232.937,7.7,0.15,14,67,3,2.4845,2.52297,19231,762238,9014608.0
2013-03-03,12.86468505859375,31.593303680419922,30.552478790283203,35.11383056640625,0.013725445092746294,0.0063704008512837935,0.02126791930663421,0.008521440283206736,232.282,7.5,0.14,12,64,3,2.57808,2.55227,18829,737736,9014608.0
2013-03-10,13.305578231811523,32.150634765625,32.19858169555664,35.7234001159668,0.0038771954448358543,0.004142316068233127,0.00460580296802729,0.0036165291637307068,232.282,7.5,0.14,11,63,3,2.39237,2.43225,17392,715059,9014608.0
2013-03-17,13.556611061096191,31.942609786987305,32.13548278808594,36.03105926513672,0.0041149760561104,0.007501535977064763,0.009367330305132534,0.0030464297988844887,232.282,7.5,0.14,9,63,3,2.06778,2.10851,15254,723449,9014608.0
2013-03-24,13.51707649230957,32.258811950683594,31.726999282836914,36.1921501159668,0.005261220695907712,0.005910385244268625,0.008748158240736,0.007006906379632792,232.282,7.5,0.14,9,64,3,1.90281,1.94725,13714,704276,9014608.0
2013-03-31,13.67523193359375,32.857872009277344,32.12583923339844,37.01378631591797,0.0034211682921712395,0.005251207353487137,0.009296453859233033,0.006262422201925642,232.282,7.5,0.14,8,65,3,1.65902,1.74859,12273,701881,9014608.0
2013-04-07,13.4933500289917,32.81627655029297,31.488977432250977,37.38432312011719,0.006297119730424849,0.007353773002821944,0.015287527306072465,0.008412453437737452,231.797,7.6,0.15,9,66,4,1.43006,1.49713,10818,722583,9014608.0
2013-04-14,13.817567825317383,33.8480339050293,33.097190856933594,38.60872268676758,0.005352969395384187,0.006577394088132242,0.00826951669835763,0.006630675889036448,231.797,7.6,0.15,6,59,3,1.27757,1.32313,9188,694415,9014608.0
2013-04-21,13.51707649230957,33.8480339050293,34.05569076538086,38.34290313720703,0.018254191640776362,0.016831691127717707,0.027463007007528777,0.014990837236396168,231.797,7.6,0.15,6,62,3,1.19009,1.22647,8589,700300,9014608.0
2013-04-28,13.822846412658691,33.96451950073242,34.139312744140625,38.29457473754883,0.009098826125021817,0.011637279642472294,0.015198871325601384,0.009918293201840997,231.797,7.6,0.15,5,60,3,1.09556,1.19614,7986,667648,9014608.0
2013-05-05,14.073259353637695,34.14756774902344,33.766204833984375,38.399288177490234,0.007133969308987412,0.012751880286995745,0.015465473406945162,0.009299694025291341,231.893,7.5,0.11,4,62,3,1.08589,1.19049,7704,647130,9014608.0
2013-05-12,14.284135818481445,34.8298454284668,34.4416618347168,38.810096740722656,0.006593790753814916,0.010035235090491734,0.014533734018068562,0.005836350576211714,231.893,7.5,0.11,4,60,3,1.07343,1.17426,7317,623114,9014608.0
2013-05-19,14.434372901916504,35.62862014770508,35.39051818847656,39.55118942260742,0.00855234734191557,0.010608970550972876,0.017483166495538684,0.008157315826255413,231.893,7.5,0.11,3,56,3,1.01677,1.13342,6589,581338,9014608.0
2013-05-26,14.131246566772461,35.986412048339844,35.44841766357422,39.567298889160156,0.0034783366983723286,0.004774466646545137,0.010546219093088584,0.006606405486684261,231.893,7.5,0.11,4,58,3,1.04847,1.14306,6190,541528,9014608.0
2013-06-02,14.228775024414062,35.39563751220703,35.72180938720703,38.75372314453125,0.009828780615767904,0.013849978819018966,0.01703828050187959,0.016222688145019454,232.445,7.5,0.09,3,54,3,0.920349,1.00881,5638,558875,9014608.0
2013-06-09,14.297309875488281,35.54541778564453,35.519187927246094,39.067874908447266,0.01288047674543207,0.015903245093451302,0.02340608977664666,0.011854299838052612,232.445,7.5,0.09,3,54,4,0.920779,1.02358,5539,541138,9014608.0
2013-06-16,14.170782089233398,35.95313262939453,34.10394287109375,39.10010528564453,0.011158214078658248,0.008992581620697169,0.010129480309999422,0.0094942019293417,232.445,7.5,0.09,3,55,3,0.904333,1.00138,5474,546643,9014608.0
2013-06-23,13.940441131591797,35.037506103515625,32.876060485839844,38.26565170288086,0.012602486934264875,0.013355128134134999,0.018995708404299545,0.01591183614724517,232.445,7.5,0.09,3,57,4,0.83057,0.909498,4915,540408,9014608.0
2013-06-30,14.281743049621582,35.26280212402344,33.55186462402344,38.52459716796875,0.012318235693469974,0.010249029506166008,0.012786995274802428,0.009576769063794573,232.445,7.5,0.09,3,54,3,0.862837,0.950042,4506,474295,9014608.0
2013-07-07,14.527799606323242,35.99708938598633,35.904273986816406,39.0181884765625,0.01227175510702075,0.009905287220373392,0.019829160909694422,0.0072494668397746626,232.9,7.3,0.09,3,56,3,0.732182,0.829299,4510,543833,9014608.0
2013-07-14,14.98550796508789,37.55746078491211,38.46589279174805,40.36140441894531,0.004554059168423028,0.00354598475177069,0.01283044392017184,0.0036509429165379227,232.9,7.3,0.09,2,51,3,0.724558,0.802109,4186,521874,9014608.0
2013-07-21,15.078110694885254,37.7994499206543,38.8070068359375,40.91972732543945,0.006144223538615868,0.005347909510205282,0.012310979734760573,0.006791658087584894,232.9,7.3,0.09,3,54,3,0.740848,0.806333,4233,524969,9014608.0
2013-07-28,15.033137321472168,38.500370025634766,38.86172103881836,41.38096618652344,0.008340886369197416,0.007966557068271351,0.0147099825003846,0.0044866258794040775,232.9,7.3,0.09,3,55,3,0.726037,0.796937,3886,487617,9014608.0
2013-08-04,15.247434616088867,39.30140686035156,40.14895248413086,41.55896759033203,0.010085979205119023,0.008536486700710298,0.01193484795649877,0.0033308051209622286,233.456,7.2,0.08,3,54,4,0.755639,0.779136,4075,523015,9014608.0
2013-08-11,14.948465347290039,38.725669860839844,38.56565475463867,41.19483947753906,0.005647379195467362,0.0020146430981980374,0.010454448389802813,0.002315373209546596,233.456,7.2,0.08,3,53,3,0.761847,0.797653,4168,522533,9014608.0
2013-08-18,14.787080764770508,37.4907112121582,37.049922943115234,39.9810905456543,0.007660106429319474,0.007528044131794411,0.011127216602321901,0.007488503590852574,233.456,7.2,0.08,3,54,3,0.779896,0.825485,4317,522965,9014608.0
2013-08-25,14.824118614196777,38.14991760253906,38.49807357788086,40.28856658935547,0.009515895524874677,0.003887757469206191,0.009339302847032127,0.004607567157731095,233.456,7.2,0.08,3,55,3,0.899138,0.935469,5053,540157,9014608.0
2013-09-01,14.395509719848633,37.92460632324219,38.378997802734375,39.82735061645508,0.009947311290302041,0.014190603620632382,0.025090751835096313,0.00845683040247287,233.544,7.2,0.08,4,54,3,0.999524,1.04345,5626,539175,9014608.0
2013-09-08,14.54631519317627,38.15824890136719,40.641326904296875,40.62034225463867,0.005836905542885578,0.005918086981883849,0.011847166788470764,0.005092494471568078,233.544,7.2,0.08,4,55,3,1.0558,1.09107,6374,584196,9014608.0
2013-09-15,14.86645221710205,38.76737976074219,41.33000946044922,41.437583923339844,0.007758118615053992,0.003881496434740802,0.015195995096119795,0.0035644940307298233,233.544,7.2,0.08,6,55,3,1.0967,1.20108,7110,591969,9014608.0
2013-09-22,15.08255672454834,39.161128997802734,41.982139587402344,41.87665557861328,0.006062603192163205,0.0050005806753596095,0.006631610310002439,0.005254016749083293,233.544,7.2,0.08,6,56,4,1.24709,1.26179,7963,631088,9014608.0
2013-09-29,15.135663032531738,38.54310989379883,42.246185302734375,41.19414138793945,0.004972986001158078,0.007410384612905474,0.010397292119499172,0.004896699599095655,233.544,7.2,0.08,6,58,3,1.15746,1.13249,9677,854487,9014608.0
2013-10-06,15.22061824798584,39.16948699951172,42.22687530517578,41.616661071777344,0.007515992778687568,0.01029251181722754,0.014110362664461239,0.009307189971446975,233.669,7.2,0.09,7,56,3,1.27184,1.21121,10420,860298,9014608.0
2013-10-13,15.305572509765625,38.89387512207031,38.320735931396484,41.6247673034668,0.014096932567763417,0.018904365427372068,0.03825892789138309,0.014923691283727267,233.669,7.2,0.09,8,56,3,1.31623,1.25682,10658,848016,9014608.0
2013-10-20,15.80734920501709,40.12991714477539,39.62814712524414,42.69729995727539,0.009052745506391813,0.011261192723488219,0.022692389173829222,0.010730078099411552,233.669,7.2,0.09,8,56,3,1.37444,1.37097,12036,877917,9014608.0
2013-10-27,15.812658309936523,40.472347259521484,40.098304748535156,42.851661682128906,0.005877413678949353,0.008442572193631042,0.015856484228715936,0.005392620593741661,233.669,7.2,0.09,8,56,3,1.46781,1.42956,12502,874537,9014608.0
2013-11-03,15.831241607666016,40.35541915893555,38.520381927490234,43.16041946411133,0.0060376779629831,0.010387462830706677,0.016545659182909168,0.00578854472878139,234.1,6.9,0.08,8,56,4,1.5834,1.53588,13498,878845,9014608.0
2013-11-10,16.0914249420166,41.549713134765625,38.29497528076172,43.192928314208984,0.010475069961087973,0.01935705941440447,0.029556442183235106,0.0087999001262252,234.1,6.9,0.08,9,58,3,1.60253,1.60267,13927,868987,9014608.0
2013-11-17,16.367544174194336,43.053016662597656,39.30290603637695,44.13541793823242,0.006720121661884915,0.003369281646591141,0.011511535987254162,0.003442355435581851,234.1,6.9,0.08,8,58,3,1.72344,1.73267,15168,875411,9014608.0
2013-11-24,16.532150268554688,43.679405212402344,40.529823303222656,44.89105224609375,0.007027498481695748,0.006576453478934046,0.019329323792373336,0.006425639412095021,234.1,6.9,0.08,8,54,3,2.11076,2.09858,13975,665926,9014608.0
2013-12-01,16.556039810180664,43.92158508300781,42.02077865600586,44.899173736572266,0.0017951393926449366,0.003316834005255215,0.0023591951784761225,0.0028609818523925826,234.719,6.7,0.09,10,59,3,2.1708,2.21374,18920,854664,9014608.0
2013-12-08,16.516220092773438,44.07193374633789,41.27690124511719,44.86668014526367,0.009116106186892767,0.008159621469289672,0.008330012408724679,0.008046224461869833,234.719,6.7,0.09,10,61,3,2.36971,2.41674,19398,802651,9014608.0
2013-12-15,16.205589294433594,42.760711669921875,39.64102554321289,43.721046447753906,0.005959838211322951,0.009026611869227359,0.01877820306321831,0.0077648683997196665,234.719,6.7,0.09,15,68,3,3.15997,3.03071,24697,814891,9014608.0
2013-12-22,16.555875778198242,44.35245895385742,41.067222595214844,44.79853439331055,0.00814185773626242,0.011078318263402156,0.01599707114949414,0.011596359168550164,234.719,6.7,0.09,23,72,3,4.59053,4.38724,26988,615148,9014608.0
2013-12-29,16.678495407104492,44.569889068603516,41.8242073059082,45.18199920654297,0.003317960535435939,0.004393434921885562,0.01147934709583105,0.0043065999723218,234.719,6.7,0.09,29,74,3,4.28195,4.2112,28654,680424,9014608.0
2014-01-05,16.47857093811035,44.66187286376953,42.01103591918945,45.08407211303711,0.010263770733147642,0.002809361717748296,0.0035806473164705583,0.0035930629184859073,235.288,6.6,0.07,31,71,3,3.56288,3.46492,28147,812343,9129652.0
2014-01-12,16.57187271118164,46.14196014404297,49.481021881103516,46.291568756103516,0.003162559323330151,0.009844766091205886,0.032003819557665666,0.005816006961141599,235.288,6.6,0.07,30,70,4,3.36378,3.31698,28370,855297,9129652.0
2014-01-19,16.401268005371094,46.93635559082031,50.46348571777344,46.519981384277344,0.009710156733093203,0.010412060736807569,0.014383623027187846,0.007525176088110193,235.288,6.6,0.07,26,70,3,3.39659,3.2407,25502,786928,9129652.0
2014-01-26,15.678908348083496,45.8576545715332,49.635643005371094,45.410423278808594,0.01355082429617287,0.016282019126043656,0.022816782936564067,0.012951472956661252,235.288,6.6,0.07,21,66,3,3.11922,2.88598,23484,813726,9129652.0
2014-02-02,15.684236526489258,45.73220443725586,48.38581085205078,45.65518569946289,0.011713939067650808,0.017271171780479704,0.030815181695570806,0.01344640346936622,235.547,6.7,0.07,16,68,3,2.83572,2.62172,21085,804244,9129652.0
2014-02-09,15.580279350280762,45.53987503051758,48.189327239990234,45.97337341308594,0.01563181835372954,0.021194116124310245,0.03819053657740722,0.014426477113559268,235.547,6.7,0.07,12,65,3,2.48484,2.34067,18195,777340,9129652.0
2014-02-16,16.04142189025879,47.64712905883789,50.07695007324219,47.490848541259766,0.00562547212517599,0.006774741963585329,0.016745032656595618,0.005065608391885227,235.547,6.7,0.07,10,61,4,2.2741,2.12059,17234,812700,9129652.0
2014-02-23,16.05742073059082,49.670753479003906,52.9534912109375,47.98038101196289,0.00823527641781744,0.01684257455441715,0.020556039592197234,0.007786887233683464,235.547,6.7,0.07,10,65,4,2.07244,1.91094,15914,832786,9129652.0
2014-03-02,16.241334915161133,49.88815689086914,52.737667083740234,48.494361877441406,0.0038089203768160336,0.007907301476358672,0.02483933457869451,0.004248209986074802,236.028,6.7,0.08,8,62,4,1.98207,1.9023,15044,790831,9129652.0
2014-03-09,16.659835815429688,49.511878967285156,51.81317901611328,48.50252914428711,0.010155364050524288,0.014717553881728563,0.020147966613062812,0.01072057724098939,236.028,6.7,0.08,8,63,4,1.82441,1.76619,14024,794024,9129652.0
2014-03-16,16.419939041137695,49.00178909301758,50.97888946533203,47.67849349975586,0.004916084779593331,0.006190456651366517,0.010838970416527998,0.006712357165373704,236.028,6.7,0.08,8,63,4,1.82036,1.85791,14926,803374,9129652.0
2014-03-23,16.651105880737305,47.95652770996094,49.43562316894531,47.630592346191406,0.004920696530301627,0.01742051346219849,0.027695438972400697,0.011738016739890755,236.028,6.7,0.08,8,71,4,1.75391,1.82094,14661,805133,9129652.0
2014-03-30,16.396827697753906,46.35099792480469,44.451717376708984,47.24582290649414,0.005522469720343143,0.012476737764370279,0.022033671492446436,0.007255435957876609,236.028,6.7,0.08,8,64,4,1.74542,1.83453,14637,797863,9129652.0
2014-04-06,16.56277084350586,46.200496673583984,43.0798454284668,47.49142074584961,0.009899710427498844,0.01746072024993016,0.03379977363715631,0.011396776975879985,236.468,6.2,0.09,6,67,4,1.67236,1.75446,14206,809707,9129652.0
2014-04-13,16.067604064941406,44.862571716308594,40.21990966796875,45.60846710205078,0.01193511250705487,0.02441826910588746,0.04064951818163455,0.019557816060316317,236.468,6.2,0.09,6,63,4,1.51659,1.51636,11723,773101,9129652.0
2014-04-20,16.43964958190918,46.07506561279297,40.47491455078125,46.57449722290039,0.0037533413707528107,0.007951156116879032,0.019577141828235937,0.004428312690231175,236.468,6.2,0.09,6,65,4,1.44778,1.40334,10814,770592,9129652.0
2014-04-27,16.493179321289062,47.61368942260742,40.14567184448242,46.98382568359375,0.005392856451746421,0.014502450480373071,0.034813928994220325,0.009047535046659939,236.468,6.2,0.09,5,61,3,1.29028,1.2593,9648,766139,9129652.0
2014-05-04,16.712657928466797,48.11540603637695,41.30126953125,47.2785530090332,0.00565618828611572,0.006699267405667719,0.021195899514737986,0.005950052847899771,236.918,6.3,0.09,5,62,4,1.37388,1.32482,9775,737834,9129652.0
2014-05-11,16.736753463745117,47.262481689453125,40.08432388305664,47.335880279541016,0.008451764703250642,0.008510711678788422,0.02785278305740981,0.0069619891514977016,236.918,6.3,0.09,4,64,4,1.34208,1.27576,9033,708049,9129652.0
2014-05-18,16.525306701660156,47.72239685058594,40.26186752319336,47.606048583984375,0.008952532383388659,0.00854401751677242,0.01937814439116589,0.0073129112897772144,236.918,6.3,0.09,4,63,3,1.34563,1.29483,8797,679395,9129652.0
2014-05-25,16.72871971130371,49.118865966796875,41.56593322753906,48.31010437011719,0.003176618285625053,0.007160973544296441,0.01835618886590624,0.005944539148097955,236.918,6.3,0.09,3,63,4,1.21291,1.2261,7658,624582,9129652.0
2014-06-01,16.803659439086914,49.64567565917969,42.705413818359375,48.948665618896484,0.003616527396663825,0.005946111582232693,0.01986320882722503,0.004625067318212337,237.231,6.1,0.1,3,61,3,1.19291,1.14538,7229,631143,9129652.0
2014-06-08,17.33095359802246,49.78782272338867,44.47108459472656,49.25157928466797,0.006199809109468853,0.002198374537443222,0.013806483869263744,0.001405598474723319,237.231,6.1,0.1,3,59,4,1.14146,1.0678,6783,635233,9129652.0
2014-06-15,17.202486038208008,49.58713912963867,47.84425735473633,48.81767654418945,0.0023561836470591896,0.0017517678181557953,0.028343194471622667,0.0035131360695271506,237.231,6.1,0.1,3,56,4,1.06503,1.07269,6369,593740,9129652.0
2014-06-22,17.36461067199707,51.23243713378906,49.72255325317383,49.8638801574707,0.0052220132074848455,0.007034126013485493,0.007162727649976851,0.00385932247290283,237.231,6.1,0.1,3,54,4,1.12669,1.01298,6038,596063,9129652.0
2014-06-29,17.19538688659668,51.19053268432617,49.73875427246094,50.18434143066406,0.002137974311275012,0.005509627580234852,0.005193068403842011,0.005765525552344374,237.231,6.1,0.1,3,57,3,0.947353,0.994705,5352,538049,9129652.0
2014-07-06,17.35654640197754,52.76639175415039,50.8471565246582,51.2115364074707,0.006582972346088927,0.008470048415289384,0.007977320205566938,0.0069529226242067655,237.498,6.2,0.09,3,56,4,0.944187,0.880862,5295,601116,9129652.0
2014-07-13,17.181962966918945,51.374935150146484,47.66779708862305,50.63631820678711,0.0025341531041234433,0.012009356628295833,0.022696271741058184,0.005986935987202846,237.498,6.2,0.09,3,55,4,0.934822,0.858173,5083,592305,9129652.0
2014-07-20,17.155101776123047,50.251705169677734,45.07828903198242,50.463741302490234,0.007432212454718035,0.015792182647621583,0.029895262145787912,0.010940221698300072,237.498,6.2,0.09,3,54,4,0.81736,0.805152,4765,591814,9129652.0
2014-07-27,16.975141525268555,50.704349517822266,47.486305236816406,50.80888366699219,0.004728662341660755,0.00610455437385195,0.032597953592383995,0.006424998888056388,237.498,6.2,0.09,3,58,4,0.852792,0.818781,4942,603580,9129652.0
2014-08-03,16.443323135375977,49.60627365112305,47.009883880615234,50.09396743774414,0.0071694763960541445,0.012807586734657456,0.025555734424093517,0.010134199770305745,237.46,6.1,0.09,3,59,4,0.746994,0.783735,4744,605307,9129652.0
2014-08-10,16.569564819335938,49.32965087890625,48.3775520324707,49.740604400634766,0.005636209840646213,0.009055469938664275,0.01339599161900075,0.010114074191080359,237.46,6.1,0.09,3,53,4,0.761098,0.848703,4980,586778,9129652.0
2014-08-17,16.926794052124023,51.08992004394531,50.348045349121094,50.91571044921875,0.0038168097086403708,0.0065372589392813756,0.012706911925183017,0.006591600950254645,237.46,6.1,0.09,3,55,3,0.767627,0.834146,5305,635980,9129652.0
2014-08-24,17.17658805847168,52.087425231933594,49.790611267089844,51.762115478515625,0.005545723159038699,0.007213517452158857,0.012553940469121257,0.0035709983958722388,237.46,6.1,0.09,3,55,3,0.862176,0.905981,5799,640080,9129652.0
2014-08-31,17.437129974365234,52.95079803466797,52.48707962036133,52.47703552246094,0.004183878575573795,0.005292423587160899,0.019824640023211323,0.003421056283526608,237.46,6.1,0.09,3,59,4,0.984907,1.04506,6050,578913,9129652.0
2014-09-07,17.337743759155273,52.732845306396484,51.15180969238281,52.731781005859375,0.004007879948107505,0.006814693337560941,0.007790437301720981,0.004945508210661053,237.477,5.9,0.09,4,57,4,1.16287,1.16816,8130,695966,9129652.0
2014-09-14,17.224933624267578,52.71609115600586,52.030094146728516,52.43595504760742,0.004261616527548324,0.010397946930569614,0.020374748131388495,0.005279193015704166,237.477,5.9,0.09,5,57,3,1.22731,1.27649,8888,696282,9129652.0
2014-09-21,17.320249557495117,54.05878829956055,51.475608825683594,53.50524139404297,0.0044810111871561266,0.011951276091901854,0.013621828338977262,0.006454675719792934,237.477,5.9,0.09,6,59,3,1.2071,1.29758,8874,683887,9129652.0
2014-09-28,17.1423282623291,53.92449188232422,51.602455139160156,53.109397888183594,0.010671523580449347,0.012896189391798922,0.02245945192465069,0.012605580538034497,237.477,5.9,0.09,7,61,4,1.16191,1.20612,10150,841540,9129652.0
2014-10-05,17.09111213684082,53.714683532714844,51.4951171875,53.11765670776367,0.008749296900325934,0.012329252072521163,0.017379681980859697,0.011891199846559323,237.43,5.7,0.09,9,64,4,1.30905,1.32485,10977,828544,9129652.0
2014-10-12,16.605867385864258,52.489315032958984,47.61176300048828,51.93012237548828,0.010914831070693617,0.013789026296029636,0.021493571298193445,0.017943534392530627,237.43,5.7,0.09,10,68,4,1.37072,1.41192,11941,845727,9129652.0
2014-10-19,16.64360809326172,51.97734069824219,50.76333999633789,50.44569778442383,0.010841492060001007,0.015591812319291149,0.018312309110255963,0.01419448549499176,237.43,5.7,0.09,9,65,4,1.43373,1.42547,12292,862314,9129652.0
2014-10-26,17.128847122192383,55.384883880615234,54.38974380493164,53.777408599853516,0.009221105738070098,0.012755409406925601,0.016471456981990724,0.01135297811408865,237.43,5.7,0.09,8,62,4,1.42791,1.43909,12313,855608,9129652.0
2014-11-02,17.678787231445312,57.650962829589844,55.74273681640625,55.47624206542969,0.005097609158387819,0.010175575158721077,0.017726004611495753,0.007243861845778288,236.983,5.8,0.09,9,59,3,1.61605,1.61532,13853,857601,9129652.0
2014-11-09,17.711132049560547,55.74577331542969,54.54911422729492,55.27832794189453,0.006038853563206095,0.010638752426647476,0.016922444042225974,0.005826067927529648,236.983,5.8,0.09,9,61,3,1.65976,1.66473,14062,844700,9129652.0
2014-11-16,17.708436965942383,55.77933883666992,54.614158630371094,55.45975112915039,0.001953238313757234,0.006811838115233493,0.018264013607556768,0.006796695431321261,236.983,5.8,0.09,10,57,3,2.05459,2.0058,16674,831289,9129652.0
2014-11-23,17.84592056274414,56.4423942565918,56.60464096069336,56.34214782714844,0.002881594625319787,0.007916817976297444,0.010446348556278132,0.008675753596660792,236.983,5.8,0.09,10,59,3,2.53541,2.62227,17602,671251,9129652.0
2014-11-30,17.91600799560547,57.936309814453125,58.481258392333984,57.406002044677734,0.004149056622031284,0.006911086215066049,0.01371311334265791,0.0022968519852840418,236.983,5.8,0.09,12,67,3,2.54253,2.60749,22905,878430,9129652.0
2014-12-07,18.075057983398438,58.64133071899414,58.95936965942383,58.37913131713867,0.0062921647351115734,0.00932986024019004,0.021605438526518958,0.005878889068127777,236.252,5.6,0.12,16,66,3,3.60563,3.4178,29172,853532,9129652.0
2014-12-14,17.538602828979492,57.11381149291992,59.756187438964844,56.72150421142578,0.012771926708565843,0.012237982654175248,0.017964262236623504,0.0093816410224708,236.252,5.6,0.12,26,75,3,4.90976,4.46555,37382,837119,9129652.0
2014-12-21,17.98859977722168,59.14632797241211,62.06719970703125,58.280662536621094,0.010747465803031802,0.017178532579108233,0.034993593831457705,0.016980919453762004,236.252,5.6,0.12,37,84,4,5.98221,6.11497,40533,662849,9129652.0
2014-12-28,18.216712951660156,57.730709075927734,60.92265701293945,57.22118377685547,0.004801537971819567,0.020962317346852475,0.03489239953784426,0.014719639773779526,236.252,5.6,0.12,39,77,4,5.47421,5.30979,36891,694773,9129652.0
2015-01-04,18.002174377441406,57.39470291137695,61.437862396240234,56.80731201171875,0.007270304422144559,0.005187105221565304,0.008939217428174193,0.0066268694141846055,234.747,5.7,0.11,33,72,4,4.21374,4.07898,31483,771835,9451294.0
2015-01-11,17.733320236206055,59.0919075012207,63.93566131591797,58.11510467529297,0.014444342989366938,0.014797092732063212,0.02421419401118214,0.014498637722953874,234.747,5.7,0.11,27,69,3,4.21022,3.93762,31204,792459,9451294.0
2015-01-18,17.44818115234375,60.15159606933594,64.54871368408203,58.24756622314453,0.010507984478506484,0.017404595768663864,0.025943106901331323,0.011017261921493295,234.747,5.7,0.11,27,76,4,4.25968,4.15076,33221,800359,9451294.0
2015-01-25,17.507923126220703,60.84080505371094,64.75743103027344,58.71936798095703,0.01462993468319236,0.005564896922801233,0.02000639023953068,0.007329078151348689,234.747,5.7,0.11,22,71,4,3.97761,3.87899,30621,789407,9451294.0
2015-02-01,17.05983543395996,60.435874938964844,65.10307312011719,57.337059020996094,0.01122557551003119,0.013342023963959233,0.021508303322636736,0.011122024390814297,235.342,5.5,0.11,19,76,3,3.63443,3.45794,28151,814097,9451294.0
2015-02-08,17.969587326049805,62.06417465209961,63.58350372314453,57.759193420410156,0.007673809283823719,0.01899518334958203,0.019740164917357875,0.012139749080356083,235.342,5.5,0.11,15,69,4,3.26527,3.06359,25218,823153,9451294.0
2015-02-15,18.309045791625977,63.589046478271484,66.32588958740234,58.53727340698242,0.004360968358495115,0.008132180658748383,0.012953203925739983,0.010143515317909186,235.342,5.5,0.11,15,68,4,2.93083,2.82646,21109,746836,9451294.0
2015-02-22,18.279172897338867,64.97611999511719,69.57371520996094,59.74576187133789,0.003626597195169145,0.0035767960072529536,0.004981515070077202,0.004488077754173128,235.342,5.5,0.11,12,71,4,2.54474,2.3599,19178,812660,9451294.0
2015-03-01,18.097225189208984,65.3121109008789,69.98783874511719,59.7954216003418,0.004590329131424153,0.006350799510705706,0.018410896691141567,0.003652261863360254,235.976,5.4,0.11,12,70,4,2.47227,2.33472,18441,789858,9451294.0
2015-03-08,18.08364486694336,65.3465347290039,73.27804565429688,59.10840606689453,0.005833349938849741,0.012617319038740226,0.01491589903363697,0.011890439209949507,235.976,5.4,0.11,12,78,4,2.35665,2.21286,17833,805881,9451294.0
2015-03-15,18.14881706237793,66.41486358642578,74.48783111572266,59.439483642578125,0.014297719584615917,0.008880375024666478,0.0032291055860381754,0.009136483544982563,235.976,5.4,0.11,9,82,4,2.17008,2.07619,16695,804117,9451294.0
2015-03-22,18.473655700683594,69.29069519042969,76.33702850341797,62.170623779296875,0.008534086022421079,0.006521623221837867,0.017141768527435684,0.009164194777381836,235.976,5.4,0.11,8,77,4,2.04297,2.01267,16122,801027,9451294.0
2015-03-29,18.100360870361328,66.593505859375,71.62025451660156,60.62672424316406,0.006261544623972276,0.01704137862357461,0.028601533586976306,0.009393694507452498,235.976,5.4,0.11,7,73,4,1.954,1.94192,14975,771143,9451294.0
2015-04-05,18.364662170410156,65.24060821533203,71.88137817382812,59.75518035888672,0.008952500771017523,0.007470682627164117,0.018019556847240978,0.012480245814728286,236.222,5.4,0.12,8,68,4,1.72287,1.74809,13733,785602,9451294.0
2015-04-12,18.48727798461914,68.45481872558594,74.87469482421875,61.473365783691406,0.004784608286246817,0.00998749434261141,0.013413760321110663,0.0034391002622598493,236.222,5.4,0.12,8,68,4,1.53694,1.50367,12044,800974,9451294.0
2015-04-19,18.430057525634766,67.98949432373047,75.33165740966797,60.83424377441406,0.00695762531049932,0.006516706796418406,0.011323651861075588,0.004812185530490892,236.222,5.4,0.12,7,66,4,1.38283,1.43494,10860,756827,9451294.0
2015-04-26,18.473655700683594,68.92877960205078,76.33702850341797,61.747257232666016,0.004957296572081112,0.005524576005082161,0.010909427606604575,0.004002126629648583,236.222,5.4,0.12,6,67,4,1.46265,1.45673,11095,761638,9451294.0
2015-05-03,18.38646125793457,65.42156982421875,69.5833740234375,60.3278923034668,0.010205870313048176,0.02213293104288474,0.03505025807175882,0.013374590035870009,237.001,5.6,0.12,5,65,3,1.38934,1.42836,10694,748690,9451294.0
2015-05-10,18.53087615966797,65.60253143310547,73.0663070678711,60.967037200927734,0.004727563871493004,0.010572308759984607,0.02269354061602595,0.010874297013618004,237.001,5.6,0.12,4,63,4,1.3468,1.35297,9671,714799,9451294.0
2015-05-17,18.549945831298828,66.07648468017578,73.86929321289062,61.63935089111328,0.004985863381660382,0.008717100772755226,0.005984450633968229,0.007262725287006566,237.001,5.6,0.12,5,62,4,1.25452,1.33093,9024,678023,9451294.0
2015-05-24,18.66983413696289,66.98989868164062,76.41539764404297,62.23700714111328,0.005093500310360727,0.003981918362595933,0.010427008209481491,0.0033790803537968404,237.001,5.6,0.12,4,69,3,1.21636,1.28422,7913,616171,9451294.0
2015-05-31,18.481830596923828,67.01575469970703,77.74393463134766,62.203800201416016,0.008358520553053955,0.00786985470057319,0.009503124606066183,0.0090056519572543,237.001,5.6,0.12,4,62,4,1.16734,1.13889,6946,609891,9451294.0
2015-06-07,18.560842514038086,67.07608032226562,79.5686264038086,61.705787658691406,0.0075541985512762614,0.004923093416894175,0.009613228239109917,0.004948174715482807,237.657,5.3,0.13,4,60,4,1.04654,1.10343,6744,611184,9451294.0
2015-06-14,18.977733612060547,67.03298950195312,78.34455871582031,61.78877639770508,0.012888300287725496,0.008758932242812484,0.011682382732742379,0.009675413505452184,237.657,5.3,0.13,3,57,4,0.943661,0.970748,5850,602628,9451294.0
2015-06-21,19.117137908935547,68.56493377685547,82.5556640625,63.059410095214844,0.0072897468217195515,0.009950501442727898,0.010423131646279636,0.005952425685358431,237.657,5.3,0.13,3,61,4,0.935046,0.998681,5913,592081,9451294.0
2015-06-28,19.048784255981445,68.78073120117188,81.74143981933594,63.2926139831543,0.007194351178341915,0.00957382556632141,0.018537414547224906,0.007010509089960243,237.657,5.3,0.13,3,61,4,0.934726,0.978057,5232,534938,9451294.0
2015-07-05,18.94490623474121,67.82255554199219,80.74739074707031,62.334808349609375,0.019684407920143632,0.016844763365037135,0.0326242900998901,0.015323315200527488,238.034,5.2,0.13,3,56,4,0.864118,0.866431,5116,590468,9451294.0
2015-07-12,19.09798812866211,69.79068756103516,82.58837127685547,62.70127868652344,0.009549824025693205,0.01598308793408732,0.024700375342978236,0.011445200808372864,238.034,5.2,0.13,3,58,4,0.806535,0.827757,4870,588337,9451294.0
2015-07-19,19.363176345825195,71.82784271240234,88.63768005371094,64.10890197753906,0.003397695020027036,0.007198895546696684,0.010277405767886742,0.005018630845355685,238.034,5.2,0.13,3,57,4,0.742747,0.797572,4626,580010,9451294.0
2015-07-26,19.488920211791992,69.47129821777344,83.50718688964844,62.34311294555664,0.0057851712585964095,0.012466225456717762,0.016296272195476094,0.011549925243384907,238.034,5.2,0.13,3,57,4,0.737859,0.811221,4605,567663,9451294.0
2015-08-02,19.601003646850586,70.48988342285156,83.52681732177734,63.792381286621094,0.007103914822432595,0.009409667266052558,0.020189395231813036,0.007961743112226576,238.033,5.1,0.14,3,59,4,0.743224,0.821165,4753,578812,9451294.0
2015-08-09,19.44791603088379,68.469970703125,77.55921173095703,62.734580993652344,0.004041997652185112,0.013169174355735799,0.02389666412853845,0.011206651454808805,238.033,5.1,0.14,3,61,4,0.805251,0.819435,4750,579668,9451294.0
2015-08-16,19.857975006103516,68.69439697265625,74.80921936035156,62.78455352783203,0.007933396210291514,0.004997009160391529,0.014663422340097314,0.006121955580479177,238.033,5.1,0.14,3,58,4,0.816943,0.848041,5173,609994,9451294.0
2015-08-23,18.961305618286133,66.052978515625,71.03245544433594,59.719451904296875,0.011556460348956578,0.023553742837208586,0.035403195839272456,0.016841866836047655,238.033,5.1,0.14,3,58,4,0.814518,0.888524,5648,635661,9451294.0
2015-08-30,18.712541580200195,65.81129455566406,74.89421081542969,59.802772521972656,0.02395189728895327,0.0372461303229376,0.03925130174134259,0.032042700182267805,238.033,5.1,0.14,4,60,4,0.86067,0.962826,5963,619323,9451294.0
2015-09-06,18.32707405090332,63.57554626464844,71.50333404541016,57.2040901184082,0.015083716539954196,0.01829005505408372,0.0320536807696831,0.01785257803762633,237.498,5.0,0.14,4,58,3,0.886704,1.02252,5970,583853,9451294.0
2015-09-13,18.712541580200195,65.48323822021484,76.02562713623047,58.8282356262207,0.010947302130060215,0.021539936770668584,0.030535366382370734,0.017694020009738395,237.498,5.0,0.14,5,61,3,1.00845,1.08392,7062,651524,9451294.0
2015-09-20,18.503032684326172,66.49777221679688,77.97762298583984,59.275569915771484,0.010043983507854369,0.010713366990919904,0.016515133190817387,0.011478998469498743,237.498,5.0,0.14,6,63,4,1.06625,1.17724,7704,654414,9451294.0
2015-09-27,18.64853286743164,60.46591567993164,66.25740814208984,55.906742095947266,0.007404366560802831,0.01817557633210855,0.029491316895703817,0.010080241922899422,237.498,5.0,0.14,7,62,4,1.05995,1.1716,7626,650904,9451294.0
2015-10-04,18.541471481323242,59.73133850097656,64.27458953857422,57.08539581298828,0.010709229906254692,0.042289304310343716,0.05203055931050507,0.0250231334704911,237.733,5.0,0.12,8,68,4,1.22559,1.24325,10049,808287,9451294.0
2015-10-11,19.148174285888672,59.58442306518555,63.56782913208008,57.21080017089844,0.008265433374190124,0.019297981458355443,0.025392382174210616,0.014607168366942418,237.733,5.0,0.12,8,65,4,1.31066,1.3234,10715,809660,9451294.0
2015-10-18,19.27994155883789,60.2411994934082,64.83409881591797,58.31420135498047,0.00946544518655174,0.020771839501337038,0.04227148779120836,0.012883752739966501,237.733,5.0,0.12,8,62,4,1.3711,1.40399,11584,825079,9451294.0
2015-10-25,19.6148624420166,58.84123992919922,64.46109008789062,57.95478820800781,0.0060771086938283,0.02376938695472002,0.0209733725395444,0.014323645573141659,237.733,5.0,0.12,8,62,4,1.39171,1.37629,11164,811165,9451294.0
2015-11-01,19.532516479492188,60.923885345458984,65.40343475341797,59.634971618652344,0.013161081961211952,0.014680609429618097,0.021458971311091216,0.008832834989704401,238.017,5.1,0.12,8,66,4,1.43712,1.46866,12423,845875,9451294.0
2015-11-08,19.925073623657227,61.762142181396484,69.39852142333984,59.97770690917969,0.007050651851028589,0.01538217745034945,0.030564000872838795,0.011155293466724505,238.017,5.1,0.12,8,68,4,1.50165,1.533,12676,826877,9451294.0
2015-11-15,19.362302780151367,60.35355758666992,67.01322937011719,58.1553955078125,0.009056461639856612,0.013722661495681951,0.012633949046172108,0.009009429835585048,238.017,5.1,0.12,8,64,4,1.59805,1.60841,13484,838344,9451294.0
2015-11-22,19.86469268798828,62.88557815551758,68.29910278320312,59.78546905517578,0.007509134956730521,0.01579662452610929,0.017089856139535273,0.013716614007601768,238.017,5.1,0.12,8,63,3,1.89668,1.90047,12158,639738,9451294.0
2015-11-29,19.875659942626953,63.96579360961914,71.28316497802734,60.26191711425781,0.002060177331424854,0.005705177340388639,0.0088838208674639,0.003336707707246223,238.017,5.1,0.12,8,67,3,1.67728,1.73645,14617,841777,9451294.0
2015-12-06,19.982728958129883,63.51640319824219,68.99604034423828,60.00278854370117,0.013441427280813616,0.021407241069113424,0.02130248896240567,0.019788997409161225,237.761,5.0,0.24,9,69,4,1.78296,1.81945,14986,823657,9451294.0
2015-12-13,19.01639747619629,61.900421142578125,64.51998138427734,58.76564025878906,0.006045477373252255,0.0182935349788407,0.02762342804642963,0.009043218017510292,237.761,5.0,0.24,8,78,3,1.87336,1.96571,15396,783227,9451294.0
2015-12-20,18.67531394958496,62.91789245605469,68.07318115234375,59.17405700683594,0.01270359672746569,0.01593459287394719,0.024293284018417766,0.01318997542417351,237.761,5.0,0.24,9,69,4,2.32148,2.42021,14839,613128,9451294.0
2015-12-27,19.368425369262695,64.12126159667969,69.7258071899414,60.81943130493164,0.0028796677079552012,0.002968809202677022,0.009746447208716614,0.0042505606812818855,237.761,5.0,0.24,10,71,4,2.40991,2.41083,15679,650356,9451294.0
2016-01-03,19.191694259643555,63.57611083984375,69.05689239501953,60.46684646606445,0.00881600820056584,0.011169731482430483,0.019077958968468433,0.00930271081223414,237.652,4.8,0.34,9,68,4,1.94328,1.98859,15654,787192,9556734.0
2016-01-10,18.054004669189453,58.887611389160156,59.52467727661133,57.100547790527344,0.010364758497631923,0.015635110134549015,0.014315744963935211,0.010197252568768684,237.652,4.8,0.34,8,66,4,1.99796,1.98985,15517,779809,9556734.0
2016-01-17,17.66741180419922,57.261199951171875,54.20276641845703,56.13520431518555,0.011829073561592783,0.028200512697310116,0.049922990133236755,0.022653919028318693,237.652,4.8,0.34,8,71,4,2.11829,2.1071,15661,743249,9556734.0
2016-01-24,17.659120559692383,58.78767395019531,54.40935134887695,56.95787048339844,0.013065410121238392,0.01913728704185774,0.040878173830200336,0.008321895570113067,237.652,4.8,0.34,8,75,4,2.25112,2.19256,18143,827482,9556734.0
2016-01-31,18.120277404785156,55.74378967285156,49.72686767578125,55.79938888549805,0.015538906190106803,0.023561118504215748,0.025317066899804095,0.015886239828866913,237.652,4.8,0.34,8,76,4,2.37116,2.30014,18944,823602,9556734.0
2016-02-07,17.65360450744629,54.04468536376953,47.70039749145508,54.06169509887695,0.00749868263134677,0.01337730712770836,0.02709078073208526,0.010873958825508486,237.336,4.9,0.38,9,83,4,2.80035,2.67574,21774,813755,9556734.0
2016-02-14,17.465822219848633,52.83622741699219,46.28384780883789,54.03652572631836,0.017627719948808126,0.019003678369642046,0.03132537256017724,0.01380839496191455,237.336,4.9,0.38,12,84,4,3.16475,3.02427,24681,816098,9556734.0
2016-02-21,17.926979064941406,54.48990249633789,49.303855895996094,55.3460807800293,0.006371409876487219,0.021985723971728693,0.03560351513553018,0.011563239452296908,237.336,4.9,0.38,15,84,4,3.15183,3.11328,26423,848718,9556734.0
2016-02-28,18.139612197875977,55.225868225097656,48.59558868408203,56.49614715576172,0.008443427812118844,0.01006207563012068,0.026942990264583043,0.009215874429526514,237.336,4.9,0.38,16,86,4,3.3321,3.32788,28468,855439,9556734.0
2016-03-06,18.655990600585938,54.926048278808594,51.0942268371582,56.5885009765625,0.012617589551784731,0.018351570123314575,0.03343616415801172,0.01343943765723735,238.08,5.0,0.36,16,88,4,3.56024,3.5918,30481,848628,9556734.0
2016-03-13,18.951457977294922,55.97095489501953,50.474491119384766,57.579044342041016,0.01280958621997229,0.01800669845994767,0.03726556112481886,0.011509451574074028,238.08,5.0,0.36,14,83,4,3.05479,3.09262,24894,804948,9556734.0
2016-03-20,19.259645462036133,52.970855712890625,48.90004348754883,56.31128692626953,0.006715114315720887,0.01736441315920325,0.03271118956577008,0.010519715449778536,238.08,5.0,0.36,11,78,4,2.76732,2.78803,21940,786936,9556734.0
2016-03-27,18.88542938232422,53.979732513427734,49.29399871826172,56.774654388427734,0.005939492944894348,0.021387700235639667,0.037571355694654154,0.007437096529204383,238.08,5.0,0.36,9,73,4,2.44161,2.52371,19603,776752,9556734.0
2016-04-03,19.381614685058594,55.69755935668945,52.357032775878906,57.75191879272461,0.006004256088002354,0.016762975469619613,0.020876419355025967,0.007417688561158757,238.992,5.1,0.37,9,68,4,2.03348,2.12928,16769,787543,9556734.0
2016-04-10,18.674762725830078,57.133636474609375,54.99654769897461,58.42593002319336,0.008351379670599865,0.018741129982403903,0.03458689466735689,0.016710626934204127,238.992,5.1,0.37,7,72,4,1.98593,2.05142,16261,792672,9556734.0
2016-04-17,19.27904510498047,57.55171585083008,55.72536849975586,58.990379333496094,0.00807920601199764,0.011131229542501512,0.01799092554865775,0.006961405326117893,238.992,5.1,0.37,8,70,4,1.91514,1.98957,15437,775895,9556734.0
2016-04-24,19.475862503051758,59.66946029663086,56.986026763916016,60.548954010009766,0.010106944811738077,0.0069300269975467906,0.01493549917054873,0.002704493959276075,238.992,5.1,0.37,7,66,4,1.69968,1.7858,13836,774777,9556734.0
2016-05-01,19.35388946533203,56.47921371459961,53.11540222167969,58.79661178588867,0.008121647332931662,0.007891011298362907,0.010353822035214913,0.005704538371244996,239.557,4.8,0.37,6,64,4,1.57635,1.60144,11870,741210,9556734.0
2016-05-08,19.47308921813965,54.01607894897461,49.59931945800781,58.2827033996582,0.008280761176902525,0.011084020231614318,0.02617797092651603,0.00655806513923746,239.557,4.8,0.37,5,66,4,1.3935,1.4743,10707,726244,9556734.0
2016-05-15,19.622766494750977,54.52508544921875,49.67811584472656,58.24900436401367,0.008282873608167051,0.014088343585483708,0.028849745738514322,0.009828272416292833,239.557,4.8,0.37,5,65,4,1.29941,1.42286,9798,688612,9556734.0
2016-05-22,19.894426345825195,56.67007064819336,53.263126373291016,58.71238327026367,0.01088100250812236,0.01331570051085423,0.023156059375486815,0.010657937062514023,239.557,4.8,0.37,4,65,4,1.18379,1.38196,8787,635835,9556734.0
2016-05-29,20.221513748168945,58.31521224975586,55.98143005371094,59.96765899658203,0.008390651476877556,0.009323578581681336,0.011630200609632222,0.006900231710506721,239.557,4.8,0.37,4,65,4,1.13723,1.33712,7997,598077,9556734.0
2016-06-05,20.055198669433594,59.03323745727539,57.222412109375,60.90278625488281,0.005617339085532559,0.008306888199698841,0.025817941101534826,0.00665848751888463,240.222,4.9,0.38,3,63,4,1.04118,1.13894,7201,632252,9556734.0
2016-06-12,19.86948013305664,57.997093200683594,54.8291130065918,60.47314453125,0.006309525112126324,0.010937045161195034,0.0228038980787305,0.005851451612047927,240.222,4.9,0.38,3,61,3,0.971814,1.09641,6768,617287,9556734.0
2016-06-19,19.45366859436035,57.01212692260742,52.607967376708984,59.2617073059082,0.006630658726272437,0.010214330705833134,0.013209084599792144,0.0061830247564270205,240.222,4.9,0.38,3,61,4,0.863306,0.999559,6024,602666,9556734.0
2016-06-26,19.086301803588867,55.808982849121094,51.13923645019531,58.62730026245117,0.026862704191777546,0.019759094965724408,0.028992235015079082,0.016355676412555312,240.222,4.9,0.38,3,58,4,0.833797,0.99095,5686,573793,9556734.0
2016-07-03,19.737539291381836,58.42489242553711,55.01313018798828,61.038021087646484,0.024234083863559484,0.01853679030034082,0.036726594317295,0.01335321350637585,240.101,4.8,0.39,3,56,4,0.784516,0.931253,5118,549582,9556734.0
2016-07-10,19.731975555419922,59.65536880493164,56.76771545410156,62.332210540771484,0.013653886905034674,0.01115542499532773,0.015942582467344507,0.007506285350997741,240.101,4.8,0.39,2,58,4,0.734327,0.843118,5078,602288,9556734.0
2016-07-17,19.988019943237305,60.3571891784668,56.31428527832031,62.66207504272461,0.004303256272847877,0.008185903058635369,0.017829943072826107,0.003362578935318004,240.101,4.8,0.39,3,63,4,0.698845,0.840286,5044,600272,9556734.0
2016-07-24,20.121612548828125,61.05902862548828,58.45330047607422,63.431819915771484,0.004747495644192642,0.010838731531329188,0.018455496510379955,0.004154614263663928,240.101,4.8,0.39,2,57,4,0.723099,0.830065,4925,593327,9556734.0
2016-07-31,20.007503509521484,61.74262619018555,61.183753967285156,63.60945129394531,0.003986250844828897,0.009036541786817206,0.012520983752972767,0.0026471857084537534,240.101,4.8,0.39,2,57,4,0.663501,0.790428,4596,581457,9556734.0
2016-08-07,20.230152130126953,62.09809875488281,63.273468017578125,63.65176010131836,0.00986757264890693,0.006444814904192048,0.017331192813098414,0.004206966189043079,240.545,4.9,0.4,3,52,3,0.69276,0.830826,4868,585923,9556734.0
2016-08-14,20.141090393066406,60.457454681396484,61.62731170654297,63.25416564941406,0.00318260200838102,0.009581855662271098,0.019819549274323656,0.005514675316088846,240.545,4.9,0.4,3,55,3,0.710029,0.856796,5265,614499,9556734.0
2016-08-21,20.2774600982666,60.184024810791016,60.96688461303711,62.898948669433594,0.003655815263689961,0.005926914299418615,0.011330989258976005,0.004535126315610049,240.545,4.9,0.4,3,55,4,0.834232,1.00746,6260,621362,9556734.0
2016-08-28,20.49175262451172,59.14494323730469,60.22759246826172,61.80774688720703,0.003028144487154805,0.010750849601527343,0.026749288506483927,0.008372602198959331,240.545,4.9,0.4,4,58,4,0.992621,1.05868,6504,614349,9556734.0
2016-09-04,20.912004470825195,58.08765411376953,59.29117202758789,61.4525260925293,0.006262032689687909,0.0026611735852995213,0.006121340372008483,0.002598223547226685,241.176,5.0,0.4,4,63,4,1.01605,1.10028,6623,601938,9556734.0
2016-09-11,20.552982330322266,58.29728317260742,60.37545394897461,60.488216400146484,0.007767425595050207,0.010912480925274795,0.02803854288820342,0.010944968447588226,241.176,5.0,0.4,5,60,4,1.07169,1.1457,7639,666755,9556734.0
2016-09-18,20.400470733642578,57.86311340332031,63.8165168762207,61.23190689086914,0.01079293262053554,0.021174728419191796,0.021175686072941353,0.010884580789735218,241.176,5.0,0.4,6,64,4,1.10163,1.2189,8229,675119,9556734.0
2016-09-25,20.657503128051758,58.7486686706543,67.19916534423828,62.081031799316406,0.009518131630510194,0.005222723807166513,0.01301427086523156,0.006119764973441834,241.176,5.0,0.4,6,57,4,1.18841,1.31113,8505,648678,9556734.0
2016-10-02,20.702205657958984,56.27456283569336,65.37469482421875,61.23190689086914,0.01002459580589044,0.014179191361674606,0.01990271397676503,0.011937455810927592,241.741,4.9,0.4,7,60,4,1.19763,1.25626,10920,869249,9556734.0
2016-10-09,21.04863929748535,55.854610443115234,63.26424789428711,61.02806854248047,0.007052784465268163,0.008792365188326467,0.016973060345117537,0.002822813580212588,241.741,4.9,0.4,7,59,4,1.22887,1.29218,10997,851042,9556734.0
2016-10-16,21.182741165161133,53.791324615478516,58.73762512207031,59.11750030517578,0.007384789543902667,0.014230230979022441,0.024823346819553352,0.011519044055186643,241.741,4.9,0.4,8,62,4,1.26723,1.33024,11926,896532,9556734.0
2016-10-23,20.763668060302734,53.60873794555664,58.905269622802734,59.193939208984375,0.005851066925199904,0.007871680373595265,0.01511483280963576,0.00800876648604154,241.741,4.9,0.4,7,62,4,1.36226,1.42562,12648,887194,9556734.0
2016-10-30,20.646331787109375,52.093223571777344,56.05517578125,57.555084228515625,0.0030429147340160227,0.008899155189473613,0.0036991557653768873,0.00989362658721685,241.741,4.9,0.4,8,62,4,1.48468,1.56991,13790,878396,9556734.0
2016-11-06,20.523401260375977,49.8291130065918,54.11238479614258,56.451202392578125,0.005240686061594379,0.022691433680731683,0.0275145261633678,0.006288737209212026,242.026,4.7,0.41,6,54,3,1.55838,1.65029,14258,863967,9556734.0
2016-11-13,22.059999465942383,53.973915100097656,65.29580688476562,59.85625076293945,0.0074249092259292436,0.022559698205068923,0.037653626022729834,0.019406112160010012,242.026,4.7,0.41,7,62,4,1.64639,1.73187,15160,875353,9556734.0
2016-11-20,22.453927993774414,53.05183792114258,65.06896209716797,59.1854362487793,0.0077252999364275125,0.008364504097052835,0.023542830367125577,0.005938715262613114,242.026,4.7,0.41,7,58,3,1.91196,2.03348,14208,698702,9556734.0
2016-11-27,22.733314514160156,52.49494171142578,65.48318481445312,58.998634338378906,0.0022948032032508773,0.008895629706130125,0.019239425434230687,0.009170370424356143,242.026,4.7,0.41,7,62,4,1.81129,1.88027,16605,883118,9556734.0
2016-12-04,22.543331146240234,50.61423873901367,60.95656204223633,58.09003829956055,0.004832890791802466,0.0068996539407069814,0.01994114471643351,0.007081875423881616,242.637,4.7,0.54,7,60,4,1.91669,2.00307,16976,847500,9556734.0
2016-12-11,23.286489486694336,50.723793029785156,61.04532241821289,58.46366500854492,0.0029152615697913653,0.010543096426349806,0.02529352958035836,0.007553444914773601,242.637,4.7,0.54,8,64,3,2.20671,2.27465,18463,811687,9556734.0
2016-12-18,23.136205673217773,51.8714714050293,61.112388610839844,59.34274673461914,0.004344524117853608,0.007735657099401293,0.011316627406010395,0.005304005910560961,242.637,4.7,0.54,10,69,4,2.73096,2.9137,21570,740295,9556734.0
2016-12-25,23.51544189453125,51.77983474731445,60.69807052612305,59.240386962890625,0.004555581546152955,0.008342768340650076,0.023592798218255252,0.005182800390047267,242.637,4.7,0.54,13,73,4,3.36152,3.54769,24900,701866,9556734.0
2017-01-01,23.301952362060547,51.34001922607422,58.38970947265625,58.796905517578125,0.0037958663165404845,0.006617787371489355,0.0026755615307724914,0.004635897003385779,243.618,4.7,0.65,15,74,4,3.09232,3.07969,24178,785080,9790068.0
2017-01-08,23.51544189453125,53.23674392700195,62.49345397949219,60.51116943359375,0.005789816297888528,0.013067960678487147,0.01938574423845537,0.004369512754273116,243.618,4.7,0.65,14,77,4,3.07623,3.02096,24904,824374,9790068.0
2017-01-15,23.36094093322754,52.15553283691406,64.12113952636719,60.48558044433594,0.007375658893663936,0.010290420799488416,0.024526248575589948,0.005797229665840298,243.618,4.7,0.65,15,79,4,3.50708,3.40075,28759,845666,9790068.0
2017-01-22,23.341276168823242,50.634464263916016,62.29616928100586,59.56448745727539,0.007269119974620073,0.005340840378973213,0.015269068637245954,0.002332634962390768,243.618,4.7,0.65,15,74,5,3.79872,3.53148,31221,884076,9790068.0
2017-01-29,23.613767623901367,50.43289566040039,62.56250762939453,59.48772048950195,0.005721132472058531,0.008299604206864887,0.009338260903580909,0.008373483116856885,243.618,4.7,0.65,18,93,4,4.43601,4.04671,36510,902215,9790068.0
2017-02-05,23.776697158813477,53.16343307495117,65.08787536621094,60.91200256347656,0.006291211028123183,0.01139303805716307,0.021335700644701458,0.008012513231517656,244.006,4.6,0.66,24,88,4,5.06094,4.75345,42890,902292,9790068.0
2017-02-12,24.026714324951172,53.74988555908203,65.84750366210938,61.28730773925781,0.004370469379941294,0.004072403045851215,0.010719196715199173,0.0018726297564923891,244.006,4.6,0.66,24,88,4,4.85988,4.65322,41098,883216,9790068.0
2017-02-19,24.48741340637207,55.72907257080078,68.51099395751953,62.82245635986328,0.0032078359003279203,0.008795412212855834,0.009308030837949675,0.004911206198683937,244.006,4.6,0.66,21,90,4,4.57809,4.56893,40124,878193,9790068.0
2017-02-26,24.61663055419922,55.87568283081055,66.33086395263672,63.77764129638672,0.00259599000758289,0.003266540456304684,0.008002815513709237,0.0037234402055384202,244.006,4.6,0.66,15,75,4,3.55555,3.45379,30183,873909,9790068.0
2017-03-05,24.672819137573242,55.280094146728516,70.38528442382812,64.64759063720703,0.009793428979152788,0.008637643817281259,0.022932225364976466,0.00536637477289745,243.892,4.4,0.79,13,77,4,3.50492,3.29578,28051,851118,9790068.0
2017-03-12,24.512691497802734,55.160972595214844,70.53327178955078,64.80111694335938,0.00423325321734158,0.009525963351483941,0.012579434685065663,0.005550982515296121,243.892,4.4,0.79,11,72,4,3.21406,3.16311,25484,805664,9790068.0
2017-03-19,24.51578140258789,54.19562911987305,70.0793685913086,64.33417510986328,0.002785067866506607,0.010709152193457546,0.013447683182601661,0.008430909878556133,243.892,4.4,0.79,12,85,4,3.09854,3.1402,27371,871632,9790068.0
2017-03-26,23.97467613220215,53.654666900634766,67.80982971191406,63.58946990966797,0.0067975523960105005,0.005500121757591282,0.02414007415778476,0.003437074264757616,243.892,4.4,0.79,10,77,4,2.79765,2.88096,24375,846072,9790068.0
2017-04-02,24.21986198425293,53.87471389770508,68.42160034179688,63.64938735961914,0.006670772917611206,0.00980100091970616,0.009098571794708727,0.001971264857753536,244.193,4.4,0.9,8,74,4,2.38646,2.36989,19684,830587,9790068.0
2017-04-09,24.04513168334961,54.754913330078125,66.42839813232422,63.69216537475586,0.006687386850430436,0.012179422157843513,0.011586605140164307,0.0020348865667425354,244.193,4.4,0.9,8,71,4,1.96699,1.93539,15552,803557,9790068.0
2017-04-16,23.65622329711914,54.93828582763672,67.56314086914062,63.324127197265625,0.006331602666954033,0.005821070156440276,0.007930003634807399,0.001086732735067737,244.193,4.4,0.9,6,73,4,1.73523,1.6406,13012,793124,9790068.0
2017-04-23,23.915496826171875,54.19562911987305,67.07964324951172,63.06732940673828,0.007719896211760989,0.005871483594137022,0.009515725270530464,0.007304904059338916,244.193,4.4,0.9,5,69,4,1.5635,1.47817,11955,808770,9790068.0
2017-04-30,24.355138778686523,55.60757827758789,70.49382019042969,64.62521362304688,0.008634062462700487,0.005534517929772944,0.00880800825297801,0.0030830587650374345,244.193,4.4,0.9,5,66,4,1.4041,1.36819,10763,786659,9790068.0
2017-05-07,24.501680374145508,54.98414611816406,69.22088623046875,65.02750396728516,0.003492538105674765,0.01046033206695613,0.010418133228008778,0.004265308678958608,244.004,4.4,0.91,5,67,4,1.27729,1.33856,10188,761114,9790068.0
2017-05-14,23.912675857543945,55.52506637573242,69.10249328613281,64.43688201904297,0.004702005874962409,0.009245463558245218,0.017313739804411886,0.002959415773631352,244.004,4.4,0.91,4,64,4,1.28245,1.34625,9809,728618,9790068.0
2017-05-21,23.876041412353516,53.8105354309082,68.22425842285156,64.222900390625,0.007527142404876613,0.007289153653760521,0.01945247806238753,0.008004541491086377,244.004,4.4,0.91,4,66,4,1.16589,1.26487,8564,677064,9790068.0
2017-05-28,24.29877471923828,53.76469802856445,67.80982971191406,64.95903015136719,0.0032493521373709406,0.004804642508508883,0.00907651446720384,0.0024675561058424174,244.004,4.4,0.91,4,66,4,1.10922,1.25688,7757,617165,9790068.0
2017-06-04,24.608779907226562,54.78241729736328,70.1583023071289,66.26863098144531,0.0069198781121325844,0.010005934850161559,0.020619840379646266,0.005185444753336006,244.163,4.3,1.04,4,68,4,1.04387,1.15799,7558,652681,9790068.0
2017-06-11,24.71586799621582,54.837432861328125,70.40499114990234,66.3542251586914,0.009482262407482978,0.006202998815986241,0.006692265466469634,0.004321093192019421,244.163,4.3,1.04,4,64,4,0.905089,1.04831,6636,633019,9790068.0
2017-06-18,25.106531143188477,54.37540054321289,70.76049041748047,66.7638168334961,0.0006251442205301238,0.003459056799469021,0.009491567897373139,0.0024883436159482387,244.163,4.3,1.04,3,63,4,0.900337,0.988607,6264,633619,9790068.0
2017-06-25,24.5916748046875,58.576507568359375,79.36835479736328,69.15284729003906,0.004007774568043572,0.009163717946292315,0.016627967746744833,0.005913340163060848,244.163,4.3,1.04,3,61,4,0.859539,0.961605,5596,581944,9790068.0
2017-07-02,24.911334991455078,57.70318603515625,76.2750473022461,68.09581756591797,0.006176229476589783,0.013211314537562413,0.02216645063818384,0.006127727543105749,244.243,4.3,1.15,3,62,4,0.818831,0.955645,5326,557320,9790068.0
2017-07-09,25.194232940673828,57.6296501159668,77.3423843383789,68.07862854003906,0.007811771160350589,0.009464787940557886,0.015800198583837844,0.008796771283351766,244.243,4.3,1.15,3,61,4,0.752503,0.82743,4961,599567,9790068.0
2017-07-16,25.25363540649414,58.71438217163086,78.14288330078125,68.86066436767578,0.0041623705582820615,0.004101840118194083,0.010591882716618675,0.004234588905009789,244.243,4.3,1.15,3,59,4,0.7372,0.814071,4764,585207,9790068.0
2017-07-23,25.601593017578125,59.48657989501953,79.82294464111328,69.59970092773438,0.0031184728389241647,0.005651574218551558,0.009496910083173167,0.005020291302846024,244.243,4.3,1.15,3,61,5,0.733096,0.818115,4880,596493,9790068.0
2017-07-30,25.75152587890625,58.052513122558594,78.80504608154297,68.71455383300781,0.00963310576911933,0.0050708092665088965,0.01684177486104143,0.005074311693988771,244.243,4.3,1.15,3,58,4,0.73102,0.829757,4899,590414,9790068.0
2017-08-06,26.003293991088867,56.89421081542969,77.31272888183594,68.30205535888672,0.003051669602644949,0.003123157003655667,0.014697003561773983,0.0016954932880908645,245.183,4.4,1.16,3,59,4,0.688338,0.828501,4915,593240,9790068.0
2017-08-13,25.58745002746582,55.31306076049805,74.88156127929688,67.54583740234375,0.0030339371785001617,0.011359754350432705,0.020122602464777584,0.006483753459322213,245.183,4.4,1.16,3,57,4,0.732049,0.885896,5230,590363,9790068.0
2017-08-20,25.259286880493164,55.303871154785156,74.0711898803711,67.03021240234375,0.008742283301856283,0.008508307557854087,0.01032715474670844,0.007415314716686842,245.183,4.4,1.16,3,57,4,0.911641,1.05599,6682,632771,9790068.0
2017-08-27,25.324359893798828,56.140411376953125,76.89765930175781,67.84660339355469,0.0048314794230426275,0.008985728618995882,0.014291513166051954,0.007110914974815348,245.183,4.4,1.16,4,74,4,1.02105,1.11768,7133,638196,9790068.0
2017-09-03,25.049955368041992,58.63165283203125,83.62782287597656,69.80595397949219,0.005325685352841557,0.011819864269886975,0.011564553968120218,0.0067314424782680335,246.435,4.3,1.15,5,72,4,1.09335,1.13843,7073,621296,9790068.0
2017-09-10,24.359699249267578,59.75318145751953,82.83719635009766,70.93171691894531,0.027579133889447306,0.0074238357303847416,0.005333326809435479,0.0063056524801622495,246.435,4.3,1.15,5,66,4,1.09515,1.13416,8317,733316,9790068.0
2017-09-17,25.1053524017334,60.148460388183594,82.71585083007812,71.23594665527344,0.010762190876854217,0.008583647386675424,0.004247901926613195,0.004652041867016658,246.435,4.3,1.15,6,62,4,1.09699,1.17508,8566,728970,9790068.0
2017-09-24,25.321063995361328,59.690731048583984,82.9630355834961,70.36480712890625,0.0022098524358512258,0.005751520390706028,0.010644887525381399,0.003858769319501677,246.435,4.3,1.15,6,62,4,1.18823,1.23773,9079,733519,9790068.0
2017-10-01,25.542463302612305,60.18807601928711,85.59300994873047,70.49418640136719,0.002403274887125434,0.007298920915423419,0.011334535780319925,0.0033963938724940242,246.626,4.2,1.15,7,61,4,1.26589,1.2802,12839,1002892,9790068.0
2017-10-08,25.831968307495117,61.6893196105957,87.32325744628906,71.49471282958984,0.003810419870431418,0.010877196813173938,0.007470078070203333,0.004692599072523611,246.626,4.2,1.15,7,62,4,1.30479,1.33123,13267,996595,9790068.0
2017-10-15,26.010784149169922,60.81436538696289,85.68201446533203,71.08932495117188,0.004085776704457722,0.005399818542622337,0.003014821616385306,0.003530544629002722,246.626,4.2,1.15,7,67,4,1.34075,1.40786,14319,1017076,9790068.0
2017-10-22,26.345718383789062,60.749881744384766,84.65374755859375,72.34864044189453,0.003993136640789843,0.0057077659323701005,0.0037609219264891076,0.006620156337131886,246.626,4.2,1.15,8,69,4,1.51674,1.5722,15832,1006998,9790068.0
2017-10-29,26.237857818603516,57.83028793334961,82.85428619384766,70.84781646728516,0.003303448820742643,0.007703838379508975,0.01596538529418251,0.004082687461696282,246.626,4.2,1.15,8,65,4,1.74583,1.70326,17069,1002140,9790068.0
2017-11-05,26.12148666381836,57.867130279541016,84.63396453857422,70.39067840576172,0.0012537043106095203,0.008186175630484033,0.014420312092144096,0.007174114807149517,247.284,4.2,1.16,9,67,4,1.88708,1.86636,19057,1021079,9790068.0
2017-11-12,26.093107223510742,58.125,81.83589935302734,70.03704071044922,0.002939403260697737,0.007412947653244231,0.004132042510006788,0.003756770381091297,247.284,4.2,1.16,10,73,4,2.05923,2.07647,21892,1054290,9790068.0
2017-11-19,25.888734817504883,57.25004196166992,80.51101684570312,70.071533203125,0.0043013056427014165,0.008084982855195806,0.014282195665203373,0.006086862041497668,247.284,4.2,1.16,9,71,4,2.27971,2.33593,19816,848314,9790068.0
2017-11-26,25.8830623626709,57.728965759277344,81.03504180908203,70.52867126464844,0.0029649746130324746,0.005623505359372845,0.005768947967670645,0.0054440430412782195,247.284,4.2,1.16,11,75,5,2.28379,2.24637,23752,1057350,9790068.0
2017-12-03,26.516021728515625,58.67761993408203,82.47856140136719,71.84835815429688,0.007134536391781625,0.006175299902307525,0.013844634675565905,0.0041745951910149345,247.805,4.1,1.3,13,71,4,2.58278,2.49504,24955,1000183,9790068.0
2017-12-10,26.45640754699707,58.686824798583984,82.98279571533203,71.59821319580078,0.005447173617772819,0.011630883275727064,0.022350129195320746,0.0083255976811212,247.805,4.1,1.3,16,80,4,3.36558,3.2005,31502,984283,9790068.0
2017-12-17,26.308942794799805,59.7828369140625,80.93147277832031,72.49063110351562,0.00867546872327574,0.011325338705596105,0.015061716726108619,0.007710740550734028,247.805,4.1,1.3,26,91,4,4.73117,4.43807,42782,963978,9790068.0
2017-12-24,26.240427017211914,59.32252502441406,83.6713638305664,71.79784393310547,0.0013571482360205803,0.0034393159352100596,0.008552176216296357,0.0015286751642458254,247.805,4.1,1.3,37,100,4,5.70943,5.46361,45255,828299,9790068.0
2017-12-31,26.291818618774414,59.193389892578125,83.9483413696289,71.59867095947266,0.002975346468670653,0.008358704728845829,0.011083070869947295,0.0036909694519025272,247.805,4.1,1.3,40,94,4,5.74658,5.35765,47269,882271,9790068.0
2018-01-07,26.308942794799805,61.40725326538086,86.09478759765625,73.82421875,0.009520643800130981,0.010693204681676987,0.017343742138756658,0.004301320380809633,248.859,4.0,1.41,28,45,2,5.89207,5.52437,56761,1027466,9790068.0
2018-01-14,26.625812530517578,62.6710090637207,88.64673614501953,75.18379211425781,0.004270223714831749,0.009740805878878284,0.016525473509028034,0.006392634305839108,248.859,4.0,1.41,36,45,2,6.51759,6.34528,63036,993431,9790068.0
2018-01-21,26.737150192260742,63.335166931152344,87.95436096191406,76.58668518066406,0.008030542112331639,0.009012506985542219,0.020797937473353637,0.003864101451212558,248.859,4.0,1.41,43,49,2,7.16338,7.01811,77326,1101807,9790068.0
2018-01-28,27.644943237304688,65.29075622558594,95.14539337158203,79.27118682861328,0.00775240544168564,0.010050832371900544,0.025360037936958485,0.009539378145452568,248.859,4.0,1.41,46,53,2,7.52133,7.7809,85985,1105078,9790068.0
2018-02-04,26.916996002197266,62.062191009521484,90.89208984375,75.24442291259766,0.00933786003547353,0.017001634485161527,0.013712625939069292,0.008964944905608003,249.529,4.1,1.42,40,53,2,7.38748,7.76939,87825,1130397,9790068.0
2018-02-11,25.606685638427734,58.3631706237793,86.07499694824219,71.09640502929688,0.022369404618479853,0.031055866073483502,0.0337613868226556,0.02729438851444135,249.529,4.1,1.42,34,48,2,6.44688,6.81176,76210,1118800,9790068.0
2018-02-18,26.591556549072266,61.55485916137695,91.46578979492188,73.9627914428711,0.007971310825574411,0.0062858476311709426,0.011353281236892923,0.004336960204807707,249.529,4.1,1.42,21,42,2,4.95881,5.15749,53025,1028116,9790068.0
2018-02-25,26.437408447265625,60.94602966308594,91.53504943847656,73.89347839355469,0.008986835566581832,0.01120165374651141,0.013541597140023296,0.011437019384410283,249.529,4.1,1.42,13,37,2,3.68612,3.55945,36064,1013191,9790068.0
2018-03-04,25.82078742980957,58.78750228881836,90.96135711669922,72.43003845214844,0.010243787307526066,0.015176618353962898,0.01838573098410603,0.014215040649851097,249.577,4.0,1.51,9,36,2,3.18626,3.00518,29133,969427,9790068.0
2018-03-11,27.38801383972168,60.98292541503906,95.4025650024414,74.91535186767578,0.012536576380640383,0.0058719381534788695,0.006725317256192047,0.005747424823928239,249.577,4.0,1.51,7,35,2,2.76894,2.73038,25938,949978,9790068.0
2018-03-18,27.19969940185547,60.50324630737305,92.61197662353516,74.20524597167969,0.006299652033865093,0.006461198231234084,0.007980087938442291,0.0026625175424615445,249.577,4.0,1.51,6,36,2,2.48706,2.47768,23805,960779,9790068.0
2018-03-25,26.081438064575195,56.59428787231445,87.69285583496094,69.2344741821289,0.013566587185941913,0.010884671608369322,0.016612567593885352,0.01242114070287145,249.577,4.0,1.51,6,34,2,2.40802,2.36314,20693,875658,9790068.0
2018-04-01,26.683568954467773,57.609840393066406,86.83175659179688,70.73787689208984,0.015219097388915836,0.015732376057420543,0.02998359349369235,0.01330317288523693,250.227,4.0,1.69,5,36,2,2.07483,2.03139,19074,938963,9790068.0
2018-04-08,26.305086135864258,56.021881103515625,82.05120086669922,69.4169921875,0.013088748902854283,0.021260778716595166,0.031235227940956217,0.019231109770619037,250.227,4.0,1.69,4,30,2,1.77898,1.80376,16664,923848,9790068.0
2018-04-15,26.502931594848633,57.69294357299805,88.66282653808594,71.14632415771484,0.005565974308861417,0.01327197545449748,0.01838339921436099,0.009593570775491498,250.227,4.0,1.69,3,31,2,1.61487,1.58696,14869,936950,9790068.0
2018-04-22,26.864219665527344,57.69294357299805,88.01947021484375,71.3375015258789,0.004275342819586914,0.00783906230950356,0.015591340833243008,0.007439855856685914,250.227,4.0,1.69,3,32,2,1.5385,1.53801,14552,946160,9790068.0
2018-04-29,26.84701156616211,57.812950134277344,87.51467895507812,72.59756469726562,0.0018346822074462807,0.008685653901298962,0.013855027856329508,0.007177723688799906,250.227,4.0,1.69,3,32,2,1.52612,1.44974,13291,916783,9790068.0
2018-05-06,26.055625915527344,56.05880355834961,86.4754409790039,70.3902587890625,0.013790111155312023,0.012587642259804938,0.015598978437571678,0.009800482297996597,250.792,3.8,1.7,2,32,2,1.28847,1.27729,11619,909661,9790068.0
2018-05-13,26.28788185119629,58.80080795288086,90.71163177490234,72.15438842773438,0.002624315886620336,0.011999105914570159,0.015943737854949073,0.009557127495775551,250.792,3.8,1.7,2,34,2,1.18344,1.22051,11066,906668,9790068.0
2018-05-20,26.391109466552734,60.037960052490234,92.61197662353516,72.30209350585938,0.002960146401006286,0.006327929036788356,0.008472489571907032,0.007895293235601168,250.792,3.8,1.7,2,32,2,1.24919,1.23235,10646,863879,9790068.0
2018-05-27,26.563142776489258,59.659420013427734,92.04779815673828,72.07616424560547,0.005198520949251938,0.0065616765311029,0.010148292720954624,0.0027835066667905033,250.792,3.8,1.7,2,31,2,1.14131,1.223,9608,785606,9790068.0
2018-06-03,26.34808921813965,60.38877487182617,95.66043090820312,72.441162109375,0.016563218750880977,0.012968278144797826,0.01221767560291267,0.013819250053489007,251.018,4.0,1.82,2,30,2,0.9878,1.0473,8693,830040,9790068.0
2018-06-10,26.872821807861328,62.82611083984375,95.31403350830078,73.90111541748047,0.00376864891827167,0.00809029964760559,0.008081685295021745,0.004967322456397494,251.018,4.0,1.82,2,32,2,0.895565,0.978113,7573,774246,9790068.0
2018-06-17,26.589155197143555,63.481605529785156,96.24220275878906,74.54122161865234,0.0036914177615654216,0.002130697188054016,0.0059999464608900595,0.0022016503600666834,251.018,4.0,1.82,2,31,2,0.892204,0.947548,7373,778114,9790068.0
2018-06-24,26.1660099029541,63.04233932495117,98.12386322021484,74.07893371582031,0.005283365307012483,0.009669023802710076,0.016592216480907484,0.006122539238201476,251.018,4.0,1.82,1,30,2,0.877184,0.867554,6947,800757,9790068.0
2018-07-01,25.734224319458008,62.15457534790039,94.27141571044922,72.7967300415039,0.008865152760076716,0.010170890364973222,0.020378210445743495,0.005288698522340681,251.214,3.8,1.91,1,29,2,0.780203,0.82328,6258,760130,9790068.0
2018-07-08,26.062379837036133,64.69769287109375,99.28257751464844,75.02095794677734,0.0021434777829191917,0.010311045783288862,0.010338160979816147,0.005755719506559732,251.214,3.8,1.91,1,28,2,0.725075,0.771497,6501,842647,9790068.0
2018-07-15,26.243728637695312,65.20633697509766,99.58959197998047,76.23335266113281,0.009827258271684831,0.006996951354982631,0.00616448988299532,0.007168518296299443,251.214,3.8,1.91,1,29,2,0.68247,0.706819,5786,818597,9790068.0
2018-07-22,26.59778594970703,64.72541809082031,99.16373443603516,75.67511749267578,0.006845333275458435,0.006567307588284846,0.011090799307538706,0.004811864713333643,251.214,3.8,1.91,1,28,2,0.640393,0.685155,5497,802300,9790068.0
2018-07-29,27.10728645324707,64.46649169921875,94.05353546142578,76.72179412841797,0.005418705072928419,0.009446854707802875,0.012794800480396017,0.00821295421275512,251.214,3.8,1.91,1,28,2,0.639127,0.687351,5612,816468,9790068.0
2018-08-05,27.349098205566406,66.0848617553711,93.79603576660156,78.33545684814453,0.0038558171994248266,0.005594071776878626,0.014839815789858643,0.004201454876911186,251.663,3.8,1.91,1,27,2,0.705637,0.735733,5861,796621,9790068.0
2018-08-12,27.124570846557617,66.6582260131836,94.03372192382812,78.17842102050781,0.003273083896193003,0.007863174573192763,0.0065258136925898085,0.0024938094294118295,251.663,3.8,1.91,2,29,2,0.707801,0.806048,6537,810994,9790068.0
2018-08-19,27.51317024230957,67.4720230102539,93.08297729492188,79.45189666748047,0.005594155646063758,0.007797870624592897,0.010851804316223743,0.004382230492940737,251.663,3.8,1.91,2,30,2,0.822659,0.944013,7323,775731,9790068.0
2018-08-26,27.65134048461914,67.6292495727539,95.46971893310547,80.14969635009766,0.007476141060618054,0.004397310678681081,0.012594274150466328,0.002215530045576378,251.663,3.8,1.91,2,28,2,0.859864,0.960101,8111,844807,9790068.0
2018-09-02,27.66861343383789,68.32284545898438,99.17363739013672,80.92598724365234,0.004543926116990794,0.0042032409897571725,0.00560889437179091,0.003049390949145901,252.182,3.7,1.95,2,29,2,1.10083,1.14128,9530,835027,9790068.0
2018-09-09,27.694515228271484,67.00039672851562,95.47962951660156,80.72537231445312,0.004173786274503085,0.006682157305904743,0.011361233745865834,0.00519536994733875,252.182,3.7,1.95,3,29,2,1.15323,1.14784,10065,876862,9790068.0
2018-09-16,27.979494094848633,66.75995635986328,94.90522766113281,81.58016204833984,0.008890057265111587,0.00656282748488849,0.002112825301588534,0.006577325215403281,252.182,3.7,1.95,3,30,2,1.20178,1.31156,11189,853109,9790068.0
2018-09-23,28.358013153076172,67.52753448486328,94.68917083740234,82.546142578125,0.006275536077807681,0.007261564597285331,0.015303311476750948,0.005391931858894049,252.182,3.7,1.95,3,31,2,1.2498,1.26102,11767,933130,9790068.0
2018-09-30,27.78599739074707,68.12903594970703,95.0162353515625,83.31672668457031,0.005824747993121853,0.003484701964927913,0.007089882949399003,0.0030108227855211787,252.182,3.7,1.95,4,31,2,1.41876,1.41974,17975,1266076,9790068.0
2018-10-07,27.76866340637207,66.37736511230469,89.64447784423828,82.56366729736328,0.005047469338400535,0.008146789028089295,0.018412260711128697,0.005247465383282158,252.772,3.8,2.19,4,30,2,1.40077,1.473,18652,1266257,9790068.0
2018-10-14,26.14795684814453,63.596988677978516,85.33321380615234,79.74410247802734,0.01982810147507242,0.016641049515022068,0.01925789086236251,0.018138490296819583,252.772,3.8,2.19,5,31,2,1.47139,1.58968,19948,1254844,9790068.0
2018-10-21,26.4512996673584,63.958404541015625,84.65929412841797,80.12940216064453,0.008980396738372127,0.01783221885551855,0.0310159069355803,0.015943546558209738,252.772,3.8,2.19,5,30,2,1.63634,1.72208,21634,1256271,9790068.0
2018-10-28,25.35061264038086,61.131675720214844,79.70381927490234,76.54804992675781,0.016124229146617354,0.019497107895255734,0.042563474726919376,0.016587645882713466,252.772,3.8,2.19,5,30,2,1.79125,1.84114,23169,1258405,9790068.0
2018-11-04,26.104623794555664,62.63310241699219,83.21231079101562,78.15923309326172,0.0076755762814399555,0.015462634470216284,0.03158541048773806,0.007611672150750352,252.594,3.8,2.2,5,30,2,1.86871,1.92692,24085,1249921,9790068.0
2018-11-11,27.05797004699707,64.14378356933594,80.06061553955078,81.39031219482422,0.00922473461975377,0.012059677268652653,0.023816521639024466,0.01248126399519947,252.594,3.8,2.2,5,32,2,1.98121,2.0852,24419,1171062,9790068.0
2018-11-18,26.4859561920166,63.782325744628906,78.81183624267578,80.5934829711914,0.013296633789740393,0.012928686672339148,0.03274997086401789,0.01071760483509393,252.594,3.8,2.2,4,30,2,2.23487,2.40063,24635,1026187,9790068.0
2018-11-25,26.15662384033203,62.679443359375,77.39458465576172,78.491943359375,0.00861070025117301,0.00783764929932602,0.0217107267364754,0.006105889108776539,252.594,3.8,2.2,6,32,2,2.14572,2.24479,29096,1296156,9790068.0
2018-12-02,26.841304779052734,65.14472961425781,80.92285919189453,83.94715118408203,0.012819945235925658,0.008216055701792164,0.024272299566244725,0.008338175313851786,252.767,3.9,2.27,5,32,2,2.25134,2.29962,28377,1233986,9790068.0
2018-12-09,25.463275909423828,61.641422271728516,77.49368286132812,79.29753875732422,0.01455678845506439,0.015547321451626605,0.03819528393298577,0.011586343747277652,252.767,3.9,2.27,6,33,2,2.6411,2.73181,33113,1212127,9790068.0
2018-12-16,24.821924209594727,60.32537841796875,76.10615539550781,77.89653778076172,0.006418208325522518,0.013767851939128703,0.018016691274432995,0.017375238237142942,252.767,3.9,2.27,7,37,2,3.13478,3.24012,38260,1180820,9790068.0
2018-12-23,23.88589859008789,55.17236328125,65.16593933105469,72.72613525390625,0.00596876173886756,0.0059127152551002975,0.009981188078966998,0.004102402393873867,252.767,3.9,2.27,9,40,2,3.96538,4.18077,44012,1052725,9790068.0
2018-12-30,24.47222328186035,57.36747741699219,69.47794342041016,74.98676300048828,0.026594540385356524,0.02846890063111775,0.037593354733426364,0.027676635035144753,252.767,3.9,2.27,10,38,2,3.45972,3.63095,42135,1160440,9790068.0
2019-01-06,24.977527618408203,59.633453369140625,74.36490631103516,75.61127471923828,0.019203768930321045,0.02148545271984307,0.03092924343015501,0.02391493257702286,252.561,4.0,2.4,9,34,2,3.07558,3.13643,38815,1237552,9790068.0
2019-01-13,25.404420852661133,61.4145393371582,81.283935546875,77.23853302001953,0.00512110241521569,0.005887094133649312,0.02357660790094826,0.0021546459904114535,252.561,4.0,2.4,9,36,2,3.3258,3.36213,41199,1225384,9790068.0
2019-01-20,26.397598266601562,62.048622131347656,82.65191650390625,79.23526763916016,0.0033284311128839884,0.013294574748308752,0.018213670294664946,0.01152140597657661,252.561,4.0,2.4,10,40,2,3.79773,3.88115,46241,1191426,9790068.0
2019-01-27,26.249494552612305,60.845703125,81.65071868896484,78.21491241455078,0.006643170231391696,0.00828281181945043,0.02364311360825862,0.005138081343093933,252.561,4.0,2.4,11,38,2,4.34227,4.52235,55264,1222020,9790068.0
2019-02-03,26.78963851928711,61.3492431640625,83.25657653808594,79.8246078491211,0.007970598712536227,0.009366766533245877,0.021059436515258444,0.010144510893945307,253.319,3.8,2.4,13,43,2,4.86953,5.20091,69732,1340765,9790068.0
2019-02-10,26.711227416992188,60.83638381958008,81.9580078125,79.11212158203125,0.002073758689132956,0.00758407502942812,0.014754893568874142,0.005937582325877206,253.319,3.8,2.4,13,43,2,5.03689,5.42034,70056,1292464,9790068.0
2019-02-17,27.37334442138672,62.859920501708984,85.83387756347656,81.67178344726562,0.010857798048562751,0.004026352861057565,0.00888354784996831,0.007382060151388768,253.319,3.8,2.4,12,42,2,4.8812,5.27078,66461,1260932,9790068.0
2019-02-24,27.652132034301758,61.88077163696289,84.99128723144531,81.40790557861328,0.0038883468051312793,0.008767861778606934,0.015219561574820342,0.007413445742713771,253.319,3.8,2.4,11,39,2,4.54791,4.58991,58802,1281115,9790068.0
2019-03-03,27.730546951293945,64.49179077148438,91.00829315185547,81.75972747802734,0.0032272830267369135,0.005221440002705761,0.02393453693868586,0.007742494448323309,254.277,3.8,2.41,10,40,2,4.3762,4.39714,55431,1260615,9790068.0
2019-03-10,26.920318603515625,60.75244903564453,85.70499420166016,78.63711547851562,0.004125806337895148,0.010063794695198422,0.017175638179258008,0.006463177364513285,254.277,3.8,2.41,9,40,2,4.22692,4.12777,53177,1288273,9790068.0
2019-03-17,27.58243751525879,61.778221130371094,90.47300720214844,81.21662902832031,0.0026469927625235837,0.005115059300108224,0.015453659512762114,0.005279465538853526,254.277,3.8,2.41,8,37,2,3.68251,3.50278,45668,1303765,9790068.0
2019-03-24,26.790966033935547,59.91242218017578,87.09278869628906,80.00711822509766,0.011189586961215752,0.012763764206749186,0.023334272986660548,0.010256383818413109,254.277,3.8,2.41,7,38,2,3.08559,3.04819,37948,1244935,9790068.0
2019-03-31,27.053621292114258,60.82711410522461,89.74939727783203,81.00474548339844,0.003778733231915144,0.007434574489187887,0.01725221443227607,0.0076725688008438585,254.277,3.8,2.41,5,37,2,2.69831,2.67984,32941,1229217,9790068.0
2019-04-07,27.640220642089844,61.564456939697266,92.98090362548828,81.22547149658203,0.008764369250828102,0.004313628221949464,0.011672965404867345,0.0038512429007492984,255.233,3.7,2.42,4,35,2,2.28676,2.26612,27854,1229148,9790068.0
2019-04-14,28.130512237548828,59.74441909790039,89.114990234375,79.29195404052734,0.00930232425044341,0.007215060573273656,0.01421435201353998,0.005679608800644349,255.233,3.7,2.42,3,34,2,2.01217,1.96484,23147,1178058,9790068.0
2019-04-21,28.253084182739258,56.981658935546875,83.89097595214844,75.85752868652344,0.009542426313882083,0.016299989092594912,0.02211083812622522,0.016429036502160755,255.233,3.7,2.42,3,32,2,1.71323,1.72201,20610,1196855,9790068.0
2019-04-28,28.71710968017578,58.820396423339844,86.47817993164062,78.58563995361328,0.006527570075548034,0.007766123683399179,0.015021078191490535,0.007113779642314924,255.233,3.7,2.42,3,32,2,1.56678,1.5728,18864,1199386,9790068.0
2019-05-05,29.1461181640625,59.417728424072266,85.45719146728516,79.6009521484375,0.007306485507052206,0.006743808118546901,0.016886403651610062,0.004186975482455353,255.296,3.6,2.39,3,32,2,1.49827,1.45718,17107,1173980,9790068.0
2019-05-12,29.111099243164062,58.456382751464844,83.18720245361328,78.49734497070312,0.007656842028442418,0.015787316981101987,0.017991183847560512,0.009644250239942425,255.296,3.6,2.39,2,32,2,1.49961,1.50332,16459,1094840,9790068.0
2019-05-19,28.87469482421875,57.065670013427734,81.83906555175781,78.0823974609375,0.014508711363318574,0.016398115293235257,0.02451289487379287,0.010650030255583068,255.296,3.6,2.39,2,33,2,1.42123,1.40257,15763,1123869,9790068.0
2019-05-26,29.067319869995117,56.17897415161133,82.1860122680664,79.07121276855469,0.008919983931596608,0.009982386561955062,0.02076050189939748,0.005060373030182724,255.296,3.6,2.39,2,33,2,1.39258,1.40358,14776,1052737,9790068.0
2019-06-02,28.419437408447266,53.31356430053711,78.7463150024414,77.05824279785156,0.0064951884902498805,0.006638637017080615,0.004963097698131999,0.008490827729308625,255.213,3.6,2.38,2,32,2,1.21697,1.23749,13451,1086961,9790068.0
2019-06-09,29.583877563476562,54.98426818847656,82.11660766601562,80.35140991210938,0.0070004880607642565,0.013082666837322425,0.01627758419627229,0.005386361404277316,255.213,3.6,2.38,2,30,2,1.11266,1.12161,12106,1079343,9790068.0
2019-06-16,29.78525161743164,54.442928314208984,80.77839660644531,80.56330871582031,0.0035024393833877816,0.008841886029608921,0.01407159023731082,0.003163129649594154,255.213,3.6,2.38,2,30,2,0.991888,1.01276,10695,1056024,9790068.0
2019-06-23,29.916576385498047,56.169654846191406,86.49801635742188,83.10592651367188,0.00793837070585611,0.005116084004236171,0.019788322998400883,0.0022854517900760874,255.213,3.6,2.38,2,29,2,0.946401,0.959768,10027,1044732,9790068.0
2019-06-30,29.88492774963379,56.270668029785156,86.94409942626953,82.13947296142578,0.011587362024734716,0.011914173402254945,0.022248236210047415,0.0077002854509341445,255.213,3.6,2.38,1,28,2,0.874695,0.878917,8722,992358,9790068.0
2019-07-07,30.73777198791504,56.56062698364258,86.44845581054688,83.12366485595703,0.007883488463996741,0.010573613589177994,0.014741896276395066,0.006780564600613506,255.802,3.7,2.4,2,28,2,0.809169,0.794181,8425,1060841,9790068.0
2019-07-14,30.79052734375,54.68992233276367,85.07059478759766,81.96216583251953,0.004405825520604937,0.012234712859684766,0.012516179436171887,0.006214454526574521,255.802,3.7,2.4,1,30,2,0.75452,0.766394,8116,1058986,9790068.0
2019-07-21,30.33332633972168,53.96033477783203,84.86243438720703,81.3592300415039,0.006133036398827149,0.0074359777437064895,0.011016245654476498,0.006295713225881774,255.802,3.7,2.4,1,27,2,0.732983,0.748613,7787,1040191,9790068.0
2019-07-28,30.904827117919922,54.14741516113281,84.90210723876953,81.63409423828125,0.00599798663096486,0.0097197882173967,0.015694950975453828,0.0044062681259948375,255.802,3.7,2.4,1,27,2,0.725811,0.757116,7884,1041320,9790068.0
2019-08-04,29.77941131591797,53.97904586791992,83.28630065917969,80.7297134399414,0.006899414032995248,0.004936392683966341,0.014244634940001085,0.005401032033649731,256.036,3.6,2.13,2,27,2,0.754209,0.770094,8060,1046625,9790068.0
2019-08-11,30.122318267822266,53.60490798950195,83.29622650146484,81.0400390625,0.019222776732036043,0.013524131031059644,0.022155782008443477,0.015037862719097517,256.036,3.6,2.13,2,26,2,0.729672,0.833506,8994,1079056,9790068.0
2019-08-18,29.7969970703125,52.650848388671875,81.73994445800781,80.2863998413086,0.020149341830802008,0.01624468304593032,0.022928416725065504,0.017342487077033307,256.036,3.6,2.13,2,28,2,0.839875,0.94034,10103,1074399,9790068.0
2019-08-25,29.19913101196289,52.05221939086914,78.7463150024414,78.69929504394531,0.014329395222394353,0.01550584149362582,0.017248145301609768,0.013328066844434237,256.036,3.6,2.13,2,27,2,0.989358,1.08197,11904,1100212,9790068.0
2019-09-01,29.60357093811035,52.39830780029297,79.6681900024414,80.33070373535156,0.006601471443153521,0.010178564438666049,0.013980995911288154,0.00653265239431028,256.43,3.5,2.04,2,26,2,1.1354,1.20216,13188,1097022,9790068.0
2019-09-08,30.34212303161621,53.05305862426758,78.77606201171875,80.9247817993164,0.005166726933167835,0.006409042891045239,0.016394607152259644,0.00646460977703589,256.43,3.5,2.04,3,28,2,1.23124,1.27291,14843,1166071,9790068.0
2019-09-15,30.746566772460938,54.05388641357422,81.70028686523438,81.13758087158203,0.004227352756765583,0.01040238291145051,0.016743266810884932,0.006896988197874013,256.43,3.5,2.04,3,30,2,1.24448,1.3881,16001,1152730,9790068.0
2019-09-22,30.957578659057617,54.22224807739258,81.99073028564453,81.91083526611328,0.004670504168547672,0.004644935731906205,0.010010846743581422,0.003242945327589579,256.43,3.5,2.04,4,29,2,1.3379,1.49515,17453,1167311,9790068.0
2019-09-29,31.090024948120117,52.98345947265625,75.7851791381836,79.53366088867188,0.0028184307818733432,0.0053859374104104005,0.010007588852781057,0.0019098365008531854,256.43,3.5,2.04,4,29,2,1.49002,1.50284,21916,1458307,9790068.0
2019-10-06,30.57790184020996,52.7959098815918,76.1519546508789,80.24591064453125,0.016169315970198158,0.01180460533622651,0.014942582718852295,0.013197254024303998,257.155,3.6,1.83,4,29,2,1.59192,1.59764,22954,1436748,9790068.0
2019-10-13,30.392484664916992,53.00220489501953,76.44935607910156,80.07675170898438,0.01379291205896757,0.009521611676193281,0.01551654854317539,0.011453071364797736,257.155,3.6,1.83,5,31,2,1.72572,1.73931,24886,1430800,9790068.0
2019-10-20,30.63088035583496,53.77117919921875,77.9660415649414,81.69715881347656,0.003175851848176261,0.008109624886372924,0.01422362968361708,0.008903149536027048,257.155,3.6,1.83,5,30,2,1.83419,1.86039,27419,1473831,9790068.0
2019-10-27,30.295345306396484,54.85898208618164,80.64254760742188,81.96426391601562,0.008594611593684388,0.006373400684342281,0.010179148141125005,0.0041605092346407736,257.155,3.6,1.83,5,30,2,2.04008,2.01412,28910,1435369,9790068.0
2019-11-03,30.586721420288086,56.537567138671875,82.93245697021484,84.46609497070312,0.005328724507301981,0.005215708001848549,0.01301361846860657,0.006275549568691333,257.879,3.6,1.55,6,35,2,2.39351,2.36364,34586,1463253,9790068.0
2019-11-10,31.037052154541016,56.500064849853516,83.22986602783203,84.69758605957031,0.0035232737857015966,0.00965917088027132,0.015319171103071693,0.005655400690701121,257.879,3.6,1.55,6,32,2,2.63251,2.64428,37732,1426928,9790068.0
2019-11-17,30.992902755737305,57.07209396362305,84.05265045166016,86.77206420898438,0.002960657892037954,0.009151423475989467,0.007671214906702669,0.009748733043368662,257.879,3.6,1.55,7,35,2,2.89941,2.97387,44161,1484969,9790068.0
2019-11-24,30.96640968322754,57.784793853759766,87.3735122680664,87.48433685302734,0.004358818284085796,0.007350278332382024,0.00993776784444361,0.004032433147575382,257.879,3.6,1.55,6,32,2,3.41501,3.45389,44044,1275199,9790068.0
2019-12-01,31.346097946166992,59.81973648071289,92.8355941772461,88.57945251464844,0.005410624826746545,0.010200877597121447,0.018707164157922226,0.006730757692452094,258.63,3.6,1.55,8,34,2,3.2579,3.31281,48904,1476208,9790068.0
2019-12-08,31.18716049194336,59.81973648071289,93.60881805419922,89.3985595703125,0.010774112919947012,0.009164545473391556,0.01566332908138538,0.005852210683663931,258.63,3.6,1.55,8,35,2,3.94308,3.86928,56444,1458774,9790068.0
2019-12-15,31.496204376220703,60.410526275634766,94.53072357177734,89.8170166015625,0.005747510930872067,0.008136720269098424,0.009151849317394701,0.00583936115438318,258.63,3.6,1.55,11,42,2,5.06435,5.02613,71594,1424436,9790068.0
2019-12-22,31.708120346069336,61.54521179199219,95.86005401611328,91.81578826904297,0.005646721728326951,0.004787397974021543,0.006781774187708179,0.0046569879985297455,258.63,3.6,1.55,16,49,2,7.06161,7.15315,95757,1338669,9790068.0
2019-12-29,31.29376792907715,61.01124954223633,95.40406036376953,92.03038024902344,0.006629643450299563,0.004596460176136738,0.012051536146282045,0.00235605836688268,258.63,3.6,1.55,15,47,3,5.90066,6.21936,88731,1426691,9790068.0
2020-01-05,31.568830490112305,60.28738784790039,92.549072265625,91.09992980957031,0.0032356615119387734,0.006868998466849947,0.008956414716822032,0.005713254128007542,259.127,3.6,1.55,14,42,2,4.9402,5.06711,75614,1492251,9790068.0
2020-01-12,31.46235466003418,60.22157669067383,94.00630187988281,92.50370788574219,0.006638434079109754,0.003713393214541011,0.009021561429936655,0.003739882219624499,259.127,3.6,1.55,14,42,2,5.33135,5.35768,79783,1489132,9790068.0
2020-01-19,32.09231185913086,62.24274444580078,95.43379211425781,94.0244140625,0.0045294572405226085,0.00792627264722236,0.018623973487450922,0.004907307202571169,259.127,3.6,1.55,16,46,2,6.07822,6.02274,90150,1496826,9790068.0
2020-01-26,31.6752872467041,60.475406646728516,89.96174621582031,92.1977310180664,0.004348963992172428,0.011208481757216587,0.01027423169113658,0.008480137006006746,259.127,3.6,1.55,18,46,3,6.74724,6.87271,108307,1575900,9790068.0
2020-02-02,31.453475952148438,58.85847091674805,88.34590911865234,89.21026611328125,0.012625836066998382,0.008029076740799156,0.013184142926243252,0.009123583827995952,259.25,3.5,1.58,18,49,3,6.80157,7.08558,111361,1571657,9790068.0
2020-02-09,32.70452117919922,62.14874267578125,94.4920654296875,92.7196273803711,0.00928807171960187,0.009277412677070279,0.016268997871395675,0.011333936337703103,259.25,3.5,1.58,17,47,3,6.11292,6.22068,95418,1533883,9790068.0
2020-02-16,33.29011917114258,61.35908126831055,96.24666595458984,93.52050018310547,0.00591862248624991,0.006987957555087126,0.011070986969671142,0.004285502276229345,259.25,3.5,1.58,14,44,3,5.52513,5.61968,80559,1433517,9790068.0
2020-02-23,32.837608337402344,60.9454460144043,96.41519165039062,93.07059478759766,0.0015004817457195227,0.00403064124356635,0.006998066907215565,0.004843212429276035,259.25,3.5,1.58,14,45,2,5.12333,5.10268,74823,1466346,9790068.0
2020-03-01,28.17059898376465,54.844322204589844,88.40538024902344,83.33428955078125,0.014108066981761995,0.015895533741865454,0.027293066375065088,0.014975432006870813,258.076,4.4,0.65,19,50,3,5.26652,5.28928,78779,1489410,9790068.0
2020-03-08,28.206096649169922,56.0100212097168,89.31739044189453,87.41959381103516,0.04185958189867537,0.03368712476184446,0.03705450047843764,0.03871019223076661,258.076,4.4,0.65,28,71,7,5.66932,6.28745,89607,1425172,9790068.0
2020-03-15,24.071447372436523,51.92066955566406,74.58645629882812,81.57960510253906,0.08814391744455102,0.06469252037717624,0.07559203158378476,0.06137224101581359,258.076,4.4,0.65,22,100,11,6.38029,7.35285,78584,1068755,9790068.0
2020-03-22,19.08502769470215,46.38359069824219,68.51962280273438,71.16844177246094,0.08220917806131994,0.06372334445515412,0.07319009939622895,0.058858134139438426,258.076,4.4,0.65,12,86,11,4.91692,6.22687,53142,853431,9790068.0
2020-03-29,22.293134689331055,48.953338623046875,75.30020141601562,76.84867095947266,0.06097303080358778,0.042616433096752955,0.042255182346884225,0.05467173479139779,258.076,4.4,0.65,7,73,9,3.78625,4.82995,36251,750546,9790068.0
2020-04-05,20.639474868774414,51.25347137451172,74.20977783203125,78.46721649169922,0.037702113909487134,0.03283362776420297,0.036399833100490615,0.03301471548604693,256.032,14.8,0.05,5,61,7,2.80122,3.47366,24974,718953,9790068.0
2020-04-12,24.742334365844727,55.448402404785156,82.70532989501953,85.74608612060547,0.022147103027372838,0.021996183156337966,0.03832186060191236,0.02811185692673186,256.032,14.8,0.05,3,44,5,2.12907,2.57391,18274,709970,9790068.0
2020-04-19,23.678634643554688,58.36127471923828,90.75479125976562,91.12613677978516,0.03992269822522584,0.016675038902548164,0.031717104255679696,0.018155539680131623,256.032,14.8,0.05,2,41,5,1.73315,2.02032,15164,750576,9790068.0
2020-04-26,22.319950103759766,58.42726135253906,96.16737365722656,90.68309020996094,0.020088757148640637,0.01920651869377436,0.027959606342075484,0.01903921517724039,256.032,14.8,0.05,2,36,4,1.40939,1.6211,12821,790883,9790068.0
2020-05-03,22.498727798461914,57.899356842041016,90.04104614257812,88.4587173461914,0.03622398484953365,0.016713740103172833,0.02091483680647379,0.01492059600801145,255.802,13.2,0.05,2,35,4,1.18657,1.35218,11058,817791,9790068.0
2020-05-10,23.24063491821289,59.28508758544922,98.70513153076172,89.88738250732422,0.027983726484140024,0.008934325860212628,0.01903862846964195,0.011561269247165884,255.802,13.2,0.05,2,35,3,1.11444,1.23805,10480,846493,9790068.0
2020-05-17,21.747867584228516,59.67158889770508,101.7781982421875,90.80061340332031,0.026123924784831408,0.01592419768003625,0.032350869422043065,0.014268436958456554,255.802,13.2,0.05,2,31,3,1.00711,1.07708,11416,1059901,9790068.0
2020-05-24,23.437288284301758,60.029823303222656,105.12885284423828,90.07728576660156,0.028607066539155013,0.01065509580396111,0.02484023672140993,0.00810566694171311,255.802,13.2,0.05,2,32,3,0.889878,0.887647,9605,1082074,9790068.0
2020-05-31,24.188135147094727,61.05731964111328,102.66046905517578,93.14252471923828,0.025191362022337373,0.006594130223478058,0.014466835525052006,0.006871018582409117,255.802,13.2,0.05,1,29,3,0.815858,0.820978,9318,1134988,9790068.0
2020-06-07,27.048524856567383,61.217594146728516,102.0161361694336,93.32334899902344,0.012576739666983047,0.005802222553385986,0.014463050129595856,0.010665461594589906,257.042,11.0,0.08,1,31,3,0.837779,0.814955,9572,1174543,9790068.0
2020-06-14,24.715526580810547,57.522281646728516,99.35941314697266,88.2507553100586,0.04452171686563466,0.022731715413606905,0.029968796070416442,0.02669026457356439,257.042,11.0,0.08,2,32,3,0.929189,0.951491,11866,1247096,9790068.0
2020-06-21,24.921110153198242,60.34088897705078,107.9045181274414,91.09901428222656,0.012645305926411249,0.011818819761697921,0.011652562908787722,0.011178672732327076,257.042,11.0,0.08,2,37,3,1.13871,1.20333,15490,1287264,9790068.0
2020-06-28,23.6663875579834,59.77958297729492,109.47798156738281,88.54288482666016,0.02395378062753487,0.01626447885895396,0.02813650451379114,0.014282227440504386,257.042,11.0,0.08,2,40,3,1.27591,1.38465,17826,1287401,9790068.0
2020-07-05,24.088523864746094,61.915245056152344,111.9269027709961,92.25675964355469,0.017708979540353456,0.004468579665531402,0.005984261046498279,0.004488144942759195,258.352,10.2,0.09,2,41,4,1.34978,1.47371,20043,1360037,9790068.0
2020-07-12,24.313060760498047,61.49943923950195,113.9395980834961,91.4486083984375,0.028788747404429937,0.005561226932296431,0.012676538402359806,0.007584527208026184,258.352,10.2,0.09,2,42,4,1.34436,1.43806,19250,1338613,9790068.0
2020-07-19,25.660289764404297,63.73904800415039,117.72701263427734,96.15225982666016,0.013080842590904756,0.011797929416628133,0.02259400383030986,0.008194100294632632,258.352,10.2,0.09,2,37,3,1.22126,1.21924,16523,1355190,9790068.0
2020-07-26,25.92974090576172,61.386043548583984,111.27253723144531,95.43489837646484,0.013161646043622624,0.0072992055220101,0.01572850506705322,0.007280623595108693,258.352,10.2,0.09,1,38,3,1.15381,1.1519,15514,1346820,9790068.0
2020-08-02,25.588438034057617,61.39550018310547,108.39729309082031,95.82535552978516,0.013772685117550296,0.011770769110826506,0.023567714329361587,0.007818464698609135,259.316,8.4,0.1,1,36,3,1.0649,1.05776,14103,1333292,9790068.0
2020-08-09,26.765026092529297,63.049224853515625,112.94812774658203,96.62443542480469,0.01917642396240261,0.012247222414530775,0.01898054992428941,0.006547762326376358,259.316,8.4,0.1,1,33,3,0.979173,0.980887,13131,1338686,9790068.0
2020-08-16,26.845861434936523,62.605079650878906,109.25984191894531,96.97856140136719,0.008359076027938318,0.010184910919188026,0.020685694752091623,0.009110406759304208,259.316,8.4,0.1,1,31,3,0.967664,0.959772,12900,1344069,9790068.0
2020-08-23,25.875852584838867,61.60340118408203,110.50914001464844,96.99673461914062,0.004323810134694909,0.008463938288101538,0.01866434823126648,0.0037583654394467998,259.316,8.4,0.1,1,29,3,1.00158,0.972423,13138,1351058,9790068.0
2020-08-30,26.711137771606445,61.782928466796875,107.86188507080078,98.0682144165039,0.013134494978036659,0.0037195716822924535,0.015014154368997312,0.005249151461354823,259.316,8.4,0.1,2,31,3,0.917339,0.915323,12232,1336359,9790068.0
2020-09-06,26.774005889892578,61.39550018310547,104.39173889160156,95.97972106933594,0.011998636507801305,0.0226999675010349,0.02560120803941682,0.017329589584218163,259.997,7.8,0.09,2,31,3,1.02954,0.97981,13001,1326890,9790068.0
2020-09-13,26.055482864379883,59.96856689453125,103.54901123046875,94.97179412841797,0.019072496433777186,0.017082450808746045,0.017285778560513273,0.01642128149162805,259.997,7.8,0.09,2,29,2,0.975797,0.956785,13005,1359239,9790068.0
2020-09-20,25.678255081176758,61.60340118408203,115.24833679199219,95.83443450927734,0.011674839063113665,0.008363888700048573,0.026606914713759307,0.007145947582679499,259.997,7.8,0.09,2,30,3,1.0586,1.0348,14457,1397083,9790068.0
2020-09-27,24.61705207824707,59.49892044067383,109.94883728027344,93.91814422607422,0.01516921574314162,0.014779425825707468,0.025792638898386188,0.012818755259613167,259.997,7.8,0.09,3,32,3,1.0872,1.07453,16570,1542071,9790068.0
2020-10-04,25.988677978515625,59.83026123046875,109.5023422241211,94.9574203491211,0.012032108821280522,0.009244116133949912,0.013178760324499925,0.010069682667697873,260.319,6.9,0.09,3,35,3,1.20898,1.18497,19194,1619788,9790068.0
2020-10-11,26.891063690185547,63.20042419433594,119.31547546386719,98.78636169433594,0.013607929978595912,0.013221552512673086,0.022451452279231374,0.013541785532995964,260.319,6.9,0.09,3,32,3,1.10874,1.09042,17281,1584807,9790068.0
2020-10-18,26.719608306884766,62.424171447753906,119.68260955810547,98.38521575927734,0.015416706904686609,0.004923803488732009,0.011781829866506981,0.008451344490729077,260.319,6.9,0.09,3,33,3,1.18588,1.14934,18187,1582393,9790068.0
2020-10-25,27.36932945251465,61.96975326538086,116.7158432006836,98.29407501220703,0.012936013271543043,0.013745935742699607,0.020922731340758,0.011408806171092748,260.319,6.9,0.09,3,32,3,1.25,1.1881,18612,1566538,9790068.0
2020-11-01,25.645771026611328,58.57117462158203,111.89360809326172,92.67830657958984,0.017625227248577336,0.011480102906374157,0.01789006627923748,0.012122341095066476,260.911,6.7,0.09,3,29,2,1.43782,1.33548,21410,1603163,9790068.0
2020-11-08,26.800830841064453,61.51535415649414,118.9384536743164,100.20852661132812,0.017864737778250643,0.026357633792955467,0.032171706823858996,0.017301999490369088,260.911,6.7,0.09,3,35,3,1.48426,1.37797,22623,1641763,9790068.0
2020-11-15,29.038734436035156,63.560176849365234,124.06825256347656,102.21417999267578,0.0378162950857833,0.011517137593054116,0.005826569528559274,0.0068898092336103335,260.911,6.7,0.09,3,38,3,1.54717,1.4268,22722,1592518,9790068.0
2020-11-22,29.47188377380371,63.91044616699219,125.06048583984375,99.18749237060547,0.014332340785307165,0.009743744426895401,0.011679752712814512,0.007481206295074262,260.911,6.7,0.09,3,34,3,1.60668,1.49601,21320,1425127,9790068.0
2020-11-29,30.130624771118164,64.01459503173828,130.43836975097656,99.77094268798828,0.018200445399951217,0.00865443322209662,0.01740213572874247,0.005902718801111818,260.911,6.7,0.09,3,34,3,1.56586,1.44878,22305,1539568,9790068.0
2020-12-06,30.67205810546875,64.71513366699219,135.14151000976562,102.59705352783203,0.019098898687880214,0.008195687870244254,0.00880164303128526,0.004784471214282925,262.045,6.7,0.09,3,36,3,1.52073,1.4297,22219,1554103,9790068.0
2020-12-13,30.094528198242188,64.98966217041016,141.1643829345703,101.81301879882812,0.009330828666552497,0.009550334194748796,0.021244566192884642,0.005331804883986229,262.045,6.7,0.09,3,36,3,1.50659,1.39828,20886,1493692,9790068.0
2020-12-20,30.211835861206055,66.89250946044922,146.40333557128906,103.01641082763672,0.012276293479076588,0.008843526407983974,0.014406155281573274,0.0081982073368102,262.045,6.7,0.09,3,35,3,1.55413,1.45723,19852,1362314,9790068.0
2020-12-27,30.26267433166504,67.11160278320312,149.0219268798828,102.04057312011719,0.00845313998178297,0.007930098848111192,0.01045146947990265,0.005674471685076799,262.045,6.7,0.09,3,39,3,1.5907,1.5383,22436,1458493,9790068.0
2021-01-03,30.48052406311035,67.71858978271484,139.85276794433594,103.84394836425781,0.006919588662826872,0.0055273961605748914,0.01969892097456766,0.004521174368440324,262.687,6.4,0.09,3,36,3,1.47569,1.43493,22720,1583355,9790068.0
2021-01-10,31.052358627319336,70.3267822265625,148.5550537109375,107.45980072021484,0.025881084514457645,0.006699415080226475,0.018175673508108548,0.007281473219706004,262.687,6.4,0.09,3,33,3,1.29196,1.26364,19194,1518947,9790068.0
2021-01-17,31.10682487487793,72.19522094726562,150.73062133789062,107.07535552978516,0.006760005154796596,0.008758501756281515,0.018162746864089488,0.006430521747543438,262.687,6.4,0.09,2,32,3,1.25191,1.21094,18353,1515597,9790068.0
2021-01-24,30.76190185546875,73.23851776123047,151.55516052246094,107.64287567138672,0.011334771230674447,0.011500115990627136,0.017112260925257788,0.006074894858158309,262.687,6.4,0.09,2,31,3,1.10337,1.12256,16910,1506379,9790068.0
2021-01-31,29.22789764404297,73.2290267944336,151.87307739257812,105.2994384765625,0.017706858733018863,0.01687686234997758,0.019086853511016418,0.017264689624248115,262.687,6.4,0.09,2,32,3,1.16554,1.08197,16101,1488119,9790068.0
2021-02-07,30.93436622619629,76.2355728149414,165.68153381347656,105.88530731201172,0.007585972549841307,0.007214834693264691,0.020804100811910115,0.004682845384988434,263.579,6.2,0.08,2,30,3,1.00745,0.974818,14108,1447245,9790068.0
2021-02-14,31.524368286132812,76.7003173828125,163.23773193359375,107.35910034179688,0.005220822565937259,0.008963373251382281,0.025818102407621116,0.0026310268344733856,263.579,6.2,0.08,2,28,3,0.986987,0.907497,12602,1388655,9790068.0
2021-02-21,31.615142822265625,75.18280792236328,158.02230834960938,104.73190307617188,0.006332815185657431,0.006689041233351633,0.021272856449074284,0.006970988751707546,263.579,6.2,0.08,2,31,3,0.862967,0.860475,13347,1551120,9790068.0
2021-02-28,31.7603702545166,72.67891693115234,147.0252227783203,103.08415222167969,0.01700267425959159,0.016387196089208633,0.024524239324515456,0.006751818502209494,263.579,6.2,0.08,2,27,3,0.82875,0.842691,13017,1544694,9790068.0
2021-03-07,32.622684478759766,73.67479705810547,137.8560028076172,103.45947265625,0.017508643676576764,0.014631311502287385,0.03446514206242727,0.015108223075329011,264.961,6.1,0.07,2,29,3,0.883305,0.903419,14098,1560517,9790068.0
2021-03-14,34.04776382446289,75.63806915283203,145.5449981689453,104.90583038330078,0.009119659062728944,0.003064722009398268,0.030468512403653784,0.003475497335920362,264.961,6.1,0.07,2,28,2,0.90874,0.939582,14580,1551754,9790068.0
2021-03-21,33.50314712524414,75.47683715820312,144.114501953125,105.3360595703125,0.009400169573993561,0.008937617418032864,0.03126908727251615,0.004319634524021876,264.961,6.1,0.07,2,30,3,0.948022,0.960224,15359,1599523,9790068.0
2021-03-28,33.606204986572266,75.30862426757812,132.22006225585938,107.49290466308594,0.011319271045616084,0.016522316957301046,0.03930773118215946,0.010787328305499659,264.961,6.1,0.07,2,32,3,0.974936,0.998001,15994,1602603,9790068.0
2021-04-04,33.85243606567383,75.09957122802734,136.16500854492188,106.91416931152344,0.010022543485820084,0.004095997661040517,0.028599355948999143,0.006045157029069319,266.614,6.1,0.07,2,35,3,1.06411,1.07813,18148,1683278,9790068.0
2021-04-11,34.33578872680664,74.38687133789062,128.8117218017578,108.34717559814453,0.0021680452856847276,0.004856491964934727,0.018423400328088323,0.006201881417867233,266.614,6.1,0.07,2,34,3,1.08168,1.10911,19177,1729037,9790068.0
2021-04-18,35.110965728759766,75.94532012939453,130.71958923339844,111.58979797363281,0.0037587845182833987,0.005926920767382509,0.019634936488657922,0.006852942538661214,266.614,6.1,0.07,2,32,3,1.10339,1.15017,19313,1679142,9790068.0
2021-04-25,35.41190719604492,75.54619598388672,133.4522247314453,113.61065673828125,0.013307982921261364,0.009069120568534806,0.020948225906668207,0.006151937569316173,266.614,6.1,0.07,2,34,3,1.13164,1.1826,20134,1702520,9790068.0
2021-05-02,35.80406188964844,74.09228515625,135.757568359375,111.45199584960938,0.006007495159260866,0.005795382506605817,0.01848188025901018,0.0011631582554158643,268.383,5.8,0.06,2,32,3,1.1483,1.20847,19937,1649771,9790068.0
2021-05-09,36.779876708984375,74.72895812988281,126.93363952636719,113.96893310546875,0.002926426010852314,0.009769361539641483,0.01971832688352216,0.004512192669747223,268.383,5.8,0.06,2,33,2,1.19144,1.25476,20373,1623653,9790068.0
2021-05-16,36.314762115478516,75.90730285644531,126.11881256103516,113.3993911743164,0.018409637166326098,0.006384397334138246,0.02799937943852519,0.008810204602489833,268.383,5.8,0.06,2,31,2,1.24686,1.26333,21266,1683332,9790068.0
2021-05-23,36.013816833496094,76.07833862304688,125.87039947509766,114.23531341552734,0.004210859086524515,0.009657127653044936,0.014290889286297351,0.005110979793279363,268.383,5.8,0.06,1,29,2,1.14576,1.19113,19685,1652632,9790068.0
2021-05-30,36.28741455078125,74.73847198486328,127.29137420654297,113.53718566894531,0.01011449866328455,0.005797814612772903,0.014292053149945355,0.0037438173783490053,268.383,5.8,0.06,2,29,2,1.18405,1.25152,20152,1610198,9790068.0
2021-06-06,36.387725830078125,74.27283477783203,125.95982360839844,112.1501235961914,0.0025200806843875814,0.008032183934741723,0.008031184225973756,0.009307492427853153,270.654,5.9,0.08,1,29,2,1.12999,1.14539,19188,1675241,9790068.0
2021-06-13,35.977333068847656,77.4942626953125,134.97256469726562,114.40985870361328,0.007887658345558827,0.013664306783105888,0.018135578354976613,0.009668224587330283,270.654,5.9,0.08,1,29,2,1.19103,1.18507,19672,1659980,9790068.0
2021-06-20,34.007476806640625,76.27790069580078,132.73680114746094,113.66580200195312,0.01504219998080047,0.005052843684241068,0.0125907094855022,0.007023272787738214,270.654,5.9,0.08,1,28,2,1.21258,1.21019,19896,1644041,9790068.0
2021-06-27,35.83161163330078,77.36129760742188,137.8045654296875,115.91678619384766,0.009458070060604677,0.009357356097861902,0.010886554721344019,0.0058038912573537505,270.654,5.9,0.08,1,29,2,1.2132,1.2128,20103,1657572,9790068.0
2021-07-04,35.60233688354492,77.55168914794922,135.6681671142578,118.3051986694336,0.009885096233542138,0.007380117555594083,0.015360293024280545,0.004754047399634025,271.903,5.4,0.1,1,30,2,1.26708,1.32915,22376,1683488,9790068.0
2021-07-11,35.0062141418457,76.68537902832031,132.95535278320312,118.69255065917969,0.02097018431272231,0.005622021610462376,0.017110478691279286,0.005166822403963013,271.903,5.4,0.1,2,33,2,1.38688,1.44259,25263,1751226,9790068.0
2021-07-18,34.67604446411133,74.99076080322266,125.14498901367188,118.60954284667969,0.009058220575968747,0.0038094514842004733,0.01224340231824224,0.002504551351305722,271.903,5.4,0.1,2,35,2,1.64767,1.70922,30554,1787598,9790068.0
2021-07-25,34.70356369018555,77.39938354492188,125.71139526367188,121.2469711303711,0.01963635443741603,0.005099718949797407,0.016201336617374155,0.009344240277609033,271.903,5.4,0.1,2,36,3,1.799,1.90931,35221,1844702,9790068.0
2021-08-01,34.932838439941406,77.26609802246094,122.63097381591797,121.86479187011719,0.007218990178826846,0.009327155021813556,0.02220549974590645,0.004418547101037885,272.676,5.1,0.09,2,36,3,1.94947,2.05205,37762,1840212,9790068.0
2021-08-08,35.703224182128906,78.37995910644531,126.48648834228516,122.59333801269531,0.009062516532243884,0.005025110806470799,0.01983603228985589,0.007437535974785774,272.676,5.1,0.09,2,38,3,2.03512,2.15537,40069,1859035,9790068.0
2021-08-15,36.24431228637695,78.22764587402344,123.83334350585938,123.28496551513672,0.005395716442824049,0.008145506831522686,0.01003098717085731,0.007306709749153805,272.676,5.1,0.09,2,40,3,2.19023,2.30346,42753,1856032,9790068.0
2021-08-22,35.97835159301758,77.59929656982422,121.35906219482422,125.51659393310547,0.006350771072581878,0.009125139405878953,0.024421843348188768,0.011058100259328728,272.676,5.1,0.09,2,41,3,2.23843,2.30735,43062,1866295,9790068.0
2021-08-29,36.53779220581055,77.45650482177734,131.196533203125,124.15180969238281,0.011469021468350547,0.010561352571625318,0.020271771778979302,0.0017887827571861274,272.676,5.1,0.09,2,40,3,2.26655,2.2523,40878,1814941,9790068.0
2021-09-05,36.1434326171875,78.43709564208984,133.34291076660156,126.19901275634766,0.004541117613910444,0.0046199363290334436,0.013534823941801865,0.00487259745922331,273.91,4.7,0.08,2,40,3,2.21303,2.21305,39438,1782067,9790068.0
2021-09-12,35.336368560791016,75.63814544677734,130.88853454589844,122.82386779785156,0.007533215532208765,0.009717573681156217,0.00585422377647179,0.0048371516310765465,273.91,4.7,0.08,3,37,3,2.04664,2.00533,36222,1806283,9790068.0
2021-09-19,34.997039794921875,75.13357543945312,132.0411834716797,122.648681640625,0.00869913148282497,0.0032306460175176082,0.01236913251673528,0.004668836115194193,273.91,4.7,0.08,3,33,3,1.9014,1.93726,34019,1756033,9790068.0
2021-09-26,35.22746658325195,74.77179718017578,129.54702758789062,122.13687133789062,0.013392785819758946,0.00999641853393633,0.02136151637087498,0.00671018728561739,273.91,4.7,0.08,3,36,3,1.84504,1.84254,30002,1628298,9790068.0
2021-10-03,35.338069915771484,74.09586334228516,125.3735580444336,117.83369445800781,0.015067107927668345,0.008617767816867856,0.01765290947285016,0.010741933388926308,276.55,4.5,0.08,3,35,3,2.03726,1.96383,39606,2016770,9790068.0
2021-10-10,36.702186584472656,73.61985778808594,122.66079711914062,117.47277069091797,0.010523990038462048,0.008424785257551238,0.013916568315710445,0.01085857700529368,276.55,4.5,0.08,3,35,2,1.94864,1.90565,37639,1975130,9790068.0
2021-10-17,37.23677444458008,74.03873443603516,124.29043579101562,118.42596435546875,0.008742609242420343,0.004282814541656597,0.01174500927586038,0.008680115136071254,276.55,4.5,0.08,3,34,3,1.92538,1.86005,35684,1918446,9790068.0
2021-10-24,38.149269104003906,74.81939697265625,123.3961181640625,121.85000610351562,0.006713793541521764,0.009933982783521107,0.011958726928245426,0.008491421062817498,276.55,4.5,0.08,3,33,2,1.9789,1.89307,36616,1934216,9790068.0
2021-10-31,37.17225646972656,75.3525390625,124.02214050292969,123.83966827392578,0.013159317711778808,0.010194691850514866,0.018355296732483418,0.007067837767688849,276.55,4.5,0.08,4,34,2,2.1334,2.08583,39986,1917029,9790068.0
2021-11-07,37.9372673034668,76.51398468017578,130.49105834960938,122.95124053955078,0.009459269626968785,0.011538602222337989,0.021138632028485205,0.007717407763944456,278.919,4.1,0.08,4,36,2,2.25788,2.22432,44242,1989010,9790068.0
2021-11-14,37.706844329833984,77.35176849365234,125.74121856689453,123.83039855957031,0.005594965675450445,0.004489293653546803,0.009284920649797588,0.004461105995468801,278.919,4.1,0.08,4,35,2,2.41079,2.35599,47047,1996913,9790068.0
2021-11-21,36.83123016357422,76.50447082519531,121.15038299560547,123.05304718017578,0.0047633770471287055,0.0029004459808181023,0.009985871234785918,0.00467671405910715,278.919,4.1,0.08,4,34,2,2.51762,2.45722,43297,1762035,9790068.0
2021-11-28,36.31507110595703,74.93366241455078,116.04283905029297,122.12764739990234,0.019484284933362062,0.008125460264218164,0.0164326527993367,0.002658233659356044,278.919,4.1,0.08,5,38,3,2.55244,2.56131,52671,2056405,9790068.0
2021-12-05,35.476322174072266,73.12479400634766,108.83859252929688,120.64694213867188,0.02390720337029926,0.004028832263171943,0.028784677005430616,0.010018907730632314,280.845,3.9,0.08,5,38,2,2.72476,2.71523,55027,2026604,9790068.0
2021-12-12,36.7298469543457,72.92487335205078,109.21620178222656,124.54300689697266,0.011703320454020562,0.00985593382993234,0.034269596102814964,0.004120685654223166,280.845,3.9,0.08,6,43,3,3.14645,3.09817,62539,2018579,9790068.0
2021-12-19,36.33350372314453,75.5143814086914,114.8802261352539,127.63388061523438,0.009217708832142724,0.012980353705585652,0.03371321871445167,0.010947827876441689,280.845,3.9,0.08,8,56,3,4.00686,4.07763,79184,1941911,9790068.0
2021-12-26,36.97948455810547,77.69483947753906,117.47373962402344,129.4063720703125,0.01934416964193813,0.004422898025838373,0.006686249041212136,0.007258642461235705,280.845,3.9,0.08,11,73,3,4.90468,5.07044,113921,2246767,9790068.0
2022-01-02,37.41508865356445,77.41809844970703,111.25325012207031,130.88343811035156,0.004693444900643964,0.005352340890046904,0.011746750475557528,0.006039715445944877,282.543,4.0,0.08,16,99,5,4.32906,4.28249,93323,2179176,9790068.0
2022-01-09,38.12872314453125,75.92947387695312,102.33987426757812,124.80794525146484,0.010390311230023454,0.0057320751957119906,0.03351699066411809,0.003326835323927942,282.543,4.0,0.08,11,86,5,3.5344,3.41512,69158,2025052,9790068.0
2022-01-16,38.3048210144043,75.35692596435547,99.85565185546875,124.5478515625,0.005416468763152902,0.01327556952929191,0.02335639539026549,0.010280696279473662,282.543,4.0,0.08,7,71,4,2.82024,2.68756,48685,1811493,9790068.0
2022-01-23,36.26585006713867,72.49418640136719,89.46168518066406,120.2745361328125,0.0057225180306367815,0.005515723594012989,0.022914953053303485,0.004370551142486609,282.543,4.0,0.08,5,54,4,2.06558,1.96884,34720,1763472,9790068.0
2022-01-30,36.46974563598633,73.0858154296875,88.0208511352539,121.2127914428711,0.012707455807009846,0.011063972855613165,0.03294057011753706,0.0109889781990184,282.543,4.0,0.08,4,52,4,1.68092,1.55907,25809,1655407,9790068.0
2022-02-06,37.58191680908203,73.19078826904297,90.21688842773438,122.90353393554688,0.009726577905190398,0.007449033868250671,0.03536721987980075,0.007272923759181705,284.5,3.9,0.08,4,46,4,1.44022,1.33898,23719,1771418,9790068.0
2022-02-13,37.60045623779297,73.2671127319336,92.76072692871094,120.9991455078125,0.00992791962255541,0.009410774118593954,0.030280081471766043,0.01143947920708581,284.5,3.9,0.08,4,45,3,1.48974,1.37013,23930,1746548,9790068.0
2022-02-20,37.23899459838867,72.0838623046875,88.82572937011719,118.45372772216797,0.014099626784497554,0.012028698197297924,0.030684235345826955,0.010741729131612022,284.5,3.9,0.08,4,43,3,1.46266,1.369,23620,1725348,9790068.0
2022-02-27,37.44289779663086,72.52283477783203,89.23314666748047,121.6494140625,0.02300522515725141,0.014062562944964845,0.035797352615616125,0.01612618878530322,284.5,3.9,0.08,4,41,4,1.58728,1.42265,25789,1812738,9790068.0
2022-03-06,36.20098114013672,73.15262603759766,83.37039184570312,123.1079330444336,0.021401432165262226,0.012135533563204282,0.01667826856131367,0.009154163814500241,287.674,3.7,0.2,4,42,4,1.70339,1.54633,28073,1815454,9790068.0
2022-03-13,35.765377044677734,72.95222473144531,84.07589721679688,119.78218078613281,0.019719010669254033,0.010013913813666418,0.031070177727717415,0.01574755884084022,287.674,3.7,0.2,5,44,3,1.83335,1.6781,31342,1867703,9790068.0
2022-03-20,37.869224548339844,76.33024597167969,91.57823944091797,127.26046752929688,0.00511487092026582,0.004807552054374515,0.03551725364366872,0.0057561584170020925,287.674,3.7,0.2,5,46,3,1.87057,1.73106,32433,1873589,9790068.0
2022-03-27,39.26552200317383,76.4278335571289,89.05427551269531,126.98644256591797,0.009056037846199681,0.007145314003962759,0.03144784287909875,0.01106880176624771,287.674,3.7,0.2,5,44,3,1.97612,1.85385,34811,1877763,9790068.0
2022-04-03,39.48877716064453,77.22187805175781,92.67130279541016,128.66383361816406,0.008755731070630794,0.009067988891861506,0.031036117280261472,0.007318223582824479,288.561,3.7,0.33,5,47,3,2.07126,1.99356,38128,1912563,9790068.0
2022-04-10,38.8004035949707,79.91964721679688,89.76973724365234,133.0995330810547,0.007188260636483011,0.01064695597793442,0.023500232201013434,0.010862386380457736,288.561,3.7,0.33,5,50,3,2.16302,2.12932,40953,1923288,9790068.0
2022-04-17,38.64225387573242,78.35076141357422,87.21595001220703,129.1950225830078,0.007373065538157971,0.011293326129272254,0.0325501173685946,0.010396012475572397,288.561,3.7,0.33,5,48,3,2.20418,2.1826,42072,1927606,9790068.0
2022-04-24,37.888755798339844,74.90675354003906,79.33601379394531,124.56358337402344,0.0171938941220157,0.015368062911021574,0.027019765190240103,0.020181499944885353,288.561,3.7,0.33,5,49,3,2.24681,2.21199,44980,2033467,9790068.0
2022-05-01,36.232933044433594,72.64900207519531,73.36396026611328,121.41385650634766,0.02034056744262762,0.015098400501028907,0.03219008640753783,0.016592831843997038,291.298,3.6,0.77,5,52,3,2.3613,2.41398,47787,1979594,9790068.0
2022-05-08,36.73526382446289,70.15213012695312,69.68730926513672,120.93859100341797,0.01968055732798968,0.012742997673501372,0.04480000847699045,0.015180451960559137,291.298,3.6,0.77,5,54,3,2.48314,2.58986,53380,2061117,9790068.0
2022-05-15,35.85152816772461,69.93211364746094,68.16696166992188,119.8389892578125,0.014046122307670375,0.019828588191984492,0.06991282335249721,0.015266811113640932,291.298,3.6,0.77,5,57,3,2.45354,2.60388,54062,2076213,9790068.0
2022-05-22,35.29338073730469,71.06095123291016,69.88604736328125,120.93859100341797,0.018276692235931893,0.017029201039065127,0.035533122184255334,0.01626847880707172,291.298,3.6,0.77,4,55,3,2.39624,2.64837,53992,2038685,9790068.0
2022-05-29,37.4980583190918,73.57698822021484,70.6412353515625,124.88973999023438,0.008806402322918417,0.00933884722892453,0.02794688566438484,0.006486405951107129,291.298,3.6,0.77,4,56,3,2.4335,2.6443,51879,1961919,9790068.0
2022-06-05,36.902706146240234,72.0271987915039,70.760498046875,120.97589874267578,0.010446207545922981,0.008595103977842385,0.03148330868389596,0.010612241057574683,294.957,3.6,1.21,3,55,3,2.16334,2.29319,45240,1972798,9790068.0
2022-06-12,35.38641357421875,68.43013763427734,66.60688781738281,116.94086456298828,0.016879856889152098,0.018986173364392237,0.040029409493353436,0.014014059315798204,294.957,3.6,1.21,3,54,3,1.98842,2.07391,40250,1940774,9790068.0
2022-06-19,33.65614700317383,67.01427459716797,67.1832046508789,111.72236633300781,0.020818209909434972,0.019831559493681046,0.04531659271933937,0.015342698685920272,294.957,3.6,1.21,3,56,3,1.87678,1.91799,37830,1972377,9790068.0
2022-06-26,35.69223403930664,72.31741333007812,76.57355499267578,120.90638732910156,0.019318965061843198,0.007322217819581005,0.02075523966354947,0.005743629983054741,294.957,3.6,1.21,3,54,3,1.80274,1.80161,34570,1918841,9790068.0
2022-07-03,35.94464111328125,73.10420227050781,76.05683898925781,121.35556030273438,0.009578642778811588,0.013986812966718404,0.024381725755253075,0.011457574452697303,294.913,3.5,1.68,3,55,3,1.81978,1.79341,34995,1951308,9790068.0
2022-07-10,35.58940505981445,74.30358123779297,83.89704132080078,122.3475341796875,0.007000100225472472,0.003751645394044188,0.024553159293708417,0.005449922383636044,294.913,3.5,1.68,3,53,4,1.67886,1.66862,33011,1978336,9790068.0
2022-07-17,34.43020248413086,73.60315704345703,81.85003662109375,121.84219360351562,0.014508884632113599,0.009987560957841465,0.027955831096191323,0.014492063564798869,294.913,3.5,1.68,3,55,3,1.65939,1.64675,32613,1980449,9790068.0
2022-07-24,35.00046920776367,72.24066925048828,80.17071533203125,121.49596405029297,0.014620191825670868,0.014640729616803717,0.035187427451495,0.01659167940299408,294.913,3.5,1.68,3,54,3,1.67083,1.64792,32040,1944269,9790068.0
2022-07-31,35.5987548828125,72.36540985107422,80.61786651611328,123.90096282958984,0.008928625254949179,0.012033045830601302,0.01637346139521687,0.00408471787925181,294.913,3.5,1.68,3,50,3,1.52259,1.51365,29647,1958644,9790068.0
2022-08-07,35.18742752075195,72.98908233642578,91.71736145019531,123.01195526123047,0.012421439026410486,0.00785724665038276,0.02881022536149254,0.006429019312170723,295.097,3.6,2.33,3,53,3,1.50755,1.51374,28923,1910699,9790068.0
2022-08-14,37.63670349121094,73.13300323486328,93.1880111694336,125.04264831542969,0.005247277273067841,0.01270121569574539,0.0337242914319739,0.00840588599150053,295.097,3.6,2.33,3,50,3,1.60507,1.6191,31572,1949974,9790068.0
2022-08-21,37.52452850341797,73.10420227050781,86.71910858154297,124.38758850097656,0.00789272068379958,0.00777698641014338,0.017152033643486966,0.004687774408049214,295.097,3.6,2.33,4,51,3,1.83793,1.80999,35788,1977251,9790068.0
2022-08-28,36.421417236328125,69.7267837524414,84.50318908691406,119.1189956665039,0.016260086917349967,0.013390013731948494,0.02944919086726618,0.015147295746620871,295.097,3.6,2.33,3,52,3,1.96433,1.89497,37529,1980457,9790068.0
2022-09-04,35.43048095703125,69.03594207763672,83.20144653320312,116.96663665771484,0.00373872586679703,0.01599973771714676,0.01719824809498032,0.011647456413742483,296.349,3.5,2.56,3,47,3,2.02422,1.94821,38334,1967653,9790068.0
2022-09-11,36.80470657348633,72.25984191894531,87.4544448852539,122.12294006347656,0.00961194817911237,0.011685334926766221,0.031204565159181977,0.007553851173593108,296.349,3.5,2.56,4,49,3,2.0351,1.9706,39760,2017659,9790068.0
2022-09-18,35.81376266479492,70.56153869628906,82.74434661865234,119.26872253417969,0.012570949473808362,0.014592695161660226,0.030398258880323718,0.01658446888960073,296.349,3.5,2.56,4,48,3,2.28352,2.19756,44666,2032523,9790068.0
2022-09-25,34.08107376098633,68.0889892578125,76.16614532470703,115.30951690673828,0.013204052889393757,0.008867413935855975,0.012001314143511636,0.008280069891285243,296.349,3.5,2.56,4,46,3,2.36029,2.29168,46154,2013977,9790068.0
2022-10-02,33.96836853027344,68.56983184814453,78.81929779052734,113.7874526977539,0.014646140900229958,0.021816314653042502,0.03325815600353087,0.014113665032046415,298.007,3.6,3.08,5,51,3,2.61257,2.59379,57318,2209814,9790068.0
2022-10-09,34.945072174072266,69.39691162109375,78.6006851196289,115.20616912841797,0.024020177736105278,0.017777541544093823,0.029177867836823027,0.01964454356385093,298.007,3.6,3.08,7,49,3,3.00763,2.85133,63388,2223106,9790068.0
2022-10-16,35.593082427978516,69.76235961914062,77.32876586914062,116.40877532958984,0.019690155220670368,0.013196608167407895,0.01931690564471343,0.012713983485795817,298.007,3.6,3.08,8,55,3,3.31975,3.31688,75615,2279700,9790068.0
2022-10-23,36.334983825683594,71.07991027832031,78.34231567382812,118.88916015625,0.022058330103038374,0.019457199408711566,0.03390367271668127,0.015493537373756274,298.007,3.6,3.08,12,58,3,4.3682,4.4466,109496,2462467,9790068.0
2022-10-30,38.692203521728516,74.41703796386719,83.23125457763672,124.82703399658203,0.015543864329910576,0.011823984328281679,0.020060359531516834,0.009517206037176824,298.007,3.6,3.08,16,63,3,5.42144,5.54702,139247,2510305,9790068.0
2022-11-06,38.32594680786133,73.56111907958984,79.45524597167969,122.90098571777344,0.01101722085339105,0.008344238775495155,0.01148281654988558,0.008684561338094032,298.786,3.6,3.78,15,64,3,5.73522,5.67263,140055,2468962,9790068.0
2022-11-13,38.32594680786133,74.5997543334961,84.22496032714844,125.0807113647461,0.01873349434250213,0.01897474878165159,0.040332883024485025,0.015610973440096128,298.786,3.6,3.78,16,67,3,5.91793,5.73531,137419,2396019,9790068.0
2022-11-20,38.71098709106445,75.30181884765625,80.49861907958984,126.43363952636719,0.008041985760892077,0.005228940053235133,0.012753140044341242,0.005580411213913575,298.786,3.6,3.78,21,75,3,7.42531,7.37142,164936,2237505,9790068.0
2022-11-27,39.650115966796875,75.58069610595703,80.54830932617188,128.85763549804688,0.003889186052950316,0.005764097642298656,0.01138035670977905,0.0034518973459548167,298.786,3.6,3.78,23,71,3,7.21822,7.24012,185673,2564503,9790068.0
2022-12-04,40.02577209472656,77.96572875976562,85.11927795410156,131.32862854003906,0.011651221781796322,0.012944451709419748,0.02581098413599946,0.011852674706970169,298.832,3.5,4.1,21,75,3,6.87034,6.82928,167248,2448985,9790068.0
2022-12-11,38.75794982910156,75.64801025390625,79.0279541015625,129.63746643066406,0.009946439160096252,0.01162021773669344,0.019320639137172618,0.010381430365995611,298.832,3.5,4.1,23,76,3,6.29772,6.46231,151672,2347026,9790068.0
2022-12-18,37.95969009399414,75.32103729248047,80.44894409179688,127.33557891845703,0.007749505748763916,0.01153690418504779,0.0204975487652902,0.012424182201582874,298.832,3.5,4.1,18,71,3,6.00293,6.1412,129978,2116491,9790068.0
2022-12-25,38.955318450927734,75.7431640625,80.36943817138672,128.3979034423828,0.011754181167997072,0.006157361090691937,0.021370931852153364,0.006588054974129176,298.832,3.5,4.1,16,75,3,5.33838,5.46656,112531,2058533,9790068.0
2023-01-01,38.71893310546875,75.7528076171875,82.47604370117188,128.16201782226562,0.010573556313885535,0.007818031143080589,0.029498958291231465,0.007714979858459679,300.42,3.5,4.33,11,52,4,3.93482,4.07732,92034,2257219,9790068.0
2023-01-08,39.9481086730957,77.70928192138672,82.63504791259766,127.99221801757812,0.013120760426661729,0.007376258851438791,0.01716960197490616,0.008266426275189675,300.42,3.5,4.33,7,48,3,2.94553,3.05773,67720,2214718,9790068.0
2023-01-15,40.4492301940918,76.92861938476562,87.32525634765625,127.78468322753906,0.010026142234304937,0.013022545215725932,0.024922115529420582,0.010194013425003621,300.42,3.5,4.33,6,50,4,2.63811,2.70671,57770,2134322,9790068.0
2023-01-22,39.5320930480957,75.94556427001953,86.44086456298828,126.33183288574219,0.011208148144351669,0.0059361381938549725,0.01800801213662594,0.008591421055107603,300.42,3.5,4.33,6,48,3,2.62522,2.67225,58231,2179097,9790068.0
2023-01-29,40.51541519165039,75.66606903076172,88.82572937011719,125.34124755859375,0.006227557419266014,0.0049869459020222,0.008738367888386245,0.004840025950690527,300.42,3.5,4.33,5,57,4,2.58477,2.68591,59326,2208786,9790068.0
2023-02-05,40.72343444824219,75.53114318847656,89.81941223144531,125.18084716796875,0.00895697132133826,0.007477345717330627,0.022684795314164178,0.008997963565990901,301.45,3.6,4.57,5,54,3,2.59148,2.70465,62258,2301891,9790068.0
2023-02-12,41.177276611328125,74.68299865722656,85.07954406738281,124.99217224121094,0.010894975882369822,0.0059951411404731295,0.01543868450028678,0.0078510281036393,301.45,3.6,4.57,6,51,4,2.5701,2.6371,59665,2262519,9790068.0
2023-02-19,41.48930358886719,75.44438934326172,86.2520751953125,124.52047729492188,0.010142688611423768,0.011115625309802549,0.013869705585026251,0.008740333636186672,301.45,3.6,4.57,5,49,3,2.52707,2.58651,57223,2212367,9790068.0
2023-02-26,40.76124954223633,74.11438751220703,80.95572662353516,121.2374038696289,0.010959743781088424,0.010096799110777597,0.025526733866441362,0.00772338675802526,301.45,3.6,4.57,4,51,3,2.40469,2.44348,55682,2278801,9790068.0
2023-03-05,40.78961944580078,74.49990844726562,83.06233978271484,121.86004638671875,0.005830618197689902,0.005965560615637438,0.008434758832793902,0.007475897579266849,301.821,3.5,4.65,4,50,3,2.3571,2.40445,54686,2274369,9790068.0
2023-03-12,37.68832015991211,71.088134765625,75.1823959350586,117.1241455078125,0.009283075332107074,0.001991542827874625,0.01559748783758635,0.005847099638651949,301.821,3.5,4.65,4,50,3,2.3545,2.43524,54263,2228243,9790068.0
2023-03-19,35.400169372558594,71.11705017089844,76.01709747314453,118.73738098144531,0.034440148021452,0.012192565020931384,0.0204982159922108,0.009785920868432689,301.821,3.5,4.65,4,52,3,2.31096,2.41343,55394,2295244,9790068.0
2023-03-26,35.789188385009766,71.77615356445312,73.7216796875,120.56430053710938,0.02429994577773377,0.01183139785203988,0.019566438264583184,0.011973197328703132,301.821,3.5,4.65,4,48,3,2.25771,2.34891,53342,2270922,9790068.0
2023-04-02,37.34523010253906,73.44805908203125,75.72891235351562,122.61002349853516,0.006822702502626389,0.005593275399247383,0.019456313123766084,0.006050527630321175,302.845,3.4,4.83,4,48,3,2.12953,2.20628,48355,2191695,9790068.0
2023-04-09,37.53499984741211,74.79137420654297,76.384765625,126.45518493652344,0.0073808865356227325,0.0068099851652362094,0.017079465959984642,0.007846764436994893,302.845,3.4,4.83,3,47,3,2.01047,2.0726,46725,2254413,9790068.0
2023-04-16,37.6963005065918,74.88801574707031,77.6964340209961,127.44965362548828,0.006267278939055553,0.010174685587622098,0.024382222091316155,0.007604932198050753,302.845,3.4,4.83,3,48,3,1.90776,1.95437,44507,2277306,9790068.0
2023-04-23,38.113765716552734,76.77254486083984,81.75067138671875,127.19392395019531,0.00815018510614253,0.008581675497146467,0.025529934193260113,0.005443916569390387,302.845,3.4,4.83,3,47,3,1.90393,1.97315,44802,2270577,9790068.0
2023-04-30,38.36994552612305,74.93634796142578,79.69373321533203,126.46466827392578,0.011480254045775122,0.009492623797774226,0.013110374045967833,0.010535447621058262,302.845,3.4,4.83,3,46,3,1.93608,2.0174,45582,2259439,9790068.0
2023-05-07,37.91451644897461,74.30817413330078,84.8410415649414,126.521484375,0.015640822585451377,0.012980856496636942,0.02630529874550551,0.00690560818221716,303.334,3.6,5.06,3,47,3,1.90846,1.99349,45769,2295923,9790068.0
2023-05-14,37.70577621459961,73.34175109863281,84.89073181152344,125.1955795288086,0.005360016978938826,0.0070841356423674735,0.012690139263659729,0.003413406374839534,303.334,3.6,5.06,3,47,3,1.88236,1.96616,43287,2201602,9790068.0
2023-05-21,37.95248031616211,73.87327575683594,84.83110809326172,124.36212921142578,0.007894626986640507,0.00788949036811322,0.020736056031090515,0.004830504406898461,303.334,3.6,5.06,3,50,3,1.83328,1.91398,41516,2169098,9790068.0
2023-05-28,36.73799133300781,71.9791030883789,83.77779388427734,120.78214263916016,0.007875038429402792,0.006529922220814983,0.020774835559766877,0.0052114782176120025,303.334,3.6,5.06,3,47,3,1.83857,1.93826,41589,2145684,9790068.0
2023-06-04,37.51602554321289,73.5253677368164,85.88441467285156,123.42450714111328,0.01890702475358867,0.011999371890353192,0.013718621151190527,0.008167448720061268,304.014,3.6,5.08,2,44,3,1.57748,1.69283,36939,2182091,9790068.0
2023-06-11,38.03785705566406,73.1484603881836,87.10665130615234,123.51920318603516,0.009829764329727528,0.0034081250566276046,0.008065082609870199,0.006100121835282725,304.014,3.6,5.08,2,45,3,1.48614,1.57462,33880,2151633,9790068.0
2023-06-18,38.30353546142578,74.30817413330078,87.1165771484375,125.21448516845703,0.010529034502684534,0.007859026329925392,0.015613392836596974,0.009280614913594566,304.014,3.6,5.08,2,43,3,1.36472,1.44401,30889,2139112,9790068.0
2023-06-25,37.65687561035156,73.49063110351562,84.58556365966797,125.53026580810547,0.0059960418805427495,0.0055790411075610944,0.0070513703142543295,0.004369339822270516,304.014,3.6,5.08,2,45,3,1.27095,1.32385,28486,2151758,9790068.0
2023-07-02,38.93305587768555,73.24847412109375,82.6776351928711,126.22445678710938,0.009133336264094575,0.009509802901313555,0.015156758108224781,0.006866311539348185,304.609,3.5,5.12,2,44,3,1.22553,1.29091,26648,2064286,9790068.0
2023-07-09,39.09496307373047,71.33058166503906,81.26653289794922,122.6772689819336,0.006219684267554523,0.00383642854328918,0.007794566777113275,0.004710890155468017,304.609,3.5,5.12,2,41,3,1.15793,1.20177,25903,2155400,9790068.0
2023-07-16,38.91400909423828,72.54137420654297,83.88996887207031,125.24493408203125,0.0072305355091399435,0.004787555693964114,0.014404427087729672,0.007179788218058574,304.609,3.5,5.12,2,41,3,1.12685,1.19268,25802,2163359,9790068.0
2023-07-23,40.49494171142578,75.47635650634766,84.43651580810547,129.5624542236328,0.0072073501866355555,0.004625762683883197,0.012127755618912984,0.007710526479230314,304.609,3.5,5.12,2,42,3,1.16805,1.23085,26417,2146245,9790068.0
2023-07-30,40.47590255737305,75.79600524902344,83.2837905883789,128.56390380859375,0.007132446052178429,0.005588259591056705,0.017037492005458767,0.00377295870828429,304.609,3.5,5.12,2,43,3,1.20299,1.26099,26896,2132922,9790068.0
2023-08-06,40.78065490722656,75.74755859375,80.71006774902344,125.91061401367188,0.004646110658240525,0.006164010700717148,0.00857369482886262,0.0030964384740598027,306.082,3.7,5.33,2,44,3,1.27357,1.35931,29313,2156467,9790068.0
2023-08-13,40.74256134033203,77.13272857666016,79.36854553222656,129.02037048339844,0.008542824880787857,0.009387819755277764,0.01647261234040866,0.005262178285047505,306.082,3.7,5.33,2,46,3,1.44821,1.53965,33663,2186399,9790068.0
2023-08-20,39.87590026855469,75.62165069580078,77.0432357788086,126.9852294921875,0.007288180843399001,0.007043710687675607,0.012132027085891516,0.004851320919737258,306.082,3.7,5.33,3,47,3,1.70391,1.8262,40979,2243946,9790068.0
2023-08-27,39.99971389770508,75.36980438232422,78.19595336914062,126.87113189697266,0.006359706914099394,0.004816066828254869,0.01020226625584885,0.006156993190008686,306.082,3.7,5.33,3,47,3,1.93305,1.97735,44411,2245988,9790068.0
2023-09-03,40.90447235107422,75.92193603515625,80.62062072753906,127.02328491210938,0.004526958705709602,0.0057206550665510995,0.010997200516719187,0.007698748320961786,307.276,3.7,5.33,3,47,3,2.00204,2.0246,44734,2209523,9790068.0
2023-09-10,40.40924072265625,74.37208557128906,78.15619659423828,125.5873031616211,0.009593663294987828,0.010803537038078346,0.010197067423209307,0.006465838189921238,307.276,3.7,5.33,4,44,3,1.94047,1.99147,45287,2274050,9790068.0
2023-09-17,41.28541564941406,73.51970672607422,76.6258544921875,125.7109146118164,0.007253893262763569,0.006686761769369894,0.00801595063958322,0.005504249511667944,307.276,3.7,5.33,4,47,3,2.03761,2.13438,48265,2261308,9790068.0
2023-09-24,41.44504165649414,71.14120483398438,72.50191497802734,124.27859497070312,0.007320860006300114,0.010342899510341029,0.008313307314816248,0.003811917139221954,307.276,3.7,5.33,4,48,3,2.08992,2.17945,49269,2260617,9790068.0
2023-10-01,40.66126251220703,70.28653717041016,72.56153869628906,122.93220520019531,0.008051147045200699,0.007374368532155494,0.014000077001867148,0.006784409739606052,307.696,3.9,5.33,5,45,3,2.27908,2.26141,56309,2489991,9790068.0
2023-10-08,40.8141975402832,69.78150177001953,71.77650451660156,124.1448974609375,0.011017064693795084,0.009530313464255313,0.023351944833166126,0.007392970900563044,307.696,3.9,5.33,5,46,3,2.33755,2.31454,57503,2484429,9790068.0
2023-10-15,41.22520446777344,69.23764038085938,69.16303253173828,124.31680297851562,0.0062451517562664306,0.008754924059091543,0.01926425734268278,0.0064603830100046075,307.696,3.9,5.33,5,46,3,2.52242,2.51633,62457,2482069,9790068.0
2023-10-22,40.41273880004883,68.57720184326172,66.49983978271484,122.28286743164062,0.016319835120368924,0.01395480968780036,0.014855669959561094,0.006964897649445091,307.696,3.9,5.33,5,49,3,2.71275,2.68605,67774,2523186,9790068.0
2023-10-29,39.915706634521484,65.92579650878906,63.71742630004883,117.58482360839844,0.014648598558149407,0.011935121333409538,0.024535876717358976,0.007282131154412489,307.696,3.9,5.33,5,47,3,2.94538,2.91431,72208,2477704,9790068.0
2023-11-05,41.569305419921875,68.99482727050781,71.01133728027344,121.66219329833984,0.005089641420606995,0.004376486225370646,0.01403220584182273,0.005200931159672874,308.148,3.7,5.33,6,52,3,3.40957,3.32818,85458,2567706,9790068.0
2023-11-12,41.588409423828125,66.68334197998047,66.52964782714844,120.5736083984375,0.005708514025057598,0.012637410894011424,0.026650397524585433,0.011208201754768901,308.148,3.7,5.33,7,54,3,3.6903,3.5748,90973,2544844,9790068.0
2023-11-19,42.123687744140625,67.94590759277344,72.20381164550781,122.46431732177734,0.006803159568894111,0.008238159497158727,0.026915057375371837,0.0036560756942252276,308.148,3.7,5.33,7,53,3,3.92958,3.79115,85522,2255831,9790068.0
2023-11-26,43.13687515258789,68.5480728149414,73.197509765625,125.21439361572266,0.002489165721097635,0.004445594574132741,0.015936026549655393,0.0006181439349490232,308.148,3.7,5.33,9,55,3,4.03334,3.96202,103664,2616442,9790068.0
2023-12-03,43.24201583862305,69.33476257324219,77.34135437011719,125.8828125,0.011778417686061367,0.008818510725090638,0.015554557857222682,0.0076157590955552345,308.741,3.8,5.33,9,59,3,4.38382,4.35865,114169,2619366,9790068.0
2023-12-10,43.06996536254883,69.95631408691406,78.8219985961914,126.11196899414062,0.006923760129633207,0.004582615405300824,0.013372642716972572,0.0015338675094001277,308.741,3.8,5.33,12,65,3,5.18426,5.21105,136079,2611355,9790068.0
2023-12-17,42.83100128173828,71.65593719482422,85.18180847167969,128.10768127441406,0.012779885232196036,0.012051720033750313,0.020166328511470228,0.010511924455231697,308.741,3.8,5.33,16,79,3,6.23157,6.31482,163310,2586137,9790068.0
2023-12-24,43.127811431884766,73.47779083251953,87.08412170410156,129.5061492919922,0.010707959191822422,0.012329272464925543,0.033884536282621905,0.01010768012544184,308.741,3.8,5.33,17,77,3,6.7962,6.90944,166197,2405363,9790068.0
2023-12-31,43.435176849365234,74.10098266601562,88.74388122558594,130.81060791015625,0.0015248905115391497,0.003687855132484553,0.01710453076420669,0.0013109001810797023,308.741,3.8,5.33,14,62,3,5.71536,5.76408,143950,2497365,9790068.0
