,year,_113_cause_name,cause_name,state,deaths,aadr
0,2012,"Nephritis, nephrotic syndrome and nephrosis (N00-N07,N17-N19,N25-N27)",Kidney disease,Vermont,21,2.6
1,2017,"Nephritis, nephrotic syndrome and nephrosis (N00-N07,N17-N19,N25-N27)",Kidney disease,Vermont,29,3.3
2,2016,"Nephritis, nephrotic syndrome and nephrosis (N00-N07,N17-N19,N25-N27)",Kidney disease,Vermont,30,3.7
3,2013,"Nephritis, nephrotic syndrome and nephrosis (N00-N07,N17-N19,N25-N27)",Kidney disease,Vermont,30,3.8
4,2000,"Intentional self-harm (suicide) (*U03,X60-X84,Y87.0)",Suicide,District of Columbia,23,3.8
5,2014,"Nephritis, nephrotic syndrome and nephrosis (N00-N07,N17-N19,N25-N27)",Kidney disease,Arizona,325,4.1
6,2009,"Intentional self-harm (suicide) (*U03,X60-X84,Y87.0)",Suicide,District of Columbia,29,4.4
7,2015,"Nephritis, nephrotic syndrome and nephrosis (N00-N07,N17-N19,N25-N27)",Kidney disease,Vermont,39,4.5
8,2014,"Nephritis, nephrotic syndrome and nephrosis (N00-N07,N17-N19,N25-N27)",Kidney disease,Vermont,37,4.5
9,2011,"Nephritis, nephrotic syndrome and nephrosis (N00-N07,N17-N19,N25-N27)",Kidney disease,South Dakota,49,4.5
10,2015,"Intentional self-harm (suicide) (*U03,X60-X84,Y87.0)",Suicide,District of Columbia,34,4.9
11,2013,"Nephritis, nephrotic syndrome and nephrosis (N00-N07,N17-N19,N25-N27)",Kidney disease,Arizona,374,4.9
12,2001,"Nephritis, nephrotic syndrome and nephrosis (N00-N07,N17-N19,N25-N27)",Kidney disease,Washington,279,5.0
13,1999,"Intentional self-harm (suicide) (*U03,X60-X84,Y87.0)",Suicide,District of Columbia,30,5.1
14,2016,"Intentional self-harm (suicide) (*U03,X60-X84,Y87.0)",Suicide,District of Columbia,40,5.2
15,2006,"Intentional self-harm (suicide) (*U03,X60-X84,Y87.0)",Suicide,District of Columbia,30,5.2
16,2002,"Intentional self-harm (suicide) (*U03,X60-X84,Y87.0)",Suicide,District of Columbia,31,5.2
17,1999,"Nephritis, nephrotic syndrome and nephrosis (N00-N07,N17-N19,N25-N27)",Kidney disease,Washington,278,5.2
18,2017,"Nephritis, nephrotic syndrome and nephrosis (N00-N07,N17-N19,N25-N27)",Kidney disease,Washington,439,5.3
19,2003,"Nephritis, nephrotic syndrome and nephrosis (N00-N07,N17-N19,N25-N27)",Kidney disease,Washington,304,5.3
20,2011,"Nephritis, nephrotic syndrome and nephrosis (N00-N07,N17-N19,N25-N27)",Kidney disease,Vermont,43,5.4
21,2008,"Nephritis, nephrotic syndrome and nephrosis (N00-N07,N17-N19,N25-N27)",Kidney disease,Vermont,39,5.4
22,2005,"Intentional self-harm (suicide) (*U03,X60-X84,Y87.0)",Suicide,District of Columbia,33,5.4
23,2002,"Nephritis, nephrotic syndrome and nephrosis (N00-N07,N17-N19,N25-N27)",Kidney disease,Washington,306,5.4
24,2000,"Nephritis, nephrotic syndrome and nephrosis (N00-N07,N17-N19,N25-N27)",Kidney disease,Washington,293,5.4
25,2015,"Nephritis, nephrotic syndrome and nephrosis (N00-N07,N17-N19,N25-N27)",Kidney disease,Arizona,458,5.5
26,2004,"Intentional self-harm (suicide) (*U03,X60-X84,Y87.0)",Suicide,District of Columbia,33,5.5
27,2012,"Nephritis, nephrotic syndrome and nephrosis (N00-N07,N17-N19,N25-N27)",Kidney disease,South Dakota,58,5.6
28,2011,"Intentional self-harm (suicide) (*U03,X60-X84,Y87.0)",Suicide,District of Columbia,37,5.6
29,2011,"Nephritis, nephrotic syndrome and nephrosis (N00-N07,N17-N19,N25-N27)",Kidney disease,Arizona,395,5.6
30,2016,"Nephritis, nephrotic syndrome and nephrosis (N00-N07,N17-N19,N25-N27)",Kidney disease,Arizona,487,5.7
31,2013,"Intentional self-harm (suicide) (*U03,X60-X84,Y87.0)",Suicide,District of Columbia,38,5.7
32,2012,"Intentional self-harm (suicide) (*U03,X60-X84,Y87.0)",Suicide,District of Columbia,37,5.7
33,2012,"Nephritis, nephrotic syndrome and nephrosis (N00-N07,N17-N19,N25-N27)",Kidney disease,Arizona,414,5.7
34,2006,"Nephritis, nephrotic syndrome and nephrosis (N00-N07,N17-N19,N25-N27)",Kidney disease,Iowa,225,5.8
35,2005,"Nephritis, nephrotic syndrome and nephrosis (N00-N07,N17-N19,N25-N27)",Kidney disease,South Dakota,55,5.8
36,2015,"Nephritis, nephrotic syndrome and nephrosis (N00-N07,N17-N19,N25-N27)",Kidney disease,Washington,474,5.9
37,2013,"Nephritis, nephrotic syndrome and nephrosis (N00-N07,N17-N19,N25-N27)",Kidney disease,South Dakota,64,5.9
38,2004,"Nephritis, nephrotic syndrome and nephrosis (N00-N07,N17-N19,N25-N27)",Kidney disease,Washington,348,5.9
39,2003,"Intentional self-harm (suicide) (*U03,X60-X84,Y87.0)",Suicide,New York,1169,5.9
40,2000,"Intentional self-harm (suicide) (*U03,X60-X84,Y87.0)",Suicide,New York,1132,5.9
41,2007,"Intentional self-harm (suicide) (*U03,X60-X84,Y87.0)",Suicide,District of Columbia,36,6.0
42,2005,"Intentional self-harm (suicide) (*U03,X60-X84,Y87.0)",Suicide,New York,1189,6.0
43,2004,"Intentional self-harm (suicide) (*U03,X60-X84,Y87.0)",Suicide,New York,1187,6.0
44,2001,"Nephritis, nephrotic syndrome and nephrosis (N00-N07,N17-N19,N25-N27)",Kidney disease,Iowa,220,6.0
45,2000,"Intentional self-harm (suicide) (*U03,X60-X84,Y87.0)",Suicide,Massachusetts,387,6.0
46,2013,"Nephritis, nephrotic syndrome and nephrosis (N00-N07,N17-N19,N25-N27)",Kidney disease,Washington,461,6.1
47,2005,"Intentional self-harm (suicide) (*U03,X60-X84,Y87.0)",Suicide,New Jersey,536,6.1
48,2003,"Intentional self-harm (suicide) (*U03,X60-X84,Y87.0)",Suicide,District of Columbia,36,6.1
49,2017,"Nephritis, nephrotic syndrome and nephrosis (N00-N07,N17-N19,N25-N27)",Kidney disease,Arizona,540,6.2
50,2014,"Nephritis, nephrotic syndrome and nephrosis (N00-N07,N17-N19,N25-N27)",Kidney disease,Washington,481,6.2
51,2009,"Intentional self-harm (suicide) (*U03,X60-X84,Y87.0)",Suicide,New Jersey,557,6.2
52,2001,"Nephritis, nephrotic syndrome and nephrosis (N00-N07,N17-N19,N25-N27)",Kidney disease,North Dakota,50,6.2
53,2000,"Nephritis, nephrotic syndrome and nephrosis (N00-N07,N17-N19,N25-N27)",Kidney disease,California,1785,6.2
54,2007,"Nephritis, nephrotic syndrome and nephrosis (N00-N07,N17-N19,N25-N27)",Kidney disease,North Dakota,56,6.3
55,2005,"Intentional self-harm (suicide) (*U03,X60-X84,Y87.0)",Suicide,Rhode Island,71,6.3
56,2002,"Intentional self-harm (suicide) (*U03,X60-X84,Y87.0)",Suicide,New Jersey,553,6.3
57,2002,"Intentional self-harm (suicide) (*U03,X60-X84,Y87.0)",Suicide,New York,1228,6.3
58,1999,"Intentional self-harm (suicide) (*U03,X60-X84,Y87.0)",Suicide,New York,1196,6.3
59,2006,"Nephritis, nephrotic syndrome and nephrosis (N00-N07,N17-N19,N25-N27)",Kidney disease,South Dakota,62,6.4
60,2005,"Nephritis, nephrotic syndrome and nephrosis (N00-N07,N17-N19,N25-N27)",Kidney disease,Iowa,250,6.4
61,2004,"Intentional self-harm (suicide) (*U03,X60-X84,Y87.0)",Suicide,Massachusetts,425,6.4
62,2004,"Nephritis, nephrotic syndrome and nephrosis (N00-N07,N17-N19,N25-N27)",Kidney disease,North Dakota,55,6.4
63,1999,"Nephritis, nephrotic syndrome and nephrosis (N00-N07,N17-N19,N25-N27)",Kidney disease,Iowa,226,6.4
64,2014,"Nephritis, nephrotic syndrome and nephrosis (N00-N07,N17-N19,N25-N27)",Kidney disease,South Dakota,72,6.5
65,2006,"Intentional self-harm (suicide) (*U03,X60-X84,Y87.0)",Suicide,New Jersey,585,6.5
66,2003,"Intentional self-harm (suicide) (*U03,X60-X84,Y87.0)",Suicide,Massachusetts,433,6.5
67,2003,"Nephritis, nephrotic syndrome and nephrosis (N00-N07,N17-N19,N25-N27)",Kidney disease,Iowa,241,6.5
68,2001,"Intentional self-harm (suicide) (*U03,X60-X84,Y87.0)",Suicide,District of Columbia,40,6.5
69,2001,"Intentional self-harm (suicide) (*U03,X60-X84,Y87.0)",Suicide,Massachusetts,426,6.5
70,2001,"Intentional self-harm (suicide) (*U03,X60-X84,Y87.0)",Suicide,New York,1253,6.5
71,2017,"Intentional self-harm (suicide) (*U03,X60-X84,Y87.0)",Suicide,District of Columbia,47,6.6
72,2016,"Nephritis, nephrotic syndrome and nephrosis (N00-N07,N17-N19,N25-N27)",Kidney disease,Washington,532,6.6
73,2012,"Nephritis, nephrotic syndrome and nephrosis (N00-N07,N17-N19,N25-N27)",Kidney disease,Washington,482,6.6
74,2006,"Nephritis, nephrotic syndrome and nephrosis (N00-N07,N17-N19,N25-N27)",Kidney disease,North Dakota,59,6.6
75,2003,"Nephritis, nephrotic syndrome and nephrosis (N00-N07,N17-N19,N25-N27)",Kidney disease,North Dakota,56,6.6
76,2002,"Intentional self-harm (suicide) (*U03,X60-X84,Y87.0)",Suicide,Massachusetts,436,6.6
77,2000,"Intentional self-harm (suicide) (*U03,X60-X84,Y87.0)",Suicide,New Jersey,560,6.6
78,1999,"Intentional self-harm (suicide) (*U03,X60-X84,Y87.0)",Suicide,New Jersey,563,6.6
79,2010,"Nephritis, nephrotic syndrome and nephrosis (N00-N07,N17-N19,N25-N27)",Kidney disease,Vermont,50,6.7
80,2007,"Intentional self-harm (suicide) (*U03,X60-X84,Y87.0)",Suicide,New Jersey,596,6.7
81,2006,"Intentional self-harm (suicide) (*U03,X60-X84,Y87.0)",Suicide,Massachusetts,450,6.7
82,2006,"Intentional self-harm (suicide) (*U03,X60-X84,Y87.0)",Suicide,New York,1326,6.7
83,2006,"Nephritis, nephrotic syndrome and nephrosis (N00-N07,N17-N19,N25-N27)",Kidney disease,Washington,423,6.7
84,2003,"Intentional self-harm (suicide) (*U03,X60-X84,Y87.0)",Suicide,New Jersey,588,6.7
85,1999,"Intentional self-harm (suicide) (*U03,X60-X84,Y87.0)",Suicide,Massachusetts,431,6.7
86,2017,"Nephritis, nephrotic syndrome and nephrosis (N00-N07,N17-N19,N25-N27)",Kidney disease,South Dakota,75,6.8
87,2011,"Nephritis, nephrotic syndrome and nephrosis (N00-N07,N17-N19,N25-N27)",Kidney disease,Oregon,316,6.8
88,2011,"Nephritis, nephrotic syndrome and nephrosis (N00-N07,N17-N19,N25-N27)",Kidney disease,Washington,492,6.8
89,2009,"Nephritis, nephrotic syndrome and nephrosis (N00-N07,N17-N19,N25-N27)",Kidney disease,Vermont,49,6.8
90,2008,"Intentional self-harm (suicide) (*U03,X60-X84,Y87.0)",Suicide,New Jersey,615,6.8
91,2007,"Nephritis, nephrotic syndrome and nephrosis (N00-N07,N17-N19,N25-N27)",Kidney disease,Washington,440,6.8
92,2004,"Intentional self-harm (suicide) (*U03,X60-X84,Y87.0)",Suicide,New Jersey,597,6.8
93,2002,"Nephritis, nephrotic syndrome and nephrosis (N00-N07,N17-N19,N25-N27)",Kidney disease,Alaska,21,6.8
94,2001,"Intentional self-harm (suicide) (*U03,X60-X84,Y87.0)",Suicide,New Jersey,588,6.8
95,2001,"Nephritis, nephrotic syndrome and nephrosis (N00-N07,N17-N19,N25-N27)",Kidney disease,California,1994,6.8
96,1999,"Nephritis, nephrotic syndrome and nephrosis (N00-N07,N17-N19,N25-N27)",Kidney disease,Wyoming,30,6.8
97,2013,"Nephritis, nephrotic syndrome and nephrosis (N00-N07,N17-N19,N25-N27)",Kidney disease,Oregon,327,6.9
98,2012,"Nephritis, nephrotic syndrome and nephrosis (N00-N07,N17-N19,N25-N27)",Kidney disease,Oregon,320,6.9
99,2010,"Intentional self-harm (suicide) (*U03,X60-X84,Y87.0)",Suicide,District of Columbia,41,6.9
100,2007,"Nephritis, nephrotic syndrome and nephrosis (N00-N07,N17-N19,N25-N27)",Kidney disease,Iowa,272,6.9
101,2002,"Nephritis, nephrotic syndrome and nephrosis (N00-N07,N17-N19,N25-N27)",Kidney disease,North Dakota,57,6.9
102,2016,Influenza and pneumonia (J09-J18),Influenza and pneumonia,Vermont,59,7.0
103,2011,"Nephritis, nephrotic syndrome and nephrosis (N00-N07,N17-N19,N25-N27)",Kidney disease,California,2599,7.0
104,2009,Influenza and pneumonia (J09-J18),Influenza and pneumonia,Vermont,52,7.0
105,2009,"Intentional self-harm (suicide) (*U03,X60-X84,Y87.0)",Suicide,New York,1417,7.0
106,2002,"Nephritis, nephrotic syndrome and nephrosis (N00-N07,N17-N19,N25-N27)",Kidney disease,Idaho,86,7.0
107,1999,Alzheimer's disease (G30),Alzheimer's disease,New York,1357,7.0
108,2008,"Intentional self-harm (suicide) (*U03,X60-X84,Y87.0)",Suicide,New York,1409,7.1
109,2008,"Nephritis, nephrotic syndrome and nephrosis (N00-N07,N17-N19,N25-N27)",Kidney disease,Washington,471,7.1
110,2007,"Intentional self-harm (suicide) (*U03,X60-X84,Y87.0)",Suicide,New York,1396,7.1
111,2004,"Nephritis, nephrotic syndrome and nephrosis (N00-N07,N17-N19,N25-N27)",Kidney disease,Alaska,23,7.1
112,2002,"Nephritis, nephrotic syndrome and nephrosis (N00-N07,N17-N19,N25-N27)",Kidney disease,Iowa,261,7.1
113,2000,"Intentional self-harm (suicide) (*U03,X60-X84,Y87.0)",Suicide,Rhode Island,75,7.1
114,2016,"Intentional self-harm (suicide) (*U03,X60-X84,Y87.0)",Suicide,New Jersey,687,7.2
115,2013,"Nephritis, nephrotic syndrome and nephrosis (N00-N07,N17-N19,N25-N27)",Kidney disease,California,2840,7.2
116,2012,"Nephritis, nephrotic syndrome and nephrosis (N00-N07,N17-N19,N25-N27)",Kidney disease,California,2728,7.2
117,2012,"Nephritis, nephrotic syndrome and nephrosis (N00-N07,N17-N19,N25-N27)",Kidney disease,District of Columbia,44,7.2
118,2005,"Intentional self-harm (suicide) (*U03,X60-X84,Y87.0)",Suicide,Massachusetts,480,7.2
119,2004,"Nephritis, nephrotic syndrome and nephrosis (N00-N07,N17-N19,N25-N27)",Kidney disease,Iowa,266,7.2
120,2002,"Nephritis, nephrotic syndrome and nephrosis (N00-N07,N17-N19,N25-N27)",Kidney disease,California,2164,7.2
121,2002,"Nephritis, nephrotic syndrome and nephrosis (N00-N07,N17-N19,N25-N27)",Kidney disease,Oregon,266,7.2
122,2001,"Nephritis, nephrotic syndrome and nephrosis (N00-N07,N17-N19,N25-N27)",Kidney disease,Alaska,24,7.2
123,2017,"Nephritis, nephrotic syndrome and nephrosis (N00-N07,N17-N19,N25-N27)",Kidney disease,Oregon,377,7.3
124,2010,"Nephritis, nephrotic syndrome and nephrosis (N00-N07,N17-N19,N25-N27)",Kidney disease,South Dakota,74,7.3
125,2008,"Intentional self-harm (suicide) (*U03,X60-X84,Y87.0)",Suicide,District of Columbia,43,7.3
126,2007,"Intentional self-harm (suicide) (*U03,X60-X84,Y87.0)",Suicide,Connecticut,271,7.3
127,2002,"Intentional self-harm (suicide) (*U03,X60-X84,Y87.0)",Suicide,Connecticut,260,7.3
128,1999,"Nephritis, nephrotic syndrome and nephrosis (N00-N07,N17-N19,N25-N27)",Kidney disease,Oregon,260,7.3
129,2015,"Nephritis, nephrotic syndrome and nephrosis (N00-N07,N17-N19,N25-N27)",Kidney disease,South Dakota,79,7.4
130,2012,"Intentional self-harm (suicide) (*U03,X60-X84,Y87.0)",Suicide,New Jersey,683,7.4
131,2006,"Nephritis, nephrotic syndrome and nephrosis (N00-N07,N17-N19,N25-N27)",Kidney disease,Vermont,52,7.4
132,2005,"Nephritis, nephrotic syndrome and nephrosis (N00-N07,N17-N19,N25-N27)",Kidney disease,Oregon,295,7.4
133,2011,"Intentional self-harm (suicide) (*U03,X60-X84,Y87.0)",Suicide,New Jersey,689,7.5
134,2009,"Nephritis, nephrotic syndrome and nephrosis (N00-N07,N17-N19,N25-N27)",Kidney disease,Washington,509,7.5
135,2008,"Intentional self-harm (suicide) (*U03,X60-X84,Y87.0)",Suicide,Massachusetts,509,7.5
136,2005,"Nephritis, nephrotic syndrome and nephrosis (N00-N07,N17-N19,N25-N27)",Kidney disease,Washington,450,7.5
137,2003,"Intentional self-harm (suicide) (*U03,X60-X84,Y87.0)",Suicide,Connecticut,272,7.5
138,2016,"Nephritis, nephrotic syndrome and nephrosis (N00-N07,N17-N19,N25-N27)",Kidney disease,South Dakota,90,7.6
139,2014,"Nephritis, nephrotic syndrome and nephrosis (N00-N07,N17-N19,N25-N27)",Kidney disease,Iowa,313,7.6
140,2009,"Nephritis, nephrotic syndrome and nephrosis (N00-N07,N17-N19,N25-N27)",Kidney disease,Iowa,302,7.6
141,2007,"Nephritis, nephrotic syndrome and nephrosis (N00-N07,N17-N19,N25-N27)",Kidney disease,Vermont,54,7.6
142,2004,"Intentional self-harm (suicide) (*U03,X60-X84,Y87.0)",Suicide,Rhode Island,85,7.6
143,2004,"Nephritis, nephrotic syndrome and nephrosis (N00-N07,N17-N19,N25-N27)",Kidney disease,California,2373,7.6
144,2003,"Nephritis, nephrotic syndrome and nephrosis (N00-N07,N17-N19,N25-N27)",Kidney disease,California,2334,7.6
145,2017,"Nephritis, nephrotic syndrome and nephrosis (N00-N07,N17-N19,N25-N27)",Kidney disease,Minnesota,537,7.7
146,2016,"Nephritis, nephrotic syndrome and nephrosis (N00-N07,N17-N19,N25-N27)",Kidney disease,Oregon,398,7.7
147,2014,"Nephritis, nephrotic syndrome and nephrosis (N00-N07,N17-N19,N25-N27)",Kidney disease,California,3119,7.7
148,2014,"Nephritis, nephrotic syndrome and nephrosis (N00-N07,N17-N19,N25-N27)",Kidney disease,Oregon,378,7.7
149,2010,"Intentional self-harm (suicide) (*U03,X60-X84,Y87.0)",Suicide,New Jersey,719,7.7
150,2010,"Intentional self-harm (suicide) (*U03,X60-X84,Y87.0)",Suicide,New York,1547,7.7
151,2007,"Intentional self-harm (suicide) (*U03,X60-X84,Y87.0)",Suicide,Massachusetts,516,7.7
152,2007,"Nephritis, nephrotic syndrome and nephrosis (N00-N07,N17-N19,N25-N27)",Kidney disease,South Dakota,77,7.7
153,2005,"Nephritis, nephrotic syndrome and nephrosis (N00-N07,N17-N19,N25-N27)",Kidney disease,California,2482,7.7
154,2005,"Nephritis, nephrotic syndrome and nephrosis (N00-N07,N17-N19,N25-N27)",Kidney disease,Vermont,52,7.7
155,2003,"Intentional self-harm (suicide) (*U03,X60-X84,Y87.0)",Suicide,Rhode Island,84,7.7
156,2003,"Nephritis, nephrotic syndrome and nephrosis (N00-N07,N17-N19,N25-N27)",Kidney disease,Idaho,97,7.7
157,2016,Influenza and pneumonia (J09-J18),Influenza and pneumonia,Minnesota,529,7.8
158,2015,"Intentional self-harm (suicide) (*U03,X60-X84,Y87.0)",Suicide,New York,1652,7.8
159,2014,"Intentional self-harm (suicide) (*U03,X60-X84,Y87.0)",Suicide,District of Columbia,52,7.8
160,2011,"Nephritis, nephrotic syndrome and nephrosis (N00-N07,N17-N19,N25-N27)",Kidney disease,Iowa,316,7.8
161,2009,"Intentional self-harm (suicide) (*U03,X60-X84,Y87.0)",Suicide,Massachusetts,530,7.8
162,2008,"Nephritis, nephrotic syndrome and nephrosis (N00-N07,N17-N19,N25-N27)",Kidney disease,Arizona,503,7.8
163,2008,"Nephritis, nephrotic syndrome and nephrosis (N00-N07,N17-N19,N25-N27)",Kidney disease,Iowa,304,7.8
164,2000,Alzheimer's disease (G30),Alzheimer's disease,New York,1539,7.8
165,2012,"Nephritis, nephrotic syndrome and nephrosis (N00-N07,N17-N19,N25-N27)",Kidney disease,Iowa,322,7.9
166,2010,"Nephritis, nephrotic syndrome and nephrosis (N00-N07,N17-N19,N25-N27)",Kidney disease,Arizona,537,7.9
167,2006,"Intentional self-harm (suicide) (*U03,X60-X84,Y87.0)",Suicide,Illinois,1010,7.9
168,2005,"Nephritis, nephrotic syndrome and nephrosis (N00-N07,N17-N19,N25-N27)",Kidney disease,North Dakota,67,7.9
169,2002,"Intentional self-harm (suicide) (*U03,X60-X84,Y87.0)",Suicide,Rhode Island,86,7.9
170,1999,"Intentional self-harm (suicide) (*U03,X60-X84,Y87.0)",Suicide,Connecticut,274,7.9
171,2015,"Nephritis, nephrotic syndrome and nephrosis (N00-N07,N17-N19,N25-N27)",Kidney disease,Iowa,336,8.0
172,2014,"Nephritis, nephrotic syndrome and nephrosis (N00-N07,N17-N19,N25-N27)",Kidney disease,District of Columbia,49,8.0
173,2014,"Nephritis, nephrotic syndrome and nephrosis (N00-N07,N17-N19,N25-N27)",Kidney disease,Idaho,137,8.0
174,2013,"Intentional self-harm (suicide) (*U03,X60-X84,Y87.0)",Suicide,New Jersey,757,8.0
175,2012,"Nephritis, nephrotic syndrome and nephrosis (N00-N07,N17-N19,N25-N27)",Kidney disease,Montana,100,8.0
176,2010,Influenza and pneumonia (J09-J18),Influenza and pneumonia,Vermont,60,8.0
177,2010,"Nephritis, nephrotic syndrome and nephrosis (N00-N07,N17-N19,N25-N27)",Kidney disease,Washington,552,8.0
178,2006,"Intentional self-harm (suicide) (*U03,X60-X84,Y87.0)",Suicide,Connecticut,292,8.0
179,2004,"Nephritis, nephrotic syndrome and nephrosis (N00-N07,N17-N19,N25-N27)",Kidney disease,Oregon,308,8.0
180,2003,"Intentional self-harm (suicide) (*U03,X60-X84,Y87.0)",Suicide,Illinois,1011,8.0
181,2001,"Nephritis, nephrotic syndrome and nephrosis (N00-N07,N17-N19,N25-N27)",Kidney disease,Idaho,95,8.0
182,2000,"Nephritis, nephrotic syndrome and nephrosis (N00-N07,N17-N19,N25-N27)",Kidney disease,North Dakota,67,8.0
183,1999,"Nephritis, nephrotic syndrome and nephrosis (N00-N07,N17-N19,N25-N27)",Kidney disease,California,2261,8.0
184,1999,"Nephritis, nephrotic syndrome and nephrosis (N00-N07,N17-N19,N25-N27)",Kidney disease,New Hampshire,93,8.0
185,2017,"Intentional self-harm (suicide) (*U03,X60-X84,Y87.0)",Suicide,New York,1696,8.1
186,2016,"Intentional self-harm (suicide) (*U03,X60-X84,Y87.0)",Suicide,New York,1679,8.1
187,2014,"Intentional self-harm (suicide) (*U03,X60-X84,Y87.0)",Suicide,New York,1700,8.1
188,2013,"Intentional self-harm (suicide) (*U03,X60-X84,Y87.0)",Suicide,New York,1687,8.1
189,2012,Influenza and pneumonia (J09-J18),Influenza and pneumonia,Oregon,382,8.1
190,2010,"Nephritis, nephrotic syndrome and nephrosis (N00-N07,N17-N19,N25-N27)",Kidney disease,Iowa,323,8.1
191,2005,"Intentional self-harm (suicide) (*U03,X60-X84,Y87.0)",Suicide,Connecticut,295,8.1
192,2004,"Intentional self-harm (suicide) (*U03,X60-X84,Y87.0)",Suicide,Illinois,1028,8.1
193,2003,"Nephritis, nephrotic syndrome and nephrosis (N00-N07,N17-N19,N25-N27)",Kidney disease,Oregon,306,8.1
194,2003,"Nephritis, nephrotic syndrome and nephrosis (N00-N07,N17-N19,N25-N27)",Kidney disease,Vermont,53,8.1
195,2001,"Intentional self-harm (suicide) (*U03,X60-X84,Y87.0)",Suicide,Connecticut,283,8.1
196,2001,"Intentional self-harm (suicide) (*U03,X60-X84,Y87.0)",Suicide,Rhode Island,88,8.1
197,2000,"Intentional self-harm (suicide) (*U03,X60-X84,Y87.0)",Suicide,Illinois,1003,8.1
198,2015,"Nephritis, nephrotic syndrome and nephrosis (N00-N07,N17-N19,N25-N27)",Kidney disease,Oregon,409,8.2
199,2014,"Intentional self-harm (suicide) (*U03,X60-X84,Y87.0)",Suicide,Massachusetts,596,8.2
200,2013,"Intentional self-harm (suicide) (*U03,X60-X84,Y87.0)",Suicide,Massachusetts,572,8.2
201,2011,"Intentional self-harm (suicide) (*U03,X60-X84,Y87.0)",Suicide,New York,1658,8.2
202,2006,"Intentional self-harm (suicide) (*U03,X60-X84,Y87.0)",Suicide,Rhode Island,90,8.2
203,2006,"Nephritis, nephrotic syndrome and nephrosis (N00-N07,N17-N19,N25-N27)",Kidney disease,California,2676,8.2
204,2005,"Intentional self-harm (suicide) (*U03,X60-X84,Y87.0)",Suicide,Hawaii,107,8.2
205,2005,"Nephritis, nephrotic syndrome and nephrosis (N00-N07,N17-N19,N25-N27)",Kidney disease,Idaho,110,8.2
206,2004,"Intentional self-harm (suicide) (*U03,X60-X84,Y87.0)",Suicide,Connecticut,294,8.2
207,2000,"Nephritis, nephrotic syndrome and nephrosis (N00-N07,N17-N19,N25-N27)",Kidney disease,Idaho,96,8.2
208,2000,"Nephritis, nephrotic syndrome and nephrosis (N00-N07,N17-N19,N25-N27)",Kidney disease,Oregon,295,8.2
209,2017,"Intentional self-harm (suicide) (*U03,X60-X84,Y87.0)",Suicide,New Jersey,795,8.3
210,2016,"Nephritis, nephrotic syndrome and nephrosis (N00-N07,N17-N19,N25-N27)",Kidney disease,Iowa,352,8.3
211,2015,"Intentional self-harm (suicide) (*U03,X60-X84,Y87.0)",Suicide,New Jersey,789,8.3
212,2014,"Intentional self-harm (suicide) (*U03,X60-X84,Y87.0)",Suicide,New Jersey,786,8.3
213,2012,"Intentional self-harm (suicide) (*U03,X60-X84,Y87.0)",Suicide,New York,1708,8.3
214,2010,Influenza and pneumonia (J09-J18),Influenza and pneumonia,Washington,578,8.3
215,2010,"Intentional self-harm (suicide) (*U03,X60-X84,Y87.0)",Suicide,Maryland,502,8.3
216,2009,"Nephritis, nephrotic syndrome and nephrosis (N00-N07,N17-N19,N25-N27)",Kidney disease,Arizona,546,8.3
217,2008,"Nephritis, nephrotic syndrome and nephrosis (N00-N07,N17-N19,N25-N27)",Kidney disease,California,2854,8.3
218,2002,"Nephritis, nephrotic syndrome and nephrosis (N00-N07,N17-N19,N25-N27)",Kidney disease,Vermont,53,8.3
219,1999,"Intentional self-harm (suicide) (*U03,X60-X84,Y87.0)",Suicide,Illinois,1020,8.3
220,1999,"Intentional self-harm (suicide) (*U03,X60-X84,Y87.0)",Suicide,Maryland,435,8.3
221,2015,Influenza and pneumonia (J09-J18),Influenza and pneumonia,Alaska,41,8.4
222,2011,Influenza and pneumonia (J09-J18),Influenza and pneumonia,Vermont,68,8.4
223,2011,"Intentional self-harm (suicide) (*U03,X60-X84,Y87.0)",Suicide,Massachusetts,585,8.4
224,2005,"Intentional self-harm (suicide) (*U03,X60-X84,Y87.0)",Suicide,Maryland,472,8.4
225,2003,"Nephritis, nephrotic syndrome and nephrosis (N00-N07,N17-N19,N25-N27)",Kidney disease,Alaska,28,8.4
226,2001,"Intentional self-harm (suicide) (*U03,X60-X84,Y87.0)",Suicide,Maryland,454,8.4
227,2015,"Nephritis, nephrotic syndrome and nephrosis (N00-N07,N17-N19,N25-N27)",Kidney disease,Colorado,458,8.5
228,2014,"Nephritis, nephrotic syndrome and nephrosis (N00-N07,N17-N19,N25-N27)",Kidney disease,Colorado,448,8.5
229,2012,Influenza and pneumonia (J09-J18),Influenza and pneumonia,Florida,2338,8.5
230,2009,"Intentional self-harm (suicide) (*U03,X60-X84,Y87.0)",Suicide,Connecticut,316,8.5
231,2008,"Intentional self-harm (suicide) (*U03,X60-X84,Y87.0)",Suicide,Connecticut,315,8.5
232,2007,"Nephritis, nephrotic syndrome and nephrosis (N00-N07,N17-N19,N25-N27)",Kidney disease,Arizona,528,8.5
233,2007,"Nephritis, nephrotic syndrome and nephrosis (N00-N07,N17-N19,N25-N27)",Kidney disease,California,2835,8.5
234,2004,"Nephritis, nephrotic syndrome and nephrosis (N00-N07,N17-N19,N25-N27)",Kidney disease,Idaho,109,8.5
235,2004,"Nephritis, nephrotic syndrome and nephrosis (N00-N07,N17-N19,N25-N27)",Kidney disease,Vermont,57,8.5
236,2001,Alzheimer's disease (G30),Alzheimer's disease,New York,1705,8.5
237,2001,"Intentional self-harm (suicide) (*U03,X60-X84,Y87.0)",Suicide,California,2831,8.5
238,2016,"Nephritis, nephrotic syndrome and nephrosis (N00-N07,N17-N19,N25-N27)",Kidney disease,California,3640,8.6
239,2015,"Nephritis, nephrotic syndrome and nephrosis (N00-N07,N17-N19,N25-N27)",Kidney disease,California,3557,8.6
240,2009,"Nephritis, nephrotic syndrome and nephrosis (N00-N07,N17-N19,N25-N27)",Kidney disease,California,3033,8.6
241,2007,"Intentional self-harm (suicide) (*U03,X60-X84,Y87.0)",Suicide,Illinois,1108,8.6
242,2006,"Intentional self-harm (suicide) (*U03,X60-X84,Y87.0)",Suicide,Maryland,495,8.6
243,2005,"Intentional self-harm (suicide) (*U03,X60-X84,Y87.0)",Suicide,Illinois,1086,8.6
244,2000,"Nephritis, nephrotic syndrome and nephrosis (N00-N07,N17-N19,N25-N27)",Kidney disease,Iowa,313,8.6
245,1999,"Nephritis, nephrotic syndrome and nephrosis (N00-N07,N17-N19,N25-N27)",Kidney disease,Idaho,99,8.6
246,2015,"Nephritis, nephrotic syndrome and nephrosis (N00-N07,N17-N19,N25-N27)",Kidney disease,Idaho,154,8.7
247,2013,"Intentional self-harm (suicide) (*U03,X60-X84,Y87.0)",Suicide,Connecticut,330,8.7
248,2012,"Intentional self-harm (suicide) (*U03,X60-X84,Y87.0)",Suicide,Massachusetts,604,8.7
249,2011,Influenza and pneumonia (J09-J18),Influenza and pneumonia,Oregon,401,8.7
250,2010,"Nephritis, nephrotic syndrome and nephrosis (N00-N07,N17-N19,N25-N27)",Kidney disease,California,3112,8.7
251,2008,"Intentional self-harm (suicide) (*U03,X60-X84,Y87.0)",Suicide,Maryland,507,8.7
252,2017,"Nephritis, nephrotic syndrome and nephrosis (N00-N07,N17-N19,N25-N27)",Kidney disease,Iowa,367,8.8
253,2016,"Intentional self-harm (suicide) (*U03,X60-X84,Y87.0)",Suicide,Massachusetts,631,8.8
254,2016,"Nephritis, nephrotic syndrome and nephrosis (N00-N07,N17-N19,N25-N27)",Kidney disease,Minnesota,588,8.8
255,2016,"Nephritis, nephrotic syndrome and nephrosis (N00-N07,N17-N19,N25-N27)",Kidney disease,Nevada,274,8.8
256,2015,"Intentional self-harm (suicide) (*U03,X60-X84,Y87.0)",Suicide,Maryland,553,8.8
257,2013,"Nephritis, nephrotic syndrome and nephrosis (N00-N07,N17-N19,N25-N27)",Kidney disease,District of Columbia,54,8.8
258,2013,"Nephritis, nephrotic syndrome and nephrosis (N00-N07,N17-N19,N25-N27)",Kidney disease,Idaho,148,8.8
259,2013,"Nephritis, nephrotic syndrome and nephrosis (N00-N07,N17-N19,N25-N27)",Kidney disease,Iowa,369,8.8
260,2012,"Nephritis, nephrotic syndrome and nephrosis (N00-N07,N17-N19,N25-N27)",Kidney disease,Idaho,148,8.8
261,2011,"Nephritis, nephrotic syndrome and nephrosis (N00-N07,N17-N19,N25-N27)",Kidney disease,Montana,104,8.8
262,2010,"Intentional self-harm (suicide) (*U03,X60-X84,Y87.0)",Suicide,Massachusetts,598,8.8
263,2007,"Intentional self-harm (suicide) (*U03,X60-X84,Y87.0)",Suicide,Rhode Island,96,8.8
264,2006,"Nephritis, nephrotic syndrome and nephrosis (N00-N07,N17-N19,N25-N27)",Kidney disease,Oregon,353,8.8
265,2004,"Intentional self-harm (suicide) (*U03,X60-X84,Y87.0)",Suicide,Maryland,500,8.8
266,2002,"Intentional self-harm (suicide) (*U03,X60-X84,Y87.0)",Suicide,Maryland,477,8.8
267,2000,"Intentional self-harm (suicide) (*U03,X60-X84,Y87.0)",Suicide,Connecticut,304,8.8
268,2017,"Nephritis, nephrotic syndrome and nephrosis (N00-N07,N17-N19,N25-N27)",Kidney disease,California,3887,8.9
269,2017,"Nephritis, nephrotic syndrome and nephrosis (N00-N07,N17-N19,N25-N27)",Kidney disease,Colorado,503,8.9
270,2016,Influenza and pneumonia (J09-J18),Influenza and pneumonia,Oregon,452,8.9
271,2016,"Nephritis, nephrotic syndrome and nephrosis (N00-N07,N17-N19,N25-N27)",Kidney disease,Colorado,491,8.9
272,2015,Influenza and pneumonia (J09-J18),Influenza and pneumonia,Florida,2676,8.9
273,2015,"Intentional self-harm (suicide) (*U03,X60-X84,Y87.0)",Suicide,Massachusetts,642,8.9
274,2012,"Nephritis, nephrotic syndrome and nephrosis (N00-N07,N17-N19,N25-N27)",Kidney disease,Colorado,428,8.9
275,2011,"Intentional self-harm (suicide) (*U03,X60-X84,Y87.0)",Suicide,Rhode Island,101,8.9
276,2010,Influenza and pneumonia (J09-J18),Influenza and pneumonia,Florida,2259,8.9
277,2010,"Nephritis, nephrotic syndrome and nephrosis (N00-N07,N17-N19,N25-N27)",Kidney disease,Oregon,400,8.9
278,2009,"Nephritis, nephrotic syndrome and nephrosis (N00-N07,N17-N19,N25-N27)",Kidney disease,Oregon,387,8.9
279,2004,"Intentional self-harm (suicide) (*U03,X60-X84,Y87.0)",Suicide,Hawaii,116,8.9
280,2003,"Intentional self-harm (suicide) (*U03,X60-X84,Y87.0)",Suicide,Maryland,491,8.9
281,2002,Alzheimer's disease (G30),Alzheimer's disease,New York,1803,8.9
282,2000,"Intentional self-harm (suicide) (*U03,X60-X84,Y87.0)",Suicide,Minnesota,440,8.9
283,2000,"Nephritis, nephrotic syndrome and nephrosis (N00-N07,N17-N19,N25-N27)",Kidney disease,Florida,1888,8.9
284,1999,"Nephritis, nephrotic syndrome and nephrosis (N00-N07,N17-N19,N25-N27)",Kidney disease,Florida,1846,8.9
285,2017,"Nephritis, nephrotic syndrome and nephrosis (N00-N07,N17-N19,N25-N27)",Kidney disease,Idaho,170,9.0
286,2017,"Nephritis, nephrotic syndrome and nephrosis (N00-N07,N17-N19,N25-N27)",Kidney disease,Nevada,299,9.0
287,2016,"Nephritis, nephrotic syndrome and nephrosis (N00-N07,N17-N19,N25-N27)",Kidney disease,District of Columbia,57,9.0
288,2015,Influenza and pneumonia (J09-J18),Influenza and pneumonia,Oregon,453,9.0
289,2013,"Nephritis, nephrotic syndrome and nephrosis (N00-N07,N17-N19,N25-N27)",Kidney disease,Colorado,450,9.0
290,2010,"Intentional self-harm (suicide) (*U03,X60-X84,Y87.0)",Suicide,Illinois,1178,9.0
291,2007,"Intentional self-harm (suicide) (*U03,X60-X84,Y87.0)",Suicide,Maryland,518,9.0
292,2006,"Intentional self-harm (suicide) (*U03,X60-X84,Y87.0)",Suicide,Hawaii,120,9.0
293,2003,Alzheimer's disease (G30),Alzheimer's disease,New York,1866,9.0
294,2000,"Intentional self-harm (suicide) (*U03,X60-X84,Y87.0)",Suicide,Maryland,474,9.0
295,2000,"Nephritis, nephrotic syndrome and nephrosis (N00-N07,N17-N19,N25-N27)",Kidney disease,New Hampshire,106,9.0
296,1999,"Intentional self-harm (suicide) (*U03,X60-X84,Y87.0)",Suicide,Minnesota,437,9.0
297,1999,"Nephritis, nephrotic syndrome and nephrosis (N00-N07,N17-N19,N25-N27)",Kidney disease,Rhode Island,111,9.0
298,2017,"Nephritis, nephrotic syndrome and nephrosis (N00-N07,N17-N19,N25-N27)",Kidney disease,New York,2296,9.1
299,2014,Influenza and pneumonia (J09-J18),Influenza and pneumonia,Oregon,450,9.1
300,2009,"Intentional self-harm (suicide) (*U03,X60-X84,Y87.0)",Suicide,Illinois,1177,9.1
301,2008,"Nephritis, nephrotic syndrome and nephrosis (N00-N07,N17-N19,N25-N27)",Kidney disease,South Dakota,89,9.1
302,2007,Alzheimer's disease (G30),Alzheimer's disease,New York,1999,9.1
303,2005,"Intentional self-harm (suicide) (*U03,X60-X84,Y87.0)",Suicide,California,3206,9.1
304,2003,"Nephritis, nephrotic syndrome and nephrosis (N00-N07,N17-N19,N25-N27)",Kidney disease,Hawaii,123,9.1
305,2002,"Intentional self-harm (suicide) (*U03,X60-X84,Y87.0)",Suicide,Delaware,74,9.1
306,2001,"Nephritis, nephrotic syndrome and nephrosis (N00-N07,N17-N19,N25-N27)",Kidney disease,Oregon,331,9.1
307,2000,"Intentional self-harm (suicide) (*U03,X60-X84,Y87.0)",Suicide,California,2969,9.1
308,1999,"Intentional self-harm (suicide) (*U03,X60-X84,Y87.0)",Suicide,Rhode Island,96,9.1
309,1999,"Nephritis, nephrotic syndrome and nephrosis (N00-N07,N17-N19,N25-N27)",Kidney disease,Utah,135,9.1
310,2017,"Nephritis, nephrotic syndrome and nephrosis (N00-N07,N17-N19,N25-N27)",Kidney disease,Montana,129,9.2
311,2013,"Intentional self-harm (suicide) (*U03,X60-X84,Y87.0)",Suicide,Maryland,569,9.2
312,2011,"Intentional self-harm (suicide) (*U03,X60-X84,Y87.0)",Suicide,Maryland,558,9.2
313,2010,Influenza and pneumonia (J09-J18),Influenza and pneumonia,Oregon,417,9.2
314,2002,"Intentional self-harm (suicide) (*U03,X60-X84,Y87.0)",Suicide,Illinois,1145,9.2
315,2002,"Nephritis, nephrotic syndrome and nephrosis (N00-N07,N17-N19,N25-N27)",Kidney disease,Wyoming,43,9.2
316,2001,"Intentional self-harm (suicide) (*U03,X60-X84,Y87.0)",Suicide,Illinois,1139,9.2
317,2000,"Nephritis, nephrotic syndrome and nephrosis (N00-N07,N17-N19,N25-N27)",Kidney disease,Hawaii,113,9.2
318,1999,"Nephritis, nephrotic syndrome and nephrosis (N00-N07,N17-N19,N25-N27)",Kidney disease,Vermont,56,9.2
319,2016,Influenza and pneumonia (J09-J18),Influenza and pneumonia,Florida,2808,9.3
320,2015,"Nephritis, nephrotic syndrome and nephrosis (N00-N07,N17-N19,N25-N27)",Kidney disease,Montana,121,9.3
321,2015,"Nephritis, nephrotic syndrome and nephrosis (N00-N07,N17-N19,N25-N27)",Kidney disease,New York,2245,9.3
322,2014,Influenza and pneumonia (J09-J18),Influenza and pneumonia,Vermont,74,9.3
323,2014,"Nephritis, nephrotic syndrome and nephrosis (N00-N07,N17-N19,N25-N27)",Kidney disease,New York,2207,9.3
324,2013,Influenza and pneumonia (J09-J18),Influenza and pneumonia,Vermont,77,9.3
325,2011,Influenza and pneumonia (J09-J18),Influenza and pneumonia,Florida,2453,9.3
326,2011,"Intentional self-harm (suicide) (*U03,X60-X84,Y87.0)",Suicide,Illinois,1226,9.3
327,2009,"Intentional self-harm (suicide) (*U03,X60-X84,Y87.0)",Suicide,Maryland,551,9.3
328,2009,"Intentional self-harm (suicide) (*U03,X60-X84,Y87.0)",Suicide,Nebraska,170,9.3
329,2008,"Intentional self-harm (suicide) (*U03,X60-X84,Y87.0)",Suicide,Illinois,1198,9.3
330,2006,"Intentional self-harm (suicide) (*U03,X60-X84,Y87.0)",Suicide,California,3334,9.3
331,2006,"Nephritis, nephrotic syndrome and nephrosis (N00-N07,N17-N19,N25-N27)",Kidney disease,Arizona,565,9.3
332,2004,"Nephritis, nephrotic syndrome and nephrosis (N00-N07,N17-N19,N25-N27)",Kidney disease,Wyoming,45,9.3
333,2003,"Intentional self-harm (suicide) (*U03,X60-X84,Y87.0)",Suicide,Ohio,1074,9.3
334,2000,"Nephritis, nephrotic syndrome and nephrosis (N00-N07,N17-N19,N25-N27)",Kidney disease,New Mexico,152,9.3
335,2017,"Nephritis, nephrotic syndrome and nephrosis (N00-N07,N17-N19,N25-N27)",Kidney disease,New Hampshire,169,9.4
336,2016,"Intentional self-harm (suicide) (*U03,X60-X84,Y87.0)",Suicide,Maryland,586,9.4
337,2016,"Nephritis, nephrotic syndrome and nephrosis (N00-N07,N17-N19,N25-N27)",Kidney disease,New Hampshire,161,9.4
338,2014,Influenza and pneumonia (J09-J18),Influenza and pneumonia,Washington,729,9.4
339,2014,"Nephritis, nephrotic syndrome and nephrosis (N00-N07,N17-N19,N25-N27)",Kidney disease,Rhode Island,135,9.4
340,2013,"Nephritis, nephrotic syndrome and nephrosis (N00-N07,N17-N19,N25-N27)",Kidney disease,Wyoming,56,9.4
341,2010,"Intentional self-harm (suicide) (*U03,X60-X84,Y87.0)",Suicide,Connecticut,353,9.4
342,2008,Influenza and pneumonia (J09-J18),Influenza and pneumonia,Florida,2300,9.4
343,2008,"Nephritis, nephrotic syndrome and nephrosis (N00-N07,N17-N19,N25-N27)",Kidney disease,Oregon,397,9.4
344,2007,Influenza and pneumonia (J09-J18),Influenza and pneumonia,Florida,2246,9.4
345,2007,"Nephritis, nephrotic syndrome and nephrosis (N00-N07,N17-N19,N25-N27)",Kidney disease,Idaho,134,9.4
346,2006,Alzheimer's disease (G30),Alzheimer's disease,New York,2021,9.4
347,2006,"Nephritis, nephrotic syndrome and nephrosis (N00-N07,N17-N19,N25-N27)",Kidney disease,Idaho,130,9.4
348,2001,"Nephritis, nephrotic syndrome and nephrosis (N00-N07,N17-N19,N25-N27)",Kidney disease,Rhode Island,118,9.4
349,1999,Alzheimer's disease (G30),Alzheimer's disease,Hawaii,109,9.4
350,2017,"Intentional self-harm (suicide) (*U03,X60-X84,Y87.0)",Suicide,Massachusetts,682,9.5
351,2017,"Nephritis, nephrotic syndrome and nephrosis (N00-N07,N17-N19,N25-N27)",Kidney disease,Nebraska,226,9.5
352,2017,"Nephritis, nephrotic syndrome and nephrosis (N00-N07,N17-N19,N25-N27)",Kidney disease,Wyoming,63,9.5
353,2016,"Nephritis, nephrotic syndrome and nephrosis (N00-N07,N17-N19,N25-N27)",Kidney disease,Nebraska,220,9.5
354,2015,Influenza and pneumonia (J09-J18),Influenza and pneumonia,Arizona,775,9.5
355,2013,Influenza and pneumonia (J09-J18),Influenza and pneumonia,Florida,2662,9.5
356,2012,Influenza and pneumonia (J09-J18),Influenza and pneumonia,Arizona,683,9.5
357,2012,"Intentional self-harm (suicide) (*U03,X60-X84,Y87.0)",Suicide,Maryland,583,9.5
358,2012,"Intentional self-harm (suicide) (*U03,X60-X84,Y87.0)",Suicide,Rhode Island,105,9.5
359,2012,"Nephritis, nephrotic syndrome and nephrosis (N00-N07,N17-N19,N25-N27)",Kidney disease,Alaska,44,9.5
360,2011,"Nephritis, nephrotic syndrome and nephrosis (N00-N07,N17-N19,N25-N27)",Kidney disease,Colorado,450,9.5
361,2007,"Intentional self-harm (suicide) (*U03,X60-X84,Y87.0)",Suicide,Hawaii,133,9.5
362,2004,Alzheimer's disease (G30),Alzheimer's disease,New York,1989,9.5
363,2004,"Intentional self-harm (suicide) (*U03,X60-X84,Y87.0)",Suicide,Nebraska,166,9.5
364,2002,"Intentional self-harm (suicide) (*U03,X60-X84,Y87.0)",Suicide,Hawaii,120,9.5
365,2000,"Intentional self-harm (suicide) (*U03,X60-X84,Y87.0)",Suicide,Ohio,1088,9.5
366,1999,Alzheimer's disease (G30),Alzheimer's disease,District of Columbia,53,9.5
367,2017,Influenza and pneumonia (J09-J18),Influenza and pneumonia,Florida,3057,9.6
368,2016,Influenza and pneumonia (J09-J18),Influenza and pneumonia,Colorado,533,9.6
369,2014,Influenza and pneumonia (J09-J18),Influenza and pneumonia,Florida,2719,9.6
370,2010,"Nephritis, nephrotic syndrome and nephrosis (N00-N07,N17-N19,N25-N27)",Kidney disease,Colorado,426,9.6
371,2002,"Intentional self-harm (suicide) (*U03,X60-X84,Y87.0)",Suicide,California,3228,9.6
372,2001,"Intentional self-harm (suicide) (*U03,X60-X84,Y87.0)",Suicide,Minnesota,480,9.6
373,2001,"Nephritis, nephrotic syndrome and nephrosis (N00-N07,N17-N19,N25-N27)",Kidney disease,Hawaii,123,9.6
374,1999,"Intentional self-harm (suicide) (*U03,X60-X84,Y87.0)",Suicide,California,3077,9.6
375,1999,"Nephritis, nephrotic syndrome and nephrosis (N00-N07,N17-N19,N25-N27)",Kidney disease,Colorado,312,9.6
376,1999,"Nephritis, nephrotic syndrome and nephrosis (N00-N07,N17-N19,N25-N27)",Kidney disease,Montana,92,9.6
377,2017,Influenza and pneumonia (J09-J18),Influenza and pneumonia,Vermont,86,9.7
378,2015,"Nephritis, nephrotic syndrome and nephrosis (N00-N07,N17-N19,N25-N27)",Kidney disease,Minnesota,639,9.7
379,2014,"Nephritis, nephrotic syndrome and nephrosis (N00-N07,N17-N19,N25-N27)",Kidney disease,Montana,125,9.7
380,2013,"Nephritis, nephrotic syndrome and nephrosis (N00-N07,N17-N19,N25-N27)",Kidney disease,New York,2285,9.7
381,2012,"Nephritis, nephrotic syndrome and nephrosis (N00-N07,N17-N19,N25-N27)",Kidney disease,Rhode Island,135,9.7
382,2011,"Nephritis, nephrotic syndrome and nephrosis (N00-N07,N17-N19,N25-N27)",Kidney disease,Idaho,154,9.7
383,2011,"Nephritis, nephrotic syndrome and nephrosis (N00-N07,N17-N19,N25-N27)",Kidney disease,Nebraska,214,9.7
384,2011,"Nephritis, nephrotic syndrome and nephrosis (N00-N07,N17-N19,N25-N27)",Kidney disease,New York,2197,9.7
385,2010,Influenza and pneumonia (J09-J18),Influenza and pneumonia,Minnesota,595,9.7
386,2008,"Intentional self-harm (suicide) (*U03,X60-X84,Y87.0)",Suicide,Hawaii,133,9.7
387,2005,Alzheimer's disease (G30),Alzheimer's disease,New York,2065,9.7
388,2005,"Intentional self-harm (suicide) (*U03,X60-X84,Y87.0)",Suicide,Delaware,83,9.7
389,2004,"Intentional self-harm (suicide) (*U03,X60-X84,Y87.0)",Suicide,California,3368,9.7
390,1999,"Intentional self-harm (suicide) (*U03,X60-X84,Y87.0)",Suicide,Ohio,1102,9.7
391,2016,"Nephritis, nephrotic syndrome and nephrosis (N00-N07,N17-N19,N25-N27)",Kidney disease,New York,2385,9.8
392,2015,"Nephritis, nephrotic syndrome and nephrosis (N00-N07,N17-N19,N25-N27)",Kidney disease,Rhode Island,142,9.8
393,2014,Influenza and pneumonia (J09-J18),Influenza and pneumonia,Minnesota,638,9.8
394,2014,"Intentional self-harm (suicide) (*U03,X60-X84,Y87.0)",Suicide,Connecticut,379,9.8
395,2014,"Intentional self-harm (suicide) (*U03,X60-X84,Y87.0)",Suicide,Maryland,606,9.8
396,2012,"Intentional self-harm (suicide) (*U03,X60-X84,Y87.0)",Suicide,Illinois,1292,9.8
397,2012,"Nephritis, nephrotic syndrome and nephrosis (N00-N07,N17-N19,N25-N27)",Kidney disease,Nebraska,217,9.8
398,2012,"Nephritis, nephrotic syndrome and nephrosis (N00-N07,N17-N19,N25-N27)",Kidney disease,New York,2240,9.8
399,2011,"Intentional self-harm (suicide) (*U03,X60-X84,Y87.0)",Suicide,Connecticut,370,9.8
400,2007,"Nephritis, nephrotic syndrome and nephrosis (N00-N07,N17-N19,N25-N27)",Kidney disease,Montana,110,9.8
401,2003,"Intentional self-harm (suicide) (*U03,X60-X84,Y87.0)",Suicide,Minnesota,497,9.8
402,2002,"Intentional self-harm (suicide) (*U03,X60-X84,Y87.0)",Suicide,Minnesota,497,9.8
403,2001,Alzheimer's disease (G30),Alzheimer's disease,Hawaii,122,9.8
404,2000,"Intentional self-harm (suicide) (*U03,X60-X84,Y87.0)",Suicide,Iowa,289,9.8
405,2017,Influenza and pneumonia (J09-J18),Influenza and pneumonia,Minnesota,697,9.9
406,2017,"Intentional self-harm (suicide) (*U03,X60-X84,Y87.0)",Suicide,Maryland,630,9.9
407,2017,"Nephritis, nephrotic syndrome and nephrosis (N00-N07,N17-N19,N25-N27)",Kidney disease,Alaska,54,9.9
408,2016,"Nephritis, nephrotic syndrome and nephrosis (N00-N07,N17-N19,N25-N27)",Kidney disease,Rhode Island,141,9.9
409,2015,"Intentional self-harm (suicide) (*U03,X60-X84,Y87.0)",Suicide,Connecticut,384,9.9
410,2015,"Nephritis, nephrotic syndrome and nephrosis (N00-N07,N17-N19,N25-N27)",Kidney disease,District of Columbia,65,9.9
411,2013,"Intentional self-harm (suicide) (*U03,X60-X84,Y87.0)",Suicide,Illinois,1321,9.9
412,2012,Influenza and pneumonia (J09-J18),Influenza and pneumonia,Vermont,81,9.9
413,2012,Influenza and pneumonia (J09-J18),Influenza and pneumonia,Washington,728,9.9
414,2012,"Intentional self-harm (suicide) (*U03,X60-X84,Y87.0)",Suicide,Connecticut,368,9.9
415,2009,Influenza and pneumonia (J09-J18),Influenza and pneumonia,Florida,2410,9.9
416,2008,"Intentional self-harm (suicide) (*U03,X60-X84,Y87.0)",Suicide,Rhode Island,110,9.9
417,2007,Influenza and pneumonia (J09-J18),Influenza and pneumonia,Vermont,70,9.9
418,2007,"Intentional self-harm (suicide) (*U03,X60-X84,Y87.0)",Suicide,California,3602,9.9
419,2004,"Intentional self-harm (suicide) (*U03,X60-X84,Y87.0)",Suicide,New Hampshire,133,9.9
420,2004,"Nephritis, nephrotic syndrome and nephrosis (N00-N07,N17-N19,N25-N27)",Kidney disease,Rhode Island,131,9.9
421,2004,"Nephritis, nephrotic syndrome and nephrosis (N00-N07,N17-N19,N25-N27)",Kidney disease,South Dakota,92,9.9
422,2003,"Intentional self-harm (suicide) (*U03,X60-X84,Y87.0)",Suicide,California,3397,9.9
423,2003,"Nephritis, nephrotic syndrome and nephrosis (N00-N07,N17-N19,N25-N27)",Kidney disease,Montana,101,9.9
424,2000,"Intentional self-harm (suicide) (*U03,X60-X84,Y87.0)",Suicide,Michigan,974,9.9
425,2000,"Nephritis, nephrotic syndrome and nephrosis (N00-N07,N17-N19,N25-N27)",Kidney disease,Rhode Island,123,9.9
426,2000,"Nephritis, nephrotic syndrome and nephrosis (N00-N07,N17-N19,N25-N27)",Kidney disease,Wyoming,45,9.9
427,1999,"Intentional self-harm (suicide) (*U03,X60-X84,Y87.0)",Suicide,Michigan,974,9.9
428,2017,"Nephritis, nephrotic syndrome and nephrosis (N00-N07,N17-N19,N25-N27)",Kidney disease,District of Columbia,67,10.0
429,2016,Influenza and pneumonia (J09-J18),Influenza and pneumonia,Washington,815,10.0
430,2016,"Nephritis, nephrotic syndrome and nephrosis (N00-N07,N17-N19,N25-N27)",Kidney disease,Alaska,53,10.0
431,2016,"Nephritis, nephrotic syndrome and nephrosis (N00-N07,N17-N19,N25-N27)",Kidney disease,Wyoming,66,10.0
432,2015,Influenza and pneumonia (J09-J18),Influenza and pneumonia,Vermont,85,10.0
433,2015,"Nephritis, nephrotic syndrome and nephrosis (N00-N07,N17-N19,N25-N27)",Kidney disease,Alaska,50,10.0
434,2014,Influenza and pneumonia (J09-J18),Influenza and pneumonia,Arizona,779,10.0
435,2013,"Nephritis, nephrotic syndrome and nephrosis (N00-N07,N17-N19,N25-N27)",Kidney disease,Nebraska,222,10.0
436,2012,Influenza and pneumonia (J09-J18),Influenza and pneumonia,Alaska,52,10.0
437,2012,"Intentional self-harm (suicide) (*U03,X60-X84,Y87.0)",Suicide,California,3893,10.0
438,2011,Influenza and pneumonia (J09-J18),Influenza and pneumonia,Arizona,690,10.0
439,2011,"Nephritis, nephrotic syndrome and nephrosis (N00-N07,N17-N19,N25-N27)",Kidney disease,District of Columbia,60,10.0
440,2009,"Intentional self-harm (suicide) (*U03,X60-X84,Y87.0)",Suicide,Ohio,1176,10.0
441,2004,"Nephritis, nephrotic syndrome and nephrosis (N00-N07,N17-N19,N25-N27)",Kidney disease,Florida,2252,10.0
442,2003,"Intentional self-harm (suicide) (*U03,X60-X84,Y87.0)",Suicide,Maine,137,10.0
443,2000,Alzheimer's disease (G30),Alzheimer's disease,Hawaii,118,10.0
444,2000,"Nephritis, nephrotic syndrome and nephrosis (N00-N07,N17-N19,N25-N27)",Kidney disease,Vermont,62,10.0
445,2017,Influenza and pneumonia (J09-J18),Influenza and pneumonia,Arizona,876,10.1
446,2017,Influenza and pneumonia (J09-J18),Influenza and pneumonia,Colorado,577,10.1
447,2017,"Nephritis, nephrotic syndrome and nephrosis (N00-N07,N17-N19,N25-N27)",Kidney disease,Florida,3172,10.1
448,2016,"Intentional self-harm (suicide) (*U03,X60-X84,Y87.0)",Suicide,Connecticut,397,10.1
449,2014,"Intentional self-harm (suicide) (*U03,X60-X84,Y87.0)",Suicide,Rhode Island,113,10.1
450,2014,"Nephritis, nephrotic syndrome and nephrosis (N00-N07,N17-N19,N25-N27)",Kidney disease,Alaska,45,10.1
451,2013,Influenza and pneumonia (J09-J18),Influenza and pneumonia,Washington,768,10.1
452,2013,"Nephritis, nephrotic syndrome and nephrosis (N00-N07,N17-N19,N25-N27)",Kidney disease,Alaska,49,10.1
453,2011,Influenza and pneumonia (J09-J18),Influenza and pneumonia,Washington,734,10.1
454,2009,"Nephritis, nephrotic syndrome and nephrosis (N00-N07,N17-N19,N25-N27)",Kidney disease,South Dakota,102,10.1
455,2007,"Intentional self-harm (suicide) (*U03,X60-X84,Y87.0)",Suicide,Nebraska,181,10.1
456,2001,"Nephritis, nephrotic syndrome and nephrosis (N00-N07,N17-N19,N25-N27)",Kidney disease,Florida,2172,10.1
457,1999,"Nephritis, nephrotic syndrome and nephrosis (N00-N07,N17-N19,N25-N27)",Kidney disease,New Mexico,162,10.1
458,2017,"Nephritis, nephrotic syndrome and nephrosis (N00-N07,N17-N19,N25-N27)",Kidney disease,Oklahoma,461,10.2
459,2016,"Nephritis, nephrotic syndrome and nephrosis (N00-N07,N17-N19,N25-N27)",Kidney disease,Florida,3144,10.2
460,2014,"Nephritis, nephrotic syndrome and nephrosis (N00-N07,N17-N19,N25-N27)",Kidney disease,New Hampshire,167,10.2
461,2013,"Intentional self-harm (suicide) (*U03,X60-X84,Y87.0)",Suicide,California,4025,10.2
462,2013,"Nephritis, nephrotic syndrome and nephrosis (N00-N07,N17-N19,N25-N27)",Kidney disease,Minnesota,653,10.2
463,2012,"Nephritis, nephrotic syndrome and nephrosis (N00-N07,N17-N19,N25-N27)",Kidney disease,New Hampshire,161,10.2
464,2009,"Intentional self-harm (suicide) (*U03,X60-X84,Y87.0)",Suicide,California,3823,10.2
465,2008,Influenza and pneumonia (J09-J18),Influenza and pneumonia,Vermont,74,10.2
466,2007,"Nephritis, nephrotic syndrome and nephrosis (N00-N07,N17-N19,N25-N27)",Kidney disease,Oregon,426,10.2
467,2004,"Intentional self-harm (suicide) (*U03,X60-X84,Y87.0)",Suicide,Minnesota,524,10.2
468,2003,"Intentional self-harm (suicide) (*U03,X60-X84,Y87.0)",Suicide,Hawaii,131,10.2
469,2003,"Intentional self-harm (suicide) (*U03,X60-X84,Y87.0)",Suicide,Michigan,1029,10.2
470,2003,"Intentional self-harm (suicide) (*U03,X60-X84,Y87.0)",Suicide,Nebraska,176,10.2
471,2003,"Nephritis, nephrotic syndrome and nephrosis (N00-N07,N17-N19,N25-N27)",Kidney disease,Florida,2265,10.2
472,2002,"Nephritis, nephrotic syndrome and nephrosis (N00-N07,N17-N19,N25-N27)",Kidney disease,Florida,2201,10.2
473,2001,"Intentional self-harm (suicide) (*U03,X60-X84,Y87.0)",Suicide,Iowa,304,10.2
474,2001,"Intentional self-harm (suicide) (*U03,X60-X84,Y87.0)",Suicide,Pennsylvania,1276,10.2
475,2000,"Intentional self-harm (suicide) (*U03,X60-X84,Y87.0)",Suicide,Texas,2053,10.2
476,2000,"Nephritis, nephrotic syndrome and nephrosis (N00-N07,N17-N19,N25-N27)",Kidney disease,Tennessee,565,10.2
477,1999,"Intentional self-harm (suicide) (*U03,X60-X84,Y87.0)",Suicide,Texas,2005,10.2
478,2016,"Nephritis, nephrotic syndrome and nephrosis (N00-N07,N17-N19,N25-N27)",Kidney disease,Idaho,190,10.3
479,2015,"Intentional self-harm (suicide) (*U03,X60-X84,Y87.0)",Suicide,California,4167,10.3
480,2015,"Intentional self-harm (suicide) (*U03,X60-X84,Y87.0)",Suicide,Illinois,1363,10.3
481,2013,"Nephritis, nephrotic syndrome and nephrosis (N00-N07,N17-N19,N25-N27)",Kidney disease,Montana,130,10.3
482,2010,"Intentional self-harm (suicide) (*U03,X60-X84,Y87.0)",Suicide,California,3913,10.3
483,2009,Influenza and pneumonia (J09-J18),Influenza and pneumonia,Minnesota,618,10.3
484,2009,"Nephritis, nephrotic syndrome and nephrosis (N00-N07,N17-N19,N25-N27)",Kidney disease,Colorado,447,10.3
485,2008,Alzheimer's disease (G30),Alzheimer's disease,New York,2303,10.3
486,2008,"Intentional self-harm (suicide) (*U03,X60-X84,Y87.0)",Suicide,California,3775,10.3
487,2006,"Intentional self-harm (suicide) (*U03,X60-X84,Y87.0)",Suicide,Delaware,91,10.3
488,2006,"Intentional self-harm (suicide) (*U03,X60-X84,Y87.0)",Suicide,Georgia,923,10.3
489,2006,"Intentional self-harm (suicide) (*U03,X60-X84,Y87.0)",Suicide,Texas,2347,10.3
490,2005,"Nephritis, nephrotic syndrome and nephrosis (N00-N07,N17-N19,N25-N27)",Kidney disease,Montana,109,10.3
491,2005,"Nephritis, nephrotic syndrome and nephrosis (N00-N07,N17-N19,N25-N27)",Kidney disease,Utah,177,10.3
492,2004,"Nephritis, nephrotic syndrome and nephrosis (N00-N07,N17-N19,N25-N27)",Kidney disease,Montana,108,10.3
493,2003,"Intentional self-harm (suicide) (*U03,X60-X84,Y87.0)",Suicide,Louisiana,461,10.3
494,2002,"Intentional self-harm (suicide) (*U03,X60-X84,Y87.0)",Suicide,New Hampshire,132,10.3
495,2002,"Nephritis, nephrotic syndrome and nephrosis (N00-N07,N17-N19,N25-N27)",Kidney disease,Hawaii,136,10.3
496,2001,"Nephritis, nephrotic syndrome and nephrosis (N00-N07,N17-N19,N25-N27)",Kidney disease,New Mexico,172,10.3
497,2000,"Intentional self-harm (suicide) (*U03,X60-X84,Y87.0)",Suicide,New Hampshire,131,10.3
498,1999,"Intentional self-harm (suicide) (*U03,X60-X84,Y87.0)",Suicide,Iowa,305,10.3
499,1999,"Intentional self-harm (suicide) (*U03,X60-X84,Y87.0)",Suicide,Pennsylvania,1284,10.3
500,1999,"Intentional self-harm (suicide) (*U03,X60-X84,Y87.0)",Suicide,Vermont,63,10.3
501,1999,"Nephritis, nephrotic syndrome and nephrosis (N00-N07,N17-N19,N25-N27)",Kidney disease,Texas,1669,10.3
502,2016,Influenza and pneumonia (J09-J18),Influenza and pneumonia,Arizona,885,10.4
503,2014,"Nephritis, nephrotic syndrome and nephrosis (N00-N07,N17-N19,N25-N27)",Kidney disease,Minnesota,676,10.4
504,2013,Alzheimer's disease (G30),Alzheimer's disease,New York,2556,10.4
505,2013,Influenza and pneumonia (J09-J18),Influenza and pneumonia,Arizona,776,10.4
506,2013,Influenza and pneumonia (J09-J18),Influenza and pneumonia,Oregon,496,10.4
507,2013,"Nephritis, nephrotic syndrome and nephrosis (N00-N07,N17-N19,N25-N27)",Kidney disease,Rhode Island,149,10.4
508,2011,Alzheimer's disease (G30),Alzheimer's disease,Hawaii,197,10.4
509,2011,"Intentional self-harm (suicide) (*U03,X60-X84,Y87.0)",Suicide,California,3996,10.4
510,2010,"Intentional self-harm (suicide) (*U03,X60-X84,Y87.0)",Suicide,Nebraska,193,10.4
511,2009,"Nephritis, nephrotic syndrome and nephrosis (N00-N07,N17-N19,N25-N27)",Kidney disease,District of Columbia,57,10.4
512,2008,"Intentional self-harm (suicide) (*U03,X60-X84,Y87.0)",Suicide,Georgia,981,10.4
513,2007,Influenza and pneumonia (J09-J18),Influenza and pneumonia,Minnesota,603,10.4
514,2003,"Nephritis, nephrotic syndrome and nephrosis (N00-N07,N17-N19,N25-N27)",Kidney disease,Arizona,563,10.4
515,2002,"Nephritis, nephrotic syndrome and nephrosis (N00-N07,N17-N19,N25-N27)",Kidney disease,Tennessee,586,10.4
516,2000,"Intentional self-harm (suicide) (*U03,X60-X84,Y87.0)",Suicide,Delaware,82,10.4
517,2000,"Intentional self-harm (suicide) (*U03,X60-X84,Y87.0)",Suicide,North Dakota,68,10.4
518,2000,"Intentional self-harm (suicide) (*U03,X60-X84,Y87.0)",Suicide,United States,29350,10.4
519,1999,"Intentional self-harm (suicide) (*U03,X60-X84,Y87.0)",Suicide,Indiana,628,10.4
520,2017,"Intentional self-harm (suicide) (*U03,X60-X84,Y87.0)",Suicide,California,4312,10.5
521,2017,"Intentional self-harm (suicide) (*U03,X60-X84,Y87.0)",Suicide,Connecticut,405,10.5
522,2016,"Intentional self-harm (suicide) (*U03,X60-X84,Y87.0)",Suicide,California,4294,10.5
523,2015,"Nephritis, nephrotic syndrome and nephrosis (N00-N07,N17-N19,N25-N27)",Kidney disease,Nevada,316,10.5
524,2014,"Intentional self-harm (suicide) (*U03,X60-X84,Y87.0)",Suicide,California,4214,10.5
525,2014,"Intentional self-harm (suicide) (*U03,X60-X84,Y87.0)",Suicide,Illinois,1398,10.5
526,2011,"Intentional self-harm (suicide) (*U03,X60-X84,Y87.0)",Suicide,Nebraska,193,10.5
527,2010,Alzheimer's disease (G30),Alzheimer's disease,Hawaii,189,10.5
528,2009,Alzheimer's disease (G30),Alzheimer's disease,New York,2396,10.5
529,2007,"Intentional self-harm (suicide) (*U03,X60-X84,Y87.0)",Suicide,Texas,2433,10.5
530,2006,Influenza and pneumonia (J09-J18),Influenza and pneumonia,Florida,2454,10.5
531,2005,"Intentional self-harm (suicide) (*U03,X60-X84,Y87.0)",Suicide,Minnesota,547,10.5
532,2005,"Nephritis, nephrotic syndrome and nephrosis (N00-N07,N17-N19,N25-N27)",Kidney disease,Alaska,38,10.5
533,2005,"Nephritis, nephrotic syndrome and nephrosis (N00-N07,N17-N19,N25-N27)",Kidney disease,Arizona,608,10.5
534,2005,"Nephritis, nephrotic syndrome and nephrosis (N00-N07,N17-N19,N25-N27)",Kidney disease,Florida,2416,10.5
535,2005,"Nephritis, nephrotic syndrome and nephrosis (N00-N07,N17-N19,N25-N27)",Kidney disease,Hawaii,150,10.5
536,2002,"Nephritis, nephrotic syndrome and nephrosis (N00-N07,N17-N19,N25-N27)",Kidney disease,Montana,105,10.5
537,2001,"Intentional self-harm (suicide) (*U03,X60-X84,Y87.0)",Suicide,Michigan,1051,10.5
538,2000,"Intentional self-harm (suicide) (*U03,X60-X84,Y87.0)",Suicide,Mississippi,294,10.5
539,1999,"Intentional self-harm (suicide) (*U03,X60-X84,Y87.0)",Suicide,Nebraska,177,10.5
540,1999,"Intentional self-harm (suicide) (*U03,X60-X84,Y87.0)",Suicide,South Carolina,418,10.5
541,1999,"Intentional self-harm (suicide) (*U03,X60-X84,Y87.0)",Suicide,United States,29199,10.5
542,1999,"Nephritis, nephrotic syndrome and nephrosis (N00-N07,N17-N19,N25-N27)",Kidney disease,North Dakota,85,10.5
543,2014,"Nephritis, nephrotic syndrome and nephrosis (N00-N07,N17-N19,N25-N27)",Kidney disease,Florida,3076,10.6
544,2012,Influenza and pneumonia (J09-J18),Influenza and pneumonia,Minnesota,674,10.6
545,2012,Influenza and pneumonia (J09-J18),Influenza and pneumonia,New Jersey,1131,10.6
546,2012,"Nephritis, nephrotic syndrome and nephrosis (N00-N07,N17-N19,N25-N27)",Kidney disease,Florida,2912,10.6
547,2009,Influenza and pneumonia (J09-J18),Influenza and pneumonia,Washington,728,10.6
548,2008,"Intentional self-harm (suicide) (*U03,X60-X84,Y87.0)",Suicide,Nebraska,191,10.6
549,2007,"Intentional self-harm (suicide) (*U03,X60-X84,Y87.0)",Suicide,Delaware,95,10.6
550,2006,"Intentional self-harm (suicide) (*U03,X60-X84,Y87.0)",Suicide,Minnesota,554,10.6
551,2005,"Intentional self-harm (suicide) (*U03,X60-X84,Y87.0)",Suicide,Georgia,924,10.6
552,2003,"Intentional self-harm (suicide) (*U03,X60-X84,Y87.0)",Suicide,Pennsylvania,1340,10.6
553,2001,"Intentional self-harm (suicide) (*U03,X60-X84,Y87.0)",Suicide,Ohio,1219,10.6
554,2017,"Nephritis, nephrotic syndrome and nephrosis (N00-N07,N17-N19,N25-N27)",Kidney disease,Hawaii,208,10.7
555,2016,Influenza and pneumonia (J09-J18),Influenza and pneumonia,Delaware,132,10.7
556,2016,Influenza and pneumonia (J09-J18),Influenza and pneumonia,New Jersey,1208,10.7
557,2016,"Intentional self-harm (suicide) (*U03,X60-X84,Y87.0)",Suicide,Illinois,1415,10.7
558,2015,Influenza and pneumonia (J09-J18),Influenza and pneumonia,Washington,851,10.7
559,2014,Alzheimer's disease (G30),Alzheimer's disease,New York,2639,10.7
560,2011,Influenza and pneumonia (J09-J18),Influenza and pneumonia,Minnesota,680,10.7
561,2009,"Nephritis, nephrotic syndrome and nephrosis (N00-N07,N17-N19,N25-N27)",Kidney disease,Utah,212,10.7
562,2007,"Intentional self-harm (suicide) (*U03,X60-X84,Y87.0)",Suicide,Iowa,322,10.7
563,2004,"Intentional self-harm (suicide) (*U03,X60-X84,Y87.0)",Suicide,Texas,2300,10.7
564,2002,"Intentional self-harm (suicide) (*U03,X60-X84,Y87.0)",Suicide,Iowa,314,10.7
565,2002,"Intentional self-harm (suicide) (*U03,X60-X84,Y87.0)",Suicide,Pennsylvania,1341,10.7
566,2001,"Intentional self-harm (suicide) (*U03,X60-X84,Y87.0)",Suicide,United States,30622,10.7
567,2000,"Intentional self-harm (suicide) (*U03,X60-X84,Y87.0)",Suicide,Georgia,847,10.7
568,2000,"Intentional self-harm (suicide) (*U03,X60-X84,Y87.0)",Suicide,Louisiana,468,10.7
569,2015,"Nephritis, nephrotic syndrome and nephrosis (N00-N07,N17-N19,N25-N27)",Kidney disease,Florida,3203,10.8
570,2015,"Nephritis, nephrotic syndrome and nephrosis (N00-N07,N17-N19,N25-N27)",Kidney disease,Hawaii,202,10.8
571,2012,"Nephritis, nephrotic syndrome and nephrosis (N00-N07,N17-N19,N25-N27)",Kidney disease,Minnesota,669,10.8
572,2011,Alzheimer's disease (G30),Alzheimer's disease,New York,2563,10.8
573,2009,"Intentional self-harm (suicide) (*U03,X60-X84,Y87.0)",Suicide,Minnesota,584,10.8
574,2009,"Intentional self-harm (suicide) (*U03,X60-X84,Y87.0)",Suicide,Rhode Island,118,10.8
575,2008,"Intentional self-harm (suicide) (*U03,X60-X84,Y87.0)",Suicide,Texas,2552,10.8
576,2008,"Nephritis, nephrotic syndrome and nephrosis (N00-N07,N17-N19,N25-N27)",Kidney disease,Wyoming,56,10.8
577,2007,"Intentional self-harm (suicide) (*U03,X60-X84,Y87.0)",Suicide,Minnesota,572,10.8
578,2007,"Nephritis, nephrotic syndrome and nephrosis (N00-N07,N17-N19,N25-N27)",Kidney disease,New Hampshire,149,10.8
579,2006,"Intentional self-harm (suicide) (*U03,X60-X84,Y87.0)",Suicide,Pennsylvania,1396,10.8
580,2003,"Intentional self-harm (suicide) (*U03,X60-X84,Y87.0)",Suicide,United States,31484,10.8
581,2002,"Intentional self-harm (suicide) (*U03,X60-X84,Y87.0)",Suicide,South Carolina,440,10.8
582,2000,"Intentional self-harm (suicide) (*U03,X60-X84,Y87.0)",Suicide,Pennsylvania,1356,10.8
583,2000,"Intentional self-harm (suicide) (*U03,X60-X84,Y87.0)",Suicide,Virginia,768,10.8
584,2000,"Nephritis, nephrotic syndrome and nephrosis (N00-N07,N17-N19,N25-N27)",Kidney disease,Colorado,357,10.8
585,1999,"Nephritis, nephrotic syndrome and nephrosis (N00-N07,N17-N19,N25-N27)",Kidney disease,South Dakota,97,10.8
586,2015,Influenza and pneumonia (J09-J18),Influenza and pneumonia,Minnesota,738,10.9
587,2012,Alzheimer's disease (G30),Alzheimer's disease,New York,2640,10.9
588,2009,"Intentional self-harm (suicide) (*U03,X60-X84,Y87.0)",Suicide,Louisiana,490,10.9
589,2007,"Intentional self-harm (suicide) (*U03,X60-X84,Y87.0)",Suicide,Georgia,997,10.9
590,2006,Influenza and pneumonia (J09-J18),Influenza and pneumonia,Vermont,77,10.9
591,2005,"Intentional self-harm (suicide) (*U03,X60-X84,Y87.0)",Suicide,Nebraska,187,10.9
592,2005,"Intentional self-harm (suicide) (*U03,X60-X84,Y87.0)",Suicide,Texas,2418,10.9
593,2005,"Intentional self-harm (suicide) (*U03,X60-X84,Y87.0)",Suicide,United States,32637,10.9
594,2004,"Intentional self-harm (suicide) (*U03,X60-X84,Y87.0)",Suicide,Michigan,1098,10.9
595,2004,"Intentional self-harm (suicide) (*U03,X60-X84,Y87.0)",Suicide,Virginia,828,10.9
596,2003,"Intentional self-harm (suicide) (*U03,X60-X84,Y87.0)",Suicide,Virginia,808,10.9
597,2002,Alzheimer's disease (G30),Alzheimer's disease,Hawaii,141,10.9
598,2002,"Intentional self-harm (suicide) (*U03,X60-X84,Y87.0)",Suicide,Virginia,799,10.9
599,2001,"Intentional self-harm (suicide) (*U03,X60-X84,Y87.0)",Suicide,Hawaii,136,10.9
600,2001,"Intentional self-harm (suicide) (*U03,X60-X84,Y87.0)",Suicide,Kansas,293,10.9
601,2001,"Intentional self-harm (suicide) (*U03,X60-X84,Y87.0)",Suicide,Nebraska,187,10.9
602,2001,"Intentional self-harm (suicide) (*U03,X60-X84,Y87.0)",Suicide,Texas,2225,10.9
603,2000,"Intentional self-harm (suicide) (*U03,X60-X84,Y87.0)",Suicide,Wisconsin,590,10.9
604,2016,Influenza and pneumonia (J09-J18),Influenza and pneumonia,Rhode Island,165,11.0
605,2014,"Nephritis, nephrotic syndrome and nephrosis (N00-N07,N17-N19,N25-N27)",Kidney disease,North Dakota,104,11.0
606,2013,"Nephritis, nephrotic syndrome and nephrosis (N00-N07,N17-N19,N25-N27)",Kidney disease,New Hampshire,175,11.0
607,2012,Influenza and pneumonia (J09-J18),Influenza and pneumonia,Colorado,525,11.0
608,2011,"Intentional self-harm (suicide) (*U03,X60-X84,Y87.0)",Suicide,Delaware,105,11.0
609,2011,"Nephritis, nephrotic syndrome and nephrosis (N00-N07,N17-N19,N25-N27)",Kidney disease,Utah,228,11.0
610,2010,Influenza and pneumonia (J09-J18),Influenza and pneumonia,New Jersey,1128,11.0
611,2010,"Nephritis, nephrotic syndrome and nephrosis (N00-N07,N17-N19,N25-N27)",Kidney disease,New York,2439,11.0
612,2008,"Nephritis, nephrotic syndrome and nephrosis (N00-N07,N17-N19,N25-N27)",Kidney disease,Utah,212,11.0
613,2007,"Nephritis, nephrotic syndrome and nephrosis (N00-N07,N17-N19,N25-N27)",Kidney disease,Colorado,444,11.0
614,2006,Influenza and pneumonia (J09-J18),Influenza and pneumonia,Minnesota,630,11.0
615,2006,"Intentional self-harm (suicide) (*U03,X60-X84,Y87.0)",Suicide,Maine,158,11.0
616,2006,"Intentional self-harm (suicide) (*U03,X60-X84,Y87.0)",Suicide,United States,33300,11.0
617,2005,"Intentional self-harm (suicide) (*U03,X60-X84,Y87.0)",Suicide,Louisiana,505,11.0
618,2005,"Intentional self-harm (suicide) (*U03,X60-X84,Y87.0)",Suicide,Michigan,1108,11.0
619,2004,"Intentional self-harm (suicide) (*U03,X60-X84,Y87.0)",Suicide,Delaware,93,11.0
620,2004,"Intentional self-harm (suicide) (*U03,X60-X84,Y87.0)",Suicide,United States,32439,11.0
621,2002,"Intentional self-harm (suicide) (*U03,X60-X84,Y87.0)",Suicide,United States,31655,11.0
622,2001,"Intentional self-harm (suicide) (*U03,X60-X84,Y87.0)",Suicide,Virginia,797,11.0
623,1999,"Intentional self-harm (suicide) (*U03,X60-X84,Y87.0)",Suicide,Delaware,86,11.0
624,1999,"Intentional self-harm (suicide) (*U03,X60-X84,Y87.0)",Suicide,Mississippi,304,11.0
625,1999,"Intentional self-harm (suicide) (*U03,X60-X84,Y87.0)",Suicide,North Carolina,884,11.0
626,2017,Influenza and pneumonia (J09-J18),Influenza and pneumonia,Oregon,573,11.1
627,2016,Influenza and pneumonia (J09-J18),Influenza and pneumonia,Montana,147,11.1
628,2016,Influenza and pneumonia (J09-J18),Influenza and pneumonia,Texas,2860,11.1
629,2013,"Nephritis, nephrotic syndrome and nephrosis (N00-N07,N17-N19,N25-N27)",Kidney disease,Florida,3130,11.1
630,2009,"Nephritis, nephrotic syndrome and nephrosis (N00-N07,N17-N19,N25-N27)",Kidney disease,New York,2426,11.1
631,2008,"Nephritis, nephrotic syndrome and nephrosis (N00-N07,N17-N19,N25-N27)",Kidney disease,New York,2394,11.1
632,2007,"Intentional self-harm (suicide) (*U03,X60-X84,Y87.0)",Suicide,Michigan,1131,11.1
633,2007,"Intentional self-harm (suicide) (*U03,X60-X84,Y87.0)",Suicide,Ohio,1295,11.1
634,2007,"Intentional self-harm (suicide) (*U03,X60-X84,Y87.0)",Suicide,Pennsylvania,1441,11.1
635,2007,"Intentional self-harm (suicide) (*U03,X60-X84,Y87.0)",Suicide,Virginia,880,11.1
636,2007,"Nephritis, nephrotic syndrome and nephrosis (N00-N07,N17-N19,N25-N27)",Kidney disease,Alaska,40,11.1
637,2006,"Intentional self-harm (suicide) (*U03,X60-X84,Y87.0)",Suicide,Virginia,876,11.1
638,2005,"Intentional self-harm (suicide) (*U03,X60-X84,Y87.0)",Suicide,Pennsylvania,1430,11.1
639,2004,"Intentional self-harm (suicide) (*U03,X60-X84,Y87.0)",Suicide,North Dakota,73,11.1
640,2004,"Intentional self-harm (suicide) (*U03,X60-X84,Y87.0)",Suicide,Pennsylvania,1410,11.1
641,2004,"Nephritis, nephrotic syndrome and nephrosis (N00-N07,N17-N19,N25-N27)",Kidney disease,Colorado,406,11.1
642,2003,"Intentional self-harm (suicide) (*U03,X60-X84,Y87.0)",Suicide,Texas,2363,11.1
643,2002,"Intentional self-harm (suicide) (*U03,X60-X84,Y87.0)",Suicide,Georgia,909,11.1
644,2002,"Intentional self-harm (suicide) (*U03,X60-X84,Y87.0)",Suicide,Michigan,1106,11.1
645,2002,"Intentional self-harm (suicide) (*U03,X60-X84,Y87.0)",Suicide,Texas,2311,11.1
646,2000,"Intentional self-harm (suicide) (*U03,X60-X84,Y87.0)",Suicide,South Carolina,443,11.1
647,1999,"Intentional self-harm (suicide) (*U03,X60-X84,Y87.0)",Suicide,Hawaii,136,11.1
648,1999,"Intentional self-harm (suicide) (*U03,X60-X84,Y87.0)",Suicide,North Dakota,73,11.1
649,1999,"Intentional self-harm (suicide) (*U03,X60-X84,Y87.0)",Suicide,Wisconsin,593,11.1
650,1999,"Nephritis, nephrotic syndrome and nephrosis (N00-N07,N17-N19,N25-N27)",Kidney disease,Arizona,544,11.1
651,1999,"Nephritis, nephrotic syndrome and nephrosis (N00-N07,N17-N19,N25-N27)",Kidney disease,Hawaii,133,11.1
652,2017,Influenza and pneumonia (J09-J18),Influenza and pneumonia,Texas,2954,11.2
653,2017,"Intentional self-harm (suicide) (*U03,X60-X84,Y87.0)",Suicide,Illinois,1474,11.2
654,2017,"Nephritis, nephrotic syndrome and nephrosis (N00-N07,N17-N19,N25-N27)",Kidney disease,Connecticut,554,11.2
655,2016,"Intentional self-harm (suicide) (*U03,X60-X84,Y87.0)",Suicide,Rhode Island,126,11.2
656,2016,"Nephritis, nephrotic syndrome and nephrosis (N00-N07,N17-N19,N25-N27)",Kidney disease,Hawaii,215,11.2
657,2015,"Intentional self-harm (suicide) (*U03,X60-X84,Y87.0)",Suicide,Rhode Island,127,11.2
658,2015,"Nephritis, nephrotic syndrome and nephrosis (N00-N07,N17-N19,N25-N27)",Kidney disease,Nebraska,264,11.2
659,2012,Influenza and pneumonia (J09-J18),Influenza and pneumonia,Rhode Island,161,11.2
660,2012,"Nephritis, nephrotic syndrome and nephrosis (N00-N07,N17-N19,N25-N27)",Kidney disease,Hawaii,199,11.2
661,2010,"Intentional self-harm (suicide) (*U03,X60-X84,Y87.0)",Suicide,Minnesota,606,11.2
662,2008,"Intentional self-harm (suicide) (*U03,X60-X84,Y87.0)",Suicide,Minnesota,596,11.2
663,2007,Influenza and pneumonia (J09-J18),Influenza and pneumonia,Oregon,477,11.2
664,2007,"Intentional self-harm (suicide) (*U03,X60-X84,Y87.0)",Suicide,New Hampshire,158,11.2
665,2007,"Nephritis, nephrotic syndrome and nephrosis (N00-N07,N17-N19,N25-N27)",Kidney disease,New York,2387,11.2
666,2006,"Intentional self-harm (suicide) (*U03,X60-X84,Y87.0)",Suicide,Iowa,334,11.2
667,2006,"Intentional self-harm (suicide) (*U03,X60-X84,Y87.0)",Suicide,Michigan,1139,11.2
668,2006,"Intentional self-harm (suicide) (*U03,X60-X84,Y87.0)",Suicide,Nebraska,202,11.2
669,2006,"Intentional self-harm (suicide) (*U03,X60-X84,Y87.0)",Suicide,New Hampshire,151,11.2
670,2006,"Nephritis, nephrotic syndrome and nephrosis (N00-N07,N17-N19,N25-N27)",Kidney disease,Florida,2620,11.2
671,2006,"Nephritis, nephrotic syndrome and nephrosis (N00-N07,N17-N19,N25-N27)",Kidney disease,New York,2351,11.2
672,2005,"Intentional self-harm (suicide) (*U03,X60-X84,Y87.0)",Suicide,Iowa,333,11.2
673,2005,"Intentional self-harm (suicide) (*U03,X60-X84,Y87.0)",Suicide,Virginia,866,11.2
674,2004,"Nephritis, nephrotic syndrome and nephrosis (N00-N07,N17-N19,N25-N27)",Kidney disease,Arizona,634,11.2
675,2003,"Intentional self-harm (suicide) (*U03,X60-X84,Y87.0)",Suicide,North Carolina,955,11.2
676,2002,"Intentional self-harm (suicide) (*U03,X60-X84,Y87.0)",Suicide,Louisiana,499,11.2
677,2002,"Intentional self-harm (suicide) (*U03,X60-X84,Y87.0)",Suicide,Ohio,1287,11.2
678,2002,"Nephritis, nephrotic syndrome and nephrosis (N00-N07,N17-N19,N25-N27)",Kidney disease,Rhode Island,142,11.2
679,2001,"Intentional self-harm (suicide) (*U03,X60-X84,Y87.0)",Suicide,Louisiana,493,11.2
680,2001,"Nephritis, nephrotic syndrome and nephrosis (N00-N07,N17-N19,N25-N27)",Kidney disease,South Dakota,103,11.2
681,2001,"Nephritis, nephrotic syndrome and nephrosis (N00-N07,N17-N19,N25-N27)",Kidney disease,Tennessee,624,11.2
682,2000,"Intentional self-harm (suicide) (*U03,X60-X84,Y87.0)",Suicide,Hawaii,137,11.2
683,1999,"Intentional self-harm (suicide) (*U03,X60-X84,Y87.0)",Suicide,Georgia,873,11.2
684,1999,"Intentional self-harm (suicide) (*U03,X60-X84,Y87.0)",Suicide,Kansas,299,11.2
685,1999,"Intentional self-harm (suicide) (*U03,X60-X84,Y87.0)",Suicide,New Hampshire,137,11.2
686,1999,"Intentional self-harm (suicide) (*U03,X60-X84,Y87.0)",Suicide,Virginia,791,11.2
687,2016,Influenza and pneumonia (J09-J18),Influenza and pneumonia,Idaho,207,11.3
688,2016,"Nephritis, nephrotic syndrome and nephrosis (N00-N07,N17-N19,N25-N27)",Kidney disease,Montana,155,11.3
689,2016,"Nephritis, nephrotic syndrome and nephrosis (N00-N07,N17-N19,N25-N27)",Kidney disease,North Dakota,106,11.3
690,2014,Influenza and pneumonia (J09-J18),Influenza and pneumonia,Idaho,200,11.3
691,2014,Influenza and pneumonia (J09-J18),Influenza and pneumonia,New Jersey,1234,11.3
692,2014,"Nephritis, nephrotic syndrome and nephrosis (N00-N07,N17-N19,N25-N27)",Kidney disease,New Mexico,267,11.3
693,2013,"Nephritis, nephrotic syndrome and nephrosis (N00-N07,N17-N19,N25-N27)",Kidney disease,Hawaii,209,11.3
694,2012,Influenza and pneumonia (J09-J18),Influenza and pneumonia,Delaware,121,11.3
695,2012,Influenza and pneumonia (J09-J18),Influenza and pneumonia,Idaho,189,11.3
696,2012,"Nephritis, nephrotic syndrome and nephrosis (N00-N07,N17-N19,N25-N27)",Kidney disease,Maryland,704,11.3
697,2011,"Nephritis, nephrotic syndrome and nephrosis (N00-N07,N17-N19,N25-N27)",Kidney disease,New Hampshire,172,11.3
698,2010,Alzheimer's disease (G30),Alzheimer's disease,New York,2616,11.3
699,2010,"Intentional self-harm (suicide) (*U03,X60-X84,Y87.0)",Suicide,Delaware,106,11.3
700,2010,"Nephritis, nephrotic syndrome and nephrosis (N00-N07,N17-N19,N25-N27)",Kidney disease,Montana,133,11.3
701,2009,"Nephritis, nephrotic syndrome and nephrosis (N00-N07,N17-N19,N25-N27)",Kidney disease,Montana,129,11.3
702,2007,"Intentional self-harm (suicide) (*U03,X60-X84,Y87.0)",Suicide,United States,34598,11.3
703,2006,"Intentional self-harm (suicide) (*U03,X60-X84,Y87.0)",Suicide,Ohio,1325,11.3
704,2004,"Intentional self-harm (suicide) (*U03,X60-X84,Y87.0)",Suicide,Georgia,973,11.3
705,2004,"Intentional self-harm (suicide) (*U03,X60-X84,Y87.0)",Suicide,Indiana,704,11.3
706,2004,"Intentional self-harm (suicide) (*U03,X60-X84,Y87.0)",Suicide,South Carolina,482,11.3
707,2002,"Intentional self-harm (suicide) (*U03,X60-X84,Y87.0)",Suicide,Wisconsin,627,11.3
708,2000,"Intentional self-harm (suicide) (*U03,X60-X84,Y87.0)",Suicide,Indiana,683,11.3
709,2000,"Intentional self-harm (suicide) (*U03,X60-X84,Y87.0)",Suicide,Nebraska,193,11.3
710,2000,"Nephritis, nephrotic syndrome and nephrosis (N00-N07,N17-N19,N25-N27)",Kidney disease,Utah,170,11.3
711,2017,Influenza and pneumonia (J09-J18),Influenza and pneumonia,District of Columbia,79,11.4
712,2015,"Nephritis, nephrotic syndrome and nephrosis (N00-N07,N17-N19,N25-N27)",Kidney disease,Maine,211,11.4
713,2015,"Nephritis, nephrotic syndrome and nephrosis (N00-N07,N17-N19,N25-N27)",Kidney disease,New Hampshire,194,11.4
714,2014,Diabetes mellitus (E10-E14),Diabetes,Nevada,350,11.4
715,2013,"Nephritis, nephrotic syndrome and nephrosis (N00-N07,N17-N19,N25-N27)",Kidney disease,Maryland,737,11.4
716,2011,"Nephritis, nephrotic syndrome and nephrosis (N00-N07,N17-N19,N25-N27)",Kidney disease,Florida,3012,11.4
717,2011,"Nephritis, nephrotic syndrome and nephrosis (N00-N07,N17-N19,N25-N27)",Kidney disease,Minnesota,696,11.4
718,2010,Influenza and pneumonia (J09-J18),Influenza and pneumonia,Arizona,768,11.4
719,2009,"Nephritis, nephrotic syndrome and nephrosis (N00-N07,N17-N19,N25-N27)",Kidney disease,New Hampshire,165,11.4
720,2007,Influenza and pneumonia (J09-J18),Influenza and pneumonia,Washington,743,11.4
721,2006,"Intentional self-harm (suicide) (*U03,X60-X84,Y87.0)",Suicide,Mississippi,325,11.4
722,2005,"Nephritis, nephrotic syndrome and nephrosis (N00-N07,N17-N19,N25-N27)",Kidney disease,New York,2360,11.4
723,2004,"Intentional self-harm (suicide) (*U03,X60-X84,Y87.0)",Suicide,Ohio,1319,11.4
724,2003,"Intentional self-harm (suicide) (*U03,X60-X84,Y87.0)",Suicide,Alabama,521,11.4
725,2003,"Intentional self-harm (suicide) (*U03,X60-X84,Y87.0)",Suicide,Delaware,94,11.4
726,2001,"Intentional self-harm (suicide) (*U03,X60-X84,Y87.0)",Suicide,Alabama,512,11.4
727,2001,"Intentional self-harm (suicide) (*U03,X60-X84,Y87.0)",Suicide,Georgia,935,11.4
728,2001,"Intentional self-harm (suicide) (*U03,X60-X84,Y87.0)",Suicide,South Carolina,467,11.4
729,2001,"Intentional self-harm (suicide) (*U03,X60-X84,Y87.0)",Suicide,Vermont,72,11.4
730,2001,"Nephritis, nephrotic syndrome and nephrosis (N00-N07,N17-N19,N25-N27)",Kidney disease,Colorado,391,11.4
731,2001,"Nephritis, nephrotic syndrome and nephrosis (N00-N07,N17-N19,N25-N27)",Kidney disease,New Hampshire,136,11.4
732,2000,"Nephritis, nephrotic syndrome and nephrosis (N00-N07,N17-N19,N25-N27)",Kidney disease,Texas,1870,11.4
733,1999,Alzheimer's disease (G30),Alzheimer's disease,Connecticut,449,11.4
734,2016,Influenza and pneumonia (J09-J18),Influenza and pneumonia,District of Columbia,78,11.5
735,2016,"Intentional self-harm (suicide) (*U03,X60-X84,Y87.0)",Suicide,Delaware,119,11.5
736,2014,Influenza and pneumonia (J09-J18),Influenza and pneumonia,District of Columbia,74,11.5
737,2014,Influenza and pneumonia (J09-J18),Influenza and pneumonia,New Hampshire,194,11.5
738,2014,"Nephritis, nephrotic syndrome and nephrosis (N00-N07,N17-N19,N25-N27)",Kidney disease,Maryland,751,11.5
739,2014,"Nephritis, nephrotic syndrome and nephrosis (N00-N07,N17-N19,N25-N27)",Kidney disease,Nebraska,265,11.5
740,2011,"Intentional self-harm (suicide) (*U03,X60-X84,Y87.0)",Suicide,Texas,2896,11.5
741,2011,"Nephritis, nephrotic syndrome and nephrosis (N00-N07,N17-N19,N25-N27)",Kidney disease,Hawaii,201,11.5
742,2010,"Nephritis, nephrotic syndrome and nephrosis (N00-N07,N17-N19,N25-N27)",Kidney disease,North Dakota,104,11.5
743,2009,"Intentional self-harm (suicide) (*U03,X60-X84,Y87.0)",Suicide,Michigan,1169,11.5
744,2008,"Nephritis, nephrotic syndrome and nephrosis (N00-N07,N17-N19,N25-N27)",Kidney disease,Colorado,483,11.5
745,2006,"Intentional self-harm (suicide) (*U03,X60-X84,Y87.0)",Suicide,Louisiana,492,11.5
746,2005,"Intentional self-harm (suicide) (*U03,X60-X84,Y87.0)",Suicide,Alabama,535,11.5
747,2005,"Intentional self-harm (suicide) (*U03,X60-X84,Y87.0)",Suicide,North Carolina,1009,11.5
748,2005,"Intentional self-harm (suicide) (*U03,X60-X84,Y87.0)",Suicide,Ohio,1341,11.5
749,2004,"Intentional self-harm (suicide) (*U03,X60-X84,Y87.0)",Suicide,Iowa,343,11.5
750,2003,"Intentional self-harm (suicide) (*U03,X60-X84,Y87.0)",Suicide,South Carolina,476,11.5
751,2003,"Nephritis, nephrotic syndrome and nephrosis (N00-N07,N17-N19,N25-N27)",Kidney disease,Colorado,409,11.5
752,2003,"Nephritis, nephrotic syndrome and nephrosis (N00-N07,N17-N19,N25-N27)",Kidney disease,Maryland,583,11.5
753,2003,"Nephritis, nephrotic syndrome and nephrosis (N00-N07,N17-N19,N25-N27)",Kidney disease,Rhode Island,149,11.5
754,2002,"Intentional self-harm (suicide) (*U03,X60-X84,Y87.0)",Suicide,Alabama,514,11.5
755,2001,"Nephritis, nephrotic syndrome and nephrosis (N00-N07,N17-N19,N25-N27)",Kidney disease,Utah,178,11.5
756,2017,"Intentional self-harm (suicide) (*U03,X60-X84,Y87.0)",Suicide,Delaware,112,11.6
757,2017,"Nephritis, nephrotic syndrome and nephrosis (N00-N07,N17-N19,N25-N27)",Kidney disease,Rhode Island,176,11.6
758,2016,Influenza and pneumonia (J09-J18),Influenza and pneumonia,Iowa,504,11.6
759,2013,Influenza and pneumonia (J09-J18),Influenza and pneumonia,Minnesota,751,11.6
760,2013,"Intentional self-harm (suicide) (*U03,X60-X84,Y87.0)",Suicide,Nebraska,220,11.6
761,2012,Influenza and pneumonia (J09-J18),Influenza and pneumonia,Maine,205,11.6
762,2009,"Intentional self-harm (suicide) (*U03,X60-X84,Y87.0)",Suicide,Texas,2809,11.6
763,2008,Influenza and pneumonia (J09-J18),Influenza and pneumonia,Washington,771,11.6
764,2008,"Intentional self-harm (suicide) (*U03,X60-X84,Y87.0)",Suicide,United States,36035,11.6
765,2007,"Intentional self-harm (suicide) (*U03,X60-X84,Y87.0)",Suicide,North Carolina,1077,11.6
766,2007,"Intentional self-harm (suicide) (*U03,X60-X84,Y87.0)",Suicide,South Carolina,530,11.6
767,2006,"Nephritis, nephrotic syndrome and nephrosis (N00-N07,N17-N19,N25-N27)",Kidney disease,Utah,210,11.6
768,2006,"Nephritis, nephrotic syndrome and nephrosis (N00-N07,N17-N19,N25-N27)",Kidney disease,Wyoming,58,11.6
769,2005,"Intentional self-harm (suicide) (*U03,X60-X84,Y87.0)",Suicide,Wisconsin,643,11.6
770,2004,"Nephritis, nephrotic syndrome and nephrosis (N00-N07,N17-N19,N25-N27)",Kidney disease,New York,2383,11.6
771,2003,"Intentional self-harm (suicide) (*U03,X60-X84,Y87.0)",Suicide,Georgia,972,11.6
772,2003,"Intentional self-harm (suicide) (*U03,X60-X84,Y87.0)",Suicide,Wisconsin,647,11.6
773,2002,"Nephritis, nephrotic syndrome and nephrosis (N00-N07,N17-N19,N25-N27)",Kidney disease,New Hampshire,141,11.6
774,2000,"Nephritis, nephrotic syndrome and nephrosis (N00-N07,N17-N19,N25-N27)",Kidney disease,Alaska,30,11.6
775,1999,"Intentional self-harm (suicide) (*U03,X60-X84,Y87.0)",Suicide,Kentucky,470,11.6
776,2017,Influenza and pneumonia (J09-J18),Influenza and pneumonia,Alaska,66,11.7
777,2017,Influenza and pneumonia (J09-J18),Influenza and pneumonia,New Jersey,1337,11.7
778,2016,Influenza and pneumonia (J09-J18),Influenza and pneumonia,Connecticut,572,11.7
779,2016,"Nephritis, nephrotic syndrome and nephrosis (N00-N07,N17-N19,N25-N27)",Kidney disease,New Mexico,293,11.7
780,2015,"Intentional self-harm (suicide) (*U03,X60-X84,Y87.0)",Suicide,Nebraska,223,11.7
781,2014,Influenza and pneumonia (J09-J18),Influenza and pneumonia,Rhode Island,176,11.7
782,2014,"Nephritis, nephrotic syndrome and nephrosis (N00-N07,N17-N19,N25-N27)",Kidney disease,Maine,223,11.7
783,2013,"Intentional self-harm (suicide) (*U03,X60-X84,Y87.0)",Suicide,Texas,3059,11.7
784,2012,"Intentional self-harm (suicide) (*U03,X60-X84,Y87.0)",Suicide,Georgia,1168,11.7
785,2011,"Intentional self-harm (suicide) (*U03,X60-X84,Y87.0)",Suicide,Georgia,1157,11.7
786,2010,"Intentional self-harm (suicide) (*U03,X60-X84,Y87.0)",Suicide,Georgia,1133,11.7
787,2010,"Intentional self-harm (suicide) (*U03,X60-X84,Y87.0)",Suicide,Virginia,963,11.7
788,2009,Influenza and pneumonia (J09-J18),Influenza and pneumonia,Oregon,507,11.7
789,2009,"Intentional self-harm (suicide) (*U03,X60-X84,Y87.0)",Suicide,Delaware,107,11.7
790,2009,"Intentional self-harm (suicide) (*U03,X60-X84,Y87.0)",Suicide,Virginia,963,11.7
791,2007,"Nephritis, nephrotic syndrome and nephrosis (N00-N07,N17-N19,N25-N27)",Kidney disease,Hawaii,176,11.7
792,2004,"Intentional self-harm (suicide) (*U03,X60-X84,Y87.0)",Suicide,Alabama,541,11.7
793,2004,"Nephritis, nephrotic syndrome and nephrosis (N00-N07,N17-N19,N25-N27)",Kidney disease,Tennessee,680,11.7
794,2002,"Nephritis, nephrotic syndrome and nephrosis (N00-N07,N17-N19,N25-N27)",Kidney disease,Utah,184,11.7
795,2001,"Intentional self-harm (suicide) (*U03,X60-X84,Y87.0)",Suicide,Indiana,715,11.7
796,2001,"Intentional self-harm (suicide) (*U03,X60-X84,Y87.0)",Suicide,Mississippi,328,11.7
797,2001,"Intentional self-harm (suicide) (*U03,X60-X84,Y87.0)",Suicide,Wisconsin,639,11.7
798,2001,"Nephritis, nephrotic syndrome and nephrosis (N00-N07,N17-N19,N25-N27)",Kidney disease,Wyoming,54,11.7
799,2017,"Intentional self-harm (suicide) (*U03,X60-X84,Y87.0)",Suicide,Rhode Island,129,11.8
800,2016,Influenza and pneumonia (J09-J18),Influenza and pneumonia,New Hampshire,203,11.8
801,2014,"Nephritis, nephrotic syndrome and nephrosis (N00-N07,N17-N19,N25-N27)",Kidney disease,Hawaii,220,11.8
802,2013,"Intentional self-harm (suicide) (*U03,X60-X84,Y87.0)",Suicide,Hawaii,171,11.8
803,2012,Influenza and pneumonia (J09-J18),Influenza and pneumonia,Connecticut,558,11.8
804,2011,"Nephritis, nephrotic syndrome and nephrosis (N00-N07,N17-N19,N25-N27)",Kidney disease,Tennessee,810,11.8
805,2010,"Intentional self-harm (suicide) (*U03,X60-X84,Y87.0)",Suicide,Texas,2891,11.8
806,2009,"Intentional self-harm (suicide) (*U03,X60-X84,Y87.0)",Suicide,United States,36909,11.8
807,2008,"Intentional self-harm (suicide) (*U03,X60-X84,Y87.0)",Suicide,Michigan,1180,11.8
808,2008,"Intentional self-harm (suicide) (*U03,X60-X84,Y87.0)",Suicide,Pennsylvania,1539,11.8
809,2008,"Intentional self-harm (suicide) (*U03,X60-X84,Y87.0)",Suicide,Virginia,948,11.8
810,2008,"Nephritis, nephrotic syndrome and nephrosis (N00-N07,N17-N19,N25-N27)",Kidney disease,Idaho,173,11.8
811,2008,"Nephritis, nephrotic syndrome and nephrosis (N00-N07,N17-N19,N25-N27)",Kidney disease,North Dakota,98,11.8
812,2006,"Intentional self-harm (suicide) (*U03,X60-X84,Y87.0)",Suicide,South Carolina,524,11.8
813,2006,"Nephritis, nephrotic syndrome and nephrosis (N00-N07,N17-N19,N25-N27)",Kidney disease,New Hampshire,160,11.8
814,2005,"Intentional self-harm (suicide) (*U03,X60-X84,Y87.0)",Suicide,South Carolina,510,11.8
815,2004,"Nephritis, nephrotic syndrome and nephrosis (N00-N07,N17-N19,N25-N27)",Kidney disease,Hawaii,164,11.8
816,2003,"Intentional self-harm (suicide) (*U03,X60-X84,Y87.0)",Suicide,Missouri,679,11.8
817,2003,"Nephritis, nephrotic syndrome and nephrosis (N00-N07,N17-N19,N25-N27)",Kidney disease,Tennessee,677,11.8
818,2002,"Intentional self-harm (suicide) (*U03,X60-X84,Y87.0)",Suicide,Nebraska,201,11.8
819,2002,"Intentional self-harm (suicide) (*U03,X60-X84,Y87.0)",Suicide,North Carolina,986,11.8
820,2000,"Intentional self-harm (suicide) (*U03,X60-X84,Y87.0)",Suicide,Maine,154,11.8
821,1999,"Nephritis, nephrotic syndrome and nephrosis (N00-N07,N17-N19,N25-N27)",Kidney disease,South Carolina,434,11.8
822,2017,"Nephritis, nephrotic syndrome and nephrosis (N00-N07,N17-N19,N25-N27)",Kidney disease,Maryland,830,11.9
823,2016,Influenza and pneumonia (J09-J18),Influenza and pneumonia,Wisconsin,888,11.9
824,2013,"Nephritis, nephrotic syndrome and nephrosis (N00-N07,N17-N19,N25-N27)",Kidney disease,Connecticut,565,11.9
825,2012,"Intentional self-harm (suicide) (*U03,X60-X84,Y87.0)",Suicide,Texas,3037,11.9
826,2011,"Nephritis, nephrotic syndrome and nephrosis (N00-N07,N17-N19,N25-N27)",Kidney disease,Maryland,713,11.9
827,2010,Influenza and pneumonia (J09-J18),Influenza and pneumonia,Nebraska,266,11.9
828,2010,"Intentional self-harm (suicide) (*U03,X60-X84,Y87.0)",Suicide,Pennsylvania,1576,11.9
829,2009,"Intentional self-harm (suicide) (*U03,X60-X84,Y87.0)",Suicide,Georgia,1134,11.9
830,2009,"Intentional self-harm (suicide) (*U03,X60-X84,Y87.0)",Suicide,Iowa,361,11.9
831,2009,"Intentional self-harm (suicide) (*U03,X60-X84,Y87.0)",Suicide,New Hampshire,166,11.9
832,2008,"Intentional self-harm (suicide) (*U03,X60-X84,Y87.0)",Suicide,Delaware,109,11.9
833,2007,"Nephritis, nephrotic syndrome and nephrosis (N00-N07,N17-N19,N25-N27)",Kidney disease,District of Columbia,67,11.9
834,2005,"Intentional self-harm (suicide) (*U03,X60-X84,Y87.0)",Suicide,Indiana,745,11.9
835,2005,"Nephritis, nephrotic syndrome and nephrosis (N00-N07,N17-N19,N25-N27)",Kidney disease,Rhode Island,156,11.9
836,2004,"Intentional self-harm (suicide) (*U03,X60-X84,Y87.0)",Suicide,Louisiana,537,11.9
837,2004,"Intentional self-harm (suicide) (*U03,X60-X84,Y87.0)",Suicide,North Carolina,1027,11.9
838,2004,"Intentional self-harm (suicide) (*U03,X60-X84,Y87.0)",Suicide,Wisconsin,662,11.9
839,2003,Alzheimer's disease (G30),Alzheimer's disease,Hawaii,161,11.9
840,2003,"Intentional self-harm (suicide) (*U03,X60-X84,Y87.0)",Suicide,Indiana,736,11.9
841,2003,"Intentional self-harm (suicide) (*U03,X60-X84,Y87.0)",Suicide,Iowa,352,11.9
842,2003,"Intentional self-harm (suicide) (*U03,X60-X84,Y87.0)",Suicide,Mississippi,336,11.9
843,2003,"Nephritis, nephrotic syndrome and nephrosis (N00-N07,N17-N19,N25-N27)",Kidney disease,New York,2415,11.9
844,2003,"Nephritis, nephrotic syndrome and nephrosis (N00-N07,N17-N19,N25-N27)",Kidney disease,Wyoming,57,11.9
845,2002,"Nephritis, nephrotic syndrome and nephrosis (N00-N07,N17-N19,N25-N27)",Kidney disease,Arizona,622,11.9
846,2002,"Nephritis, nephrotic syndrome and nephrosis (N00-N07,N17-N19,N25-N27)",Kidney disease,Colorado,417,11.9
847,2001,"Intentional self-harm (suicide) (*U03,X60-X84,Y87.0)",Suicide,Washington,712,11.9
848,1999,Alzheimer's disease (G30),Alzheimer's disease,Alaska,24,11.9
849,1999,"Intentional self-harm (suicide) (*U03,X60-X84,Y87.0)",Suicide,Louisiana,518,11.9
850,1999,"Nephritis, nephrotic syndrome and nephrosis (N00-N07,N17-N19,N25-N27)",Kidney disease,Oklahoma,425,11.9
851,1999,"Nephritis, nephrotic syndrome and nephrosis (N00-N07,N17-N19,N25-N27)",Kidney disease,Wisconsin,677,11.9
852,2016,Influenza and pneumonia (J09-J18),Influenza and pneumonia,Maine,231,12.0
853,2016,Influenza and pneumonia (J09-J18),Influenza and pneumonia,South Carolina,690,12.0
854,2013,Influenza and pneumonia (J09-J18),Influenza and pneumonia,Colorado,606,12.0
855,2013,"Intentional self-harm (suicide) (*U03,X60-X84,Y87.0)",Suicide,Georgia,1212,12.0
856,2012,"Intentional self-harm (suicide) (*U03,X60-X84,Y87.0)",Suicide,Minnesota,656,12.0
857,2011,"Nephritis, nephrotic syndrome and nephrosis (N00-N07,N17-N19,N25-N27)",Kidney disease,New Mexico,268,12.0
858,2011,"Nephritis, nephrotic syndrome and nephrosis (N00-N07,N17-N19,N25-N27)",Kidney disease,North Dakota,110,12.0
859,2010,"Intentional self-harm (suicide) (*U03,X60-X84,Y87.0)",Suicide,North Carolina,1174,12.0
860,2008,Influenza and pneumonia (J09-J18),Influenza and pneumonia,Oregon,517,12.0
861,2008,"Intentional self-harm (suicide) (*U03,X60-X84,Y87.0)",Suicide,Louisiana,532,12.0
862,2008,"Intentional self-harm (suicide) (*U03,X60-X84,Y87.0)",Suicide,South Carolina,565,12.0
863,2008,"Nephritis, nephrotic syndrome and nephrosis (N00-N07,N17-N19,N25-N27)",Kidney disease,Rhode Island,163,12.0
864,2007,"Intentional self-harm (suicide) (*U03,X60-X84,Y87.0)",Suicide,Louisiana,522,12.0
865,2007,"Nephritis, nephrotic syndrome and nephrosis (N00-N07,N17-N19,N25-N27)",Kidney disease,Utah,220,12.0
866,2006,"Intentional self-harm (suicide) (*U03,X60-X84,Y87.0)",Suicide,Wisconsin,670,12.0
867,2006,"Nephritis, nephrotic syndrome and nephrosis (N00-N07,N17-N19,N25-N27)",Kidney disease,Montana,132,12.0
868,2005,"Intentional self-harm (suicide) (*U03,X60-X84,Y87.0)",Suicide,New Hampshire,162,12.0
869,2005,"Nephritis, nephrotic syndrome and nephrosis (N00-N07,N17-N19,N25-N27)",Kidney disease,Tennessee,719,12.0
870,2003,"Intentional self-harm (suicide) (*U03,X60-X84,Y87.0)",Suicide,New Hampshire,158,12.0
871,2003,"Nephritis, nephrotic syndrome and nephrosis (N00-N07,N17-N19,N25-N27)",Kidney disease,New Hampshire,150,12.0
872,2001,"Intentional self-harm (suicide) (*U03,X60-X84,Y87.0)",Suicide,North Carolina,997,12.0
873,2000,"Intentional self-harm (suicide) (*U03,X60-X84,Y87.0)",Suicide,North Carolina,971,12.0
874,2000,"Nephritis, nephrotic syndrome and nephrosis (N00-N07,N17-N19,N25-N27)",Kidney disease,Maine,175,12.0
875,2000,"Nephritis, nephrotic syndrome and nephrosis (N00-N07,N17-N19,N25-N27)",Kidney disease,Montana,116,12.0
876,1999,Alzheimer's disease (G30),Alzheimer's disease,New Jersey,1041,12.0
877,1999,"Nephritis, nephrotic syndrome and nephrosis (N00-N07,N17-N19,N25-N27)",Kidney disease,Maryland,563,12.0
878,1999,"Nephritis, nephrotic syndrome and nephrosis (N00-N07,N17-N19,N25-N27)",Kidney disease,New York,2302,12.0
879,2016,"Intentional self-harm (suicide) (*U03,X60-X84,Y87.0)",Suicide,Hawaii,174,12.1
880,2016,"Nephritis, nephrotic syndrome and nephrosis (N00-N07,N17-N19,N25-N27)",Kidney disease,Connecticut,570,12.1
881,2016,"Nephritis, nephrotic syndrome and nephrosis (N00-N07,N17-N19,N25-N27)",Kidney disease,Maryland,823,12.1
882,2015,"Nephritis, nephrotic syndrome and nephrosis (N00-N07,N17-N19,N25-N27)",Kidney disease,Connecticut,584,12.1
883,2013,"Intentional self-harm (suicide) (*U03,X60-X84,Y87.0)",Suicide,Minnesota,678,12.1
884,2012,Influenza and pneumonia (J09-J18),Influenza and pneumonia,District of Columbia,76,12.1
885,2011,Influenza and pneumonia (J09-J18),Influenza and pneumonia,New Jersey,1257,12.1
886,2010,Influenza and pneumonia (J09-J18),Influenza and pneumonia,Connecticut,568,12.1
887,2010,"Intentional self-harm (suicide) (*U03,X60-X84,Y87.0)",Suicide,Iowa,372,12.1
888,2010,"Intentional self-harm (suicide) (*U03,X60-X84,Y87.0)",Suicide,United States,38364,12.1
889,2010,"Nephritis, nephrotic syndrome and nephrosis (N00-N07,N17-N19,N25-N27)",Kidney disease,Idaho,186,12.1
890,2009,"Nephritis, nephrotic syndrome and nephrosis (N00-N07,N17-N19,N25-N27)",Kidney disease,Nebraska,258,12.1
891,2008,"Intentional self-harm (suicide) (*U03,X60-X84,Y87.0)",Suicide,Kansas,337,12.1
892,2008,"Nephritis, nephrotic syndrome and nephrosis (N00-N07,N17-N19,N25-N27)",Kidney disease,Florida,2946,12.1
893,2006,"Nephritis, nephrotic syndrome and nephrosis (N00-N07,N17-N19,N25-N27)",Kidney disease,Colorado,472,12.1
894,2005,"Nephritis, nephrotic syndrome and nephrosis (N00-N07,N17-N19,N25-N27)",Kidney disease,District of Columbia,68,12.1
895,2002,"Intentional self-harm (suicide) (*U03,X60-X84,Y87.0)",Suicide,Indiana,743,12.1
896,2002,"Intentional self-harm (suicide) (*U03,X60-X84,Y87.0)",Suicide,Missouri,693,12.1
897,2001,"Intentional self-harm (suicide) (*U03,X60-X84,Y87.0)",Suicide,Kentucky,495,12.1
898,2001,"Intentional self-harm (suicide) (*U03,X60-X84,Y87.0)",Suicide,Maine,161,12.1
899,2001,"Nephritis, nephrotic syndrome and nephrosis (N00-N07,N17-N19,N25-N27)",Kidney disease,Maryland,593,12.1
900,1999,"Intentional self-harm (suicide) (*U03,X60-X84,Y87.0)",Suicide,West Virginia,229,12.1
901,1999,"Nephritis, nephrotic syndrome and nephrosis (N00-N07,N17-N19,N25-N27)",Kidney disease,Connecticut,457,12.1
902,1999,"Nephritis, nephrotic syndrome and nephrosis (N00-N07,N17-N19,N25-N27)",Kidney disease,Minnesota,605,12.1
903,1999,"Nephritis, nephrotic syndrome and nephrosis (N00-N07,N17-N19,N25-N27)",Kidney disease,Nebraska,232,12.1
904,2014,"Intentional self-harm (suicide) (*U03,X60-X84,Y87.0)",Suicide,Minnesota,686,12.2
905,2014,"Intentional self-harm (suicide) (*U03,X60-X84,Y87.0)",Suicide,Texas,3254,12.2
906,2014,"Nephritis, nephrotic syndrome and nephrosis (N00-N07,N17-N19,N25-N27)",Kidney disease,Wyoming,78,12.2
907,2013,Influenza and pneumonia (J09-J18),Influenza and pneumonia,Connecticut,604,12.2
908,2013,"Intentional self-harm (suicide) (*U03,X60-X84,Y87.0)",Suicide,Rhode Island,132,12.2
909,2012,Influenza and pneumonia (J09-J18),Influenza and pneumonia,Montana,155,12.2
910,2011,"Intentional self-harm (suicide) (*U03,X60-X84,Y87.0)",Suicide,Michigan,1221,12.2
911,2010,"Intentional self-harm (suicide) (*U03,X60-X84,Y87.0)",Suicide,Ohio,1439,12.2
912,2009,"Intentional self-harm (suicide) (*U03,X60-X84,Y87.0)",Suicide,North Carolina,1174,12.2
913,2009,"Intentional self-harm (suicide) (*U03,X60-X84,Y87.0)",Suicide,Pennsylvania,1631,12.2
914,2009,"Nephritis, nephrotic syndrome and nephrosis (N00-N07,N17-N19,N25-N27)",Kidney disease,Florida,3050,12.2
915,2008,"Intentional self-harm (suicide) (*U03,X60-X84,Y87.0)",Suicide,Ohio,1412,12.2
916,2007,"Nephritis, nephrotic syndrome and nephrosis (N00-N07,N17-N19,N25-N27)",Kidney disease,Florida,2923,12.2
917,2006,"Intentional self-harm (suicide) (*U03,X60-X84,Y87.0)",Suicide,North Carolina,1106,12.2
918,2006,"Intentional self-harm (suicide) (*U03,X60-X84,Y87.0)",Suicide,Vermont,81,12.2
919,2006,"Nephritis, nephrotic syndrome and nephrosis (N00-N07,N17-N19,N25-N27)",Kidney disease,District of Columbia,68,12.2
920,2006,"Nephritis, nephrotic syndrome and nephrosis (N00-N07,N17-N19,N25-N27)",Kidney disease,Hawaii,179,12.2
921,2005,Influenza and pneumonia (J09-J18),Influenza and pneumonia,Florida,2802,12.2
922,2004,Alzheimer's disease (G30),Alzheimer's disease,Hawaii,171,12.2
923,2004,"Intentional self-harm (suicide) (*U03,X60-X84,Y87.0)",Suicide,Mississippi,350,12.2
924,2002,"Intentional self-harm (suicide) (*U03,X60-X84,Y87.0)",Suicide,Mississippi,343,12.2
925,2001,"Intentional self-harm (suicide) (*U03,X60-X84,Y87.0)",Suicide,Tennessee,711,12.2
926,2001,"Nephritis, nephrotic syndrome and nephrosis (N00-N07,N17-N19,N25-N27)",Kidney disease,New York,2421,12.2
927,2000,"Intentional self-harm (suicide) (*U03,X60-X84,Y87.0)",Suicide,Kansas,325,12.2
928,2000,"Nephritis, nephrotic syndrome and nephrosis (N00-N07,N17-N19,N25-N27)",Kidney disease,Arizona,614,12.2
929,1999,"Intentional self-harm (suicide) (*U03,X60-X84,Y87.0)",Suicide,Florida,2029,12.2
930,2017,Influenza and pneumonia (J09-J18),Influenza and pneumonia,South Carolina,723,12.3
931,2015,Influenza and pneumonia (J09-J18),Influenza and pneumonia,Colorado,659,12.3
932,2015,"Nephritis, nephrotic syndrome and nephrosis (N00-N07,N17-N19,N25-N27)",Kidney disease,Maryland,834,12.3
933,2012,"Nephritis, nephrotic syndrome and nephrosis (N00-N07,N17-N19,N25-N27)",Kidney disease,Wyoming,72,12.3
934,2011,"Intentional self-harm (suicide) (*U03,X60-X84,Y87.0)",Suicide,North Carolina,1213,12.3
935,2011,"Intentional self-harm (suicide) (*U03,X60-X84,Y87.0)",Suicide,Ohio,1465,12.3
936,2011,"Intentional self-harm (suicide) (*U03,X60-X84,Y87.0)",Suicide,United States,39518,12.3
937,2010,Influenza and pneumonia (J09-J18),Influenza and pneumonia,Colorado,550,12.3
938,2010,"Intentional self-harm (suicide) (*U03,X60-X84,Y87.0)",Suicide,Louisiana,557,12.3
939,2010,"Intentional self-harm (suicide) (*U03,X60-X84,Y87.0)",Suicide,Rhode Island,129,12.3
940,2009,Influenza and pneumonia (J09-J18),Influenza and pneumonia,Nebraska,266,12.3
941,2008,"Intentional self-harm (suicide) (*U03,X60-X84,Y87.0)",Suicide,North Carolina,1162,12.3
942,2007,"Intentional self-harm (suicide) (*U03,X60-X84,Y87.0)",Suicide,Indiana,790,12.3
943,2006,"Intentional self-harm (suicide) (*U03,X60-X84,Y87.0)",Suicide,Washington,809,12.3
944,2006,"Nephritis, nephrotic syndrome and nephrosis (N00-N07,N17-N19,N25-N27)",Kidney disease,Nebraska,249,12.3
945,2005,"Nephritis, nephrotic syndrome and nephrosis (N00-N07,N17-N19,N25-N27)",Kidney disease,Minnesota,669,12.3
946,2005,"Nephritis, nephrotic syndrome and nephrosis (N00-N07,N17-N19,N25-N27)",Kidney disease,Nebraska,245,12.3
947,2003,"Intentional self-harm (suicide) (*U03,X60-X84,Y87.0)",Suicide,North Dakota,81,12.3
948,2003,"Nephritis, nephrotic syndrome and nephrosis (N00-N07,N17-N19,N25-N27)",Kidney disease,Minnesota,654,12.3
949,2003,"Nephritis, nephrotic syndrome and nephrosis (N00-N07,N17-N19,N25-N27)",Kidney disease,New Mexico,217,12.3
950,2002,"Intentional self-harm (suicide) (*U03,X60-X84,Y87.0)",Suicide,South Dakota,94,12.3
951,2002,"Nephritis, nephrotic syndrome and nephrosis (N00-N07,N17-N19,N25-N27)",Kidney disease,New York,2465,12.3
952,2000,"Intentional self-harm (suicide) (*U03,X60-X84,Y87.0)",Suicide,Vermont,77,12.3
953,1999,"Nephritis, nephrotic syndrome and nephrosis (N00-N07,N17-N19,N25-N27)",Kidney disease,Tennessee,675,12.3
954,2016,Influenza and pneumonia (J09-J18),Influenza and pneumonia,Oklahoma,546,12.4
955,2016,"Nephritis, nephrotic syndrome and nephrosis (N00-N07,N17-N19,N25-N27)",Kidney disease,Maine,239,12.4
956,2015,Influenza and pneumonia (J09-J18),Influenza and pneumonia,Idaho,218,12.4
957,2013,"Intentional self-harm (suicide) (*U03,X60-X84,Y87.0)",Suicide,Louisiana,583,12.4
958,2012,Alzheimer's disease (G30),Alzheimer's disease,Hawaii,249,12.4
959,2012,"Intentional self-harm (suicide) (*U03,X60-X84,Y87.0)",Suicide,Louisiana,567,12.4
960,2012,"Intentional self-harm (suicide) (*U03,X60-X84,Y87.0)",Suicide,Pennsylvania,1647,12.4
961,2012,"Intentional self-harm (suicide) (*U03,X60-X84,Y87.0)",Suicide,Wisconsin,723,12.4
962,2012,"Nephritis, nephrotic syndrome and nephrosis (N00-N07,N17-N19,N25-N27)",Kidney disease,Connecticut,569,12.4
963,2012,"Nephritis, nephrotic syndrome and nephrosis (N00-N07,N17-N19,N25-N27)",Kidney disease,Utah,270,12.4
964,2011,"Nephritis, nephrotic syndrome and nephrosis (N00-N07,N17-N19,N25-N27)",Kidney disease,Rhode Island,174,12.4
965,2009,Influenza and pneumonia (J09-J18),Influenza and pneumonia,District of Columbia,73,12.4
966,2009,"Nephritis, nephrotic syndrome and nephrosis (N00-N07,N17-N19,N25-N27)",Kidney disease,Idaho,186,12.4
967,2008,"Nephritis, nephrotic syndrome and nephrosis (N00-N07,N17-N19,N25-N27)",Kidney disease,New Hampshire,174,12.4
968,2007,"Intentional self-harm (suicide) (*U03,X60-X84,Y87.0)",Suicide,Alabama,592,12.4
969,2006,"Intentional self-harm (suicide) (*U03,X60-X84,Y87.0)",Suicide,Alabama,580,12.4
970,2005,"Intentional self-harm (suicide) (*U03,X60-X84,Y87.0)",Suicide,Maine,175,12.4
971,2004,Influenza and pneumonia (J09-J18),Influenza and pneumonia,Washington,738,12.4
972,2004,"Intentional self-harm (suicide) (*U03,X60-X84,Y87.0)",Suicide,Maine,171,12.4
973,2004,"Intentional self-harm (suicide) (*U03,X60-X84,Y87.0)",Suicide,Missouri,715,12.4
974,2000,"Intentional self-harm (suicide) (*U03,X60-X84,Y87.0)",Suicide,Florida,2086,12.4
975,2000,"Intentional self-harm (suicide) (*U03,X60-X84,Y87.0)",Suicide,Washington,727,12.4
976,2000,"Nephritis, nephrotic syndrome and nephrosis (N00-N07,N17-N19,N25-N27)",Kidney disease,Maryland,594,12.4
977,2017,"Nephritis, nephrotic syndrome and nephrosis (N00-N07,N17-N19,N25-N27)",Kidney disease,Wisconsin,922,12.5
978,2016,Influenza and pneumonia (J09-J18),Influenza and pneumonia,Alaska,61,12.5
979,2015,Influenza and pneumonia (J09-J18),Influenza and pneumonia,New Jersey,1402,12.5
980,2015,"Intentional self-harm (suicide) (*U03,X60-X84,Y87.0)",Suicide,Texas,3403,12.5
981,2015,"Nephritis, nephrotic syndrome and nephrosis (N00-N07,N17-N19,N25-N27)",Kidney disease,North Dakota,118,12.5
982,2014,"Intentional self-harm (suicide) (*U03,X60-X84,Y87.0)",Suicide,Mississippi,380,12.5
983,2013,"Intentional self-harm (suicide) (*U03,X60-X84,Y87.0)",Suicide,Delaware,122,12.5
984,2013,"Intentional self-harm (suicide) (*U03,X60-X84,Y87.0)",Suicide,Virginia,1072,12.5
985,2012,Influenza and pneumonia (J09-J18),Influenza and pneumonia,New Mexico,281,12.5
986,2012,"Intentional self-harm (suicide) (*U03,X60-X84,Y87.0)",Suicide,Michigan,1261,12.5
987,2012,"Intentional self-harm (suicide) (*U03,X60-X84,Y87.0)",Suicide,Nebraska,232,12.5
988,2011,"Intentional self-harm (suicide) (*U03,X60-X84,Y87.0)",Suicide,Louisiana,573,12.5
989,2011,"Intentional self-harm (suicide) (*U03,X60-X84,Y87.0)",Suicide,Minnesota,683,12.5
990,2011,"Nephritis, nephrotic syndrome and nephrosis (N00-N07,N17-N19,N25-N27)",Kidney disease,Alaska,53,12.5
991,2010,"Intentional self-harm (suicide) (*U03,X60-X84,Y87.0)",Suicide,Michigan,1263,12.5
992,2010,"Nephritis, nephrotic syndrome and nephrosis (N00-N07,N17-N19,N25-N27)",Kidney disease,Wyoming,69,12.5
993,2009,Influenza and pneumonia (J09-J18),Influenza and pneumonia,Alaska,51,12.5
994,2009,"Intentional self-harm (suicide) (*U03,X60-X84,Y87.0)",Suicide,Hawaii,175,12.5
995,2009,"Intentional self-harm (suicide) (*U03,X60-X84,Y87.0)",Suicide,Wisconsin,724,12.5
996,2008,Influenza and pneumonia (J09-J18),Influenza and pneumonia,Minnesota,745,12.5
997,2008,"Nephritis, nephrotic syndrome and nephrosis (N00-N07,N17-N19,N25-N27)",Kidney disease,Hawaii,197,12.5
998,2007,"Intentional self-harm (suicide) (*U03,X60-X84,Y87.0)",Suicide,South Dakota,102,12.5
999,2005,"Intentional self-harm (suicide) (*U03,X60-X84,Y87.0)",Suicide,Florida,2347,12.5
1000,2005,"Intentional self-harm (suicide) (*U03,X60-X84,Y87.0)",Suicide,Missouri,727,12.5
1001,2005,"Intentional self-harm (suicide) (*U03,X60-X84,Y87.0)",Suicide,Vermont,78,12.5
1002,2005,"Nephritis, nephrotic syndrome and nephrosis (N00-N07,N17-N19,N25-N27)",Kidney disease,Colorado,470,12.5
1003,2004,"Nephritis, nephrotic syndrome and nephrosis (N00-N07,N17-N19,N25-N27)",Kidney disease,Minnesota,669,12.5
1004,2002,"Intentional self-harm (suicide) (*U03,X60-X84,Y87.0)",Suicide,Maine,166,12.5
1005,2002,"Nephritis, nephrotic syndrome and nephrosis (N00-N07,N17-N19,N25-N27)",Kidney disease,District of Columbia,70,12.5
1006,2001,"Nephritis, nephrotic syndrome and nephrosis (N00-N07,N17-N19,N25-N27)",Kidney disease,Arizona,644,12.5
1007,2000,"Intentional self-harm (suicide) (*U03,X60-X84,Y87.0)",Suicide,Missouri,699,12.5
1008,2000,"Nephritis, nephrotic syndrome and nephrosis (N00-N07,N17-N19,N25-N27)",Kidney disease,New York,2440,12.5
1009,1999,"Intentional self-harm (suicide) (*U03,X60-X84,Y87.0)",Suicide,Alabama,555,12.5
1010,2017,Influenza and pneumonia (J09-J18),Influenza and pneumonia,Washington,1041,12.6
1011,2016,Influenza and pneumonia (J09-J18),Influenza and pneumonia,Indiana,962,12.6
1012,2016,"Intentional self-harm (suicide) (*U03,X60-X84,Y87.0)",Suicide,Texas,3488,12.6
1013,2015,Alzheimer's disease (G30),Alzheimer's disease,New York,3174,12.6
1014,2015,"Intentional self-harm (suicide) (*U03,X60-X84,Y87.0)",Suicide,Delaware,122,12.6
1015,2014,"Intentional self-harm (suicide) (*U03,X60-X84,Y87.0)",Suicide,Georgia,1295,12.6
1016,2014,"Intentional self-harm (suicide) (*U03,X60-X84,Y87.0)",Suicide,Ohio,1491,12.6
1017,2013,Alzheimer's disease (G30),Alzheimer's disease,Hawaii,260,12.6
1018,2013,Influenza and pneumonia (J09-J18),Influenza and pneumonia,New Jersey,1356,12.6
1019,2013,"Intentional self-harm (suicide) (*U03,X60-X84,Y87.0)",Suicide,North Carolina,1284,12.6
1020,2013,"Intentional self-harm (suicide) (*U03,X60-X84,Y87.0)",Suicide,United States,41149,12.6
1021,2012,"Intentional self-harm (suicide) (*U03,X60-X84,Y87.0)",Suicide,United States,40600,12.6
1022,2012,"Nephritis, nephrotic syndrome and nephrosis (N00-N07,N17-N19,N25-N27)",Kidney disease,New Mexico,285,12.6
1023,2011,Influenza and pneumonia (J09-J18),Influenza and pneumonia,Alaska,58,12.6
1024,2011,"Intentional self-harm (suicide) (*U03,X60-X84,Y87.0)",Suicide,Virginia,1054,12.6
1025,2010,Influenza and pneumonia (J09-J18),Influenza and pneumonia,New Hampshire,191,12.6
1026,2008,"Intentional self-harm (suicide) (*U03,X60-X84,Y87.0)",Suicide,Alabama,604,12.6
1027,2008,"Intentional self-harm (suicide) (*U03,X60-X84,Y87.0)",Suicide,Indiana,809,12.6
1028,2008,"Intentional self-harm (suicide) (*U03,X60-X84,Y87.0)",Suicide,Iowa,380,12.6
1029,2007,"Nephritis, nephrotic syndrome and nephrosis (N00-N07,N17-N19,N25-N27)",Kidney disease,Rhode Island,167,12.6
1030,2006,Influenza and pneumonia (J09-J18),Influenza and pneumonia,Oregon,522,12.6
1031,2006,"Intentional self-harm (suicide) (*U03,X60-X84,Y87.0)",Suicide,Florida,2440,12.6
1032,2006,"Nephritis, nephrotic syndrome and nephrosis (N00-N07,N17-N19,N25-N27)",Kidney disease,Tennessee,768,12.6
1033,2004,"Nephritis, nephrotic syndrome and nephrosis (N00-N07,N17-N19,N25-N27)",Kidney disease,New Mexico,227,12.6
1034,2002,"Nephritis, nephrotic syndrome and nephrosis (N00-N07,N17-N19,N25-N27)",Kidney disease,Maryland,630,12.6
1035,2002,"Nephritis, nephrotic syndrome and nephrosis (N00-N07,N17-N19,N25-N27)",Kidney disease,Minnesota,649,12.6
1036,1999,"Intentional self-harm (suicide) (*U03,X60-X84,Y87.0)",Suicide,Arkansas,336,12.6
1037,1999,"Intentional self-harm (suicide) (*U03,X60-X84,Y87.0)",Suicide,Missouri,700,12.6
1038,2016,Influenza and pneumonia (J09-J18),Influenza and pneumonia,Virginia,1177,12.7
1039,2016,"Intentional self-harm (suicide) (*U03,X60-X84,Y87.0)",Suicide,Mississippi,383,12.7
1040,2015,"Intentional self-harm (suicide) (*U03,X60-X84,Y87.0)",Suicide,Georgia,1317,12.7
1041,2015,"Intentional self-harm (suicide) (*U03,X60-X84,Y87.0)",Suicide,Virginia,1118,12.7
1042,2012,Influenza and pneumonia (J09-J18),Influenza and pneumonia,Nebraska,291,12.7
1043,2012,"Intentional self-harm (suicide) (*U03,X60-X84,Y87.0)",Suicide,Iowa,383,12.7
1044,2012,"Intentional self-harm (suicide) (*U03,X60-X84,Y87.0)",Suicide,North Carolina,1286,12.7
1045,2012,"Intentional self-harm (suicide) (*U03,X60-X84,Y87.0)",Suicide,Virginia,1063,12.7
1046,2012,"Nephritis, nephrotic syndrome and nephrosis (N00-N07,N17-N19,N25-N27)",Kidney disease,Delaware,139,12.7
1047,2009,"Nephritis, nephrotic syndrome and nephrosis (N00-N07,N17-N19,N25-N27)",Kidney disease,Alaska,47,12.7
1048,2008,"Intentional self-harm (suicide) (*U03,X60-X84,Y87.0)",Suicide,Maine,181,12.7
1049,2007,Influenza and pneumonia (J09-J18),Influenza and pneumonia,Delaware,117,12.7
1050,2007,Influenza and pneumonia (J09-J18),Influenza and pneumonia,Hawaii,199,12.7
1051,2007,"Intentional self-harm (suicide) (*U03,X60-X84,Y87.0)",Suicide,Wisconsin,729,12.7
1052,2005,Influenza and pneumonia (J09-J18),Influenza and pneumonia,Alaska,44,12.7
1053,2005,"Intentional self-harm (suicide) (*U03,X60-X84,Y87.0)",Suicide,Mississippi,363,12.7
1054,2004,Influenza and pneumonia (J09-J18),Influenza and pneumonia,Vermont,86,12.7
1055,2003,"Nephritis, nephrotic syndrome and nephrosis (N00-N07,N17-N19,N25-N27)",Kidney disease,Utah,207,12.7
1056,2002,"Intentional self-harm (suicide) (*U03,X60-X84,Y87.0)",Suicide,Kansas,345,12.7
1057,2002,"Nephritis, nephrotic syndrome and nephrosis (N00-N07,N17-N19,N25-N27)",Kidney disease,Texas,2166,12.7
1058,2001,"Intentional self-harm (suicide) (*U03,X60-X84,Y87.0)",Suicide,North Dakota,79,12.7
1059,2000,"Intentional self-harm (suicide) (*U03,X60-X84,Y87.0)",Suicide,South Dakota,95,12.7
1060,2000,"Intentional self-harm (suicide) (*U03,X60-X84,Y87.0)",Suicide,Tennessee,730,12.7
1061,1999,"Intentional self-harm (suicide) (*U03,X60-X84,Y87.0)",Suicide,Tennessee,726,12.7
1062,2014,"Nephritis, nephrotic syndrome and nephrosis (N00-N07,N17-N19,N25-N27)",Kidney disease,Nevada,365,12.8
1063,2013,"Intentional self-harm (suicide) (*U03,X60-X84,Y87.0)",Suicide,New Hampshire,185,12.8
1064,2012,Influenza and pneumonia (J09-J18),Influenza and pneumonia,New Hampshire,204,12.8
1065,2011,Influenza and pneumonia (J09-J18),Influenza and pneumonia,Montana,156,12.8
1066,2011,"Intentional self-harm (suicide) (*U03,X60-X84,Y87.0)",Suicide,Hawaii,181,12.8
1067,2011,"Intentional self-harm (suicide) (*U03,X60-X84,Y87.0)",Suicide,Wisconsin,745,12.8
1068,2010,"Nephritis, nephrotic syndrome and nephrosis (N00-N07,N17-N19,N25-N27)",Kidney disease,Hawaii,208,12.8
1069,2009,"Intentional self-harm (suicide) (*U03,X60-X84,Y87.0)",Suicide,Indiana,828,12.8
1070,2008,"Intentional self-harm (suicide) (*U03,X60-X84,Y87.0)",Suicide,Wisconsin,743,12.8
1071,2008,"Nephritis, nephrotic syndrome and nephrosis (N00-N07,N17-N19,N25-N27)",Kidney disease,Nebraska,270,12.8
1072,2007,"Nephritis, nephrotic syndrome and nephrosis (N00-N07,N17-N19,N25-N27)",Kidney disease,Nebraska,269,12.8
1073,2007,"Nephritis, nephrotic syndrome and nephrosis (N00-N07,N17-N19,N25-N27)",Kidney disease,New Mexico,252,12.8
1074,2005,"Intentional self-harm (suicide) (*U03,X60-X84,Y87.0)",Suicide,Washington,822,12.8
1075,2004,"Nephritis, nephrotic syndrome and nephrosis (N00-N07,N17-N19,N25-N27)",Kidney disease,New Hampshire,163,12.8
1076,2003,"Intentional self-harm (suicide) (*U03,X60-X84,Y87.0)",Suicide,Florida,2297,12.8
1077,2003,"Intentional self-harm (suicide) (*U03,X60-X84,Y87.0)",Suicide,Kansas,347,12.8
1078,2001,"Intentional self-harm (suicide) (*U03,X60-X84,Y87.0)",Suicide,Missouri,725,12.8
1079,2000,"Intentional self-harm (suicide) (*U03,X60-X84,Y87.0)",Suicide,Kentucky,521,12.8
1080,2017,Influenza and pneumonia (J09-J18),Influenza and pneumonia,Wisconsin,974,12.9
1081,2017,"Nephritis, nephrotic syndrome and nephrosis (N00-N07,N17-N19,N25-N27)",Kidney disease,New Mexico,330,12.9
1082,2017,"Nephritis, nephrotic syndrome and nephrosis (N00-N07,N17-N19,N25-N27)",Kidney disease,North Dakota,122,12.9
1083,2016,"Nephritis, nephrotic syndrome and nephrosis (N00-N07,N17-N19,N25-N27)",Kidney disease,Oklahoma,577,12.9
1084,2015,"Nephritis, nephrotic syndrome and nephrosis (N00-N07,N17-N19,N25-N27)",Kidney disease,New Mexico,316,12.9
1085,2014,"Intentional self-harm (suicide) (*U03,X60-X84,Y87.0)",Suicide,Iowa,407,12.9
1086,2014,"Intentional self-harm (suicide) (*U03,X60-X84,Y87.0)",Suicide,Virginia,1123,12.9
1087,2014,"Nephritis, nephrotic syndrome and nephrosis (N00-N07,N17-N19,N25-N27)",Kidney disease,Connecticut,605,12.9
1088,2013,Influenza and pneumonia (J09-J18),Influenza and pneumonia,Rhode Island,195,12.9
1089,2013,"Intentional self-harm (suicide) (*U03,X60-X84,Y87.0)",Suicide,Michigan,1295,12.9
1090,2013,"Intentional self-harm (suicide) (*U03,X60-X84,Y87.0)",Suicide,Ohio,1526,12.9
1091,2013,"Nephritis, nephrotic syndrome and nephrosis (N00-N07,N17-N19,N25-N27)",Kidney disease,North Dakota,117,12.9
1092,2010,"Nephritis, nephrotic syndrome and nephrosis (N00-N07,N17-N19,N25-N27)",Kidney disease,Florida,3297,12.9
1093,2009,Influenza and pneumonia (J09-J18),Influenza and pneumonia,South Dakota,134,12.9
1094,2006,Influenza and pneumonia (J09-J18),Influenza and pneumonia,Washington,814,12.9
1095,2006,"Nephritis, nephrotic syndrome and nephrosis (N00-N07,N17-N19,N25-N27)",Kidney disease,Alaska,44,12.9
1096,2006,"Nephritis, nephrotic syndrome and nephrosis (N00-N07,N17-N19,N25-N27)",Kidney disease,Minnesota,711,12.9
1097,2006,"Nephritis, nephrotic syndrome and nephrosis (N00-N07,N17-N19,N25-N27)",Kidney disease,Rhode Island,167,12.9
1098,2003,"Intentional self-harm (suicide) (*U03,X60-X84,Y87.0)",Suicide,Tennessee,762,12.9
1099,2002,"Nephritis, nephrotic syndrome and nephrosis (N00-N07,N17-N19,N25-N27)",Kidney disease,New Mexico,220,12.9
1100,2001,"Nephritis, nephrotic syndrome and nephrosis (N00-N07,N17-N19,N25-N27)",Kidney disease,Montana,128,12.9
1101,2017,"Nephritis, nephrotic syndrome and nephrosis (N00-N07,N17-N19,N25-N27)",Kidney disease,United States,50633,13.0
1102,2017,"Nephritis, nephrotic syndrome and nephrosis (N00-N07,N17-N19,N25-N27)",Kidney disease,Maine,260,13.0
1103,2016,"Intentional self-harm (suicide) (*U03,X60-X84,Y87.0)",Suicide,North Carolina,1373,13.0
1104,2016,"Nephritis, nephrotic syndrome and nephrosis (N00-N07,N17-N19,N25-N27)",Kidney disease,Wisconsin,960,13.0
1105,2015,Influenza and pneumonia (J09-J18),Influenza and pneumonia,Texas,3214,13.0
1106,2014,"Intentional self-harm (suicide) (*U03,X60-X84,Y87.0)",Suicide,United States,42826,13.0
1107,2013,"Intentional self-harm (suicide) (*U03,X60-X84,Y87.0)",Suicide,Mississippi,388,13.0
1108,2012,"Intentional self-harm (suicide) (*U03,X60-X84,Y87.0)",Suicide,Ohio,1542,13.0
1109,2012,"Intentional self-harm (suicide) (*U03,X60-X84,Y87.0)",Suicide,Vermont,87,13.0
1110,2011,Influenza and pneumonia (J09-J18),Influenza and pneumonia,Delaware,133,13.0
1111,2011,Influenza and pneumonia (J09-J18),Influenza and pneumonia,North Dakota,120,13.0
1112,2010,"Intentional self-harm (suicide) (*U03,X60-X84,Y87.0)",Suicide,Mississippi,388,13.0
1113,2009,Influenza and pneumonia (J09-J18),Influenza and pneumonia,New Jersey,1309,13.0
1114,2009,"Intentional self-harm (suicide) (*U03,X60-X84,Y87.0)",Suicide,South Carolina,619,13.0
1115,2009,"Intentional self-harm (suicide) (*U03,X60-X84,Y87.0)",Suicide,Vermont,87,13.0
1116,2008,"Intentional self-harm (suicide) (*U03,X60-X84,Y87.0)",Suicide,Missouri,779,13.0
1117,2007,Diabetes mellitus (E10-E14),Diabetes,Nevada,312,13.0
1118,2006,Diabetes mellitus (E10-E14),Diabetes,Nevada,294,13.0
1119,2006,"Intentional self-harm (suicide) (*U03,X60-X84,Y87.0)",Suicide,Indiana,824,13.0
1120,2005,"Nephritis, nephrotic syndrome and nephrosis (N00-N07,N17-N19,N25-N27)",Kidney disease,New Mexico,239,13.0
1121,2004,"Intentional self-harm (suicide) (*U03,X60-X84,Y87.0)",Suicide,Arkansas,361,13.0
1122,2004,"Intentional self-harm (suicide) (*U03,X60-X84,Y87.0)",Suicide,Florida,2389,13.0
1123,2003,"Intentional self-harm (suicide) (*U03,X60-X84,Y87.0)",Suicide,Vermont,83,13.0
1124,2002,"Intentional self-harm (suicide) (*U03,X60-X84,Y87.0)",Suicide,Kentucky,540,13.0
1125,2000,"Intentional self-harm (suicide) (*U03,X60-X84,Y87.0)",Suicide,Arkansas,349,13.0
1126,1999,"Nephritis, nephrotic syndrome and nephrosis (N00-N07,N17-N19,N25-N27)",Kidney disease,United States,35525,13.0
1127,2017,Influenza and pneumonia (J09-J18),Influenza and pneumonia,Connecticut,675,13.1
1128,2017,Influenza and pneumonia (J09-J18),Influenza and pneumonia,New Hampshire,230,13.1
1129,2017,Influenza and pneumonia (J09-J18),Influenza and pneumonia,Virginia,1245,13.1
1130,2016,Alzheimer's disease (G30),Alzheimer's disease,New York,3349,13.1
1131,2016,"Intentional self-harm (suicide) (*U03,X60-X84,Y87.0)",Suicide,Nebraska,246,13.1
1132,2016,"Nephritis, nephrotic syndrome and nephrosis (N00-N07,N17-N19,N25-N27)",Kidney disease,United States,50046,13.1
1133,2014,"Intentional self-harm (suicide) (*U03,X60-X84,Y87.0)",Suicide,North Carolina,1352,13.1
1134,2014,"Intentional self-harm (suicide) (*U03,X60-X84,Y87.0)",Suicide,Wisconsin,769,13.1
1135,2012,"Intentional self-harm (suicide) (*U03,X60-X84,Y87.0)",Suicide,Hawaii,190,13.1
1136,2012,"Nephritis, nephrotic syndrome and nephrosis (N00-N07,N17-N19,N25-N27)",Kidney disease,United States,45622,13.1
1137,2011,Influenza and pneumonia (J09-J18),Influenza and pneumonia,Colorado,618,13.1
1138,2011,"Intentional self-harm (suicide) (*U03,X60-X84,Y87.0)",Suicide,Mississippi,389,13.1
1139,2011,"Nephritis, nephrotic syndrome and nephrosis (N00-N07,N17-N19,N25-N27)",Kidney disease,Connecticut,602,13.1
1140,2010,"Intentional self-harm (suicide) (*U03,X60-X84,Y87.0)",Suicide,Indiana,864,13.1
1141,2010,"Nephritis, nephrotic syndrome and nephrosis (N00-N07,N17-N19,N25-N27)",Kidney disease,New Mexico,276,13.1
1142,2010,"Nephritis, nephrotic syndrome and nephrosis (N00-N07,N17-N19,N25-N27)",Kidney disease,Utah,263,13.1
1143,2009,Influenza and pneumonia (J09-J18),Influenza and pneumonia,New Hampshire,194,13.1
1144,2009,"Intentional self-harm (suicide) (*U03,X60-X84,Y87.0)",Suicide,Mississippi,381,13.1
1145,2009,"Intentional self-harm (suicide) (*U03,X60-X84,Y87.0)",Suicide,West Virginia,253,13.1
1146,2008,"Intentional self-harm (suicide) (*U03,X60-X84,Y87.0)",Suicide,New Hampshire,179,13.1
1147,2008,"Intentional self-harm (suicide) (*U03,X60-X84,Y87.0)",Suicide,North Dakota,86,13.1
1148,2008,"Nephritis, nephrotic syndrome and nephrosis (N00-N07,N17-N19,N25-N27)",Kidney disease,Montana,151,13.1
1149,2007,"Intentional self-harm (suicide) (*U03,X60-X84,Y87.0)",Suicide,Washington,865,13.1
1150,2005,Alzheimer's disease (G30),Alzheimer's disease,Hawaii,192,13.1
1151,2005,"Nephritis, nephrotic syndrome and nephrosis (N00-N07,N17-N19,N25-N27)",Kidney disease,New Hampshire,173,13.1
1152,2003,"Intentional self-harm (suicide) (*U03,X60-X84,Y87.0)",Suicide,Washington,803,13.1
1153,2003,"Nephritis, nephrotic syndrome and nephrosis (N00-N07,N17-N19,N25-N27)",Kidney disease,South Dakota,124,13.1
1154,2001,Influenza and pneumonia (J09-J18),Influenza and pneumonia,Alaska,36,13.1
1155,2000,Alzheimer's disease (G30),Alzheimer's disease,Connecticut,526,13.1
1156,2000,Alzheimer's disease (G30),Alzheimer's disease,District of Columbia,75,13.1
1157,2000,"Intentional self-harm (suicide) (*U03,X60-X84,Y87.0)",Suicide,Alabama,583,13.1
1158,2000,"Nephritis, nephrotic syndrome and nephrosis (N00-N07,N17-N19,N25-N27)",Kidney disease,Wisconsin,751,13.1
1159,2017,Alzheimer's disease (G30),Alzheimer's disease,New York,3521,13.2
1160,2017,Influenza and pneumonia (J09-J18),Influenza and pneumonia,Iowa,578,13.2
1161,2016,"Intentional self-harm (suicide) (*U03,X60-X84,Y87.0)",Suicide,Minnesota,745,13.2
1162,2016,"Intentional self-harm (suicide) (*U03,X60-X84,Y87.0)",Suicide,Virginia,1166,13.2
1163,2016,"Nephritis, nephrotic syndrome and nephrosis (N00-N07,N17-N19,N25-N27)",Kidney disease,Massachusetts,1139,13.2
1164,2015,"Intentional self-harm (suicide) (*U03,X60-X84,Y87.0)",Suicide,Minnesota,730,13.2
1165,2014,"Intentional self-harm (suicide) (*U03,X60-X84,Y87.0)",Suicide,Delaware,126,13.2
1166,2014,"Nephritis, nephrotic syndrome and nephrosis (N00-N07,N17-N19,N25-N27)",Kidney disease,United States,48146,13.2
1167,2013,Influenza and pneumonia (J09-J18),Influenza and pneumonia,District of Columbia,83,13.2
1168,2013,"Nephritis, nephrotic syndrome and nephrosis (N00-N07,N17-N19,N25-N27)",Kidney disease,New Jersey,1400,13.2
1169,2013,"Nephritis, nephrotic syndrome and nephrosis (N00-N07,N17-N19,N25-N27)",Kidney disease,New Mexico,302,13.2
1170,2013,"Nephritis, nephrotic syndrome and nephrosis (N00-N07,N17-N19,N25-N27)",Kidney disease,United States,47112,13.2
1171,2012,"Intentional self-harm (suicide) (*U03,X60-X84,Y87.0)",Suicide,Delaware,125,13.2
1172,2011,"Intentional self-harm (suicide) (*U03,X60-X84,Y87.0)",Suicide,Alabama,654,13.2
1173,2011,"Intentional self-harm (suicide) (*U03,X60-X84,Y87.0)",Suicide,Pennsylvania,1747,13.2
1174,2010,"Intentional self-harm (suicide) (*U03,X60-X84,Y87.0)",Suicide,Maine,186,13.2
1175,2009,"Nephritis, nephrotic syndrome and nephrosis (N00-N07,N17-N19,N25-N27)",Kidney disease,New Mexico,274,13.2
1176,2008,Influenza and pneumonia (J09-J18),Influenza and pneumonia,Alaska,51,13.2
1177,2008,"Intentional self-harm (suicide) (*U03,X60-X84,Y87.0)",Suicide,Washington,889,13.2
1178,2007,"Intentional self-harm (suicide) (*U03,X60-X84,Y87.0)",Suicide,Florida,2587,13.2
1179,2007,"Nephritis, nephrotic syndrome and nephrosis (N00-N07,N17-N19,N25-N27)",Kidney disease,Connecticut,566,13.2
1180,2007,"Nephritis, nephrotic syndrome and nephrosis (N00-N07,N17-N19,N25-N27)",Kidney disease,Maryland,731,13.2
1181,2006,Alzheimer's disease (G30),Alzheimer's disease,Hawaii,201,13.2
1182,2005,"Intentional self-harm (suicide) (*U03,X60-X84,Y87.0)",Suicide,West Virginia,255,13.2
1183,2004,"Intentional self-harm (suicide) (*U03,X60-X84,Y87.0)",Suicide,Tennessee,792,13.2
1184,2001,"Intentional self-harm (suicide) (*U03,X60-X84,Y87.0)",Suicide,New Hampshire,167,13.2
1185,2000,"Intentional self-harm (suicide) (*U03,X60-X84,Y87.0)",Suicide,West Virginia,245,13.2
1186,2000,"Nephritis, nephrotic syndrome and nephrosis (N00-N07,N17-N19,N25-N27)",Kidney disease,Minnesota,661,13.2
1187,1999,"Nephritis, nephrotic syndrome and nephrosis (N00-N07,N17-N19,N25-N27)",Kidney disease,Kansas,390,13.2
1188,2017,Influenza and pneumonia (J09-J18),Influenza and pneumonia,Montana,185,13.3
1189,2017,Influenza and pneumonia (J09-J18),Influenza and pneumonia,Utah,334,13.3
1190,2016,"Intentional self-harm (suicide) (*U03,X60-X84,Y87.0)",Suicide,Georgia,1409,13.3
1191,2016,"Intentional self-harm (suicide) (*U03,X60-X84,Y87.0)",Suicide,Michigan,1364,13.3
1192,2015,"Intentional self-harm (suicide) (*U03,X60-X84,Y87.0)",Suicide,United States,44193,13.3
1193,2015,"Nephritis, nephrotic syndrome and nephrosis (N00-N07,N17-N19,N25-N27)",Kidney disease,Wyoming,86,13.3
1194,2014,Influenza and pneumonia (J09-J18),Influenza and pneumonia,Colorado,701,13.3
1195,2014,Influenza and pneumonia (J09-J18),Influenza and pneumonia,Connecticut,644,13.3
1196,2014,"Intentional self-harm (suicide) (*U03,X60-X84,Y87.0)",Suicide,Michigan,1354,13.3
1197,2014,"Intentional self-harm (suicide) (*U03,X60-X84,Y87.0)",Suicide,Pennsylvania,1817,13.3
1198,2013,"Nephritis, nephrotic syndrome and nephrosis (N00-N07,N17-N19,N25-N27)",Kidney disease,Nevada,370,13.3
1199,2012,Influenza and pneumonia (J09-J18),Influenza and pneumonia,Michigan,1565,13.3
1200,2012,"Nephritis, nephrotic syndrome and nephrosis (N00-N07,N17-N19,N25-N27)",Kidney disease,North Dakota,117,13.3
1201,2010,Diabetes mellitus (E10-E14),Diabetes,Massachusetts,1028,13.3
1202,2010,Influenza and pneumonia (J09-J18),Influenza and pneumonia,Wisconsin,904,13.3
1203,2009,Diabetes mellitus (E10-E14),Diabetes,Massachusetts,1007,13.3
1204,2009,"Intentional self-harm (suicide) (*U03,X60-X84,Y87.0)",Suicide,Washington,921,13.3
1205,2009,"Nephritis, nephrotic syndrome and nephrosis (N00-N07,N17-N19,N25-N27)",Kidney disease,Connecticut,585,13.3
1206,2009,"Nephritis, nephrotic syndrome and nephrosis (N00-N07,N17-N19,N25-N27)",Kidney disease,North Dakota,118,13.3
1207,2008,Alzheimer's disease (G30),Alzheimer's disease,Hawaii,218,13.3
1208,2007,"Nephritis, nephrotic syndrome and nephrosis (N00-N07,N17-N19,N25-N27)",Kidney disease,Tennessee,831,13.3
1209,2006,"Intentional self-harm (suicide) (*U03,X60-X84,Y87.0)",Suicide,Arkansas,376,13.3
1210,2006,"Intentional self-harm (suicide) (*U03,X60-X84,Y87.0)",Suicide,North Dakota,90,13.3
1211,2005,"Intentional self-harm (suicide) (*U03,X60-X84,Y87.0)",Suicide,Kansas,362,13.3
1212,2004,"Intentional self-harm (suicide) (*U03,X60-X84,Y87.0)",Suicide,Kentucky,560,13.3
1213,2004,"Intentional self-harm (suicide) (*U03,X60-X84,Y87.0)",Suicide,Washington,830,13.3
1214,2002,"Intentional self-harm (suicide) (*U03,X60-X84,Y87.0)",Suicide,Florida,2338,13.3
1215,2002,"Intentional self-harm (suicide) (*U03,X60-X84,Y87.0)",Suicide,Tennessee,778,13.3
1216,2000,"Intentional self-harm (suicide) (*U03,X60-X84,Y87.0)",Suicide,Idaho,167,13.3
1217,2000,"Nephritis, nephrotic syndrome and nephrosis (N00-N07,N17-N19,N25-N27)",Kidney disease,Nebraska,254,13.3
1218,1999,Alzheimer's disease (G30),Alzheimer's disease,Mississippi,356,13.3
1219,2017,"Intentional self-harm (suicide) (*U03,X60-X84,Y87.0)",Suicide,Texas,3778,13.4
1220,2017,"Intentional self-harm (suicide) (*U03,X60-X84,Y87.0)",Suicide,Virginia,1179,13.4
1221,2017,"Nephritis, nephrotic syndrome and nephrosis (N00-N07,N17-N19,N25-N27)",Kidney disease,Massachusetts,1193,13.4
1222,2015,Diabetes mellitus (E10-E14),Diabetes,Nevada,420,13.4
1223,2015,"Intentional self-harm (suicide) (*U03,X60-X84,Y87.0)",Suicide,North Carolina,1406,13.4
1224,2015,"Nephritis, nephrotic syndrome and nephrosis (N00-N07,N17-N19,N25-N27)",Kidney disease,United States,49959,13.4
1225,2014,"Intentional self-harm (suicide) (*U03,X60-X84,Y87.0)",Suicide,Nebraska,251,13.4
1226,2013,"Intentional self-harm (suicide) (*U03,X60-X84,Y87.0)",Suicide,Pennsylvania,1788,13.4
1227,2012,Influenza and pneumonia (J09-J18),Influenza and pneumonia,Texas,2974,13.4
1228,2012,"Nephritis, nephrotic syndrome and nephrosis (N00-N07,N17-N19,N25-N27)",Kidney disease,Oklahoma,554,13.4
1229,2012,"Nephritis, nephrotic syndrome and nephrosis (N00-N07,N17-N19,N25-N27)",Kidney disease,Tennessee,933,13.4
1230,2011,Diabetes mellitus (E10-E14),Diabetes,Rhode Island,180,13.4
1231,2011,"Nephritis, nephrotic syndrome and nephrosis (N00-N07,N17-N19,N25-N27)",Kidney disease,Oklahoma,550,13.4
1232,2011,"Nephritis, nephrotic syndrome and nephrosis (N00-N07,N17-N19,N25-N27)",Kidney disease,United States,45591,13.4
1233,2010,Influenza and pneumonia (J09-J18),Influenza and pneumonia,Maine,234,13.4
1234,2010,"Intentional self-harm (suicide) (*U03,X60-X84,Y87.0)",Suicide,Wisconsin,793,13.4
1235,2010,"Nephritis, nephrotic syndrome and nephrosis (N00-N07,N17-N19,N25-N27)",Kidney disease,Connecticut,599,13.4
1236,2010,"Nephritis, nephrotic syndrome and nephrosis (N00-N07,N17-N19,N25-N27)",Kidney disease,Nebraska,290,13.4
1237,2007,Alzheimer's disease (G30),Alzheimer's disease,Nevada,248,13.4
1238,2007,Influenza and pneumonia (J09-J18),Influenza and pneumonia,Ohio,1743,13.4
1239,2007,"Intentional self-harm (suicide) (*U03,X60-X84,Y87.0)",Suicide,Tennessee,844,13.4
1240,2007,"Nephritis, nephrotic syndrome and nephrosis (N00-N07,N17-N19,N25-N27)",Kidney disease,Wyoming,68,13.4
1241,2006,"Nephritis, nephrotic syndrome and nephrosis (N00-N07,N17-N19,N25-N27)",Kidney disease,New Mexico,262,13.4
1242,2005,"Intentional self-harm (suicide) (*U03,X60-X84,Y87.0)",Suicide,Kentucky,566,13.4
1243,2002,"Intentional self-harm (suicide) (*U03,X60-X84,Y87.0)",Suicide,Washington,811,13.4
1244,1999,"Intentional self-harm (suicide) (*U03,X60-X84,Y87.0)",Suicide,Maine,175,13.4
1245,1999,"Nephritis, nephrotic syndrome and nephrosis (N00-N07,N17-N19,N25-N27)",Kidney disease,Alaska,34,13.4
1246,1999,"Nephritis, nephrotic syndrome and nephrosis (N00-N07,N17-N19,N25-N27)",Kidney disease,Delaware,100,13.4
1247,1999,"Nephritis, nephrotic syndrome and nephrosis (N00-N07,N17-N19,N25-N27)",Kidney disease,Maine,191,13.4
1248,2016,Influenza and pneumonia (J09-J18),Influenza and pneumonia,United States,51537,13.5
1249,2016,"Intentional self-harm (suicide) (*U03,X60-X84,Y87.0)",Suicide,United States,44965,13.5
1250,2015,"Intentional self-harm (suicide) (*U03,X60-X84,Y87.0)",Suicide,Hawaii,201,13.5
1251,2014,"Nephritis, nephrotic syndrome and nephrosis (N00-N07,N17-N19,N25-N27)",Kidney disease,Wisconsin,980,13.5
1252,2012,Influenza and pneumonia (J09-J18),Influenza and pneumonia,Indiana,973,13.5
1253,2012,Influenza and pneumonia (J09-J18),Influenza and pneumonia,Pennsylvania,2360,13.5
1254,2012,"Nephritis, nephrotic syndrome and nephrosis (N00-N07,N17-N19,N25-N27)",Kidney disease,Michigan,1586,13.5
1255,2011,Influenza and pneumonia (J09-J18),Influenza and pneumonia,Idaho,217,13.5
1256,2011,"Intentional self-harm (suicide) (*U03,X60-X84,Y87.0)",Suicide,Indiana,881,13.5
1257,2010,Influenza and pneumonia (J09-J18),Influenza and pneumonia,District of Columbia,80,13.5
1258,2010,Influenza and pneumonia (J09-J18),Influenza and pneumonia,Idaho,208,13.5
1259,2010,"Intentional self-harm (suicide) (*U03,X60-X84,Y87.0)",Suicide,South Carolina,637,13.5
1260,2010,"Nephritis, nephrotic syndrome and nephrosis (N00-N07,N17-N19,N25-N27)",Kidney disease,Alaska,56,13.5
1261,2009,Influenza and pneumonia (J09-J18),Influenza and pneumonia,Delaware,132,13.5
1262,2009,"Intentional self-harm (suicide) (*U03,X60-X84,Y87.0)",Suicide,Kentucky,592,13.5
1263,2008,"Nephritis, nephrotic syndrome and nephrosis (N00-N07,N17-N19,N25-N27)",Kidney disease,Alaska,50,13.5
1264,2008,"Nephritis, nephrotic syndrome and nephrosis (N00-N07,N17-N19,N25-N27)",Kidney disease,Connecticut,589,13.5
1265,2007,"Intentional self-harm (suicide) (*U03,X60-X84,Y87.0)",Suicide,Missouri,808,13.5
1266,2007,"Nephritis, nephrotic syndrome and nephrosis (N00-N07,N17-N19,N25-N27)",Kidney disease,Ohio,1747,13.5
1267,2006,"Intentional self-harm (suicide) (*U03,X60-X84,Y87.0)",Suicide,Missouri,799,13.5
1268,2006,"Nephritis, nephrotic syndrome and nephrosis (N00-N07,N17-N19,N25-N27)",Kidney disease,Connecticut,567,13.5
1269,2004,Influenza and pneumonia (J09-J18),Influenza and pneumonia,Florida,3044,13.5
1270,2004,"Nephritis, nephrotic syndrome and nephrosis (N00-N07,N17-N19,N25-N27)",Kidney disease,Maryland,699,13.5
1271,2003,"Intentional self-harm (suicide) (*U03,X60-X84,Y87.0)",Suicide,South Dakota,102,13.5
1272,2001,Diabetes mellitus (E10-E14),Diabetes,Hawaii,173,13.5
1273,2001,"Intentional self-harm (suicide) (*U03,X60-X84,Y87.0)",Suicide,Delaware,108,13.5
1274,2001,"Intentional self-harm (suicide) (*U03,X60-X84,Y87.0)",Suicide,Florida,2314,13.5
1275,2001,"Nephritis, nephrotic syndrome and nephrosis (N00-N07,N17-N19,N25-N27)",Kidney disease,Vermont,86,13.5
1276,2001,"Nephritis, nephrotic syndrome and nephrosis (N00-N07,N17-N19,N25-N27)",Kidney disease,Wisconsin,791,13.5
1277,2000,"Nephritis, nephrotic syndrome and nephrosis (N00-N07,N17-N19,N25-N27)",Kidney disease,United States,37251,13.5
1278,2017,Influenza and pneumonia (J09-J18),Influenza and pneumonia,New Mexico,338,13.6
1279,2017,"Intentional self-harm (suicide) (*U03,X60-X84,Y87.0)",Suicide,Georgia,1451,13.6
1280,2015,Influenza and pneumonia (J09-J18),Influenza and pneumonia,Connecticut,667,13.6
1281,2015,Influenza and pneumonia (J09-J18),Influenza and pneumonia,New Mexico,322,13.6
1282,2013,Influenza and pneumonia (J09-J18),Influenza and pneumonia,Delaware,150,13.6
1283,2013,"Nephritis, nephrotic syndrome and nephrosis (N00-N07,N17-N19,N25-N27)",Kidney disease,Maine,252,13.6
1284,2012,Diabetes mellitus (E10-E14),Diabetes,Massachusetts,1099,13.6
1285,2012,"Nephritis, nephrotic syndrome and nephrosis (N00-N07,N17-N19,N25-N27)",Kidney disease,New Jersey,1431,13.6
1286,2011,"Intentional self-harm (suicide) (*U03,X60-X84,Y87.0)",Suicide,South Carolina,658,13.6
1287,2010,Influenza and pneumonia (J09-J18),Influenza and pneumonia,Michigan,1529,13.6
1288,2010,Influenza and pneumonia (J09-J18),Influenza and pneumonia,Montana,168,13.6
1289,2010,Influenza and pneumonia (J09-J18),Influenza and pneumonia,Pennsylvania,2324,13.6
1290,2010,"Nephritis, nephrotic syndrome and nephrosis (N00-N07,N17-N19,N25-N27)",Kidney disease,Maryland,803,13.6
1291,2009,Influenza and pneumonia (J09-J18),Influenza and pneumonia,Idaho,207,13.6
1292,2009,"Intentional self-harm (suicide) (*U03,X60-X84,Y87.0)",Suicide,Kansas,382,13.6
1293,2007,"Intentional self-harm (suicide) (*U03,X60-X84,Y87.0)",Suicide,Maine,191,13.6
1294,2007,"Intentional self-harm (suicide) (*U03,X60-X84,Y87.0)",Suicide,Mississippi,396,13.6
1295,2005,"Nephritis, nephrotic syndrome and nephrosis (N00-N07,N17-N19,N25-N27)",Kidney disease,Wyoming,66,13.6
1296,2004,Influenza and pneumonia (J09-J18),Influenza and pneumonia,Minnesota,750,13.6
1297,2003,Influenza and pneumonia (J09-J18),Influenza and pneumonia,Florida,2996,13.6
1298,2003,"Intentional self-harm (suicide) (*U03,X60-X84,Y87.0)",Suicide,Arkansas,374,13.6
1299,2003,"Intentional self-harm (suicide) (*U03,X60-X84,Y87.0)",Suicide,Kentucky,567,13.6
1300,2002,Alzheimer's disease (G30),Alzheimer's disease,Connecticut,570,13.6
1301,2001,"Nephritis, nephrotic syndrome and nephrosis (N00-N07,N17-N19,N25-N27)",Kidney disease,Texas,2269,13.6
1302,2000,"Nephritis, nephrotic syndrome and nephrosis (N00-N07,N17-N19,N25-N27)",Kidney disease,Connecticut,524,13.6
1303,1999,Alzheimer's disease (G30),Alzheimer's disease,Nevada,174,13.6
1304,2017,Influenza and pneumonia (J09-J18),Influenza and pneumonia,Idaho,255,13.7
1305,2016,Influenza and pneumonia (J09-J18),Influenza and pneumonia,Michigan,1672,13.7
1306,2015,Influenza and pneumonia (J09-J18),Influenza and pneumonia,Montana,183,13.7
1307,2015,"Nephritis, nephrotic syndrome and nephrosis (N00-N07,N17-N19,N25-N27)",Kidney disease,Wisconsin,996,13.7
1308,2014,Influenza and pneumonia (J09-J18),Influenza and pneumonia,Iowa,582,13.7
1309,2014,Influenza and pneumonia (J09-J18),Influenza and pneumonia,Maine,258,13.7
1310,2014,Influenza and pneumonia (J09-J18),Influenza and pneumonia,Montana,179,13.7
1311,2012,"Intentional self-harm (suicide) (*U03,X60-X84,Y87.0)",Suicide,South Carolina,673,13.7
1312,2010,Influenza and pneumonia (J09-J18),Influenza and pneumonia,Iowa,560,13.7
1313,2010,"Intentional self-harm (suicide) (*U03,X60-X84,Y87.0)",Suicide,Florida,2789,13.7
1314,2009,"Intentional self-harm (suicide) (*U03,X60-X84,Y87.0)",Suicide,Alabama,673,13.7
1315,2009,"Nephritis, nephrotic syndrome and nephrosis (N00-N07,N17-N19,N25-N27)",Kidney disease,Minnesota,807,13.7
1316,2009,"Nephritis, nephrotic syndrome and nephrosis (N00-N07,N17-N19,N25-N27)",Kidney disease,Rhode Island,190,13.7
1317,2008,"Intentional self-harm (suicide) (*U03,X60-X84,Y87.0)",Suicide,West Virginia,261,13.7
1318,2008,"Nephritis, nephrotic syndrome and nephrosis (N00-N07,N17-N19,N25-N27)",Kidney disease,Maryland,775,13.7
1319,2007,Influenza and pneumonia (J09-J18),Influenza and pneumonia,Alaska,48,13.7
1320,2007,"Intentional self-harm (suicide) (*U03,X60-X84,Y87.0)",Suicide,Kansas,382,13.7
1321,2006,Influenza and pneumonia (J09-J18),Influenza and pneumonia,District of Columbia,76,13.7
1322,2006,Influenza and pneumonia (J09-J18),Influenza and pneumonia,New Jersey,1315,13.7
1323,2005,"Intentional self-harm (suicide) (*U03,X60-X84,Y87.0)",Suicide,North Dakota,92,13.7
1324,2005,"Nephritis, nephrotic syndrome and nephrosis (N00-N07,N17-N19,N25-N27)",Kidney disease,Connecticut,580,13.7
1325,2004,"Intentional self-harm (suicide) (*U03,X60-X84,Y87.0)",Suicide,Kansas,370,13.7
1326,2003,"Intentional self-harm (suicide) (*U03,X60-X84,Y87.0)",Suicide,Oklahoma,476,13.7
1327,1999,"Intentional self-harm (suicide) (*U03,X60-X84,Y87.0)",Suicide,Colorado,574,13.7
1328,1999,"Intentional self-harm (suicide) (*U03,X60-X84,Y87.0)",Suicide,South Dakota,103,13.7
1329,2017,Influenza and pneumonia (J09-J18),Influenza and pneumonia,Georgia,1400,13.8
1330,2017,Influenza and pneumonia (J09-J18),Influenza and pneumonia,Indiana,1078,13.8
1331,2016,"Nephritis, nephrotic syndrome and nephrosis (N00-N07,N17-N19,N25-N27)",Kidney disease,New Jersey,1535,13.8
1332,2015,"Intentional self-harm (suicide) (*U03,X60-X84,Y87.0)",Suicide,Michigan,1410,13.8
1333,2014,Influenza and pneumonia (J09-J18),Influenza and pneumonia,Delaware,156,13.8
1334,2014,Influenza and pneumonia (J09-J18),Influenza and pneumonia,Wisconsin,1002,13.8
1335,2014,"Intentional self-harm (suicide) (*U03,X60-X84,Y87.0)",Suicide,Hawaii,204,13.8
1336,2014,"Nephritis, nephrotic syndrome and nephrosis (N00-N07,N17-N19,N25-N27)",Kidney disease,New Jersey,1502,13.8
1337,2013,"Intentional self-harm (suicide) (*U03,X60-X84,Y87.0)",Suicide,Florida,2928,13.8
1338,2012,Influenza and pneumonia (J09-J18),Influenza and pneumonia,Oklahoma,573,13.8
1339,2011,"Intentional self-harm (suicide) (*U03,X60-X84,Y87.0)",Suicide,Kansas,394,13.8
1340,2011,"Intentional self-harm (suicide) (*U03,X60-X84,Y87.0)",Suicide,New Hampshire,198,13.8
1341,2010,Diabetes mellitus (E10-E14),Diabetes,Nevada,350,13.8
1342,2010,Influenza and pneumonia (J09-J18),Influenza and pneumonia,Delaware,138,13.8
1343,2010,Influenza and pneumonia (J09-J18),Influenza and pneumonia,Rhode Island,197,13.8
1344,2007,Influenza and pneumonia (J09-J18),Influenza and pneumonia,New Jersey,1343,13.8
1345,2007,"Nephritis, nephrotic syndrome and nephrosis (N00-N07,N17-N19,N25-N27)",Kidney disease,Minnesota,780,13.8
1346,2004,Diabetes mellitus (E10-E14),Diabetes,Hawaii,194,13.8
1347,2017,Influenza and pneumonia (J09-J18),Influenza and pneumonia,Oklahoma,625,13.9
1348,2017,Influenza and pneumonia (J09-J18),Influenza and pneumonia,Rhode Island,206,13.9
1349,2017,"Intentional self-harm (suicide) (*U03,X60-X84,Y87.0)",Suicide,Minnesota,783,13.9
1350,2017,"Nephritis, nephrotic syndrome and nephrosis (N00-N07,N17-N19,N25-N27)",Kidney disease,New Jersey,1591,13.9
1351,2016,Influenza and pneumonia (J09-J18),Influenza and pneumonia,Pennsylvania,2491,13.9
1352,2015,Diabetes mellitus (E10-E14),Diabetes,Connecticut,653,13.9
1353,2015,Influenza and pneumonia (J09-J18),Influenza and pneumonia,Indiana,1044,13.9
1354,2015,"Intentional self-harm (suicide) (*U03,X60-X84,Y87.0)",Suicide,Iowa,433,13.9
1355,2015,"Intentional self-harm (suicide) (*U03,X60-X84,Y87.0)",Suicide,Ohio,1650,13.9
1356,2014,Influenza and pneumonia (J09-J18),Influenza and pneumonia,South Carolina,751,13.9
1357,2014,"Intentional self-harm (suicide) (*U03,X60-X84,Y87.0)",Suicide,Florida,3035,13.9
1358,2013,Influenza and pneumonia (J09-J18),Influenza and pneumonia,New Hampshire,226,13.9
1359,2013,"Nephritis, nephrotic syndrome and nephrosis (N00-N07,N17-N19,N25-N27)",Kidney disease,Michigan,1660,13.9
1360,2011,"Intentional self-harm (suicide) (*U03,X60-X84,Y87.0)",Suicide,Florida,2880,13.9
1361,2011,"Intentional self-harm (suicide) (*U03,X60-X84,Y87.0)",Suicide,Iowa,422,13.9
1362,2010,Influenza and pneumonia (J09-J18),Influenza and pneumonia,North Dakota,128,13.9
1363,2010,"Intentional self-harm (suicide) (*U03,X60-X84,Y87.0)",Suicide,Washington,957,13.9
1364,2009,"Intentional self-harm (suicide) (*U03,X60-X84,Y87.0)",Suicide,North Dakota,90,13.9
1365,2009,"Nephritis, nephrotic syndrome and nephrosis (N00-N07,N17-N19,N25-N27)",Kidney disease,Maryland,803,13.9
1366,2008,Influenza and pneumonia (J09-J18),Influenza and pneumonia,District of Columbia,78,13.9
1367,2008,"Intentional self-harm (suicide) (*U03,X60-X84,Y87.0)",Suicide,Florida,2740,13.9
1368,2008,"Intentional self-harm (suicide) (*U03,X60-X84,Y87.0)",Suicide,Mississippi,409,13.9
1369,2008,"Nephritis, nephrotic syndrome and nephrosis (N00-N07,N17-N19,N25-N27)",Kidney disease,District of Columbia,78,13.9
1370,2007,"Intentional self-harm (suicide) (*U03,X60-X84,Y87.0)",Suicide,Vermont,89,13.9
1371,2006,"Intentional self-harm (suicide) (*U03,X60-X84,Y87.0)",Suicide,Kansas,379,13.9
1372,2006,"Nephritis, nephrotic syndrome and nephrosis (N00-N07,N17-N19,N25-N27)",Kidney disease,Ohio,1758,13.9
1373,2004,Diabetes mellitus (E10-E14),Diabetes,Nevada,290,13.9
1374,2002,"Nephritis, nephrotic syndrome and nephrosis (N00-N07,N17-N19,N25-N27)",Kidney disease,Oklahoma,500,13.9
1375,2002,"Nephritis, nephrotic syndrome and nephrosis (N00-N07,N17-N19,N25-N27)",Kidney disease,South Dakota,128,13.9
1376,2001,"Nephritis, nephrotic syndrome and nephrosis (N00-N07,N17-N19,N25-N27)",Kidney disease,Delaware,108,13.9
1377,2001,"Nephritis, nephrotic syndrome and nephrosis (N00-N07,N17-N19,N25-N27)",Kidney disease,District of Columbia,79,13.9
1378,1999,"Intentional self-harm (suicide) (*U03,X60-X84,Y87.0)",Suicide,Oregon,478,13.9
1379,2017,Influenza and pneumonia (J09-J18),Influenza and pneumonia,Maryland,990,14.0
1380,2017,"Intentional self-harm (suicide) (*U03,X60-X84,Y87.0)",Suicide,United States,47173,14.0
1381,2017,"Intentional self-harm (suicide) (*U03,X60-X84,Y87.0)",Suicide,Florida,3227,14.0
1382,2016,Influenza and pneumonia (J09-J18),Influenza and pneumonia,California,5981,14.0
1383,2016,"Intentional self-harm (suicide) (*U03,X60-X84,Y87.0)",Suicide,Florida,3143,14.0
1384,2015,"Intentional self-harm (suicide) (*U03,X60-X84,Y87.0)",Suicide,Mississippi,431,14.0
1385,2015,"Intentional self-harm (suicide) (*U03,X60-X84,Y87.0)",Suicide,Pennsylvania,1894,14.0
1386,2013,Influenza and pneumonia (J09-J18),Influenza and pneumonia,Maine,258,14.0
1387,2013,"Intentional self-harm (suicide) (*U03,X60-X84,Y87.0)",Suicide,South Carolina,696,14.0
1388,2013,"Nephritis, nephrotic syndrome and nephrosis (N00-N07,N17-N19,N25-N27)",Kidney disease,Ohio,1985,14.0
1389,2013,"Nephritis, nephrotic syndrome and nephrosis (N00-N07,N17-N19,N25-N27)",Kidney disease,Wisconsin,993,14.0
1390,2012,"Intentional self-harm (suicide) (*U03,X60-X84,Y87.0)",Suicide,Mississippi,410,14.0
1391,2010,"Intentional self-harm (suicide) (*U03,X60-X84,Y87.0)",Suicide,Alabama,679,14.0
1392,2010,"Intentional self-harm (suicide) (*U03,X60-X84,Y87.0)",Suicide,Kansas,401,14.0
1393,2010,"Intentional self-harm (suicide) (*U03,X60-X84,Y87.0)",Suicide,Missouri,856,14.0
1394,2009,"Intentional self-harm (suicide) (*U03,X60-X84,Y87.0)",Suicide,Maine,197,14.0
1395,2009,"Nephritis, nephrotic syndrome and nephrosis (N00-N07,N17-N19,N25-N27)",Kidney disease,Wyoming,76,14.0
1396,2008,Influenza and pneumonia (J09-J18),Influenza and pneumonia,Idaho,206,14.0
1397,2008,"Intentional self-harm (suicide) (*U03,X60-X84,Y87.0)",Suicide,Kentucky,612,14.0
1398,2006,Influenza and pneumonia (J09-J18),Influenza and pneumonia,Alaska,49,14.0
1399,2006,"Intentional self-harm (suicide) (*U03,X60-X84,Y87.0)",Suicide,West Virginia,269,14.0
1400,2005,"Intentional self-harm (suicide) (*U03,X60-X84,Y87.0)",Suicide,Tennessee,856,14.0
1401,2003,"Intentional self-harm (suicide) (*U03,X60-X84,Y87.0)",Suicide,West Virginia,266,14.0
1402,2003,"Nephritis, nephrotic syndrome and nephrosis (N00-N07,N17-N19,N25-N27)",Kidney disease,Connecticut,567,14.0
1403,2002,"Intentional self-harm (suicide) (*U03,X60-X84,Y87.0)",Suicide,Arkansas,377,14.0
1404,2002,"Nephritis, nephrotic syndrome and nephrosis (N00-N07,N17-N19,N25-N27)",Kidney disease,Connecticut,554,14.0
1405,2001,Alzheimer's disease (G30),Alzheimer's disease,Connecticut,573,14.0
1406,2001,"Intentional self-harm (suicide) (*U03,X60-X84,Y87.0)",Suicide,South Dakota,105,14.0
1407,2001,"Nephritis, nephrotic syndrome and nephrosis (N00-N07,N17-N19,N25-N27)",Kidney disease,Maine,208,14.0
1408,1999,"Intentional self-harm (suicide) (*U03,X60-X84,Y87.0)",Suicide,Utah,282,14.0
1409,1999,"Intentional self-harm (suicide) (*U03,X60-X84,Y87.0)",Suicide,Washington,816,14.0
1410,2017,"Intentional self-harm (suicide) (*U03,X60-X84,Y87.0)",Suicide,Michigan,1457,14.1
1411,2016,Influenza and pneumonia (J09-J18),Influenza and pneumonia,Massachusetts,1251,14.1
1412,2014,Influenza and pneumonia (J09-J18),Influenza and pneumonia,Alaska,68,14.1
1413,2014,"Nephritis, nephrotic syndrome and nephrosis (N00-N07,N17-N19,N25-N27)",Kidney disease,Ohio,2002,14.1
1414,2014,"Nephritis, nephrotic syndrome and nephrosis (N00-N07,N17-N19,N25-N27)",Kidney disease,Tennessee,1036,14.1
1415,2013,Diabetes mellitus (E10-E14),Diabetes,Massachusetts,1142,14.1
1416,2013,Influenza and pneumonia (J09-J18),Influenza and pneumonia,Alaska,66,14.1
1417,2013,"Intentional self-harm (suicide) (*U03,X60-X84,Y87.0)",Suicide,Washington,1027,14.1
1418,2013,"Nephritis, nephrotic syndrome and nephrosis (N00-N07,N17-N19,N25-N27)",Kidney disease,Utah,312,14.1
1419,2012,Influenza and pneumonia (J09-J18),Influenza and pneumonia,Wisconsin,996,14.1
1420,2012,"Intentional self-harm (suicide) (*U03,X60-X84,Y87.0)",Suicide,New Hampshire,202,14.1
1421,2011,Influenza and pneumonia (J09-J18),Influenza and pneumonia,New Hampshire,220,14.1
1422,2010,"Intentional self-harm (suicide) (*U03,X60-X84,Y87.0)",Suicide,New Hampshire,196,14.1
1423,2010,"Intentional self-harm (suicide) (*U03,X60-X84,Y87.0)",Suicide,West Virginia,279,14.1
1424,2008,"Intentional self-harm (suicide) (*U03,X60-X84,Y87.0)",Suicide,Vermont,94,14.1
1425,2008,"Nephritis, nephrotic syndrome and nephrosis (N00-N07,N17-N19,N25-N27)",Kidney disease,Minnesota,813,14.1
1426,2008,"Nephritis, nephrotic syndrome and nephrosis (N00-N07,N17-N19,N25-N27)",Kidney disease,New Mexico,287,14.1
1427,2006,"Intentional self-harm (suicide) (*U03,X60-X84,Y87.0)",Suicide,Tennessee,874,14.1
1428,2005,"Nephritis, nephrotic syndrome and nephrosis (N00-N07,N17-N19,N25-N27)",Kidney disease,Maryland,752,14.1
1429,2004,Influenza and pneumonia (J09-J18),Influenza and pneumonia,Oregon,558,14.1
1430,2001,"Nephritis, nephrotic syndrome and nephrosis (N00-N07,N17-N19,N25-N27)",Kidney disease,United States,39480,14.1
1431,2000,"Intentional self-harm (suicide) (*U03,X60-X84,Y87.0)",Suicide,Oregon,493,14.1
1432,2017,Influenza and pneumonia (J09-J18),Influenza and pneumonia,Michigan,1798,14.2
1433,2016,"Intentional self-harm (suicide) (*U03,X60-X84,Y87.0)",Suicide,Louisiana,677,14.2
1434,2016,"Intentional self-harm (suicide) (*U03,X60-X84,Y87.0)",Suicide,Ohio,1707,14.2
1435,2015,Influenza and pneumonia (J09-J18),Influenza and pneumonia,Iowa,618,14.2
1436,2015,Influenza and pneumonia (J09-J18),Influenza and pneumonia,Wisconsin,1052,14.2
1437,2015,"Nephritis, nephrotic syndrome and nephrosis (N00-N07,N17-N19,N25-N27)",Kidney disease,Oklahoma,616,14.2
1438,2014,Influenza and pneumonia (J09-J18),Influenza and pneumonia,Pennsylvania,2541,14.2
1439,2014,Influenza and pneumonia (J09-J18),Influenza and pneumonia,Texas,3452,14.2
1440,2014,"Nephritis, nephrotic syndrome and nephrosis (N00-N07,N17-N19,N25-N27)",Kidney disease,Oklahoma,604,14.2
1441,2013,Diabetes mellitus (E10-E14),Diabetes,Wyoming,89,14.2
1442,2013,Influenza and pneumonia (J09-J18),Influenza and pneumonia,South Carolina,747,14.2
1443,2012,Diabetes mellitus (E10-E14),Diabetes,Connecticut,631,14.2
1444,2011,Influenza and pneumonia (J09-J18),Influenza and pneumonia,Nebraska,325,14.2
1445,2011,Influenza and pneumonia (J09-J18),Influenza and pneumonia,Texas,3055,14.2
1446,2011,Influenza and pneumonia (J09-J18),Influenza and pneumonia,Wisconsin,986,14.2
1447,2011,"Nephritis, nephrotic syndrome and nephrosis (N00-N07,N17-N19,N25-N27)",Kidney disease,Delaware,149,14.2
1448,2011,"Nephritis, nephrotic syndrome and nephrosis (N00-N07,N17-N19,N25-N27)",Kidney disease,Ohio,1943,14.2
1449,2010,Alzheimer's disease (G30),Alzheimer's disease,Nevada,296,14.2
1450,2010,Influenza and pneumonia (J09-J18),Influenza and pneumonia,New Mexico,294,14.2
1451,2010,"Intentional self-harm (suicide) (*U03,X60-X84,Y87.0)",Suicide,Kentucky,631,14.2
1452,2010,"Nephritis, nephrotic syndrome and nephrosis (N00-N07,N17-N19,N25-N27)",Kidney disease,New Hampshire,206,14.2
1453,2009,"Nephritis, nephrotic syndrome and nephrosis (N00-N07,N17-N19,N25-N27)",Kidney disease,Hawaii,225,14.2
1454,2008,Influenza and pneumonia (J09-J18),Influenza and pneumonia,New Jersey,1413,14.2
1455,2007,Influenza and pneumonia (J09-J18),Influenza and pneumonia,Maine,236,14.2
1456,2007,"Intentional self-harm (suicide) (*U03,X60-X84,Y87.0)",Suicide,Arkansas,402,14.2
1457,2007,"Intentional self-harm (suicide) (*U03,X60-X84,Y87.0)",Suicide,North Dakota,95,14.2
1458,2006,"Nephritis, nephrotic syndrome and nephrosis (N00-N07,N17-N19,N25-N27)",Kidney disease,Maryland,767,14.2
1459,2003,Alzheimer's disease (G30),Alzheimer's disease,Connecticut,612,14.2
1460,2002,"Nephritis, nephrotic syndrome and nephrosis (N00-N07,N17-N19,N25-N27)",Kidney disease,Nebraska,277,14.2
1461,2017,Influenza and pneumonia (J09-J18),Influenza and pneumonia,United States,55672,14.3
1462,2017,"Intentional self-harm (suicide) (*U03,X60-X84,Y87.0)",Suicide,North Carolina,1521,14.3
1463,2016,Influenza and pneumonia (J09-J18),Influenza and pneumonia,Georgia,1423,14.3
1464,2016,Influenza and pneumonia (J09-J18),Influenza and pneumonia,Louisiana,720,14.3
1465,2016,Influenza and pneumonia (J09-J18),Influenza and pneumonia,Nebraska,342,14.3
1466,2016,"Nephritis, nephrotic syndrome and nephrosis (N00-N07,N17-N19,N25-N27)",Kidney disease,Michigan,1791,14.3
1467,2015,"Nephritis, nephrotic syndrome and nephrosis (N00-N07,N17-N19,N25-N27)",Kidney disease,Massachusetts,1228,14.3
1468,2014,Influenza and pneumonia (J09-J18),Influenza and pneumonia,Indiana,1063,14.3
1469,2014,"Intentional self-harm (suicide) (*U03,X60-X84,Y87.0)",Suicide,Indiana,948,14.3
1470,2014,"Intentional self-harm (suicide) (*U03,X60-X84,Y87.0)",Suicide,Louisiana,679,14.3
1471,2013,Alzheimer's disease (G30),Alzheimer's disease,Maryland,919,14.3
1472,2013,"Intentional self-harm (suicide) (*U03,X60-X84,Y87.0)",Suicide,Indiana,944,14.3
1473,2012,Influenza and pneumonia (J09-J18),Influenza and pneumonia,North Dakota,133,14.3
1474,2012,"Intentional self-harm (suicide) (*U03,X60-X84,Y87.0)",Suicide,Indiana,940,14.3
1475,2012,"Nephritis, nephrotic syndrome and nephrosis (N00-N07,N17-N19,N25-N27)",Kidney disease,Maine,257,14.3
1476,2011,"Intentional self-harm (suicide) (*U03,X60-X84,Y87.0)",Suicide,Washington,1021,14.3
1477,2011,"Nephritis, nephrotic syndrome and nephrosis (N00-N07,N17-N19,N25-N27)",Kidney disease,Michigan,1642,14.3
1478,2011,"Nephritis, nephrotic syndrome and nephrosis (N00-N07,N17-N19,N25-N27)",Kidney disease,Wisconsin,979,14.3
1479,2009,"Intentional self-harm (suicide) (*U03,X60-X84,Y87.0)",Suicide,Missouri,860,14.3
1480,2008,"Nephritis, nephrotic syndrome and nephrosis (N00-N07,N17-N19,N25-N27)",Kidney disease,Ohio,1865,14.3
1481,2008,"Nephritis, nephrotic syndrome and nephrosis (N00-N07,N17-N19,N25-N27)",Kidney disease,Tennessee,908,14.3
1482,2007,Influenza and pneumonia (J09-J18),Influenza and pneumonia,District of Columbia,82,14.3
1483,2005,"Intentional self-harm (suicide) (*U03,X60-X84,Y87.0)",Suicide,Arkansas,400,14.3
1484,2004,"Nephritis, nephrotic syndrome and nephrosis (N00-N07,N17-N19,N25-N27)",Kidney disease,Utah,235,14.3
1485,2002,"Intentional self-harm (suicide) (*U03,X60-X84,Y87.0)",Suicide,North Dakota,91,14.3
1486,2002,"Intentional self-harm (suicide) (*U03,X60-X84,Y87.0)",Suicide,Vermont,92,14.3
1487,2001,"Intentional self-harm (suicide) (*U03,X60-X84,Y87.0)",Suicide,Arkansas,382,14.3
1488,2001,"Nephritis, nephrotic syndrome and nephrosis (N00-N07,N17-N19,N25-N27)",Kidney disease,Minnesota,729,14.3
1489,2000,"Intentional self-harm (suicide) (*U03,X60-X84,Y87.0)",Suicide,Colorado,613,14.3
1490,1999,Alzheimer's disease (G30),Alzheimer's disease,Florida,3059,14.3
1491,2017,"Nephritis, nephrotic syndrome and nephrosis (N00-N07,N17-N19,N25-N27)",Kidney disease,Tennessee,1140,14.4
1492,2016,Influenza and pneumonia (J09-J18),Influenza and pneumonia,Kansas,522,14.4
1493,2015,"Intentional self-harm (suicide) (*U03,X60-X84,Y87.0)",Suicide,Florida,3205,14.4
1494,2015,"Intentional self-harm (suicide) (*U03,X60-X84,Y87.0)",Suicide,Indiana,960,14.4
1495,2015,"Nephritis, nephrotic syndrome and nephrosis (N00-N07,N17-N19,N25-N27)",Kidney disease,New Jersey,1582,14.4
1496,2015,"Nephritis, nephrotic syndrome and nephrosis (N00-N07,N17-N19,N25-N27)",Kidney disease,Tennessee,1090,14.4
1497,2013,Influenza and pneumonia (J09-J18),Influenza and pneumonia,Texas,3339,14.4
1498,2013,"Intentional self-harm (suicide) (*U03,X60-X84,Y87.0)",Suicide,Alabama,721,14.4
1499,2013,"Intentional self-harm (suicide) (*U03,X60-X84,Y87.0)",Suicide,Iowa,447,14.4
1500,2013,"Intentional self-harm (suicide) (*U03,X60-X84,Y87.0)",Suicide,Wisconsin,850,14.4
1501,2013,"Nephritis, nephrotic syndrome and nephrosis (N00-N07,N17-N19,N25-N27)",Kidney disease,Oklahoma,606,14.4
1502,2012,Influenza and pneumonia (J09-J18),Influenza and pneumonia,South Carolina,726,14.4
1503,2012,"Intentional self-harm (suicide) (*U03,X60-X84,Y87.0)",Suicide,Florida,3002,14.4
1504,2012,"Nephritis, nephrotic syndrome and nephrosis (N00-N07,N17-N19,N25-N27)",Kidney disease,Nevada,385,14.4
1505,2011,"Intentional self-harm (suicide) (*U03,X60-X84,Y87.0)",Suicide,Tennessee,955,14.4
1506,2009,"Intentional self-harm (suicide) (*U03,X60-X84,Y87.0)",Suicide,Florida,2858,14.4
1507,2009,"Nephritis, nephrotic syndrome and nephrosis (N00-N07,N17-N19,N25-N27)",Kidney disease,Ohio,1909,14.4
1508,2008,Influenza and pneumonia (J09-J18),Influenza and pneumonia,Delaware,135,14.4
1509,2005,Influenza and pneumonia (J09-J18),Influenza and pneumonia,Vermont,97,14.4
1510,2004,"Intentional self-harm (suicide) (*U03,X60-X84,Y87.0)",Suicide,Oklahoma,506,14.4
1511,2004,"Nephritis, nephrotic syndrome and nephrosis (N00-N07,N17-N19,N25-N27)",Kidney disease,District of Columbia,79,14.4
1512,2004,"Nephritis, nephrotic syndrome and nephrosis (N00-N07,N17-N19,N25-N27)",Kidney disease,Texas,2561,14.4
1513,2002,"Intentional self-harm (suicide) (*U03,X60-X84,Y87.0)",Suicide,Oklahoma,501,14.4
1514,2002,"Intentional self-harm (suicide) (*U03,X60-X84,Y87.0)",Suicide,Oregon,518,14.4
1515,2002,"Nephritis, nephrotic syndrome and nephrosis (N00-N07,N17-N19,N25-N27)",Kidney disease,United States,40974,14.4
1516,2001,"Intentional self-harm (suicide) (*U03,X60-X84,Y87.0)",Suicide,Oregon,505,14.4
1517,2000,Alzheimer's disease (G30),Alzheimer's disease,New Jersey,1267,14.4
1518,2000,"Nephritis, nephrotic syndrome and nephrosis (N00-N07,N17-N19,N25-N27)",Kidney disease,Delaware,111,14.4
1519,1999,Alzheimer's disease (G30),Alzheimer's disease,Pennsylvania,2192,14.4
1520,1999,"Intentional self-harm (suicide) (*U03,X60-X84,Y87.0)",Suicide,Oklahoma,492,14.4
1521,2017,Diabetes mellitus (E10-E14),Diabetes,Connecticut,694,14.5
1522,2016,Influenza and pneumonia (J09-J18),Influenza and pneumonia,Illinois,2178,14.5
1523,2016,Influenza and pneumonia (J09-J18),Influenza and pneumonia,North Dakota,134,14.5
1524,2015,Diabetes mellitus (E10-E14),Diabetes,Hawaii,263,14.5
1525,2015,"Nephritis, nephrotic syndrome and nephrosis (N00-N07,N17-N19,N25-N27)",Kidney disease,Delaware,174,14.5
1526,2015,"Nephritis, nephrotic syndrome and nephrosis (N00-N07,N17-N19,N25-N27)",Kidney disease,Ohio,2100,14.5
1527,2014,Alzheimer's disease (G30),Alzheimer's disease,Maryland,934,14.5
1528,2014,Diabetes mellitus (E10-E14),Diabetes,Massachusetts,1202,14.5
1529,2014,"Intentional self-harm (suicide) (*U03,X60-X84,Y87.0)",Suicide,Alabama,715,14.5
1530,2014,"Nephritis, nephrotic syndrome and nephrosis (N00-N07,N17-N19,N25-N27)",Kidney disease,Massachusetts,1228,14.5
1531,2013,Influenza and pneumonia (J09-J18),Influenza and pneumonia,Nebraska,343,14.5
1532,2012,Influenza and pneumonia (J09-J18),Influenza and pneumonia,United States,50636,14.5
1533,2012,"Intentional self-harm (suicide) (*U03,X60-X84,Y87.0)",Suicide,Maine,209,14.5
1534,2012,"Intentional self-harm (suicide) (*U03,X60-X84,Y87.0)",Suicide,Washington,1038,14.5
1535,2011,"Nephritis, nephrotic syndrome and nephrosis (N00-N07,N17-N19,N25-N27)",Kidney disease,New Jersey,1490,14.5
1536,2010,"Nephritis, nephrotic syndrome and nephrosis (N00-N07,N17-N19,N25-N27)",Kidney disease,District of Columbia,84,14.5
1537,2010,"Nephritis, nephrotic syndrome and nephrosis (N00-N07,N17-N19,N25-N27)",Kidney disease,Rhode Island,199,14.5
1538,2009,Diabetes mellitus (E10-E14),Diabetes,Connecticut,624,14.5
1539,2009,Influenza and pneumonia (J09-J18),Influenza and pneumonia,Michigan,1613,14.5
1540,2009,"Intentional self-harm (suicide) (*U03,X60-X84,Y87.0)",Suicide,Arkansas,422,14.5
1541,2009,"Nephritis, nephrotic syndrome and nephrosis (N00-N07,N17-N19,N25-N27)",Kidney disease,Tennessee,949,14.5
1542,2008,Alzheimer's disease (G30),Alzheimer's disease,Nevada,279,14.5
1543,2008,Diabetes mellitus (E10-E14),Diabetes,Massachusetts,1079,14.5
1544,2008,"Intentional self-harm (suicide) (*U03,X60-X84,Y87.0)",Suicide,Oregon,572,14.5
1545,2007,Influenza and pneumonia (J09-J18),Influenza and pneumonia,Colorado,592,14.5
1546,2004,"Intentional self-harm (suicide) (*U03,X60-X84,Y87.0)",Suicide,Vermont,93,14.5
1547,2004,"Nephritis, nephrotic syndrome and nephrosis (N00-N07,N17-N19,N25-N27)",Kidney disease,Nebraska,283,14.5
1548,2004,"Nephritis, nephrotic syndrome and nephrosis (N00-N07,N17-N19,N25-N27)",Kidney disease,United States,42480,14.5
1549,2003,"Nephritis, nephrotic syndrome and nephrosis (N00-N07,N17-N19,N25-N27)",Kidney disease,District of Columbia,81,14.5
1550,2003,"Nephritis, nephrotic syndrome and nephrosis (N00-N07,N17-N19,N25-N27)",Kidney disease,Wisconsin,873,14.5
1551,2002,Influenza and pneumonia (J09-J18),Influenza and pneumonia,District of Columbia,81,14.5
1552,2002,"Nephritis, nephrotic syndrome and nephrosis (N00-N07,N17-N19,N25-N27)",Kidney disease,Delaware,117,14.5
1553,2002,"Nephritis, nephrotic syndrome and nephrosis (N00-N07,N17-N19,N25-N27)",Kidney disease,Wisconsin,852,14.5
1554,2000,Alzheimer's disease (G30),Alzheimer's disease,Nevada,195,14.5
1555,2000,"Nephritis, nephrotic syndrome and nephrosis (N00-N07,N17-N19,N25-N27)",Kidney disease,South Carolina,539,14.5
1556,2017,Influenza and pneumonia (J09-J18),Influenza and pneumonia,California,6340,14.6
1557,2017,Influenza and pneumonia (J09-J18),Influenza and pneumonia,Pennsylvania,2718,14.6
1558,2016,Influenza and pneumonia (J09-J18),Influenza and pneumonia,New Mexico,353,14.6
1559,2016,"Intentional self-harm (suicide) (*U03,X60-X84,Y87.0)",Suicide,Iowa,451,14.6
1560,2013,Influenza and pneumonia (J09-J18),Influenza and pneumonia,North Dakota,134,14.6
1561,2012,"Intentional self-harm (suicide) (*U03,X60-X84,Y87.0)",Suicide,Tennessee,978,14.6
1562,2011,Diabetes mellitus (E10-E14),Diabetes,Massachusetts,1140,14.6
1563,2011,Influenza and pneumonia (J09-J18),Influenza and pneumonia,Connecticut,696,14.6
1564,2011,Influenza and pneumonia (J09-J18),Influenza and pneumonia,Indiana,1031,14.6
1565,2010,Influenza and pneumonia (J09-J18),Influenza and pneumonia,Ohio,1975,14.6
1566,2010,Influenza and pneumonia (J09-J18),Influenza and pneumonia,Texas,3022,14.6
1567,2010,"Intentional self-harm (suicide) (*U03,X60-X84,Y87.0)",Suicide,Tennessee,943,14.6
1568,2009,Influenza and pneumonia (J09-J18),Influenza and pneumonia,Maine,251,14.6
1569,2009,Influenza and pneumonia (J09-J18),Influenza and pneumonia,Wisconsin,979,14.6
1570,2009,"Intentional self-harm (suicide) (*U03,X60-X84,Y87.0)",Suicide,Tennessee,947,14.6
1571,2008,Influenza and pneumonia (J09-J18),Influenza and pneumonia,Montana,168,14.6
1572,2008,Influenza and pneumonia (J09-J18),Influenza and pneumonia,New Hampshire,211,14.6
1573,2006,"Intentional self-harm (suicide) (*U03,X60-X84,Y87.0)",Suicide,Kentucky,622,14.6
1574,2001,Influenza and pneumonia (J09-J18),Influenza and pneumonia,Nebraska,296,14.6
1575,2000,Alzheimer's disease (G30),Alzheimer's disease,Arkansas,430,14.6
1576,2000,"Intentional self-harm (suicide) (*U03,X60-X84,Y87.0)",Suicide,Oklahoma,497,14.6
1577,2017,"Intentional self-harm (suicide) (*U03,X60-X84,Y87.0)",Suicide,Nebraska,275,14.7
1578,2017,"Nephritis, nephrotic syndrome and nephrosis (N00-N07,N17-N19,N25-N27)",Kidney disease,Michigan,1874,14.7
1579,2016,"Intentional self-harm (suicide) (*U03,X60-X84,Y87.0)",Suicide,Pennsylvania,1970,14.7
1580,2016,"Intentional self-harm (suicide) (*U03,X60-X84,Y87.0)",Suicide,Wisconsin,866,14.7
1581,2015,"Intentional self-harm (suicide) (*U03,X60-X84,Y87.0)",Suicide,Wisconsin,877,14.7
1582,2014,Influenza and pneumonia (J09-J18),Influenza and pneumonia,California,5970,14.7
1583,2013,"Intentional self-harm (suicide) (*U03,X60-X84,Y87.0)",Suicide,Kansas,425,14.7
1584,2012,Alzheimer's disease (G30),Alzheimer's disease,Maryland,906,14.7
1585,2012,Diabetes mellitus (E10-E14),Diabetes,Rhode Island,198,14.7
1586,2012,"Intentional self-harm (suicide) (*U03,X60-X84,Y87.0)",Suicide,Alabama,724,14.7
1587,2008,Diabetes mellitus (E10-E14),Diabetes,Connecticut,624,14.7
1588,2007,Influenza and pneumonia (J09-J18),Influenza and pneumonia,New Hampshire,207,14.7
1589,2007,"Intentional self-harm (suicide) (*U03,X60-X84,Y87.0)",Suicide,Oklahoma,531,14.7
1590,2005,"Nephritis, nephrotic syndrome and nephrosis (N00-N07,N17-N19,N25-N27)",Kidney disease,Delaware,128,14.7
1591,2005,"Nephritis, nephrotic syndrome and nephrosis (N00-N07,N17-N19,N25-N27)",Kidney disease,United States,43901,14.7
1592,2003,"Nephritis, nephrotic syndrome and nephrosis (N00-N07,N17-N19,N25-N27)",Kidney disease,United States,42453,14.7
1593,2000,"Intentional self-harm (suicide) (*U03,X60-X84,Y87.0)",Suicide,Utah,298,14.7
1594,2000,"Nephritis, nephrotic syndrome and nephrosis (N00-N07,N17-N19,N25-N27)",Kidney disease,South Dakota,130,14.7
1595,2017,"Intentional self-harm (suicide) (*U03,X60-X84,Y87.0)",Suicide,Ohio,1740,14.8
1596,2015,Influenza and pneumonia (J09-J18),Influenza and pneumonia,California,6188,14.8
1597,2015,"Intentional self-harm (suicide) (*U03,X60-X84,Y87.0)",Suicide,South Carolina,742,14.8
1598,2015,"Intentional self-harm (suicide) (*U03,X60-X84,Y87.0)",Suicide,Vermont,103,14.8
1599,2014,"Intentional self-harm (suicide) (*U03,X60-X84,Y87.0)",Suicide,Tennessee,997,14.8
1600,2014,"Nephritis, nephrotic syndrome and nephrosis (N00-N07,N17-N19,N25-N27)",Kidney disease,Delaware,173,14.8
1601,2013,Diabetes mellitus (E10-E14),Diabetes,Connecticut,664,14.8
1602,2013,Diabetes mellitus (E10-E14),Diabetes,Nevada,424,14.8
1603,2013,Influenza and pneumonia (J09-J18),Influenza and pneumonia,New Mexico,337,14.8
1604,2013,"Nephritis, nephrotic syndrome and nephrosis (N00-N07,N17-N19,N25-N27)",Kidney disease,Tennessee,1068,14.8
1605,2012,"Nephritis, nephrotic syndrome and nephrosis (N00-N07,N17-N19,N25-N27)",Kidney disease,Ohio,2056,14.8
1606,2012,"Nephritis, nephrotic syndrome and nephrosis (N00-N07,N17-N19,N25-N27)",Kidney disease,Wisconsin,1024,14.8
1607,2011,"Nephritis, nephrotic syndrome and nephrosis (N00-N07,N17-N19,N25-N27)",Kidney disease,Maine,257,14.8
1608,2010,"Nephritis, nephrotic syndrome and nephrosis (N00-N07,N17-N19,N25-N27)",Kidney disease,Tennessee,983,14.8
1609,2009,Alzheimer's disease (G30),Alzheimer's disease,Hawaii,253,14.8
1610,2009,Influenza and pneumonia (J09-J18),Influenza and pneumonia,Colorado,658,14.8
1611,2009,Influenza and pneumonia (J09-J18),Influenza and pneumonia,Montana,176,14.8
1612,2007,Influenza and pneumonia (J09-J18),Influenza and pneumonia,Arizona,905,14.8
1613,2006,"Nephritis, nephrotic syndrome and nephrosis (N00-N07,N17-N19,N25-N27)",Kidney disease,United States,45344,14.8
1614,2005,"Intentional self-harm (suicide) (*U03,X60-X84,Y87.0)",Suicide,Oklahoma,522,14.8
1615,2004,"Intentional self-harm (suicide) (*U03,X60-X84,Y87.0)",Suicide,South Dakota,112,14.8
1616,2004,"Nephritis, nephrotic syndrome and nephrosis (N00-N07,N17-N19,N25-N27)",Kidney disease,Connecticut,604,14.8
1617,2004,"Nephritis, nephrotic syndrome and nephrosis (N00-N07,N17-N19,N25-N27)",Kidney disease,Michigan,1507,14.8
1618,2003,Diabetes mellitus (E10-E14),Diabetes,Hawaii,202,14.8
1619,2001,"Intentional self-harm (suicide) (*U03,X60-X84,Y87.0)",Suicide,Arizona,767,14.8
1620,2000,"Nephritis, nephrotic syndrome and nephrosis (N00-N07,N17-N19,N25-N27)",Kidney disease,District of Columbia,84,14.8
1621,1999,Alzheimer's disease (G30),Alzheimer's disease,Arkansas,434,14.8
1622,1999,"Intentional self-harm (suicide) (*U03,X60-X84,Y87.0)",Suicide,Idaho,181,14.8
1623,2017,Influenza and pneumonia (J09-J18),Influenza and pneumonia,Delaware,184,14.9
1624,2017,Influenza and pneumonia (J09-J18),Influenza and pneumonia,Ohio,2243,14.9
1625,2016,Diabetes mellitus (E10-E14),Diabetes,Connecticut,699,14.9
1626,2016,Diabetes mellitus (E10-E14),Diabetes,Massachusetts,1268,14.9
1627,2016,"Intentional self-harm (suicide) (*U03,X60-X84,Y87.0)",Suicide,Washington,1141,14.9
1628,2016,"Nephritis, nephrotic syndrome and nephrosis (N00-N07,N17-N19,N25-N27)",Kidney disease,Tennessee,1150,14.9
1629,2015,"Intentional self-harm (suicide) (*U03,X60-X84,Y87.0)",Suicide,Alabama,750,14.9
1630,2014,Diabetes mellitus (E10-E14),Diabetes,Connecticut,685,14.9
1631,2013,Alzheimer's disease (G30),Alzheimer's disease,New Mexico,339,14.9
1632,2012,"Intentional self-harm (suicide) (*U03,X60-X84,Y87.0)",Suicide,Missouri,914,14.9
1633,2011,"Intentional self-harm (suicide) (*U03,X60-X84,Y87.0)",Suicide,North Dakota,106,14.9
1634,2011,"Nephritis, nephrotic syndrome and nephrosis (N00-N07,N17-N19,N25-N27)",Kidney disease,Wyoming,85,14.9
1635,2009,"Nephritis, nephrotic syndrome and nephrosis (N00-N07,N17-N19,N25-N27)",Kidney disease,Michigan,1650,14.9
1636,2007,Influenza and pneumonia (J09-J18),Influenza and pneumonia,North Dakota,133,14.9
1637,2007,"Nephritis, nephrotic syndrome and nephrosis (N00-N07,N17-N19,N25-N27)",Kidney disease,United States,46448,14.9
1638,2005,"Intentional self-harm (suicide) (*U03,X60-X84,Y87.0)",Suicide,Oregon,560,14.9
1639,2005,"Nephritis, nephrotic syndrome and nephrosis (N00-N07,N17-N19,N25-N27)",Kidney disease,Texas,2729,14.9
1640,2002,"Intentional self-harm (suicide) (*U03,X60-X84,Y87.0)",Suicide,West Virginia,276,14.9
1641,2001,Alzheimer's disease (G30),Alzheimer's disease,Nevada,211,14.9
1642,2001,"Intentional self-harm (suicide) (*U03,X60-X84,Y87.0)",Suicide,Oklahoma,515,14.9
1643,2001,"Nephritis, nephrotic syndrome and nephrosis (N00-N07,N17-N19,N25-N27)",Kidney disease,Nebraska,289,14.9
1644,2017,Influenza and pneumonia (J09-J18),Influenza and pneumonia,Kansas,546,15.0
1645,2017,"Intentional self-harm (suicide) (*U03,X60-X84,Y87.0)",Suicide,Iowa,479,15.0
1646,2017,"Intentional self-harm (suicide) (*U03,X60-X84,Y87.0)",Suicide,Mississippi,445,15.0
1647,2017,"Intentional self-harm (suicide) (*U03,X60-X84,Y87.0)",Suicide,Pennsylvania,2030,15.0
1648,2017,"Nephritis, nephrotic syndrome and nephrosis (N00-N07,N17-N19,N25-N27)",Kidney disease,Kansas,541,15.0
1649,2017,"Nephritis, nephrotic syndrome and nephrosis (N00-N07,N17-N19,N25-N27)",Kidney disease,Ohio,2237,15.0
1650,2016,Influenza and pneumonia (J09-J18),Influenza and pneumonia,Ohio,2187,15.0
1651,2016,Influenza and pneumonia (J09-J18),Influenza and pneumonia,Wyoming,99,15.0
1652,2016,"Nephritis, nephrotic syndrome and nephrosis (N00-N07,N17-N19,N25-N27)",Kidney disease,Kansas,533,15.0
1653,2014,Alzheimer's disease (G30),Alzheimer's disease,Hawaii,326,15.0
1654,2013,Diabetes mellitus (E10-E14),Diabetes,Colorado,788,15.0
1655,2010,"Intentional self-harm (suicide) (*U03,X60-X84,Y87.0)",Suicide,Hawaii,207,15.0
1656,2010,"Nephritis, nephrotic syndrome and nephrosis (N00-N07,N17-N19,N25-N27)",Kidney disease,Minnesota,897,15.0
1657,2010,"Nephritis, nephrotic syndrome and nephrosis (N00-N07,N17-N19,N25-N27)",Kidney disease,Oklahoma,595,15.0
1658,2007,"Intentional self-harm (suicide) (*U03,X60-X84,Y87.0)",Suicide,Idaho,223,15.0
1659,2007,"Nephritis, nephrotic syndrome and nephrosis (N00-N07,N17-N19,N25-N27)",Kidney disease,Michigan,1610,15.0
1660,2006,"Intentional self-harm (suicide) (*U03,X60-X84,Y87.0)",Suicide,Oklahoma,537,15.0
1661,2005,"Nephritis, nephrotic syndrome and nephrosis (N00-N07,N17-N19,N25-N27)",Kidney disease,Wisconsin,930,15.0
1662,2003,Diabetes mellitus (E10-E14),Diabetes,Nevada,301,15.0
1663,2001,"Intentional self-harm (suicide) (*U03,X60-X84,Y87.0)",Suicide,West Virginia,286,15.0
1664,2000,Alzheimer's disease (G30),Alzheimer's disease,Florida,3265,15.0
1665,2000,"Nephritis, nephrotic syndrome and nephrosis (N00-N07,N17-N19,N25-N27)",Kidney disease,Michigan,1433,15.0
1666,2000,"Nephritis, nephrotic syndrome and nephrosis (N00-N07,N17-N19,N25-N27)",Kidney disease,Missouri,907,15.0
1667,2000,"Nephritis, nephrotic syndrome and nephrosis (N00-N07,N17-N19,N25-N27)",Kidney disease,Oklahoma,536,15.0
1668,1999,Alzheimer's disease (G30),Alzheimer's disease,Delaware,107,15.0
1669,1999,Alzheimer's disease (G30),Alzheimer's disease,Missouri,914,15.0
1670,1999,Alzheimer's disease (G30),Alzheimer's disease,West Virginia,314,15.0
1671,1999,"Nephritis, nephrotic syndrome and nephrosis (N00-N07,N17-N19,N25-N27)",Kidney disease,Michigan,1417,15.0
1672,1999,"Nephritis, nephrotic syndrome and nephrosis (N00-N07,N17-N19,N25-N27)",Kidney disease,Ohio,1748,15.0
1673,2017,Diabetes mellitus (E10-E14),Diabetes,Massachusetts,1321,15.1
1674,2017,Influenza and pneumonia (J09-J18),Influenza and pneumonia,Louisiana,785,15.1
1675,2016,Diabetes mellitus (E10-E14),Diabetes,Hawaii,285,15.1
1676,2016,Influenza and pneumonia (J09-J18),Influenza and pneumonia,Maryland,1025,15.1
1677,2016,Influenza and pneumonia (J09-J18),Influenza and pneumonia,Missouri,1150,15.1
1678,2014,Influenza and pneumonia (J09-J18),Influenza and pneumonia,Nebraska,351,15.1
1679,2014,Influenza and pneumonia (J09-J18),Influenza and pneumonia,United States,55227,15.1
1680,2014,"Nephritis, nephrotic syndrome and nephrosis (N00-N07,N17-N19,N25-N27)",Kidney disease,South Carolina,837,15.1
1681,2013,Influenza and pneumonia (J09-J18),Influenza and pneumonia,Idaho,259,15.1
1682,2013,"Nephritis, nephrotic syndrome and nephrosis (N00-N07,N17-N19,N25-N27)",Kidney disease,Massachusetts,1261,15.1
1683,2011,Alzheimer's disease (G30),Alzheimer's disease,Maryland,922,15.1
1684,2011,Diabetes mellitus (E10-E14),Diabetes,Nevada,400,15.1
1685,2011,Influenza and pneumonia (J09-J18),Influenza and pneumonia,Michigan,1750,15.1
1686,2010,Influenza and pneumonia (J09-J18),Influenza and pneumonia,United States,50097,15.1
1687,2009,"Nephritis, nephrotic syndrome and nephrosis (N00-N07,N17-N19,N25-N27)",Kidney disease,United States,48935,15.1
1688,2009,"Nephritis, nephrotic syndrome and nephrosis (N00-N07,N17-N19,N25-N27)",Kidney disease,Wisconsin,994,15.1
1689,2008,Diabetes mellitus (E10-E14),Diabetes,Rhode Island,195,15.1
1690,2008,Influenza and pneumonia (J09-J18),Influenza and pneumonia,Connecticut,694,15.1
1691,2008,"Intentional self-harm (suicide) (*U03,X60-X84,Y87.0)",Suicide,Tennessee,973,15.1
1692,2008,"Nephritis, nephrotic syndrome and nephrosis (N00-N07,N17-N19,N25-N27)",Kidney disease,United States,48237,15.1
1693,2007,Influenza and pneumonia (J09-J18),Influenza and pneumonia,Michigan,1637,15.1
1694,2007,"Intentional self-harm (suicide) (*U03,X60-X84,Y87.0)",Suicide,Kentucky,649,15.1
1695,2005,Diabetes mellitus (E10-E14),Diabetes,Hawaii,218,15.1
1696,2005,Influenza and pneumonia (J09-J18),Influenza and pneumonia,Minnesota,846,15.1
1697,2004,Influenza and pneumonia (J09-J18),Influenza and pneumonia,Alaska,42,15.1
1698,2004,"Intentional self-harm (suicide) (*U03,X60-X84,Y87.0)",Suicide,Oregon,555,15.1
1699,2004,"Nephritis, nephrotic syndrome and nephrosis (N00-N07,N17-N19,N25-N27)",Kidney disease,Delaware,128,15.1
1700,2002,Influenza and pneumonia (J09-J18),Influenza and pneumonia,Florida,3290,15.1
1701,2001,"Nephritis, nephrotic syndrome and nephrosis (N00-N07,N17-N19,N25-N27)",Kidney disease,Connecticut,585,15.1
1702,2000,Alzheimer's disease (G30),Alzheimer's disease,Delaware,110,15.1
1703,1999,"Nephritis, nephrotic syndrome and nephrosis (N00-N07,N17-N19,N25-N27)",Kidney disease,Missouri,907,15.1
1704,2017,Influenza and pneumonia (J09-J18),Influenza and pneumonia,Maine,301,15.2
1705,2017,"Intentional self-harm (suicide) (*U03,X60-X84,Y87.0)",Suicide,Hawaii,227,15.2
1706,2017,"Intentional self-harm (suicide) (*U03,X60-X84,Y87.0)",Suicide,Louisiana,720,15.2
1707,2016,"Nephritis, nephrotic syndrome and nephrosis (N00-N07,N17-N19,N25-N27)",Kidney disease,Utah,370,15.2
1708,2015,Influenza and pneumonia (J09-J18),Influenza and pneumonia,Michigan,1894,15.2
1709,2015,Influenza and pneumonia (J09-J18),Influenza and pneumonia,United States,57062,15.2
1710,2015,"Intentional self-harm (suicide) (*U03,X60-X84,Y87.0)",Suicide,Louisiana,722,15.2
1711,2014,"Intentional self-harm (suicide) (*U03,X60-X84,Y87.0)",Suicide,South Carolina,753,15.2
1712,2014,"Intentional self-harm (suicide) (*U03,X60-X84,Y87.0)",Suicide,Washington,1119,15.2
1713,2014,"Nephritis, nephrotic syndrome and nephrosis (N00-N07,N17-N19,N25-N27)",Kidney disease,Michigan,1853,15.2
1714,2012,Alzheimer's disease (G30),Alzheimer's disease,Florida,4422,15.2
1715,2012,Influenza and pneumonia (J09-J18),Influenza and pneumonia,California,5849,15.2
1716,2012,"Intentional self-harm (suicide) (*U03,X60-X84,Y87.0)",Suicide,North Dakota,105,15.2
1717,2011,"Intentional self-harm (suicide) (*U03,X60-X84,Y87.0)",Suicide,Kentucky,675,15.2
1718,2011,"Nephritis, nephrotic syndrome and nephrosis (N00-N07,N17-N19,N25-N27)",Kidney disease,Massachusetts,1234,15.2
1719,2010,Diabetes mellitus (E10-E14),Diabetes,Colorado,721,15.2
1720,2008,"Nephritis, nephrotic syndrome and nephrosis (N00-N07,N17-N19,N25-N27)",Kidney disease,Michigan,1663,15.2
1721,2006,Influenza and pneumonia (J09-J18),Influenza and pneumonia,Montana,169,15.2
1722,2005,Influenza and pneumonia (J09-J18),Influenza and pneumonia,Oregon,614,15.2
1723,2005,Influenza and pneumonia (J09-J18),Influenza and pneumonia,Washington,927,15.2
1724,2005,"Nephritis, nephrotic syndrome and nephrosis (N00-N07,N17-N19,N25-N27)",Kidney disease,Ohio,1902,15.2
1725,2004,"Nephritis, nephrotic syndrome and nephrosis (N00-N07,N17-N19,N25-N27)",Kidney disease,Wisconsin,925,15.2
1726,2017,Influenza and pneumonia (J09-J18),Influenza and pneumonia,North Dakota,147,15.3
1727,2016,"Nephritis, nephrotic syndrome and nephrosis (N00-N07,N17-N19,N25-N27)",Kidney disease,South Carolina,897,15.3
1728,2015,Influenza and pneumonia (J09-J18),Influenza and pneumonia,Louisiana,753,15.3
1729,2015,Influenza and pneumonia (J09-J18),Influenza and pneumonia,South Carolina,848,15.3
1730,2013,Influenza and pneumonia (J09-J18),Influenza and pneumonia,Indiana,1132,15.3
1731,2012,Alzheimer's disease (G30),Alzheimer's disease,Nevada,356,15.3
1732,2011,Influenza and pneumonia (J09-J18),Influenza and pneumonia,Rhode Island,226,15.3
1733,2011,"Intentional self-harm (suicide) (*U03,X60-X84,Y87.0)",Suicide,Missouri,933,15.3
1734,2010,"Nephritis, nephrotic syndrome and nephrosis (N00-N07,N17-N19,N25-N27)",Kidney disease,Michigan,1720,15.3
1735,2010,"Nephritis, nephrotic syndrome and nephrosis (N00-N07,N17-N19,N25-N27)",Kidney disease,United States,50476,15.3
1736,2009,"Intentional self-harm (suicide) (*U03,X60-X84,Y87.0)",Suicide,Oklahoma,567,15.3
1737,2007,"Intentional self-harm (suicide) (*U03,X60-X84,Y87.0)",Suicide,Oregon,594,15.3
1738,2006,Influenza and pneumonia (J09-J18),Influenza and pneumonia,North Dakota,138,15.3
1739,2006,Influenza and pneumonia (J09-J18),Influenza and pneumonia,Ohio,1947,15.3
1740,2006,"Intentional self-harm (suicide) (*U03,X60-X84,Y87.0)",Suicide,Colorado,730,15.3
1741,2006,"Intentional self-harm (suicide) (*U03,X60-X84,Y87.0)",Suicide,Oregon,579,15.3
1742,2005,Diabetes mellitus (E10-E14),Diabetes,Nevada,336,15.3
1743,2005,"Nephritis, nephrotic syndrome and nephrosis (N00-N07,N17-N19,N25-N27)",Kidney disease,Oklahoma,564,15.3
1744,2003,"Nephritis, nephrotic syndrome and nephrosis (N00-N07,N17-N19,N25-N27)",Kidney disease,Nebraska,302,15.3
1745,2001,Alzheimer's disease (G30),Alzheimer's disease,Arkansas,452,15.3
1746,2001,Alzheimer's disease (G30),Alzheimer's disease,New Jersey,1376,15.3
1747,2001,Influenza and pneumonia (J09-J18),Influenza and pneumonia,District of Columbia,86,15.3
1748,2017,"Intentional self-harm (suicide) (*U03,X60-X84,Y87.0)",Suicide,Wisconsin,926,15.4
1749,2017,"Nephritis, nephrotic syndrome and nephrosis (N00-N07,N17-N19,N25-N27)",Kidney disease,Utah,384,15.4
1750,2016,"Intentional self-harm (suicide) (*U03,X60-X84,Y87.0)",Suicide,Indiana,1034,15.4
1751,2016,"Nephritis, nephrotic syndrome and nephrosis (N00-N07,N17-N19,N25-N27)",Kidney disease,Ohio,2262,15.4
1752,2015,"Intentional self-harm (suicide) (*U03,X60-X84,Y87.0)",Suicide,Washington,1137,15.4
1753,2014,Diabetes mellitus (E10-E14),Diabetes,Hawaii,276,15.4
1754,2013,"Intentional self-harm (suicide) (*U03,X60-X84,Y87.0)",Suicide,Tennessee,1030,15.4
1755,2011,"Nephritis, nephrotic syndrome and nephrosis (N00-N07,N17-N19,N25-N27)",Kidney disease,Texas,3397,15.4
1756,2010,Diabetes mellitus (E10-E14),Diabetes,Connecticut,662,15.4
1757,2010,"Nephritis, nephrotic syndrome and nephrosis (N00-N07,N17-N19,N25-N27)",Kidney disease,Delaware,158,15.4
1758,2010,"Nephritis, nephrotic syndrome and nephrosis (N00-N07,N17-N19,N25-N27)",Kidney disease,Ohio,2066,15.4
1759,2009,Influenza and pneumonia (J09-J18),Influenza and pneumonia,Connecticut,696,15.4
1760,2009,Influenza and pneumonia (J09-J18),Influenza and pneumonia,Ohio,2040,15.4
1761,2006,Influenza and pneumonia (J09-J18),Influenza and pneumonia,New Hampshire,212,15.4
1762,2006,"Nephritis, nephrotic syndrome and nephrosis (N00-N07,N17-N19,N25-N27)",Kidney disease,Wisconsin,962,15.4
1763,2005,"Intentional self-harm (suicide) (*U03,X60-X84,Y87.0)",Suicide,South Dakota,121,15.4
1764,2005,"Intentional self-harm (suicide) (*U03,X60-X84,Y87.0)",Suicide,Utah,348,15.4
1765,2004,"Intentional self-harm (suicide) (*U03,X60-X84,Y87.0)",Suicide,West Virginia,285,15.4
1766,2004,"Nephritis, nephrotic syndrome and nephrosis (N00-N07,N17-N19,N25-N27)",Kidney disease,Ohio,1896,15.4
1767,2003,"Intentional self-harm (suicide) (*U03,X60-X84,Y87.0)",Suicide,Utah,336,15.4
1768,2003,"Nephritis, nephrotic syndrome and nephrosis (N00-N07,N17-N19,N25-N27)",Kidney disease,Texas,2678,15.4
1769,2002,"Nephritis, nephrotic syndrome and nephrosis (N00-N07,N17-N19,N25-N27)",Kidney disease,Maine,232,15.4
1770,2000,Diabetes mellitus (E10-E14),Diabetes,Nevada,276,15.4
1771,1999,Alzheimer's disease (G30),Alzheimer's disease,Maryland,681,15.4
1772,1999,Alzheimer's disease (G30),Alzheimer's disease,Michigan,1431,15.4
1773,1999,Alzheimer's disease (G30),Alzheimer's disease,Oklahoma,553,15.4
1774,1999,"Nephritis, nephrotic syndrome and nephrosis (N00-N07,N17-N19,N25-N27)",Kidney disease,North Carolina,1138,15.4
1775,2017,"Nephritis, nephrotic syndrome and nephrosis (N00-N07,N17-N19,N25-N27)",Kidney disease,South Carolina,950,15.5
1776,2016,Influenza and pneumonia (J09-J18),Influenza and pneumonia,Utah,380,15.5
1777,2015,Influenza and pneumonia (J09-J18),Influenza and pneumonia,Georgia,1467,15.5
1778,2015,"Nephritis, nephrotic syndrome and nephrosis (N00-N07,N17-N19,N25-N27)",Kidney disease,South Carolina,886,15.5
1779,2014,Diabetes mellitus (E10-E14),Diabetes,Colorado,835,15.5
1780,2014,Influenza and pneumonia (J09-J18),Influenza and pneumonia,Michigan,1875,15.5
1781,2013,Diabetes mellitus (E10-E14),Diabetes,Hawaii,271,15.5
1782,2012,Influenza and pneumonia (J09-J18),Influenza and pneumonia,Ohio,2195,15.5
1783,2012,"Nephritis, nephrotic syndrome and nephrosis (N00-N07,N17-N19,N25-N27)",Kidney disease,Massachusetts,1271,15.5
1784,2011,Diabetes mellitus (E10-E14),Diabetes,Connecticut,692,15.5
1785,2010,Influenza and pneumonia (J09-J18),Influenza and pneumonia,Virginia,1195,15.5
1786,2010,"Intentional self-harm (suicide) (*U03,X60-X84,Y87.0)",Suicide,Arkansas,447,15.5
1787,2009,Alzheimer's disease (G30),Alzheimer's disease,Nevada,312,15.5
1788,2009,Diabetes mellitus (E10-E14),Diabetes,Nevada,377,15.5
1789,2008,"Intentional self-harm (suicide) (*U03,X60-X84,Y87.0)",Suicide,Arizona,972,15.5
1790,2008,"Intentional self-harm (suicide) (*U03,X60-X84,Y87.0)",Suicide,Arkansas,447,15.5
1791,2008,"Nephritis, nephrotic syndrome and nephrosis (N00-N07,N17-N19,N25-N27)",Kidney disease,Wisconsin,1007,15.5
1792,2007,Diabetes mellitus (E10-E14),Diabetes,Connecticut,646,15.5
1793,2007,Influenza and pneumonia (J09-J18),Influenza and pneumonia,Nebraska,331,15.5
1794,2007,Influenza and pneumonia (J09-J18),Influenza and pneumonia,New Mexico,298,15.5
1795,2007,Influenza and pneumonia (J09-J18),Influenza and pneumonia,Pennsylvania,2555,15.5
1796,2006,Diabetes mellitus (E10-E14),Diabetes,Massachusetts,1132,15.5
1797,2004,Influenza and pneumonia (J09-J18),Influenza and pneumonia,Montana,165,15.5
1798,2004,"Nephritis, nephrotic syndrome and nephrosis (N00-N07,N17-N19,N25-N27)",Kidney disease,Oklahoma,565,15.5
1799,2003,"Intentional self-harm (suicide) (*U03,X60-X84,Y87.0)",Suicide,Arizona,840,15.5
1800,2002,Diabetes mellitus (E10-E14),Diabetes,Hawaii,204,15.5
1801,2002,"Intentional self-harm (suicide) (*U03,X60-X84,Y87.0)",Suicide,Idaho,202,15.5
1802,2001,Influenza and pneumonia (J09-J18),Influenza and pneumonia,Florida,3317,15.5
1803,2001,Influenza and pneumonia (J09-J18),Influenza and pneumonia,Oregon,575,15.5
1804,2001,"Intentional self-harm (suicide) (*U03,X60-X84,Y87.0)",Suicide,Utah,321,15.5
1805,1999,"Intentional self-harm (suicide) (*U03,X60-X84,Y87.0)",Suicide,Arizona,766,15.5
1806,2017,Influenza and pneumonia (J09-J18),Influenza and pneumonia,Illinois,2402,15.6
1807,2015,"Nephritis, nephrotic syndrome and nephrosis (N00-N07,N17-N19,N25-N27)",Kidney disease,Michigan,1921,15.6
1808,2015,"Nephritis, nephrotic syndrome and nephrosis (N00-N07,N17-N19,N25-N27)",Kidney disease,Utah,363,15.6
1809,2014,Influenza and pneumonia (J09-J18),Influenza and pneumonia,Maryland,1019,15.6
1810,2013,Chronic lower respiratory diseases (J40-J47),CLRD,Hawaii,279,15.6
1811,2013,Influenza and pneumonia (J09-J18),Influenza and pneumonia,Wisconsin,1125,15.6
1812,2013,"Intentional self-harm (suicide) (*U03,X60-X84,Y87.0)",Suicide,Kentucky,701,15.6
1813,2013,"Intentional self-harm (suicide) (*U03,X60-X84,Y87.0)",Suicide,Missouri,960,15.6
1814,2012,Influenza and pneumonia (J09-J18),Influenza and pneumonia,Iowa,664,15.6
1815,2012,Influenza and pneumonia (J09-J18),Influenza and pneumonia,Utah,337,15.6
1816,2012,"Nephritis, nephrotic syndrome and nephrosis (N00-N07,N17-N19,N25-N27)",Kidney disease,Texas,3525,15.6
1817,2011,Diabetes mellitus (E10-E14),Diabetes,Hawaii,264,15.6
1818,2011,Influenza and pneumonia (J09-J18),Influenza and pneumonia,District of Columbia,96,15.6
1819,2010,"Intentional self-harm (suicide) (*U03,X60-X84,Y87.0)",Suicide,North Dakota,106,15.6
1820,2010,"Nephritis, nephrotic syndrome and nephrosis (N00-N07,N17-N19,N25-N27)",Kidney disease,New Jersey,1580,15.6
1821,2009,Influenza and pneumonia (J09-J18),Influenza and pneumonia,Pennsylvania,2601,15.6
1822,2008,Diabetes mellitus (E10-E14),Diabetes,Nevada,373,15.6
1823,2008,Influenza and pneumonia (J09-J18),Influenza and pneumonia,Maine,263,15.6
1824,2008,"Nephritis, nephrotic syndrome and nephrosis (N00-N07,N17-N19,N25-N27)",Kidney disease,Maine,263,15.6
1825,2007,"Nephritis, nephrotic syndrome and nephrosis (N00-N07,N17-N19,N25-N27)",Kidney disease,Wisconsin,1002,15.6
1826,2006,Influenza and pneumonia (J09-J18),Influenza and pneumonia,Colorado,614,15.6
1827,2006,Influenza and pneumonia (J09-J18),Influenza and pneumonia,Delaware,138,15.6
1828,2003,Influenza and pneumonia (J09-J18),Influenza and pneumonia,District of Columbia,87,15.6
1829,2003,"Nephritis, nephrotic syndrome and nephrosis (N00-N07,N17-N19,N25-N27)",Kidney disease,Delaware,130,15.6
1830,2000,"Intentional self-harm (suicide) (*U03,X60-X84,Y87.0)",Suicide,Arizona,784,15.6
1831,2000,"Nephritis, nephrotic syndrome and nephrosis (N00-N07,N17-N19,N25-N27)",Kidney disease,Ohio,1829,15.6
1832,2016,"Intentional self-harm (suicide) (*U03,X60-X84,Y87.0)",Suicide,Alabama,788,15.7
1833,2016,"Intentional self-harm (suicide) (*U03,X60-X84,Y87.0)",Suicide,South Carolina,815,15.7
1834,2016,"Nephritis, nephrotic syndrome and nephrosis (N00-N07,N17-N19,N25-N27)",Kidney disease,Pennsylvania,2813,15.7
1835,2015,Influenza and pneumonia (J09-J18),Influenza and pneumonia,Illinois,2343,15.7
1836,2015,Influenza and pneumonia (J09-J18),Influenza and pneumonia,Utah,372,15.7
1837,2015,Influenza and pneumonia (J09-J18),Influenza and pneumonia,Virginia,1416,15.7
1838,2015,"Intentional self-harm (suicide) (*U03,X60-X84,Y87.0)",Suicide,Tennessee,1068,15.7
1839,2014,"Intentional self-harm (suicide) (*U03,X60-X84,Y87.0)",Suicide,Kansas,455,15.7
1840,2014,"Intentional self-harm (suicide) (*U03,X60-X84,Y87.0)",Suicide,Maine,220,15.7
1841,2014,"Nephritis, nephrotic syndrome and nephrosis (N00-N07,N17-N19,N25-N27)",Kidney disease,Pennsylvania,2798,15.7
1842,2013,"Nephritis, nephrotic syndrome and nephrosis (N00-N07,N17-N19,N25-N27)",Kidney disease,Pennsylvania,2767,15.7
1843,2012,Influenza and pneumonia (J09-J18),Influenza and pneumonia,Wyoming,91,15.7
1844,2011,Influenza and pneumonia (J09-J18),Influenza and pneumonia,Iowa,660,15.7
1845,2011,Influenza and pneumonia (J09-J18),Influenza and pneumonia,South Carolina,768,15.7
1846,2011,Influenza and pneumonia (J09-J18),Influenza and pneumonia,United States,53826,15.7
1847,2011,"Intentional self-harm (suicide) (*U03,X60-X84,Y87.0)",Suicide,South Dakota,128,15.7
1848,2010,Influenza and pneumonia (J09-J18),Influenza and pneumonia,Maryland,925,15.7
1849,2010,"Intentional self-harm (suicide) (*U03,X60-X84,Y87.0)",Suicide,Vermont,106,15.7
1850,2009,Alzheimer's disease (G30),Alzheimer's disease,District of Columbia,94,15.7
1851,2009,Influenza and pneumonia (J09-J18),Influenza and pneumonia,North Dakota,138,15.7
1852,2008,"Intentional self-harm (suicide) (*U03,X60-X84,Y87.0)",Suicide,Oklahoma,575,15.7
1853,2008,"Intentional self-harm (suicide) (*U03,X60-X84,Y87.0)",Suicide,South Dakota,124,15.7
1854,2007,Alzheimer's disease (G30),Alzheimer's disease,Hawaii,247,15.7
1855,2007,Influenza and pneumonia (J09-J18),Influenza and pneumonia,Idaho,228,15.7
1856,2007,Influenza and pneumonia (J09-J18),Influenza and pneumonia,Wisconsin,1022,15.7
1857,2007,"Intentional self-harm (suicide) (*U03,X60-X84,Y87.0)",Suicide,West Virginia,300,15.7
1858,2006,"Nephritis, nephrotic syndrome and nephrosis (N00-N07,N17-N19,N25-N27)",Kidney disease,Maine,252,15.7
1859,2004,Alzheimer's disease (G30),Alzheimer's disease,Connecticut,684,15.7
1860,2003,Influenza and pneumonia (J09-J18),Influenza and pneumonia,Minnesota,858,15.7
1861,2003,"Nephritis, nephrotic syndrome and nephrosis (N00-N07,N17-N19,N25-N27)",Kidney disease,Oklahoma,566,15.7
1862,2001,Influenza and pneumonia (J09-J18),Influenza and pneumonia,Minnesota,828,15.7
1863,2016,"Nephritis, nephrotic syndrome and nephrosis (N00-N07,N17-N19,N25-N27)",Kidney disease,Texas,4125,15.8
1864,2014,Influenza and pneumonia (J09-J18),Influenza and pneumonia,Massachusetts,1370,15.8
1865,2013,Influenza and pneumonia (J09-J18),Influenza and pneumonia,Michigan,1896,15.8
1866,2012,Influenza and pneumonia (J09-J18),Influenza and pneumonia,Maryland,986,15.8
1867,2012,Influenza and pneumonia (J09-J18),Influenza and pneumonia,Virginia,1307,15.8
1868,2012,"Nephritis, nephrotic syndrome and nephrosis (N00-N07,N17-N19,N25-N27)",Kidney disease,Pennsylvania,2736,15.8
1869,2011,Alzheimer's disease (G30),Alzheimer's disease,Nevada,349,15.8
1870,2010,Influenza and pneumonia (J09-J18),Influenza and pneumonia,Alaska,64,15.8
1871,2010,Influenza and pneumonia (J09-J18),Influenza and pneumonia,South Dakota,169,15.8
1872,2010,"Nephritis, nephrotic syndrome and nephrosis (N00-N07,N17-N19,N25-N27)",Kidney disease,Maine,272,15.8
1873,2008,Influenza and pneumonia (J09-J18),Influenza and pneumonia,Ohio,2085,15.8
1874,2007,"Intentional self-harm (suicide) (*U03,X60-X84,Y87.0)",Suicide,Utah,378,15.8
1875,2006,Influenza and pneumonia (J09-J18),Influenza and pneumonia,Wisconsin,1014,15.8
1876,2006,"Intentional self-harm (suicide) (*U03,X60-X84,Y87.0)",Suicide,Idaho,222,15.8
1877,2006,"Nephritis, nephrotic syndrome and nephrosis (N00-N07,N17-N19,N25-N27)",Kidney disease,Texas,2995,15.8
1878,2004,"Intentional self-harm (suicide) (*U03,X60-X84,Y87.0)",Suicide,Arizona,880,15.8
1879,2003,Influenza and pneumonia (J09-J18),Influenza and pneumonia,Delaware,127,15.8
1880,2001,"Nephritis, nephrotic syndrome and nephrosis (N00-N07,N17-N19,N25-N27)",Kidney disease,Michigan,1533,15.8
1881,2001,"Nephritis, nephrotic syndrome and nephrosis (N00-N07,N17-N19,N25-N27)",Kidney disease,Oklahoma,567,15.8
1882,2000,Alzheimer's disease (G30),Alzheimer's disease,California,4419,15.8
1883,2017,Diabetes mellitus (E10-E14),Diabetes,Hawaii,299,15.9
1884,2017,Influenza and pneumonia (J09-J18),Influenza and pneumonia,Massachusetts,1433,15.9
1885,2017,"Nephritis, nephrotic syndrome and nephrosis (N00-N07,N17-N19,N25-N27)",Kidney disease,Pennsylvania,2898,15.9
1886,2016,"Intentional self-harm (suicide) (*U03,X60-X84,Y87.0)",Suicide,Maine,226,15.9
1887,2015,Diabetes mellitus (E10-E14),Diabetes,Colorado,887,15.9
1888,2015,Influenza and pneumonia (J09-J18),Influenza and pneumonia,Pennsylvania,2899,15.9
1889,2013,Influenza and pneumonia (J09-J18),Influenza and pneumonia,United States,56979,15.9
1890,2013,"Nephritis, nephrotic syndrome and nephrosis (N00-N07,N17-N19,N25-N27)",Kidney disease,Texas,3722,15.9
1891,2012,Diabetes mellitus (E10-E14),Diabetes,Colorado,797,15.9
1892,2012,Diabetes mellitus (E10-E14),Diabetes,Nevada,438,15.9
1893,2012,Diabetes mellitus (E10-E14),Diabetes,Wyoming,97,15.9
1894,2012,"Nephritis, nephrotic syndrome and nephrosis (N00-N07,N17-N19,N25-N27)",Kidney disease,North Carolina,1656,15.9
1895,2011,"Intentional self-harm (suicide) (*U03,X60-X84,Y87.0)",Suicide,West Virginia,306,15.9
1896,2010,Influenza and pneumonia (J09-J18),Influenza and pneumonia,South Carolina,747,15.9
1897,2008,Influenza and pneumonia (J09-J18),Influenza and pneumonia,Colorado,678,15.9
1898,2008,"Intentional self-harm (suicide) (*U03,X60-X84,Y87.0)",Suicide,Utah,390,15.9
1899,2006,Alzheimer's disease (G30),Alzheimer's disease,Nevada,281,15.9
1900,2006,Influenza and pneumonia (J09-J18),Influenza and pneumonia,Michigan,1679,15.9
1901,2006,"Nephritis, nephrotic syndrome and nephrosis (N00-N07,N17-N19,N25-N27)",Kidney disease,Michigan,1673,15.9
1902,2006,"Nephritis, nephrotic syndrome and nephrosis (N00-N07,N17-N19,N25-N27)",Kidney disease,Oklahoma,594,15.9
1903,2005,"Nephritis, nephrotic syndrome and nephrosis (N00-N07,N17-N19,N25-N27)",Kidney disease,Maine,250,15.9
1904,2001,"Intentional self-harm (suicide) (*U03,X60-X84,Y87.0)",Suicide,Alaska,102,15.9
1905,1999,Alzheimer's disease (G30),Alzheimer's disease,Illinois,1908,15.9
1906,1999,Alzheimer's disease (G30),Alzheimer's disease,Virginia,917,15.9
1907,1999,"Nephritis, nephrotic syndrome and nephrosis (N00-N07,N17-N19,N25-N27)",Kidney disease,Arkansas,458,15.9
1908,1999,"Nephritis, nephrotic syndrome and nephrosis (N00-N07,N17-N19,N25-N27)",Kidney disease,New Jersey,1380,15.9
1909,2017,"Nephritis, nephrotic syndrome and nephrosis (N00-N07,N17-N19,N25-N27)",Kidney disease,Texas,4256,16.0
1910,2015,Influenza and pneumonia (J09-J18),Influenza and pneumonia,Wyoming,99,16.0
1911,2015,"Intentional self-harm (suicide) (*U03,X60-X84,Y87.0)",Suicide,Maine,235,16.0
1912,2015,"Nephritis, nephrotic syndrome and nephrosis (N00-N07,N17-N19,N25-N27)",Kidney disease,North Carolina,1821,16.0
1913,2014,"Intentional self-harm (suicide) (*U03,X60-X84,Y87.0)",Suicide,Kentucky,728,16.0
1914,2013,"Nephritis, nephrotic syndrome and nephrosis (N00-N07,N17-N19,N25-N27)",Kidney disease,Delaware,178,16.0
1915,2013,"Nephritis, nephrotic syndrome and nephrosis (N00-N07,N17-N19,N25-N27)",Kidney disease,South Carolina,869,16.0
1916,2011,Alzheimer's disease (G30),Alzheimer's disease,Florida,4507,16.0
1917,2011,Influenza and pneumonia (J09-J18),Influenza and pneumonia,Pennsylvania,2771,16.0
1918,2011,"Intentional self-harm (suicide) (*U03,X60-X84,Y87.0)",Suicide,Arkansas,462,16.0
1919,2010,Diabetes mellitus (E10-E14),Diabetes,Rhode Island,211,16.0
1920,2010,Influenza and pneumonia (J09-J18),Influenza and pneumonia,Massachusetts,1291,16.0
1921,2006,Alzheimer's disease (G30),Alzheimer's disease,Connecticut,728,16.0
1922,2006,"Intentional self-harm (suicide) (*U03,X60-X84,Y87.0)",Suicide,South Dakota,125,16.0
1923,2006,"Intentional self-harm (suicide) (*U03,X60-X84,Y87.0)",Suicide,Utah,362,16.0
1924,2002,Influenza and pneumonia (J09-J18),Influenza and pneumonia,Washington,907,16.0
1925,2001,Alzheimer's disease (G30),Alzheimer's disease,South Dakota,156,16.0
1926,2000,Influenza and pneumonia (J09-J18),Influenza and pneumonia,Alaska,45,16.0
1927,2000,Influenza and pneumonia (J09-J18),Influenza and pneumonia,Florida,3365,16.0
1928,2017,"Nephritis, nephrotic syndrome and nephrosis (N00-N07,N17-N19,N25-N27)",Kidney disease,Delaware,205,16.1
1929,2015,Influenza and pneumonia (J09-J18),Influenza and pneumonia,Delaware,189,16.1
1930,2015,Influenza and pneumonia (J09-J18),Influenza and pneumonia,New Hampshire,275,16.1
1931,2015,"Nephritis, nephrotic syndrome and nephrosis (N00-N07,N17-N19,N25-N27)",Kidney disease,Texas,4052,16.1
1932,2015,"Nephritis, nephrotic syndrome and nephrosis (N00-N07,N17-N19,N25-N27)",Kidney disease,Virginia,1470,16.1
1933,2014,Influenza and pneumonia (J09-J18),Influenza and pneumonia,New Mexico,376,16.1
1934,2012,Influenza and pneumonia (J09-J18),Influenza and pneumonia,Massachusetts,1356,16.1
1935,2011,"Nephritis, nephrotic syndrome and nephrosis (N00-N07,N17-N19,N25-N27)",Kidney disease,South Carolina,802,16.1
1936,2010,Diabetes mellitus (E10-E14),Diabetes,New Hampshire,236,16.1
1937,2010,Influenza and pneumonia (J09-J18),Influenza and pneumonia,Illinois,2212,16.1
1938,2009,Influenza and pneumonia (J09-J18),Influenza and pneumonia,Rhode Island,222,16.1
1939,2009,"Nephritis, nephrotic syndrome and nephrosis (N00-N07,N17-N19,N25-N27)",Kidney disease,Massachusetts,1269,16.1
1940,2008,"Intentional self-harm (suicide) (*U03,X60-X84,Y87.0)",Suicide,Colorado,803,16.1
1941,2007,Influenza and pneumonia (J09-J18),Influenza and pneumonia,Montana,183,16.1
1942,2007,Influenza and pneumonia (J09-J18),Influenza and pneumonia,Rhode Island,224,16.1
1943,2003,"Intentional self-harm (suicide) (*U03,X60-X84,Y87.0)",Suicide,Colorado,728,16.1
1944,2001,"Nephritis, nephrotic syndrome and nephrosis (N00-N07,N17-N19,N25-N27)",Kidney disease,Ohio,1912,16.1
1945,1999,Influenza and pneumonia (J09-J18),Influenza and pneumonia,Florida,3328,16.1
1946,2017,Influenza and pneumonia (J09-J18),Influenza and pneumonia,Nebraska,393,16.2
1947,2016,Diabetes mellitus (E10-E14),Diabetes,Colorado,938,16.2
1948,2015,Influenza and pneumonia (J09-J18),Influenza and pneumonia,District of Columbia,104,16.2
1949,2015,Influenza and pneumonia (J09-J18),Influenza and pneumonia,Rhode Island,246,16.2
1950,2014,Influenza and pneumonia (J09-J18),Influenza and pneumonia,Georgia,1510,16.2
1951,2014,Influenza and pneumonia (J09-J18),Influenza and pneumonia,South Dakota,181,16.2
1952,2014,Influenza and pneumonia (J09-J18),Influenza and pneumonia,Utah,366,16.2
1953,2013,Alzheimer's disease (G30),Alzheimer's disease,Connecticut,824,16.2
1954,2013,Influenza and pneumonia (J09-J18),Influenza and pneumonia,Pennsylvania,2884,16.2
1955,2013,Influenza and pneumonia (J09-J18),Influenza and pneumonia,South Dakota,184,16.2
1956,2012,Diabetes mellitus (E10-E14),Diabetes,Hawaii,277,16.2
1957,2012,"Intentional self-harm (suicide) (*U03,X60-X84,Y87.0)",Suicide,Kentucky,724,16.2
1958,2009,Diabetes mellitus (E10-E14),Diabetes,Arizona,1083,16.2
1959,2009,Influenza and pneumonia (J09-J18),Influenza and pneumonia,Arizona,1058,16.2
1960,2009,"Intentional self-harm (suicide) (*U03,X60-X84,Y87.0)",Suicide,Oregon,644,16.2
1961,2009,"Nephritis, nephrotic syndrome and nephrosis (N00-N07,N17-N19,N25-N27)",Kidney disease,Oklahoma,637,16.2
1962,2008,Influenza and pneumonia (J09-J18),Influenza and pneumonia,South Carolina,727,16.2
1963,2007,Alzheimer's disease (G30),Alzheimer's disease,Maryland,881,16.2
1964,2006,Diabetes mellitus (E10-E14),Diabetes,Rhode Island,206,16.2
1965,2006,Influenza and pneumonia (J09-J18),Influenza and pneumonia,Idaho,225,16.2
1966,2005,"Nephritis, nephrotic syndrome and nephrosis (N00-N07,N17-N19,N25-N27)",Kidney disease,Michigan,1681,16.2
1967,2003,"Intentional self-harm (suicide) (*U03,X60-X84,Y87.0)",Suicide,Oregon,592,16.2
1968,2002,"Intentional self-harm (suicide) (*U03,X60-X84,Y87.0)",Suicide,Colorado,727,16.2
1969,2002,"Intentional self-harm (suicide) (*U03,X60-X84,Y87.0)",Suicide,Utah,340,16.2
1970,2000,"Nephritis, nephrotic syndrome and nephrosis (N00-N07,N17-N19,N25-N27)",Kidney disease,Kansas,478,16.2
1971,1999,Influenza and pneumonia (J09-J18),Influenza and pneumonia,New Hampshire,187,16.2
1972,1999,"Nephritis, nephrotic syndrome and nephrosis (N00-N07,N17-N19,N25-N27)",Kidney disease,Massachusetts,1127,16.2
1973,2017,"Intentional self-harm (suicide) (*U03,X60-X84,Y87.0)",Suicide,Indiana,1092,16.3
1974,2017,"Intentional self-harm (suicide) (*U03,X60-X84,Y87.0)",Suicide,South Carolina,838,16.3
1975,2016,"Intentional self-harm (suicide) (*U03,X60-X84,Y87.0)",Suicide,Tennessee,1111,16.3
1976,2015,"Intentional self-harm (suicide) (*U03,X60-X84,Y87.0)",Suicide,Kansas,477,16.3
1977,2014,"Intentional self-harm (suicide) (*U03,X60-X84,Y87.0)",Suicide,Missouri,1017,16.3
1978,2014,"Nephritis, nephrotic syndrome and nephrosis (N00-N07,N17-N19,N25-N27)",Kidney disease,North Carolina,1791,16.3
1979,2013,Alzheimer's disease (G30),Alzheimer's disease,New Jersey,1812,16.3
1980,2012,Influenza and pneumonia (J09-J18),Influenza and pneumonia,Illinois,2323,16.3
1981,2012,"Intentional self-harm (suicide) (*U03,X60-X84,Y87.0)",Suicide,Arkansas,485,16.3
1982,2011,Influenza and pneumonia (J09-J18),Influenza and pneumonia,North Carolina,1619,16.3
1983,2011,Influenza and pneumonia (J09-J18),Influenza and pneumonia,South Dakota,178,16.3
1984,2009,Alzheimer's disease (G30),Alzheimer's disease,Connecticut,778,16.3
1985,2009,Alzheimer's disease (G30),Alzheimer's disease,Maryland,937,16.3
1986,2009,Influenza and pneumonia (J09-J18),Influenza and pneumonia,Utah,332,16.3
1987,2009,Influenza and pneumonia (J09-J18),Influenza and pneumonia,Virginia,1237,16.3
1988,2009,"Intentional self-harm (suicide) (*U03,X60-X84,Y87.0)",Suicide,South Dakota,129,16.3
1989,2009,"Nephritis, nephrotic syndrome and nephrosis (N00-N07,N17-N19,N25-N27)",Kidney disease,Maine,272,16.3
1990,2008,Influenza and pneumonia (J09-J18),Influenza and pneumonia,Pennsylvania,2705,16.3
1991,2006,Influenza and pneumonia (J09-J18),Influenza and pneumonia,Nebraska,345,16.3
1992,2006,"Intentional self-harm (suicide) (*U03,X60-X84,Y87.0)",Suicide,Arizona,979,16.3
1993,2001,"Intentional self-harm (suicide) (*U03,X60-X84,Y87.0)",Suicide,Idaho,210,16.3
1994,2001,"Nephritis, nephrotic syndrome and nephrosis (N00-N07,N17-N19,N25-N27)",Kidney disease,Missouri,991,16.3
1995,2000,Diabetes mellitus (E10-E14),Diabetes,Hawaii,203,16.3
1996,1999,Alzheimer's disease (G30),Alzheimer's disease,Nebraska,331,16.3
1997,1999,Alzheimer's disease (G30),Alzheimer's disease,South Dakota,155,16.3
1998,2015,Alzheimer's disease (G30),Alzheimer's disease,Maryland,1095,16.4
1999,2013,Influenza and pneumonia (J09-J18),Influenza and pneumonia,Montana,210,16.4
2000,2013,"Intentional self-harm (suicide) (*U03,X60-X84,Y87.0)",Suicide,West Virginia,323,16.4
2001,2012,Influenza and pneumonia (J09-J18),Influenza and pneumonia,Georgia,1390,16.4
2002,2012,"Nephritis, nephrotic syndrome and nephrosis (N00-N07,N17-N19,N25-N27)",Kidney disease,South Carolina,860,16.4
2003,2011,Alzheimer's disease (G30),Alzheimer's disease,Connecticut,813,16.4
2004,2011,Diabetes mellitus (E10-E14),Diabetes,Colorado,790,16.4
2005,2010,Influenza and pneumonia (J09-J18),Influenza and pneumonia,California,5882,16.4
2006,2010,Influenza and pneumonia (J09-J18),Influenza and pneumonia,Kansas,550,16.4
2007,2009,Influenza and pneumonia (J09-J18),Influenza and pneumonia,South Carolina,759,16.4
2008,2007,"Nephritis, nephrotic syndrome and nephrosis (N00-N07,N17-N19,N25-N27)",Kidney disease,Oklahoma,623,16.4
2009,2005,"Intentional self-harm (suicide) (*U03,X60-X84,Y87.0)",Suicide,Arizona,945,16.4
2010,2003,Influenza and pneumonia (J09-J18),Influenza and pneumonia,New Hampshire,204,16.4
2011,2003,Influenza and pneumonia (J09-J18),Influenza and pneumonia,Oregon,632,16.4
2012,2003,"Intentional self-harm (suicide) (*U03,X60-X84,Y87.0)",Suicide,Idaho,217,16.4
2013,2002,"Nephritis, nephrotic syndrome and nephrosis (N00-N07,N17-N19,N25-N27)",Kidney disease,Michigan,1618,16.4
2014,2001,Alzheimer's disease (G30),Alzheimer's disease,Florida,3643,16.4
2015,2001,Influenza and pneumonia (J09-J18),Influenza and pneumonia,Hawaii,207,16.4
2016,2001,"Intentional self-harm (suicide) (*U03,X60-X84,Y87.0)",Suicide,Wyoming,83,16.4
2017,2000,Influenza and pneumonia (J09-J18),Influenza and pneumonia,Minnesota,845,16.4
2018,1999,Alzheimer's disease (G30),Alzheimer's disease,New Mexico,248,16.4
2019,1999,"Nephritis, nephrotic syndrome and nephrosis (N00-N07,N17-N19,N25-N27)",Kidney disease,District of Columbia,91,16.4
2020,1999,"Nephritis, nephrotic syndrome and nephrosis (N00-N07,N17-N19,N25-N27)",Kidney disease,Illinois,1965,16.4
2021,1999,"Nephritis, nephrotic syndrome and nephrosis (N00-N07,N17-N19,N25-N27)",Kidney disease,West Virginia,345,16.4
2022,2017,"Nephritis, nephrotic syndrome and nephrosis (N00-N07,N17-N19,N25-N27)",Kidney disease,Alabama,980,16.5
2023,2016,Influenza and pneumonia (J09-J18),Influenza and pneumonia,North Carolina,1896,16.5
2024,2015,Influenza and pneumonia (J09-J18),Influenza and pneumonia,Oklahoma,717,16.5
2025,2015,"Intentional self-harm (suicide) (*U03,X60-X84,Y87.0)",Suicide,New Hampshire,228,16.5
2026,2014,"Nephritis, nephrotic syndrome and nephrosis (N00-N07,N17-N19,N25-N27)",Kidney disease,Texas,4008,16.5
2027,2011,Influenza and pneumonia (J09-J18),Influenza and pneumonia,New Mexico,355,16.5
2028,2010,"Intentional self-harm (suicide) (*U03,X60-X84,Y87.0)",Suicide,Oklahoma,618,16.5
2029,2009,Influenza and pneumonia (J09-J18),Influenza and pneumonia,Texas,3387,16.5
2030,2009,Influenza and pneumonia (J09-J18),Influenza and pneumonia,United States,53692,16.5
2031,2007,Influenza and pneumonia (J09-J18),Influenza and pneumonia,Indiana,1098,16.5
2032,2007,"Intentional self-harm (suicide) (*U03,X60-X84,Y87.0)",Suicide,Arizona,1016,16.5
2033,2007,"Nephritis, nephrotic syndrome and nephrosis (N00-N07,N17-N19,N25-N27)",Kidney disease,Maine,269,16.5
2034,2006,Influenza and pneumonia (J09-J18),Influenza and pneumonia,Pennsylvania,2716,16.5
2035,2005,Influenza and pneumonia (J09-J18),Influenza and pneumonia,Hawaii,241,16.5
2036,2005,"Intentional self-harm (suicide) (*U03,X60-X84,Y87.0)",Suicide,Idaho,228,16.5
2037,2004,Influenza and pneumonia (J09-J18),Influenza and pneumonia,District of Columbia,91,16.5
2038,2001,"Intentional self-harm (suicide) (*U03,X60-X84,Y87.0)",Suicide,Colorado,722,16.5
2039,2001,"Nephritis, nephrotic syndrome and nephrosis (N00-N07,N17-N19,N25-N27)",Kidney disease,South Carolina,632,16.5
2040,2000,Alzheimer's disease (G30),Alzheimer's disease,Mississippi,443,16.5
2041,2000,Alzheimer's disease (G30),Alzheimer's disease,Pennsylvania,2542,16.5
2042,2000,Influenza and pneumonia (J09-J18),Influenza and pneumonia,New Hampshire,194,16.5
2043,1999,Alzheimer's disease (G30),Alzheimer's disease,Massachusetts,1182,16.5
2044,1999,Alzheimer's disease (G30),Alzheimer's disease,United States,44536,16.5
2045,1999,Influenza and pneumonia (J09-J18),Influenza and pneumonia,California,4560,16.5
2046,2017,"Intentional self-harm (suicide) (*U03,X60-X84,Y87.0)",Suicide,Alabama,836,16.6
2047,2016,Diabetes mellitus (E10-E14),Diabetes,Wyoming,112,16.6
2048,2016,"Nephritis, nephrotic syndrome and nephrosis (N00-N07,N17-N19,N25-N27)",Kidney disease,Virginia,1543,16.6
2049,2015,Influenza and pneumonia (J09-J18),Influenza and pneumonia,Ohio,2445,16.6
2050,2014,Alzheimer's disease (G30),Alzheimer's disease,Delaware,188,16.6
2051,2014,"Nephritis, nephrotic syndrome and nephrosis (N00-N07,N17-N19,N25-N27)",Kidney disease,Kansas,569,16.6
2052,2013,Influenza and pneumonia (J09-J18),Influenza and pneumonia,California,6551,16.6
2053,2013,Influenza and pneumonia (J09-J18),Influenza and pneumonia,Ohio,2374,16.6
2054,2013,"Nephritis, nephrotic syndrome and nephrosis (N00-N07,N17-N19,N25-N27)",Kidney disease,North Carolina,1780,16.6
2055,2012,Influenza and pneumonia (J09-J18),Influenza and pneumonia,South Dakota,185,16.6
2056,2011,Influenza and pneumonia (J09-J18),Influenza and pneumonia,California,6200,16.6
2057,2011,Influenza and pneumonia (J09-J18),Influenza and pneumonia,Ohio,2291,16.6
2058,2011,"Intentional self-harm (suicide) (*U03,X60-X84,Y87.0)",Suicide,Maine,235,16.6
2059,2011,"Intentional self-harm (suicide) (*U03,X60-X84,Y87.0)",Suicide,Oregon,656,16.6
2060,2011,"Nephritis, nephrotic syndrome and nephrosis (N00-N07,N17-N19,N25-N27)",Kidney disease,Nevada,412,16.6
2061,2010,Diabetes mellitus (E10-E14),Diabetes,Hawaii,272,16.6
2062,2009,Diabetes mellitus (E10-E14),Diabetes,Rhode Island,213,16.6
2063,2009,Influenza and pneumonia (J09-J18),Influenza and pneumonia,Iowa,661,16.6
2064,2007,Alzheimer's disease (G30),Alzheimer's disease,Connecticut,764,16.6
2065,2007,Diabetes mellitus (E10-E14),Diabetes,Massachusetts,1222,16.6
2066,2007,"Intentional self-harm (suicide) (*U03,X60-X84,Y87.0)",Suicide,Colorado,811,16.6
2067,2003,"Nephritis, nephrotic syndrome and nephrosis (N00-N07,N17-N19,N25-N27)",Kidney disease,Michigan,1665,16.6
2068,2002,"Intentional self-harm (suicide) (*U03,X60-X84,Y87.0)",Suicide,Arizona,886,16.6
2069,2001,"Nephritis, nephrotic syndrome and nephrosis (N00-N07,N17-N19,N25-N27)",Kidney disease,Kansas,498,16.6
2070,1999,Alzheimer's disease (G30),Alzheimer's disease,California,4532,16.6
2071,1999,Alzheimer's disease (G30),Alzheimer's disease,Kansas,511,16.6
2072,2017,Influenza and pneumonia (J09-J18),Influenza and pneumonia,Missouri,1281,16.7
2073,2016,Influenza and pneumonia (J09-J18),Influenza and pneumonia,South Dakota,195,16.7
2074,2015,Alzheimer's disease (G30),Alzheimer's disease,Alaska,68,16.7
2075,2015,Diabetes mellitus (E10-E14),Diabetes,Massachusetts,1398,16.7
2076,2010,Diabetes mellitus (E10-E14),Diabetes,New York,3642,16.7
2077,2009,Influenza and pneumonia (J09-J18),Influenza and pneumonia,New Mexico,344,16.7
2078,2009,"Intentional self-harm (suicide) (*U03,X60-X84,Y87.0)",Suicide,Arizona,1060,16.7
2079,2008,Influenza and pneumonia (J09-J18),Influenza and pneumonia,Wisconsin,1116,16.7
2080,2008,"Intentional self-harm (suicide) (*U03,X60-X84,Y87.0)",Suicide,Idaho,252,16.7
2081,2006,Diabetes mellitus (E10-E14),Diabetes,Colorado,677,16.7
2082,2002,Alzheimer's disease (G30),Alzheimer's disease,Delaware,128,16.7
2083,2002,Alzheimer's disease (G30),Alzheimer's disease,New Jersey,1522,16.7
2084,2017,Diabetes mellitus (E10-E14),Diabetes,New York,4176,16.8
2085,2017,"Intentional self-harm (suicide) (*U03,X60-X84,Y87.0)",Suicide,Tennessee,1166,16.8
2086,2017,"Nephritis, nephrotic syndrome and nephrosis (N00-N07,N17-N19,N25-N27)",Kidney disease,Illinois,2565,16.8
2087,2016,"Intentional self-harm (suicide) (*U03,X60-X84,Y87.0)",Suicide,Kentucky,756,16.8
2088,2015,"Nephritis, nephrotic syndrome and nephrosis (N00-N07,N17-N19,N25-N27)",Kidney disease,Kansas,582,16.8
2089,2014,Influenza and pneumonia (J09-J18),Influenza and pneumonia,Illinois,2485,16.8
2090,2014,Influenza and pneumonia (J09-J18),Influenza and pneumonia,Oklahoma,723,16.8
2091,2013,Influenza and pneumonia (J09-J18),Influenza and pneumonia,Georgia,1494,16.8
2092,2013,Influenza and pneumonia (J09-J18),Influenza and pneumonia,Illinois,2441,16.8
2093,2013,"Intentional self-harm (suicide) (*U03,X60-X84,Y87.0)",Suicide,Oregon,698,16.8
2094,2013,"Intentional self-harm (suicide) (*U03,X60-X84,Y87.0)",Suicide,Vermont,112,16.8
2095,2012,Alzheimer's disease (G30),Alzheimer's disease,Connecticut,842,16.8
2096,2012,"Intentional self-harm (suicide) (*U03,X60-X84,Y87.0)",Suicide,South Dakota,141,16.8
2097,2011,Influenza and pneumonia (J09-J18),Influenza and pneumonia,Maine,302,16.8
2098,2011,"Nephritis, nephrotic syndrome and nephrosis (N00-N07,N17-N19,N25-N27)",Kidney disease,Pennsylvania,2873,16.8
2099,2010,Alzheimer's disease (G30),Alzheimer's disease,Maryland,986,16.8
2100,2010,Alzheimer's disease (G30),Alzheimer's disease,New Mexico,343,16.8
2101,2010,"Intentional self-harm (suicide) (*U03,X60-X84,Y87.0)",Suicide,Colorado,865,16.8
2102,2008,Influenza and pneumonia (J09-J18),Influenza and pneumonia,Arizona,1068,16.8
2103,2007,Diabetes mellitus (E10-E14),Diabetes,Colorado,710,16.8
2104,2007,Influenza and pneumonia (J09-J18),Influenza and pneumonia,South Carolina,723,16.8
2105,2007,Influenza and pneumonia (J09-J18),Influenza and pneumonia,United States,52717,16.8
2106,2006,Influenza and pneumonia (J09-J18),Influenza and pneumonia,Maine,269,16.8
2107,2003,Diabetes mellitus (E10-E14),Diabetes,Connecticut,665,16.8
2108,2001,Alzheimer's disease (G30),Alzheimer's disease,Mississippi,449,16.8
2109,2001,"Nephritis, nephrotic syndrome and nephrosis (N00-N07,N17-N19,N25-N27)",Kidney disease,New Jersey,1495,16.8
2110,2000,"Intentional self-harm (suicide) (*U03,X60-X84,Y87.0)",Suicide,Wyoming,83,16.8
2111,1999,"Intentional self-harm (suicide) (*U03,X60-X84,Y87.0)",Suicide,Alaska,96,16.8
2112,2017,Diabetes mellitus (E10-E14),Diabetes,New Jersey,1908,16.9
2113,2017,"Intentional self-harm (suicide) (*U03,X60-X84,Y87.0)",Suicide,Kentucky,770,16.9
2114,2017,"Intentional self-harm (suicide) (*U03,X60-X84,Y87.0)",Suicide,Washington,1297,16.9
2115,2017,"Nephritis, nephrotic syndrome and nephrosis (N00-N07,N17-N19,N25-N27)",Kidney disease,Virginia,1618,16.9
2116,2016,Diabetes mellitus (E10-E14),Diabetes,New York,4038,16.9
2117,2016,Diabetes mellitus (E10-E14),Diabetes,Rhode Island,239,16.9
2118,2015,Influenza and pneumonia (J09-J18),Influenza and pneumonia,Nebraska,397,16.9
2119,2015,"Nephritis, nephrotic syndrome and nephrosis (N00-N07,N17-N19,N25-N27)",Kidney disease,Pennsylvania,3021,16.9
2120,2014,Influenza and pneumonia (J09-J18),Influenza and pneumonia,Ohio,2443,16.9
2121,2013,Alzheimer's disease (G30),Alzheimer's disease,Florida,5093,16.9
2122,2012,"Nephritis, nephrotic syndrome and nephrosis (N00-N07,N17-N19,N25-N27)",Kidney disease,Indiana,1221,16.9
2123,2011,Influenza and pneumonia (J09-J18),Influenza and pneumonia,Massachusetts,1418,16.9
2124,2010,Influenza and pneumonia (J09-J18),Influenza and pneumonia,Indiana,1175,16.9
2125,2009,Alzheimer's disease (G30),Alzheimer's disease,Delaware,163,16.9
2126,2009,Influenza and pneumonia (J09-J18),Influenza and pneumonia,Maryland,976,16.9
2127,2008,Diabetes mellitus (E10-E14),Diabetes,New York,3605,16.9
2128,2008,Influenza and pneumonia (J09-J18),Influenza and pneumonia,Michigan,1853,16.9
2129,2006,Alzheimer's disease (G30),Alzheimer's disease,New Jersey,1649,16.9
2130,2006,"Nephritis, nephrotic syndrome and nephrosis (N00-N07,N17-N19,N25-N27)",Kidney disease,Delaware,152,16.9
2131,2005,"Nephritis, nephrotic syndrome and nephrosis (N00-N07,N17-N19,N25-N27)",Kidney disease,Kansas,517,16.9
2132,2004,Influenza and pneumonia (J09-J18),Influenza and pneumonia,Hawaii,236,16.9
2133,2002,Influenza and pneumonia (J09-J18),Influenza and pneumonia,Minnesota,900,16.9
2134,2002,"Nephritis, nephrotic syndrome and nephrosis (N00-N07,N17-N19,N25-N27)",Kidney disease,Ohio,2027,16.9
2135,1999,"Nephritis, nephrotic syndrome and nephrosis (N00-N07,N17-N19,N25-N27)",Kidney disease,Virginia,1035,16.9
2136,2016,Diabetes mellitus (E10-E14),Diabetes,Delaware,203,17.0
2137,2016,"Nephritis, nephrotic syndrome and nephrosis (N00-N07,N17-N19,N25-N27)",Kidney disease,Illinois,2518,17.0
2138,2013,Influenza and pneumonia (J09-J18),Influenza and pneumonia,Virginia,1442,17.0
2139,2012,Influenza and pneumonia (J09-J18),Influenza and pneumonia,Missouri,1213,17.0
2140,2012,"Nephritis, nephrotic syndrome and nephrosis (N00-N07,N17-N19,N25-N27)",Kidney disease,Illinois,2392,17.0
2141,2011,"Nephritis, nephrotic syndrome and nephrosis (N00-N07,N17-N19,N25-N27)",Kidney disease,North Carolina,1705,17.0
2142,2010,Influenza and pneumonia (J09-J18),Influenza and pneumonia,Hawaii,289,17.0
2143,2010,"Intentional self-harm (suicide) (*U03,X60-X84,Y87.0)",Suicide,Arizona,1093,17.0
2144,2009,Influenza and pneumonia (J09-J18),Influenza and pneumonia,Massachusetts,1348,17.0
2145,2008,Influenza and pneumonia (J09-J18),Influenza and pneumonia,Nebraska,366,17.0
2146,2008,Influenza and pneumonia (J09-J18),Influenza and pneumonia,North Dakota,148,17.0
2147,2008,Influenza and pneumonia (J09-J18),Influenza and pneumonia,South Dakota,177,17.0
2148,2007,Influenza and pneumonia (J09-J18),Influenza and pneumonia,Texas,3230,17.0
2149,2007,"Nephritis, nephrotic syndrome and nephrosis (N00-N07,N17-N19,N25-N27)",Kidney disease,Texas,3291,17.0
2150,2006,Influenza and pneumonia (J09-J18),Influenza and pneumonia,South Dakota,173,17.0
2151,2004,Influenza and pneumonia (J09-J18),Influenza and pneumonia,Idaho,219,17.0
2152,2004,Influenza and pneumonia (J09-J18),Influenza and pneumonia,North Dakota,148,17.0
2153,2003,Alzheimer's disease (G30),Alzheimer's disease,District of Columbia,95,17.0
2154,2002,Alzheimer's disease (G30),Alzheimer's disease,South Dakota,167,17.0
2155,2000,"Nephritis, nephrotic syndrome and nephrosis (N00-N07,N17-N19,N25-N27)",Kidney disease,New Jersey,1495,17.0
2156,1999,Alzheimer's disease (G30),Alzheimer's disease,Rhode Island,219,17.0
2157,2017,Alzheimer's disease (G30),Alzheimer's disease,Maryland,1191,17.1
2158,2017,"Nephritis, nephrotic syndrome and nephrosis (N00-N07,N17-N19,N25-N27)",Kidney disease,North Carolina,2040,17.1
2159,2017,"Nephritis, nephrotic syndrome and nephrosis (N00-N07,N17-N19,N25-N27)",Kidney disease,West Virginia,436,17.1
2160,2016,Influenza and pneumonia (J09-J18),Influenza and pneumonia,Alabama,987,17.1
2161,2016,Influenza and pneumonia (J09-J18),Influenza and pneumonia,Arkansas,623,17.1
2162,2016,"Nephritis, nephrotic syndrome and nephrosis (N00-N07,N17-N19,N25-N27)",Kidney disease,Delaware,208,17.1
2163,2016,"Nephritis, nephrotic syndrome and nephrosis (N00-N07,N17-N19,N25-N27)",Kidney disease,North Carolina,2002,17.1
2164,2015,Diabetes mellitus (E10-E14),Diabetes,New York,4045,17.1
2165,2015,Influenza and pneumonia (J09-J18),Influenza and pneumonia,Massachusetts,1512,17.1
2166,2015,"Intentional self-harm (suicide) (*U03,X60-X84,Y87.0)",Suicide,Kentucky,776,17.1
2167,2015,"Intentional self-harm (suicide) (*U03,X60-X84,Y87.0)",Suicide,Missouri,1052,17.1
2168,2014,Chronic lower respiratory diseases (J40-J47),CLRD,Hawaii,313,17.1
2169,2014,Influenza and pneumonia (J09-J18),Influenza and pneumonia,Virginia,1498,17.1
2170,2014,"Intentional self-harm (suicide) (*U03,X60-X84,Y87.0)",Suicide,South Dakota,141,17.1
2171,2013,"Nephritis, nephrotic syndrome and nephrosis (N00-N07,N17-N19,N25-N27)",Kidney disease,Illinois,2444,17.1
2172,2012,Alzheimer's disease (G30),Alzheimer's disease,New Jersey,1881,17.1
2173,2012,Alzheimer's disease (G30),Alzheimer's disease,New Mexico,373,17.1
2174,2012,"Intentional self-harm (suicide) (*U03,X60-X84,Y87.0)",Suicide,West Virginia,326,17.1
2175,2011,Influenza and pneumonia (J09-J18),Influenza and pneumonia,Maryland,1036,17.1
2176,2011,Influenza and pneumonia (J09-J18),Influenza and pneumonia,Utah,358,17.1
2177,2010,Alzheimer's disease (G30),Alzheimer's disease,Connecticut,820,17.1
2178,2010,Influenza and pneumonia (J09-J18),Influenza and pneumonia,Utah,348,17.1
2179,2010,"Intentional self-harm (suicide) (*U03,X60-X84,Y87.0)",Suicide,Oregon,685,17.1
2180,2008,Influenza and pneumonia (J09-J18),Influenza and pneumonia,Hawaii,270,17.1
2181,2007,Alzheimer's disease (G30),Alzheimer's disease,New Mexico,322,17.1
2182,2007,Influenza and pneumonia (J09-J18),Influenza and pneumonia,Utah,313,17.1
2183,2005,"Nephritis, nephrotic syndrome and nephrosis (N00-N07,N17-N19,N25-N27)",Kidney disease,New Jersey,1597,17.1
2184,2004,Influenza and pneumonia (J09-J18),Influenza and pneumonia,New Jersey,1586,17.1
2185,2004,"Nephritis, nephrotic syndrome and nephrosis (N00-N07,N17-N19,N25-N27)",Kidney disease,Maine,264,17.1
2186,2004,"Nephritis, nephrotic syndrome and nephrosis (N00-N07,N17-N19,N25-N27)",Kidney disease,Massachusetts,1250,17.1
2187,2003,"Nephritis, nephrotic syndrome and nephrosis (N00-N07,N17-N19,N25-N27)",Kidney disease,Ohio,2093,17.1
2188,2002,Influenza and pneumonia (J09-J18),Influenza and pneumonia,Vermont,111,17.1
2189,2001,"Nephritis, nephrotic syndrome and nephrosis (N00-N07,N17-N19,N25-N27)",Kidney disease,Massachusetts,1207,17.1
2190,2017,Diabetes mellitus (E10-E14),Diabetes,Colorado,1017,17.2
2191,2016,"Intentional self-harm (suicide) (*U03,X60-X84,Y87.0)",Suicide,New Hampshire,244,17.2
2192,2014,Alzheimer's disease (G30),Alzheimer's disease,Alaska,68,17.2
2193,2014,Influenza and pneumonia (J09-J18),Influenza and pneumonia,North Carolina,1874,17.2
2194,2014,"Nephritis, nephrotic syndrome and nephrosis (N00-N07,N17-N19,N25-N27)",Kidney disease,Illinois,2517,17.2
2195,2014,"Nephritis, nephrotic syndrome and nephrosis (N00-N07,N17-N19,N25-N27)",Kidney disease,Utah,393,17.2
2196,2013,Influenza and pneumonia (J09-J18),Influenza and pneumonia,Maryland,1103,17.2
2197,2013,"Intentional self-harm (suicide) (*U03,X60-X84,Y87.0)",Suicide,Oklahoma,665,17.2
2198,2011,Influenza and pneumonia (J09-J18),Influenza and pneumonia,Missouri,1205,17.2
2199,2011,"Nephritis, nephrotic syndrome and nephrosis (N00-N07,N17-N19,N25-N27)",Kidney disease,Illinois,2386,17.2
2200,2009,Diabetes mellitus (E10-E14),Diabetes,Colorado,779,17.2
2201,2009,Diabetes mellitus (E10-E14),Diabetes,Wisconsin,1110,17.2
2202,2009,"Nephritis, nephrotic syndrome and nephrosis (N00-N07,N17-N19,N25-N27)",Kidney disease,New Jersey,1709,17.2
2203,2008,"Nephritis, nephrotic syndrome and nephrosis (N00-N07,N17-N19,N25-N27)",Kidney disease,Oklahoma,664,17.2
2204,2007,Influenza and pneumonia (J09-J18),Influenza and pneumonia,Connecticut,776,17.2
2205,2007,Influenza and pneumonia (J09-J18),Influenza and pneumonia,Virginia,1231,17.2
2206,2006,Influenza and pneumonia (J09-J18),Influenza and pneumonia,Hawaii,257,17.2
2207,2005,Influenza and pneumonia (J09-J18),Influenza and pneumonia,District of Columbia,98,17.2
2208,2005,"Intentional self-harm (suicide) (*U03,X60-X84,Y87.0)",Suicide,Colorado,800,17.2
2209,2004,"Intentional self-harm (suicide) (*U03,X60-X84,Y87.0)",Suicide,Colorado,797,17.2
2210,2004,"Intentional self-harm (suicide) (*U03,X60-X84,Y87.0)",Suicide,Utah,377,17.2
2211,2001,Alzheimer's disease (G30),Alzheimer's disease,California,4935,17.2
2212,2000,Alzheimer's disease (G30),Alzheimer's disease,West Virginia,361,17.2
2213,1999,Diabetes mellitus (E10-E14),Diabetes,Nevada,286,17.2
2214,2016,Influenza and pneumonia (J09-J18),Influenza and pneumonia,Kentucky,888,17.3
2215,2016,Influenza and pneumonia (J09-J18),Influenza and pneumonia,West Virginia,423,17.3
2216,2016,"Intentional self-harm (suicide) (*U03,X60-X84,Y87.0)",Suicide,Vermont,118,17.3
2217,2015,Chronic lower respiratory diseases (J40-J47),CLRD,Hawaii,332,17.3
2218,2015,"Nephritis, nephrotic syndrome and nephrosis (N00-N07,N17-N19,N25-N27)",Kidney disease,Illinois,2543,17.3
2219,2014,"Intentional self-harm (suicide) (*U03,X60-X84,Y87.0)",Suicide,Arkansas,515,17.3
2220,2013,"Intentional self-harm (suicide) (*U03,X60-X84,Y87.0)",Suicide,Arkansas,516,17.3
2221,2013,"Intentional self-harm (suicide) (*U03,X60-X84,Y87.0)",Suicide,North Dakota,128,17.3
2222,2012,"Intentional self-harm (suicide) (*U03,X60-X84,Y87.0)",Suicide,Arizona,1156,17.3
2223,2011,Influenza and pneumonia (J09-J18),Influenza and pneumonia,Illinois,2424,17.3
2224,2009,Diabetes mellitus (E10-E14),Diabetes,New York,3723,17.3
2225,2009,"Nephritis, nephrotic syndrome and nephrosis (N00-N07,N17-N19,N25-N27)",Kidney disease,Kansas,556,17.3
2226,2006,Alzheimer's disease (G30),Alzheimer's disease,Maryland,915,17.3
2227,2006,Influenza and pneumonia (J09-J18),Influenza and pneumonia,South Carolina,724,17.3
2228,2006,"Nephritis, nephrotic syndrome and nephrosis (N00-N07,N17-N19,N25-N27)",Kidney disease,New Jersey,1645,17.3
2229,2005,Influenza and pneumonia (J09-J18),Influenza and pneumonia,New Jersey,1637,17.3
2230,2005,"Intentional self-harm (suicide) (*U03,X60-X84,Y87.0)",Suicide,Wyoming,90,17.3
2231,2004,Influenza and pneumonia (J09-J18),Influenza and pneumonia,Nebraska,347,17.3
2232,2003,"Nephritis, nephrotic syndrome and nephrosis (N00-N07,N17-N19,N25-N27)",Kidney disease,North Carolina,1387,17.3
2233,2002,Alzheimer's disease (G30),Alzheimer's disease,Nevada,253,17.3
2234,2002,Diabetes mellitus (E10-E14),Diabetes,Connecticut,675,17.3
2235,2002,"Nephritis, nephrotic syndrome and nephrosis (N00-N07,N17-N19,N25-N27)",Kidney disease,Kansas,517,17.3
2236,2000,"Nephritis, nephrotic syndrome and nephrosis (N00-N07,N17-N19,N25-N27)",Kidney disease,Arkansas,500,17.3
2237,1999,Alzheimer's disease (G30),Alzheimer's disease,Utah,245,17.3
2238,1999,Diabetes mellitus (E10-E14),Diabetes,Hawaii,211,17.3
2239,1999,"Nephritis, nephrotic syndrome and nephrosis (N00-N07,N17-N19,N25-N27)",Kidney disease,Indiana,1022,17.3
2240,2016,Alzheimer's disease (G30),Alzheimer's disease,Maryland,1178,17.4
2241,2016,"Nephritis, nephrotic syndrome and nephrosis (N00-N07,N17-N19,N25-N27)",Kidney disease,Alabama,1012,17.4
2242,2015,"Intentional self-harm (suicide) (*U03,X60-X84,Y87.0)",Suicide,West Virginia,340,17.4
2243,2014,Alzheimer's disease (G30),Alzheimer's disease,New Jersey,1962,17.4
2244,2014,Diabetes mellitus (E10-E14),Diabetes,New York,4064,17.4
2245,2013,Alzheimer's disease (G30),Alzheimer's disease,Pennsylvania,3271,17.4
2246,2013,Diabetes mellitus (E10-E14),Diabetes,Vermont,139,17.4
2247,2013,"Intentional self-harm (suicide) (*U03,X60-X84,Y87.0)",Suicide,Maine,245,17.4
2248,2013,"Nephritis, nephrotic syndrome and nephrosis (N00-N07,N17-N19,N25-N27)",Kidney disease,Kansas,594,17.4
2249,2012,"Intentional self-harm (suicide) (*U03,X60-X84,Y87.0)",Suicide,Kansas,502,17.4
2250,2011,"Nephritis, nephrotic syndrome and nephrosis (N00-N07,N17-N19,N25-N27)",Kidney disease,Kansas,574,17.4
2251,2010,Influenza and pneumonia (J09-J18),Influenza and pneumonia,Missouri,1188,17.4
2252,2009,Influenza and pneumonia (J09-J18),Influenza and pneumonia,Indiana,1191,17.4
2253,2007,"Nephritis, nephrotic syndrome and nephrosis (N00-N07,N17-N19,N25-N27)",Kidney disease,Delaware,163,17.4
2254,2006,Influenza and pneumonia (J09-J18),Influenza and pneumonia,Indiana,1129,17.4
2255,2006,"Nephritis, nephrotic syndrome and nephrosis (N00-N07,N17-N19,N25-N27)",Kidney disease,Missouri,1118,17.4
2256,2005,Alzheimer's disease (G30),Alzheimer's disease,Connecticut,777,17.4
2257,2004,Influenza and pneumonia (J09-J18),Influenza and pneumonia,Delaware,145,17.4
2258,2004,"Nephritis, nephrotic syndrome and nephrosis (N00-N07,N17-N19,N25-N27)",Kidney disease,Missouri,1083,17.4
2259,2003,"Nephritis, nephrotic syndrome and nephrosis (N00-N07,N17-N19,N25-N27)",Kidney disease,Maine,265,17.4
2260,2001,Influenza and pneumonia (J09-J18),Influenza and pneumonia,Washington,965,17.4
2261,2001,"Nephritis, nephrotic syndrome and nephrosis (N00-N07,N17-N19,N25-N27)",Kidney disease,North Carolina,1332,17.4
2262,2000,Alzheimer's disease (G30),Alzheimer's disease,Nebraska,353,17.4
2263,2017,Influenza and pneumonia (J09-J18),Influenza and pneumonia,North Carolina,2076,17.5
2264,2017,Influenza and pneumonia (J09-J18),Influenza and pneumonia,Wyoming,115,17.5
2265,2015,"Intentional self-harm (suicide) (*U03,X60-X84,Y87.0)",Suicide,North Dakota,124,17.5
2266,2014,Influenza and pneumonia (J09-J18),Influenza and pneumonia,Louisiana,854,17.5
2267,2013,"Intentional self-harm (suicide) (*U03,X60-X84,Y87.0)",Suicide,Arizona,1163,17.5
2268,2012,Diabetes mellitus (E10-E14),Diabetes,New Hampshire,275,17.5
2269,2012,Influenza and pneumonia (J09-J18),Influenza and pneumonia,Louisiana,808,17.5
2270,2011,Influenza and pneumonia (J09-J18),Influenza and pneumonia,Georgia,1457,17.5
2271,2011,"Intentional self-harm (suicide) (*U03,X60-X84,Y87.0)",Suicide,Colorado,913,17.5
2272,2011,"Nephritis, nephrotic syndrome and nephrosis (N00-N07,N17-N19,N25-N27)",Kidney disease,Virginia,1419,17.5
2273,2010,"Intentional self-harm (suicide) (*U03,X60-X84,Y87.0)",Suicide,South Dakota,140,17.5
2274,2010,"Nephritis, nephrotic syndrome and nephrosis (N00-N07,N17-N19,N25-N27)",Kidney disease,Massachusetts,1381,17.5
2275,2010,"Nephritis, nephrotic syndrome and nephrosis (N00-N07,N17-N19,N25-N27)",Kidney disease,Wisconsin,1163,17.5
2276,2008,Influenza and pneumonia (J09-J18),Influenza and pneumonia,New Mexico,351,17.5
2277,2008,"Nephritis, nephrotic syndrome and nephrosis (N00-N07,N17-N19,N25-N27)",Kidney disease,New Jersey,1715,17.5
2278,2007,"Nephritis, nephrotic syndrome and nephrosis (N00-N07,N17-N19,N25-N27)",Kidney disease,New Jersey,1690,17.5
2279,2004,Influenza and pneumonia (J09-J18),Influenza and pneumonia,Colorado,637,17.5
2280,2004,"Intentional self-harm (suicide) (*U03,X60-X84,Y87.0)",Suicide,Wyoming,88,17.5
2281,2003,Alzheimer's disease (G30),Alzheimer's disease,South Dakota,174,17.5
2282,2002,Diabetes mellitus (E10-E14),Diabetes,Nevada,343,17.5
2283,2001,Alzheimer's disease (G30),Alzheimer's disease,District of Columbia,99,17.5
2284,2001,Alzheimer's disease (G30),Alzheimer's disease,Illinois,2163,17.5
2285,2001,Diabetes mellitus (E10-E14),Diabetes,Nevada,322,17.5
2286,2000,Alzheimer's disease (G30),Alzheimer's disease,Michigan,1646,17.5
2287,2000,"Intentional self-harm (suicide) (*U03,X60-X84,Y87.0)",Suicide,Montana,158,17.5
2288,2017,Alzheimer's disease (G30),Alzheimer's disease,District of Columbia,125,17.6
2289,2015,Influenza and pneumonia (J09-J18),Influenza and pneumonia,Maine,333,17.6
2290,2014,Diabetes mellitus (E10-E14),Diabetes,Wyoming,110,17.6
2291,2014,"Nephritis, nephrotic syndrome and nephrosis (N00-N07,N17-N19,N25-N27)",Kidney disease,Virginia,1553,17.6
2292,2013,Alzheimer's disease (G30),Alzheimer's disease,Delaware,192,17.6
2293,2012,Diabetes mellitus (E10-E14),Diabetes,Iowa,692,17.6
2294,2012,"Intentional self-harm (suicide) (*U03,X60-X84,Y87.0)",Suicide,Oklahoma,670,17.6
2295,2011,Influenza and pneumonia (J09-J18),Influenza and pneumonia,Virginia,1421,17.6
2296,2009,Alzheimer's disease (G30),Alzheimer's disease,Florida,4617,17.6
2297,2008,Diabetes mellitus (E10-E14),Diabetes,Colorado,767,17.6
2298,2008,Influenza and pneumonia (J09-J18),Influenza and pneumonia,United States,56284,17.6
2299,2007,"Nephritis, nephrotic syndrome and nephrosis (N00-N07,N17-N19,N25-N27)",Kidney disease,Kansas,554,17.6
2300,2005,Influenza and pneumonia (J09-J18),Influenza and pneumonia,Colorado,666,17.6
2301,2004,"Intentional self-harm (suicide) (*U03,X60-X84,Y87.0)",Suicide,Idaho,236,17.6
2302,2004,"Nephritis, nephrotic syndrome and nephrosis (N00-N07,N17-N19,N25-N27)",Kidney disease,New Jersey,1624,17.6
2303,2003,Influenza and pneumonia (J09-J18),Influenza and pneumonia,Hawaii,237,17.6
2304,2003,"Nephritis, nephrotic syndrome and nephrosis (N00-N07,N17-N19,N25-N27)",Kidney disease,Kansas,531,17.6
2305,2002,"Nephritis, nephrotic syndrome and nephrosis (N00-N07,N17-N19,N25-N27)",Kidney disease,Missouri,1076,17.6
2306,2001,Alzheimer's disease (G30),Alzheimer's disease,Pennsylvania,2753,17.6
2307,2000,"Nephritis, nephrotic syndrome and nephrosis (N00-N07,N17-N19,N25-N27)",Kidney disease,Massachusetts,1231,17.6
2308,2000,"Nephritis, nephrotic syndrome and nephrosis (N00-N07,N17-N19,N25-N27)",Kidney disease,North Carolina,1315,17.6
2309,2017,Influenza and pneumonia (J09-J18),Influenza and pneumonia,New York,4517,17.7
2310,2016,Chronic lower respiratory diseases (J40-J47),CLRD,Hawaii,342,17.7
2311,2016,"Intentional self-harm (suicide) (*U03,X60-X84,Y87.0)",Suicide,Arizona,1271,17.7
2312,2015,Influenza and pneumonia (J09-J18),Influenza and pneumonia,Maryland,1176,17.7
2313,2015,Influenza and pneumonia (J09-J18),Influenza and pneumonia,North Dakota,172,17.7
2314,2012,Chronic lower respiratory diseases (J40-J47),CLRD,Hawaii,312,17.7
2315,2012,Diabetes mellitus (E10-E14),Diabetes,New York,4010,17.7
2316,2012,"Nephritis, nephrotic syndrome and nephrosis (N00-N07,N17-N19,N25-N27)",Kidney disease,Kansas,600,17.7
2317,2010,Alzheimer's disease (G30),Alzheimer's disease,New Jersey,1878,17.7
2318,2010,Diabetes mellitus (E10-E14),Diabetes,Minnesota,1037,17.7
2319,2010,Diabetes mellitus (E10-E14),Diabetes,Wisconsin,1158,17.7
2320,2010,Influenza and pneumonia (J09-J18),Influenza and pneumonia,North Carolina,1700,17.7
2321,2010,"Nephritis, nephrotic syndrome and nephrosis (N00-N07,N17-N19,N25-N27)",Kidney disease,Kansas,577,17.7
2322,2009,Diabetes mellitus (E10-E14),Diabetes,Minnesota,1021,17.7
2323,2009,"Nephritis, nephrotic syndrome and nephrosis (N00-N07,N17-N19,N25-N27)",Kidney disease,Delaware,176,17.7
2324,2008,"Nephritis, nephrotic syndrome and nephrosis (N00-N07,N17-N19,N25-N27)",Kidney disease,Texas,3536,17.7
2325,2007,Diabetes mellitus (E10-E14),Diabetes,New York,3715,17.7
2326,2005,Diabetes mellitus (E10-E14),Diabetes,Massachusetts,1271,17.7
2327,2005,Influenza and pneumonia (J09-J18),Influenza and pneumonia,Nebraska,370,17.7
2328,2004,Influenza and pneumonia (J09-J18),Influenza and pneumonia,New Mexico,308,17.7
2329,2003,Alzheimer's disease (G30),Alzheimer's disease,New Jersey,1636,17.7
2330,2003,Influenza and pneumonia (J09-J18),Influenza and pneumonia,Vermont,116,17.7
2331,2002,Influenza and pneumonia (J09-J18),Influenza and pneumonia,Oregon,666,17.7
2332,2001,"Nephritis, nephrotic syndrome and nephrosis (N00-N07,N17-N19,N25-N27)",Kidney disease,Arkansas,521,17.7
2333,2000,Alzheimer's disease (G30),Alzheimer's disease,Illinois,2154,17.7
2334,2000,Alzheimer's disease (G30),Alzheimer's disease,New Mexico,275,17.7
2335,2000,Alzheimer's disease (G30),Alzheimer's disease,Oklahoma,638,17.7
2336,2000,"Nephritis, nephrotic syndrome and nephrosis (N00-N07,N17-N19,N25-N27)",Kidney disease,Illinois,2128,17.7
2337,1999,"Intentional self-harm (suicide) (*U03,X60-X84,Y87.0)",Suicide,Montana,162,17.7
2338,1999,"Nephritis, nephrotic syndrome and nephrosis (N00-N07,N17-N19,N25-N27)",Kidney disease,Kentucky,685,17.7
2339,2016,Diabetes mellitus (E10-E14),Diabetes,New Jersey,1949,17.8
2340,2016,"Intentional self-harm (suicide) (*U03,X60-X84,Y87.0)",Suicide,Oregon,772,17.8
2341,2015,"Intentional self-harm (suicide) (*U03,X60-X84,Y87.0)",Suicide,Oregon,762,17.8
2342,2014,"Intentional self-harm (suicide) (*U03,X60-X84,Y87.0)",Suicide,New Hampshire,247,17.8
2343,2014,"Intentional self-harm (suicide) (*U03,X60-X84,Y87.0)",Suicide,North Dakota,137,17.8
2344,2013,Diabetes mellitus (E10-E14),Diabetes,New York,4094,17.8
2345,2013,Influenza and pneumonia (J09-J18),Influenza and pneumonia,Iowa,761,17.8
2346,2012,"Intentional self-harm (suicide) (*U03,X60-X84,Y87.0)",Suicide,Oregon,724,17.8
2347,2012,"Nephritis, nephrotic syndrome and nephrosis (N00-N07,N17-N19,N25-N27)",Kidney disease,Missouri,1259,17.8
2348,2011,"Intentional self-harm (suicide) (*U03,X60-X84,Y87.0)",Suicide,Arizona,1160,17.8
2349,2011,"Intentional self-harm (suicide) (*U03,X60-X84,Y87.0)",Suicide,Vermont,120,17.8
2350,2010,"Nephritis, nephrotic syndrome and nephrosis (N00-N07,N17-N19,N25-N27)",Kidney disease,Pennsylvania,2982,17.8
2351,2009,Influenza and pneumonia (J09-J18),Influenza and pneumonia,Hawaii,291,17.8
2352,2009,Influenza and pneumonia (J09-J18),Influenza and pneumonia,Illinois,2416,17.8
2353,2008,Alzheimer's disease (G30),Alzheimer's disease,Connecticut,839,17.8
2354,2005,"Intentional self-harm (suicide) (*U03,X60-X84,Y87.0)",Suicide,New Mexico,342,17.8
2355,2003,Alzheimer's disease (G30),Alzheimer's disease,Maryland,865,17.8
2356,2003,"Nephritis, nephrotic syndrome and nephrosis (N00-N07,N17-N19,N25-N27)",Kidney disease,Arkansas,526,17.8
2357,2003,"Nephritis, nephrotic syndrome and nephrosis (N00-N07,N17-N19,N25-N27)",Kidney disease,Massachusetts,1286,17.8
2358,2003,"Nephritis, nephrotic syndrome and nephrosis (N00-N07,N17-N19,N25-N27)",Kidney disease,Missouri,1099,17.8
2359,2002,Alzheimer's disease (G30),Alzheimer's disease,Pennsylvania,2823,17.8
2360,2001,Alzheimer's disease (G30),Alzheimer's disease,Missouri,1106,17.8
2361,2001,"Nephritis, nephrotic syndrome and nephrosis (N00-N07,N17-N19,N25-N27)",Kidney disease,Virginia,1128,17.8
2362,2000,Alzheimer's disease (G30),Alzheimer's disease,Missouri,1096,17.8
2363,2000,Influenza and pneumonia (J09-J18),Influenza and pneumonia,Oregon,642,17.8
2364,2000,"Nephritis, nephrotic syndrome and nephrosis (N00-N07,N17-N19,N25-N27)",Kidney disease,Pennsylvania,2677,17.8
2365,1999,Alzheimer's disease (G30),Alzheimer's disease,Alabama,772,17.8
2366,2016,Diabetes mellitus (E10-E14),Diabetes,Nevada,580,17.9
2367,2016,Diabetes mellitus (E10-E14),Diabetes,New Hampshire,316,17.9
2368,2016,"Intentional self-harm (suicide) (*U03,X60-X84,Y87.0)",Suicide,Kansas,514,17.9
2369,2015,Diabetes mellitus (E10-E14),Diabetes,New Hampshire,308,17.9
2370,2015,Diabetes mellitus (E10-E14),Diabetes,New Jersey,1933,17.9
2371,2015,Influenza and pneumonia (J09-J18),Influenza and pneumonia,Missouri,1337,17.9
2372,2013,Diabetes mellitus (E10-E14),Diabetes,District of Columbia,108,17.9
2373,2012,Influenza and pneumonia (J09-J18),Influenza and pneumonia,Alabama,942,17.9
2374,2011,Diabetes mellitus (E10-E14),Diabetes,Wisconsin,1197,17.9
2375,2011,"Nephritis, nephrotic syndrome and nephrosis (N00-N07,N17-N19,N25-N27)",Kidney disease,Missouri,1245,17.9
2376,2009,Alzheimer's disease (G30),Alzheimer's disease,New Jersey,1872,17.9
2377,2009,"Intentional self-harm (suicide) (*U03,X60-X84,Y87.0)",Suicide,Utah,449,17.9
2378,2009,"Nephritis, nephrotic syndrome and nephrosis (N00-N07,N17-N19,N25-N27)",Kidney disease,Texas,3694,17.9
2379,2008,Influenza and pneumonia (J09-J18),Influenza and pneumonia,Maryland,1008,17.9
2380,2008,Influenza and pneumonia (J09-J18),Influenza and pneumonia,Virginia,1324,17.9
2381,2008,"Nephritis, nephrotic syndrome and nephrosis (N00-N07,N17-N19,N25-N27)",Kidney disease,Massachusetts,1377,17.9
2382,2007,"Nephritis, nephrotic syndrome and nephrosis (N00-N07,N17-N19,N25-N27)",Kidney disease,South Carolina,806,17.9
2383,2006,"Intentional self-harm (suicide) (*U03,X60-X84,Y87.0)",Suicide,New Mexico,352,17.9
2384,2004,Influenza and pneumonia (J09-J18),Influenza and pneumonia,Kansas,562,17.9
2385,2004,Influenza and pneumonia (J09-J18),Influenza and pneumonia,Ohio,2204,17.9
2386,2001,Influenza and pneumonia (J09-J18),Influenza and pneumonia,Pennsylvania,2735,17.9
2387,2001,"Nephritis, nephrotic syndrome and nephrosis (N00-N07,N17-N19,N25-N27)",Kidney disease,Illinois,2178,17.9
2388,2000,"Nephritis, nephrotic syndrome and nephrosis (N00-N07,N17-N19,N25-N27)",Kidney disease,Virginia,1118,17.9
2389,2000,"Nephritis, nephrotic syndrome and nephrosis (N00-N07,N17-N19,N25-N27)",Kidney disease,West Virginia,378,17.9
2390,1999,Alzheimer's disease (G30),Alzheimer's disease,Louisiana,683,17.9
2391,1999,Alzheimer's disease (G30),Alzheimer's disease,Tennessee,944,17.9
2392,2014,Diabetes mellitus (E10-E14),Diabetes,New Hampshire,300,18.0
2393,2014,"Intentional self-harm (suicide) (*U03,X60-X84,Y87.0)",Suicide,Arizona,1244,18.0
2394,2013,Influenza and pneumonia (J09-J18),Influenza and pneumonia,Massachusetts,1551,18.0
2395,2013,Influenza and pneumonia (J09-J18),Influenza and pneumonia,Oklahoma,759,18.0
2396,2013,"Intentional self-harm (suicide) (*U03,X60-X84,Y87.0)",Suicide,South Dakota,147,18.0
2397,2013,"Nephritis, nephrotic syndrome and nephrosis (N00-N07,N17-N19,N25-N27)",Kidney disease,Missouri,1305,18.0
2398,2013,"Nephritis, nephrotic syndrome and nephrosis (N00-N07,N17-N19,N25-N27)",Kidney disease,Virginia,1547,18.0
2399,2012,Influenza and pneumonia (J09-J18),Influenza and pneumonia,Kansas,624,18.0
2400,2011,Diabetes mellitus (E10-E14),Diabetes,New York,3988,18.0
2401,2011,Influenza and pneumonia (J09-J18),Influenza and pneumonia,Hawaii,325,18.0
2402,2010,Chronic lower respiratory diseases (J40-J47),CLRD,Hawaii,296,18.0
2403,2009,Influenza and pneumonia (J09-J18),Influenza and pneumonia,Kansas,594,18.0
2404,2008,Diabetes mellitus (E10-E14),Diabetes,Arizona,1173,18.0
2405,2008,Diabetes mellitus (E10-E14),Diabetes,Georgia,1496,18.0
2406,2008,Influenza and pneumonia (J09-J18),Influenza and pneumonia,Utah,343,18.0
2407,2007,Influenza and pneumonia (J09-J18),Influenza and pneumonia,Maryland,994,18.0
2408,2007,"Intentional self-harm (suicide) (*U03,X60-X84,Y87.0)",Suicide,Nevada,471,18.0
2409,2007,"Nephritis, nephrotic syndrome and nephrosis (N00-N07,N17-N19,N25-N27)",Kidney disease,Massachusetts,1361,18.0
2410,2004,Alzheimer's disease (G30),Alzheimer's disease,Alaska,48,18.0
2411,2004,"Nephritis, nephrotic syndrome and nephrosis (N00-N07,N17-N19,N25-N27)",Kidney disease,North Carolina,1470,18.0
2412,2002,Diabetes mellitus (E10-E14),Diabetes,Colorado,659,18.0
2413,2001,Alzheimer's disease (G30),Alzheimer's disease,Delaware,135,18.0
2414,2001,Influenza and pneumonia (J09-J18),Influenza and pneumonia,Maine,269,18.0
2415,2001,Influenza and pneumonia (J09-J18),Influenza and pneumonia,New Hampshire,216,18.0
2416,2000,Alzheimer's disease (G30),Alzheimer's disease,Maryland,811,18.0
2417,1999,"Nephritis, nephrotic syndrome and nephrosis (N00-N07,N17-N19,N25-N27)",Kidney disease,Pennsylvania,2680,18.0
2418,2017,Diabetes mellitus (E10-E14),Diabetes,Wyoming,121,18.1
2419,2017,Influenza and pneumonia (J09-J18),Influenza and pneumonia,Kentucky,932,18.1
2420,2016,Influenza and pneumonia (J09-J18),Influenza and pneumonia,Nevada,567,18.1
2421,2015,Diabetes mellitus (E10-E14),Diabetes,Delaware,215,18.1
2422,2014,Influenza and pneumonia (J09-J18),Influenza and pneumonia,Missouri,1321,18.1
2423,2014,Influenza and pneumonia (J09-J18),Influenza and pneumonia,Wyoming,113,18.1
2424,2014,"Intentional self-harm (suicide) (*U03,X60-X84,Y87.0)",Suicide,West Virginia,359,18.1
2425,2013,"Nephritis, nephrotic syndrome and nephrosis (N00-N07,N17-N19,N25-N27)",Kidney disease,Georgia,1652,18.1
2426,2012,Influenza and pneumonia (J09-J18),Influenza and pneumonia,Mississippi,565,18.1
2427,2012,Influenza and pneumonia (J09-J18),Influenza and pneumonia,West Virginia,425,18.1
2428,2010,Alzheimer's disease (G30),Alzheimer's disease,Florida,4831,18.1
2429,2009,Diabetes mellitus (E10-E14),Diabetes,Alaska,84,18.1
2430,2009,Diabetes mellitus (E10-E14),Diabetes,Wyoming,105,18.1
2431,2009,Influenza and pneumonia (J09-J18),Influenza and pneumonia,California,6394,18.1
2432,2005,Alzheimer's disease (G30),Alzheimer's disease,Nevada,310,18.1
2433,2004,"Nephritis, nephrotic syndrome and nephrosis (N00-N07,N17-N19,N25-N27)",Kidney disease,Kansas,554,18.1
2434,2002,Alzheimer's disease (G30),Alzheimer's disease,Florida,4052,18.1
2435,2002,"Nephritis, nephrotic syndrome and nephrosis (N00-N07,N17-N19,N25-N27)",Kidney disease,Massachusetts,1297,18.1
2436,2000,Alzheimer's disease (G30),Alzheimer's disease,United States,49558,18.1
2437,2000,Diabetes mellitus (E10-E14),Diabetes,Connecticut,683,18.1
2438,2000,Diabetes mellitus (E10-E14),Diabetes,Iowa,630,18.1
2439,1999,Alzheimer's disease (G30),Alzheimer's disease,North Dakota,155,18.1
2440,1999,"Intentional self-harm (suicide) (*U03,X60-X84,Y87.0)",Suicide,New Mexico,318,18.1
2441,2017,Influenza and pneumonia (J09-J18),Influenza and pneumonia,West Virginia,458,18.2
2442,2017,"Intentional self-harm (suicide) (*U03,X60-X84,Y87.0)",Suicide,Arizona,1327,18.2
2443,2016,"Intentional self-harm (suicide) (*U03,X60-X84,Y87.0)",Suicide,Arkansas,555,18.2
2444,2015,Influenza and pneumonia (J09-J18),Influenza and pneumonia,South Dakota,213,18.2
2445,2015,"Intentional self-harm (suicide) (*U03,X60-X84,Y87.0)",Suicide,Arizona,1276,18.2
2446,2014,Influenza and pneumonia (J09-J18),Influenza and pneumonia,Kansas,637,18.2
2447,2014,"Nephritis, nephrotic syndrome and nephrosis (N00-N07,N17-N19,N25-N27)",Kidney disease,Alabama,1011,18.2
2448,2012,"Intentional self-harm (suicide) (*U03,X60-X84,Y87.0)",Suicide,Nevada,524,18.2
2449,2011,Alzheimer's disease (G30),Alzheimer's disease,New Jersey,1960,18.2
2450,2011,"Intentional self-harm (suicide) (*U03,X60-X84,Y87.0)",Suicide,Idaho,281,18.2
2451,2009,"Intentional self-harm (suicide) (*U03,X60-X84,Y87.0)",Suicide,New Mexico,376,18.2
2452,2008,Alzheimer's disease (G30),Alzheimer's disease,Maryland,1016,18.2
2453,2008,Alzheimer's disease (G30),Alzheimer's disease,New Jersey,1857,18.2
2454,2008,Diabetes mellitus (E10-E14),Diabetes,Wisconsin,1152,18.2
2455,2008,Influenza and pneumonia (J09-J18),Influenza and pneumonia,Rhode Island,257,18.2
2456,2008,Influenza and pneumonia (J09-J18),Influenza and pneumonia,Texas,3554,18.2
2457,2007,Alzheimer's disease (G30),Alzheimer's disease,New Jersey,1823,18.2
2458,2007,"Nephritis, nephrotic syndrome and nephrosis (N00-N07,N17-N19,N25-N27)",Kidney disease,Missouri,1184,18.2
2459,2006,Influenza and pneumonia (J09-J18),Influenza and pneumonia,Connecticut,800,18.2
2460,2006,Influenza and pneumonia (J09-J18),Influenza and pneumonia,Texas,3342,18.2
2461,2004,Alzheimer's disease (G30),Alzheimer's disease,Nevada,292,18.2
2462,2004,Diabetes mellitus (E10-E14),Diabetes,Colorado,696,18.2
2463,2004,Influenza and pneumonia (J09-J18),Influenza and pneumonia,Indiana,1136,18.2
2464,2004,Influenza and pneumonia (J09-J18),Influenza and pneumonia,South Dakota,179,18.2
2465,2000,Influenza and pneumonia (J09-J18),Influenza and pneumonia,Hawaii,221,18.2
2466,2000,Influenza and pneumonia (J09-J18),Influenza and pneumonia,New Mexico,290,18.2
2467,2000,"Nephritis, nephrotic syndrome and nephrosis (N00-N07,N17-N19,N25-N27)",Kidney disease,Indiana,1084,18.2
2468,1999,Alzheimer's disease (G30),Alzheimer's disease,Iowa,706,18.2
2469,1999,Alzheimer's disease (G30),Alzheimer's disease,Ohio,2099,18.2
2470,2017,Diabetes mellitus (E10-E14),Diabetes,Nevada,609,18.3
2471,2017,"Intentional self-harm (suicide) (*U03,X60-X84,Y87.0)",Suicide,Vermont,112,18.3
2472,2016,Alzheimer's disease (G30),Alzheimer's disease,District of Columbia,120,18.3
2473,2016,Influenza and pneumonia (J09-J18),Influenza and pneumonia,New York,4513,18.3
2474,2015,Diabetes mellitus (E10-E14),Diabetes,Maryland,1243,18.3
2475,2014,Alzheimer's disease (G30),Alzheimer's disease,District of Columbia,119,18.3
2476,2014,Alzheimer's disease (G30),Alzheimer's disease,Pennsylvania,3486,18.3
2477,2014,Diabetes mellitus (E10-E14),Diabetes,Rhode Island,252,18.3
2478,2013,Influenza and pneumonia (J09-J18),Influenza and pneumonia,North Carolina,1931,18.3
2479,2012,"Nephritis, nephrotic syndrome and nephrosis (N00-N07,N17-N19,N25-N27)",Kidney disease,Virginia,1523,18.3
2480,2011,Diabetes mellitus (E10-E14),Diabetes,New Hampshire,280,18.3
2481,2010,Influenza and pneumonia (J09-J18),Influenza and pneumonia,Georgia,1456,18.3
2482,2010,"Intentional self-harm (suicide) (*U03,X60-X84,Y87.0)",Suicide,Utah,473,18.3
2483,2009,"Nephritis, nephrotic syndrome and nephrosis (N00-N07,N17-N19,N25-N27)",Kidney disease,Missouri,1223,18.3
2484,2007,Diabetes mellitus (E10-E14),Diabetes,Arizona,1159,18.3
2485,2007,Diabetes mellitus (E10-E14),Diabetes,Wisconsin,1136,18.3
2486,2007,"Nephritis, nephrotic syndrome and nephrosis (N00-N07,N17-N19,N25-N27)",Kidney disease,Pennsylvania,2965,18.3
2487,2004,Alzheimer's disease (G30),Alzheimer's disease,Maryland,905,18.3
2488,2004,Alzheimer's disease (G30),Alzheimer's disease,New Jersey,1711,18.3
2489,2003,Alzheimer's disease (G30),Alzheimer's disease,Pennsylvania,2952,18.3
2490,2001,"Nephritis, nephrotic syndrome and nephrosis (N00-N07,N17-N19,N25-N27)",Kidney disease,West Virginia,391,18.3
2491,2000,"Intentional self-harm (suicide) (*U03,X60-X84,Y87.0)",Suicide,New Mexico,327,18.3
2492,1999,"Nephritis, nephrotic syndrome and nephrosis (N00-N07,N17-N19,N25-N27)",Kidney disease,Georgia,1142,18.3
2493,2016,"Intentional self-harm (suicide) (*U03,X60-X84,Y87.0)",Suicide,Missouri,1133,18.4
2494,2016,"Nephritis, nephrotic syndrome and nephrosis (N00-N07,N17-N19,N25-N27)",Kidney disease,Georgia,1864,18.4
2495,2016,"Nephritis, nephrotic syndrome and nephrosis (N00-N07,N17-N19,N25-N27)",Kidney disease,Indiana,1411,18.4
2496,2015,"Intentional self-harm (suicide) (*U03,X60-X84,Y87.0)",Suicide,Nevada,558,18.4
2497,2015,"Nephritis, nephrotic syndrome and nephrosis (N00-N07,N17-N19,N25-N27)",Kidney disease,Alabama,1040,18.4
2498,2014,Alzheimer's disease (G30),Alzheimer's disease,Connecticut,923,18.4
2499,2013,Alzheimer's disease (G30),Alzheimer's disease,Nevada,448,18.4
2500,2013,Diabetes mellitus (E10-E14),Diabetes,Virginia,1626,18.4
2501,2013,Influenza and pneumonia (J09-J18),Influenza and pneumonia,Wyoming,112,18.4
2502,2013,"Nephritis, nephrotic syndrome and nephrosis (N00-N07,N17-N19,N25-N27)",Kidney disease,Indiana,1352,18.4
2503,2012,"Nephritis, nephrotic syndrome and nephrosis (N00-N07,N17-N19,N25-N27)",Kidney disease,Georgia,1612,18.4
2504,2011,Diabetes mellitus (E10-E14),Diabetes,Wyoming,108,18.4
2505,2011,"Intentional self-harm (suicide) (*U03,X60-X84,Y87.0)",Suicide,Nevada,516,18.4
2506,2011,"Nephritis, nephrotic syndrome and nephrosis (N00-N07,N17-N19,N25-N27)",Kidney disease,Georgia,1571,18.4
2507,2010,"Nephritis, nephrotic syndrome and nephrosis (N00-N07,N17-N19,N25-N27)",Kidney disease,Texas,3878,18.4
2508,2009,"Nephritis, nephrotic syndrome and nephrosis (N00-N07,N17-N19,N25-N27)",Kidney disease,Pennsylvania,3054,18.4
2509,2007,Influenza and pneumonia (J09-J18),Influenza and pneumonia,West Virginia,408,18.4
2510,2006,Diabetes mellitus (E10-E14),Diabetes,Hawaii,271,18.4
2511,2006,Influenza and pneumonia (J09-J18),Influenza and pneumonia,United States,56326,18.4
2512,2006,Influenza and pneumonia (J09-J18),Influenza and pneumonia,Virginia,1281,18.4
2513,2005,"Nephritis, nephrotic syndrome and nephrosis (N00-N07,N17-N19,N25-N27)",Kidney disease,Missouri,1156,18.4
2514,2005,"Nephritis, nephrotic syndrome and nephrosis (N00-N07,N17-N19,N25-N27)",Kidney disease,Virginia,1277,18.4
2515,2004,Influenza and pneumonia (J09-J18),Influenza and pneumonia,Wisconsin,1141,18.4
2516,2002,Alzheimer's disease (G30),Alzheimer's disease,Maryland,866,18.4
2517,2002,"Nephritis, nephrotic syndrome and nephrosis (N00-N07,N17-N19,N25-N27)",Kidney disease,New Jersey,1662,18.4
2518,2002,"Nephritis, nephrotic syndrome and nephrosis (N00-N07,N17-N19,N25-N27)",Kidney disease,North Carolina,1437,18.4
2519,2001,Influenza and pneumonia (J09-J18),Influenza and pneumonia,Kansas,561,18.4
2520,2000,Alzheimer's disease (G30),Alzheimer's disease,Rhode Island,242,18.4
2521,2017,"Intentional self-harm (suicide) (*U03,X60-X84,Y87.0)",Suicide,Missouri,1151,18.5
2522,2017,"Nephritis, nephrotic syndrome and nephrosis (N00-N07,N17-N19,N25-N27)",Kidney disease,Indiana,1440,18.5
2523,2014,Diabetes mellitus (E10-E14),Diabetes,Virginia,1683,18.5
2524,2014,Influenza and pneumonia (J09-J18),Influenza and pneumonia,North Dakota,174,18.5
2525,2014,"Nephritis, nephrotic syndrome and nephrosis (N00-N07,N17-N19,N25-N27)",Kidney disease,Georgia,1742,18.5
2526,2013,Diabetes mellitus (E10-E14),Diabetes,Wisconsin,1285,18.5
2527,2012,Influenza and pneumonia (J09-J18),Influenza and pneumonia,North Carolina,1899,18.5
2528,2011,"Intentional self-harm (suicide) (*U03,X60-X84,Y87.0)",Suicide,Oklahoma,693,18.5
2529,2010,Diabetes mellitus (E10-E14),Diabetes,Illinois,2507,18.5
2530,2010,Diabetes mellitus (E10-E14),Diabetes,Wyoming,105,18.5
2531,2007,Influenza and pneumonia (J09-J18),Influenza and pneumonia,Iowa,749,18.5
2532,2005,Influenza and pneumonia (J09-J18),Influenza and pneumonia,Rhode Island,253,18.5
2533,2004,"Nephritis, nephrotic syndrome and nephrosis (N00-N07,N17-N19,N25-N27)",Kidney disease,Virginia,1249,18.5
2534,2003,"Nephritis, nephrotic syndrome and nephrosis (N00-N07,N17-N19,N25-N27)",Kidney disease,Illinois,2297,18.5
2535,2003,"Nephritis, nephrotic syndrome and nephrosis (N00-N07,N17-N19,N25-N27)",Kidney disease,New Jersey,1696,18.5
2536,2000,Alzheimer's disease (G30),Alzheimer's disease,South Dakota,179,18.5
2537,2000,Diabetes mellitus (E10-E14),Diabetes,Colorado,635,18.5
2538,1999,Alzheimer's disease (G30),Alzheimer's disease,Texas,2833,18.5
2539,1999,Diabetes mellitus (E10-E14),Diabetes,Connecticut,691,18.5
2540,2017,"Nephritis, nephrotic syndrome and nephrosis (N00-N07,N17-N19,N25-N27)",Kidney disease,Georgia,1942,18.6
2541,2016,Alzheimer's disease (G30),Alzheimer's disease,Massachusetts,1708,18.6
2542,2015,Diabetes mellitus (E10-E14),Diabetes,Florida,5403,18.6
2543,2015,Diabetes mellitus (E10-E14),Diabetes,Minnesota,1221,18.6
2544,2014,"Intentional self-harm (suicide) (*U03,X60-X84,Y87.0)",Suicide,Oregon,782,18.6
2545,2013,Influenza and pneumonia (J09-J18),Influenza and pneumonia,Louisiana,892,18.6
2546,2013,Influenza and pneumonia (J09-J18),Influenza and pneumonia,Nevada,513,18.6
2547,2013,Influenza and pneumonia (J09-J18),Influenza and pneumonia,Utah,413,18.6
2548,2013,"Intentional self-harm (suicide) (*U03,X60-X84,Y87.0)",Suicide,Colorado,1007,18.6
2549,2013,"Intentional self-harm (suicide) (*U03,X60-X84,Y87.0)",Suicide,Nevada,541,18.6
2550,2013,"Nephritis, nephrotic syndrome and nephrosis (N00-N07,N17-N19,N25-N27)",Kidney disease,West Virginia,450,18.6
2551,2012,Diabetes mellitus (E10-E14),Diabetes,Virginia,1603,18.6
2552,2011,Influenza and pneumonia (J09-J18),Influenza and pneumonia,Alabama,951,18.6
2553,2009,Alzheimer's disease (G30),Alzheimer's disease,New Mexico,373,18.6
2554,2008,Alzheimer's disease (G30),Alzheimer's disease,Florida,4743,18.6
2555,2008,Diabetes mellitus (E10-E14),Diabetes,Hawaii,286,18.6
2556,2006,Diabetes mellitus (E10-E14),Diabetes,New York,3848,18.6
2557,2005,"Nephritis, nephrotic syndrome and nephrosis (N00-N07,N17-N19,N25-N27)",Kidney disease,North Carolina,1561,18.6
2558,2004,Alzheimer's disease (G30),Alzheimer's disease,Florida,4307,18.6
2559,2004,Influenza and pneumonia (J09-J18),Influenza and pneumonia,Pennsylvania,2938,18.6
2560,2004,Influenza and pneumonia (J09-J18),Influenza and pneumonia,Texas,3209,18.6
2561,2003,Alzheimer's disease (G30),Alzheimer's disease,Arkansas,552,18.6
2562,2003,Alzheimer's disease (G30),Alzheimer's disease,Delaware,147,18.6
2563,2003,"Intentional self-harm (suicide) (*U03,X60-X84,Y87.0)",Suicide,New Mexico,343,18.6
2564,2002,Alzheimer's disease (G30),Alzheimer's disease,Arkansas,551,18.6
2565,2002,Alzheimer's disease (G30),Alzheimer's disease,California,5421,18.6
2566,2001,Alzheimer's disease (G30),Alzheimer's disease,New Mexico,297,18.6
2567,2000,Influenza and pneumonia (J09-J18),Influenza and pneumonia,Colorado,607,18.6
2568,2016,Diabetes mellitus (E10-E14),Diabetes,Illinois,2781,18.7
2569,2015,Influenza and pneumonia (J09-J18),Influenza and pneumonia,North Carolina,2115,18.7
2570,2014,Diabetes mellitus (E10-E14),Diabetes,Illinois,2712,18.7
2571,2014,Diabetes mellitus (E10-E14),Diabetes,Minnesota,1193,18.7
2572,2014,Diabetes mellitus (E10-E14),Diabetes,Vermont,154,18.7
2573,2014,"Intentional self-harm (suicide) (*U03,X60-X84,Y87.0)",Suicide,Vermont,124,18.7
2574,2014,"Nephritis, nephrotic syndrome and nephrosis (N00-N07,N17-N19,N25-N27)",Kidney disease,Indiana,1392,18.7
2575,2013,Diabetes mellitus (E10-E14),Diabetes,New Hampshire,310,18.7
2576,2013,Influenza and pneumonia (J09-J18),Influenza and pneumonia,Missouri,1352,18.7
2577,2012,Influenza and pneumonia (J09-J18),Influenza and pneumonia,Kentucky,879,18.7
2578,2010,Alzheimer's disease (G30),Alzheimer's disease,District of Columbia,114,18.7
2579,2010,Influenza and pneumonia (J09-J18),Influenza and pneumonia,Alabama,942,18.7
2580,2009,Diabetes mellitus (E10-E14),Diabetes,Georgia,1582,18.7
2581,2009,Diabetes mellitus (E10-E14),Diabetes,Iowa,702,18.7
2582,2009,Diabetes mellitus (E10-E14),Diabetes,New Hampshire,276,18.7
2583,2009,Influenza and pneumonia (J09-J18),Influenza and pneumonia,North Carolina,1752,18.7
2584,2009,"Intentional self-harm (suicide) (*U03,X60-X84,Y87.0)",Suicide,Colorado,941,18.7
2585,2009,"Intentional self-harm (suicide) (*U03,X60-X84,Y87.0)",Suicide,Nevada,505,18.7
2586,2008,Influenza and pneumonia (J09-J18),Influenza and pneumonia,Alabama,912,18.7
2587,2008,"Nephritis, nephrotic syndrome and nephrosis (N00-N07,N17-N19,N25-N27)",Kidney disease,North Carolina,1729,18.7
2588,2007,Alzheimer's disease (G30),Alzheimer's disease,Florida,4644,18.7
2589,2007,Influenza and pneumonia (J09-J18),Influenza and pneumonia,North Carolina,1645,18.7
2590,2007,Influenza and pneumonia (J09-J18),Influenza and pneumonia,South Dakota,189,18.7
2591,2006,"Nephritis, nephrotic syndrome and nephrosis (N00-N07,N17-N19,N25-N27)",Kidney disease,Massachusetts,1406,18.7
2592,2005,Alzheimer's disease (G30),Alzheimer's disease,Maryland,958,18.7
2593,2005,Alzheimer's disease (G30),Alzheimer's disease,New Mexico,327,18.7
2594,2004,Diabetes mellitus (E10-E14),Diabetes,Massachusetts,1329,18.7
2595,2004,"Nephritis, nephrotic syndrome and nephrosis (N00-N07,N17-N19,N25-N27)",Kidney disease,Illinois,2339,18.7
2596,2003,"Nephritis, nephrotic syndrome and nephrosis (N00-N07,N17-N19,N25-N27)",Kidney disease,Virginia,1244,18.7
2597,2002,Influenza and pneumonia (J09-J18),Influenza and pneumonia,North Dakota,162,18.7
2598,2001,"Intentional self-harm (suicide) (*U03,X60-X84,Y87.0)",Suicide,Nevada,387,18.7
2599,2001,"Nephritis, nephrotic syndrome and nephrosis (N00-N07,N17-N19,N25-N27)",Kidney disease,Pennsylvania,2838,18.7
2600,2000,Alzheimer's disease (G30),Alzheimer's disease,Virginia,1094,18.7
2601,2000,Influenza and pneumonia (J09-J18),Influenza and pneumonia,Washington,1010,18.7
2602,2017,Diabetes mellitus (E10-E14),Diabetes,Rhode Island,275,18.8
2603,2014,Alzheimer's disease (G30),Alzheimer's disease,Florida,5874,18.8
2604,2014,Diabetes mellitus (E10-E14),Diabetes,District of Columbia,119,18.8
2605,2014,Influenza and pneumonia (J09-J18),Influenza and pneumonia,Alabama,1031,18.8
2606,2013,Diabetes mellitus (E10-E14),Diabetes,Minnesota,1163,18.8
2607,2012,Diabetes mellitus (E10-E14),Diabetes,Alaska,107,18.8
2608,2012,Influenza and pneumonia (J09-J18),Influenza and pneumonia,New York,4404,18.8
2609,2011,Influenza and pneumonia (J09-J18),Influenza and pneumonia,Kansas,647,18.8
2610,2010,Diabetes mellitus (E10-E14),Diabetes,Virginia,1530,18.8
2611,2010,"Intentional self-harm (suicide) (*U03,X60-X84,Y87.0)",Suicide,Idaho,290,18.8
2612,2009,"Nephritis, nephrotic syndrome and nephrosis (N00-N07,N17-N19,N25-N27)",Kidney disease,South Carolina,893,18.8
2613,2007,Influenza and pneumonia (J09-J18),Influenza and pneumonia,Alabama,898,18.8
2614,2005,Influenza and pneumonia (J09-J18),Influenza and pneumonia,Delaware,162,18.8
2615,2004,"Intentional self-harm (suicide) (*U03,X60-X84,Y87.0)",Suicide,Montana,175,18.8
2616,2004,"Intentional self-harm (suicide) (*U03,X60-X84,Y87.0)",Suicide,New Mexico,356,18.8
2617,2004,"Nephritis, nephrotic syndrome and nephrosis (N00-N07,N17-N19,N25-N27)",Kidney disease,Arkansas,562,18.8
2618,2003,Influenza and pneumonia (J09-J18),Influenza and pneumonia,Washington,1086,18.8
2619,2001,Alzheimer's disease (G30),Alzheimer's disease,Michigan,1803,18.8
2620,2001,Alzheimer's disease (G30),Alzheimer's disease,Rhode Island,251,18.8
2621,2001,Diabetes mellitus (E10-E14),Diabetes,Colorado,667,18.8
2622,1999,Alzheimer's disease (G30),Alzheimer's disease,Georgia,1080,18.8
2623,2017,"Intentional self-harm (suicide) (*U03,X60-X84,Y87.0)",Suicide,Maine,274,18.9
2624,2017,"Intentional self-harm (suicide) (*U03,X60-X84,Y87.0)",Suicide,New Hampshire,265,18.9
2625,2015,Influenza and pneumonia (J09-J18),Influenza and pneumonia,Kansas,682,18.9
2626,2015,"Nephritis, nephrotic syndrome and nephrosis (N00-N07,N17-N19,N25-N27)",Kidney disease,Indiana,1450,18.9
2627,2014,Alzheimer's disease (G30),Alzheimer's disease,New Mexico,442,18.9
2628,2013,Alzheimer's disease (G30),Alzheimer's disease,Alaska,72,18.9
2629,2013,Diabetes mellitus (E10-E14),Diabetes,Rhode Island,258,18.9
2630,2012,Alzheimer's disease (G30),Alzheimer's disease,Pennsylvania,3505,18.9
2631,2011,Chronic lower respiratory diseases (J40-J47),CLRD,Hawaii,318,18.9
2632,2011,Influenza and pneumonia (J09-J18),Influenza and pneumonia,Louisiana,851,18.9
2633,2006,Influenza and pneumonia (J09-J18),Influenza and pneumonia,New Mexico,353,18.9
2634,2005,Influenza and pneumonia (J09-J18),Influenza and pneumonia,Michigan,1950,18.9
2635,2005,"Nephritis, nephrotic syndrome and nephrosis (N00-N07,N17-N19,N25-N27)",Kidney disease,Illinois,2402,18.9
2636,2004,"Intentional self-harm (suicide) (*U03,X60-X84,Y87.0)",Suicide,Nevada,440,18.9
2637,2003,Alzheimer's disease (G30),Alzheimer's disease,Florida,4316,18.9
2638,2002,Influenza and pneumonia (J09-J18),Influenza and pneumonia,Hawaii,246,18.9
2639,2001,Alzheimer's disease (G30),Alzheimer's disease,Alaska,44,18.9
2640,2001,Influenza and pneumonia (J09-J18),Influenza and pneumonia,North Dakota,162,18.9
2641,1999,Alzheimer's disease (G30),Alzheimer's disease,Indiana,1106,18.9
2642,2017,Chronic lower respiratory diseases (J40-J47),CLRD,Hawaii,378,19.0
2643,2017,Influenza and pneumonia (J09-J18),Influenza and pneumonia,South Dakota,217,19.0
2644,2017,"Intentional self-harm (suicide) (*U03,X60-X84,Y87.0)",Suicide,Oregon,825,19.0
2645,2016,"Intentional self-harm (suicide) (*U03,X60-X84,Y87.0)",Suicide,North Dakota,140,19.0
2646,2015,Alzheimer's disease (G30),Alzheimer's disease,Connecticut,966,19.0
2647,2014,Alzheimer's disease (G30),Alzheimer's disease,Massachusetts,1688,19.0
2648,2013,Diabetes mellitus (E10-E14),Diabetes,Iowa,747,19.0
2649,2012,Diabetes mellitus (E10-E14),Diabetes,Wisconsin,1289,19.0
2650,2012,Influenza and pneumonia (J09-J18),Influenza and pneumonia,Nevada,496,19.0
2651,2012,"Intentional self-harm (suicide) (*U03,X60-X84,Y87.0)",Suicide,Idaho,297,19.0
2652,2010,Influenza and pneumonia (J09-J18),Influenza and pneumonia,West Virginia,436,19.0
2653,2009,"Nephritis, nephrotic syndrome and nephrosis (N00-N07,N17-N19,N25-N27)",Kidney disease,Nevada,446,19.0
2654,2008,Alzheimer's disease (G30),Alzheimer's disease,New Mexico,366,19.0
2655,2007,Diabetes mellitus (E10-E14),Diabetes,Hawaii,291,19.0
2656,2006,Diabetes mellitus (E10-E14),Diabetes,Connecticut,782,19.0
2657,2006,"Nephritis, nephrotic syndrome and nephrosis (N00-N07,N17-N19,N25-N27)",Kidney disease,Kansas,594,19.0
2658,2005,Alzheimer's disease (G30),Alzheimer's disease,New Jersey,1815,19.0
2659,2004,Alzheimer's disease (G30),Alzheimer's disease,Delaware,155,19.0
2660,2003,Influenza and pneumonia (J09-J18),Influenza and pneumonia,Wisconsin,1165,19.0
2661,2002,Alzheimer's disease (G30),Alzheimer's disease,District of Columbia,107,19.0
2662,2002,Alzheimer's disease (G30),Alzheimer's disease,Missouri,1187,19.0
2663,2002,"Nephritis, nephrotic syndrome and nephrosis (N00-N07,N17-N19,N25-N27)",Kidney disease,Illinois,2328,19.0
2664,2002,"Nephritis, nephrotic syndrome and nephrosis (N00-N07,N17-N19,N25-N27)",Kidney disease,Virginia,1236,19.0
2665,2001,Alzheimer's disease (G30),Alzheimer's disease,Oklahoma,682,19.0
2666,2001,Alzheimer's disease (G30),Alzheimer's disease,West Virginia,398,19.0
2667,2000,Influenza and pneumonia (J09-J18),Influenza and pneumonia,Vermont,119,19.0
2668,2017,Diabetes mellitus (E10-E14),Diabetes,Delaware,244,19.1
2669,2017,"Intentional self-harm (suicide) (*U03,X60-X84,Y87.0)",Suicide,Kansas,553,19.1
2670,2017,"Intentional self-harm (suicide) (*U03,X60-X84,Y87.0)",Suicide,Oklahoma,756,19.1
2671,2015,"Intentional self-harm (suicide) (*U03,X60-X84,Y87.0)",Suicide,Arkansas,577,19.1
2672,2014,Diabetes mellitus (E10-E14),Diabetes,Wisconsin,1352,19.1
2673,2014,"Intentional self-harm (suicide) (*U03,X60-X84,Y87.0)",Suicide,Oklahoma,736,19.1
2674,2013,Diabetes mellitus (E10-E14),Diabetes,Maryland,1249,19.1
2675,2013,Influenza and pneumonia (J09-J18),Influenza and pneumonia,Kentucky,919,19.1
2676,2012,Diabetes mellitus (E10-E14),Diabetes,Minnesota,1165,19.1
2677,2012,Diabetes mellitus (E10-E14),Diabetes,Montana,233,19.1
2678,2011,Alzheimer's disease (G30),Alzheimer's disease,Pennsylvania,3496,19.1
2679,2011,"Nephritis, nephrotic syndrome and nephrosis (N00-N07,N17-N19,N25-N27)",Kidney disease,West Virginia,445,19.1
2680,2010,Diabetes mellitus (E10-E14),Diabetes,Montana,227,19.1
2681,2009,Chronic lower respiratory diseases (J40-J47),CLRD,Hawaii,303,19.1
2682,2008,Diabetes mellitus (E10-E14),Diabetes,Minnesota,1087,19.1
2683,2008,Influenza and pneumonia (J09-J18),Influenza and pneumonia,North Carolina,1737,19.1
2684,2008,"Nephritis, nephrotic syndrome and nephrosis (N00-N07,N17-N19,N25-N27)",Kidney disease,Missouri,1274,19.1
2685,2007,Diabetes mellitus (E10-E14),Diabetes,Rhode Island,248,19.1
2686,2007,"Nephritis, nephrotic syndrome and nephrosis (N00-N07,N17-N19,N25-N27)",Kidney disease,North Carolina,1723,19.1
2687,2006,"Nephritis, nephrotic syndrome and nephrosis (N00-N07,N17-N19,N25-N27)",Kidney disease,North Carolina,1661,19.1
2688,2005,"Nephritis, nephrotic syndrome and nephrosis (N00-N07,N17-N19,N25-N27)",Kidney disease,Massachusetts,1410,19.1
2689,2004,Diabetes mellitus (E10-E14),Diabetes,Connecticut,767,19.1
2690,2003,Diabetes mellitus (E10-E14),Diabetes,Colorado,708,19.1
2691,2003,Influenza and pneumonia (J09-J18),Influenza and pneumonia,Ohio,2330,19.1
2692,2002,Influenza and pneumonia (J09-J18),Influenza and pneumonia,Pennsylvania,2957,19.1
2693,2001,"Nephritis, nephrotic syndrome and nephrosis (N00-N07,N17-N19,N25-N27)",Kidney disease,Indiana,1149,19.1
2694,2017,Diabetes mellitus (E10-E14),Diabetes,Illinois,2927,19.2
2695,2017,Diabetes mellitus (E10-E14),Diabetes,New Hampshire,340,19.2
2696,2017,Diabetes mellitus (E10-E14),Diabetes,Vermont,163,19.2
2697,2016,Diabetes mellitus (E10-E14),Diabetes,Minnesota,1265,19.2
2698,2015,Alzheimer's disease (G30),Alzheimer's disease,District of Columbia,129,19.2
2699,2015,Diabetes mellitus (E10-E14),Diabetes,Illinois,2817,19.2
2700,2015,"Nephritis, nephrotic syndrome and nephrosis (N00-N07,N17-N19,N25-N27)",Kidney disease,Georgia,1881,19.2
2701,2014,Alzheimer's disease (G30),Alzheimer's disease,Montana,253,19.2
2702,2014,Diabetes mellitus (E10-E14),Diabetes,Florida,5371,19.2
2703,2014,Diabetes mellitus (E10-E14),Diabetes,Kansas,643,19.2
2704,2014,Diabetes mellitus (E10-E14),Diabetes,Montana,250,19.2
2705,2014,"Nephritis, nephrotic syndrome and nephrosis (N00-N07,N17-N19,N25-N27)",Kidney disease,Arkansas,672,19.2
2706,2013,Diabetes mellitus (E10-E14),Diabetes,Florida,5238,19.2
2707,2013,Influenza and pneumonia (J09-J18),Influenza and pneumonia,Alabama,1035,19.2
2708,2013,"Intentional self-harm (suicide) (*U03,X60-X84,Y87.0)",Suicide,Idaho,308,19.2
2709,2012,Diabetes mellitus (E10-E14),Diabetes,Florida,5092,19.2
2710,2012,Diabetes mellitus (E10-E14),Diabetes,Illinois,2706,19.2
2711,2012,Diabetes mellitus (E10-E14),Diabetes,Maryland,1218,19.2
2712,2010,Diabetes mellitus (E10-E14),Diabetes,Delaware,196,19.2
2713,2010,Influenza and pneumonia (J09-J18),Influenza and pneumonia,Mississippi,567,19.2
2714,2010,"Nephritis, nephrotic syndrome and nephrosis (N00-N07,N17-N19,N25-N27)",Kidney disease,Missouri,1305,19.2
2715,2009,Diabetes mellitus (E10-E14),Diabetes,Vermont,143,19.2
2716,2009,Influenza and pneumonia (J09-J18),Influenza and pneumonia,Alabama,952,19.2
2717,2009,Influenza and pneumonia (J09-J18),Influenza and pneumonia,Georgia,1500,19.2
2718,2009,"Nephritis, nephrotic syndrome and nephrosis (N00-N07,N17-N19,N25-N27)",Kidney disease,North Carolina,1828,19.2
2719,2008,Chronic lower respiratory diseases (J40-J47),CLRD,Hawaii,293,19.2
2720,2008,Influenza and pneumonia (J09-J18),Influenza and pneumonia,California,6560,19.2
2721,2008,"Nephritis, nephrotic syndrome and nephrosis (N00-N07,N17-N19,N25-N27)",Kidney disease,Pennsylvania,3138,19.2
2722,2007,Influenza and pneumonia (J09-J18),Influenza and pneumonia,Nevada,408,19.2
2723,2006,Influenza and pneumonia (J09-J18),Influenza and pneumonia,Utah,343,19.2
2724,2005,Influenza and pneumonia (J09-J18),Influenza and pneumonia,Pennsylvania,3068,19.2
2725,2005,Influenza and pneumonia (J09-J18),Influenza and pneumonia,South Carolina,771,19.2
2726,2004,Diabetes mellitus (E10-E14),Diabetes,New York,3913,19.2
2727,2004,Influenza and pneumonia (J09-J18),Influenza and pneumonia,Michigan,1957,19.2
2728,2003,Influenza and pneumonia (J09-J18),Influenza and pneumonia,Pennsylvania,3010,19.2
2729,2002,Alzheimer's disease (G30),Alzheimer's disease,West Virginia,405,19.2
2730,2002,"Intentional self-harm (suicide) (*U03,X60-X84,Y87.0)",Suicide,New Mexico,349,19.2
2731,2000,Alzheimer's disease (G30),Alzheimer's disease,Tennessee,1024,19.2
2732,1999,Diabetes mellitus (E10-E14),Diabetes,Colorado,639,19.2
2733,1999,"Nephritis, nephrotic syndrome and nephrosis (N00-N07,N17-N19,N25-N27)",Kidney disease,Nevada,298,19.2
2734,2017,Diabetes mellitus (E10-E14),Diabetes,Alaska,130,19.3
2735,2017,Diabetes mellitus (E10-E14),Diabetes,Minnesota,1312,19.3
2736,2016,Diabetes mellitus (E10-E14),Diabetes,Alaska,124,19.3
2737,2016,"Intentional self-harm (suicide) (*U03,X60-X84,Y87.0)",Suicide,West Virginia,362,19.3
2738,2016,"Nephritis, nephrotic syndrome and nephrosis (N00-N07,N17-N19,N25-N27)",Kidney disease,West Virginia,481,19.3
2739,2015,Influenza and pneumonia (J09-J18),Influenza and pneumonia,Kentucky,967,19.3
2740,2014,Diabetes mellitus (E10-E14),Diabetes,New Jersey,2062,19.3
2741,2013,"Nephritis, nephrotic syndrome and nephrosis (N00-N07,N17-N19,N25-N27)",Kidney disease,Alabama,1057,19.3
2742,2012,Diabetes mellitus (E10-E14),Diabetes,New Jersey,1988,19.3
2743,2010,Alzheimer's disease (G30),Alzheimer's disease,Utah,375,19.3
2744,2010,Diabetes mellitus (E10-E14),Diabetes,Iowa,733,19.3
2745,2010,"Nephritis, nephrotic syndrome and nephrosis (N00-N07,N17-N19,N25-N27)",Kidney disease,Illinois,2612,19.3
2746,2007,Influenza and pneumonia (J09-J18),Influenza and pneumonia,Illinois,2550,19.3
2747,2007,"Intentional self-harm (suicide) (*U03,X60-X84,Y87.0)",Suicide,Wyoming,101,19.3
2748,2006,Alzheimer's disease (G30),Alzheimer's disease,Florida,4689,19.3
2749,2006,Alzheimer's disease (G30),Alzheimer's disease,New Mexico,348,19.3
2750,2006,Influenza and pneumonia (J09-J18),Influenza and pneumonia,Iowa,770,19.3
2751,2006,"Intentional self-harm (suicide) (*U03,X60-X84,Y87.0)",Suicide,Nevada,486,19.3
2752,2006,"Nephritis, nephrotic syndrome and nephrosis (N00-N07,N17-N19,N25-N27)",Kidney disease,Pennsylvania,3084,19.3
2753,2005,Diabetes mellitus (E10-E14),Diabetes,Colorado,753,19.3
2754,2004,Alzheimer's disease (G30),Alzheimer's disease,New Mexico,328,19.3
2755,2004,Influenza and pneumonia (J09-J18),Influenza and pneumonia,Rhode Island,260,19.3
2756,2002,Alzheimer's disease (G30),Alzheimer's disease,Illinois,2398,19.3
2757,2002,"Nephritis, nephrotic syndrome and nephrosis (N00-N07,N17-N19,N25-N27)",Kidney disease,Pennsylvania,2944,19.3
2758,2001,Alzheimer's disease (G30),Alzheimer's disease,United States,53852,19.3
2759,2001,Influenza and pneumonia (J09-J18),Influenza and pneumonia,Colorado,650,19.3
2760,2001,"Intentional self-harm (suicide) (*U03,X60-X84,Y87.0)",Suicide,Montana,175,19.3
2761,2000,"Nephritis, nephrotic syndrome and nephrosis (N00-N07,N17-N19,N25-N27)",Kidney disease,Kentucky,756,19.3
2762,1999,Alzheimer's disease (G30),Alzheimer's disease,Kentucky,728,19.3
2763,2017,Diabetes mellitus (E10-E14),Diabetes,Wisconsin,1433,19.4
2764,2017,"Nephritis, nephrotic syndrome and nephrosis (N00-N07,N17-N19,N25-N27)",Kidney disease,Kentucky,1024,19.4
2765,2016,Diabetes mellitus (E10-E14),Diabetes,North Dakota,171,19.4
2766,2015,Diabetes mellitus (E10-E14),Diabetes,Wisconsin,1382,19.4
2767,2014,Diabetes mellitus (E10-E14),Diabetes,Alaska,113,19.4
2768,2014,Diabetes mellitus (E10-E14),Diabetes,Missouri,1423,19.4
2769,2013,Alzheimer's disease (G30),Alzheimer's disease,Massachusetts,1699,19.4
2770,2013,Alzheimer's disease (G30),Alzheimer's disease,Utah,412,19.4
2771,2013,Diabetes mellitus (E10-E14),Diabetes,Delaware,218,19.4
2772,2013,Diabetes mellitus (E10-E14),Diabetes,New Jersey,2043,19.4
2773,2012,"Nephritis, nephrotic syndrome and nephrosis (N00-N07,N17-N19,N25-N27)",Kidney disease,Alabama,1035,19.4
2774,2011,Diabetes mellitus (E10-E14),Diabetes,Illinois,2693,19.4
2775,2011,"Intentional self-harm (suicide) (*U03,X60-X84,Y87.0)",Suicide,Utah,502,19.4
2776,2011,"Nephritis, nephrotic syndrome and nephrosis (N00-N07,N17-N19,N25-N27)",Kidney disease,Indiana,1367,19.4
2777,2009,Diabetes mellitus (E10-E14),Diabetes,Montana,228,19.4
2778,2007,Influenza and pneumonia (J09-J18),Influenza and pneumonia,Georgia,1407,19.4
2779,2007,"Intentional self-harm (suicide) (*U03,X60-X84,Y87.0)",Suicide,Montana,196,19.4
2780,2005,Alzheimer's disease (G30),Alzheimer's disease,Florida,4608,19.4
2781,2005,Influenza and pneumonia (J09-J18),Influenza and pneumonia,New Mexico,353,19.4
2782,2005,Influenza and pneumonia (J09-J18),Influenza and pneumonia,Ohio,2416,19.4
2783,2003,Influenza and pneumonia (J09-J18),Influenza and pneumonia,Michigan,1941,19.4
2784,2002,Influenza and pneumonia (J09-J18),Influenza and pneumonia,New Hampshire,237,19.4
2785,2001,Influenza and pneumonia (J09-J18),Influenza and pneumonia,Montana,193,19.4
2786,1999,Influenza and pneumonia (J09-J18),Influenza and pneumonia,North Dakota,157,19.4
2787,2016,Diabetes mellitus (E10-E14),Diabetes,Florida,5782,19.5
2788,2015,Alzheimer's disease (G30),Alzheimer's disease,Hawaii,422,19.5
2789,2015,Influenza and pneumonia (J09-J18),Influenza and pneumonia,Alabama,1097,19.5
2790,2015,"Intentional self-harm (suicide) (*U03,X60-X84,Y87.0)",Suicide,Colorado,1093,19.5
2791,2014,Influenza and pneumonia (J09-J18),Influenza and pneumonia,New York,4702,19.5
2792,2014,"Nephritis, nephrotic syndrome and nephrosis (N00-N07,N17-N19,N25-N27)",Kidney disease,Kentucky,968,19.5
2793,2011,Diabetes mellitus (E10-E14),Diabetes,Virginia,1643,19.5
2794,2010,Influenza and pneumonia (J09-J18),Influenza and pneumonia,Wyoming,109,19.5
2795,2010,"Nephritis, nephrotic syndrome and nephrosis (N00-N07,N17-N19,N25-N27)",Kidney disease,Nevada,471,19.5
2796,2010,"Nephritis, nephrotic syndrome and nephrosis (N00-N07,N17-N19,N25-N27)",Kidney disease,North Carolina,1892,19.5
2797,2009,Diabetes mellitus (E10-E14),Diabetes,Hawaii,308,19.5
2798,2009,Diabetes mellitus (E10-E14),Diabetes,Virginia,1560,19.5
2799,2008,Influenza and pneumonia (J09-J18),Influenza and pneumonia,Indiana,1318,19.5
2800,2007,"Nephritis, nephrotic syndrome and nephrosis (N00-N07,N17-N19,N25-N27)",Kidney disease,Illinois,2536,19.5
2801,2006,Influenza and pneumonia (J09-J18),Influenza and pneumonia,Alabama,918,19.5
2802,2006,"Nephritis, nephrotic syndrome and nephrosis (N00-N07,N17-N19,N25-N27)",Kidney disease,Illinois,2502,19.5
2803,2006,"Nephritis, nephrotic syndrome and nephrosis (N00-N07,N17-N19,N25-N27)",Kidney disease,South Carolina,846,19.5
2804,2005,Influenza and pneumonia (J09-J18),Influenza and pneumonia,Montana,213,19.5
2805,2005,Influenza and pneumonia (J09-J18),Influenza and pneumonia,North Dakota,172,19.5
2806,2005,Influenza and pneumonia (J09-J18),Influenza and pneumonia,Utah,333,19.5
2807,2004,Diabetes mellitus (E10-E14),Diabetes,Iowa,700,19.5
2808,2003,"Intentional self-harm (suicide) (*U03,X60-X84,Y87.0)",Suicide,Montana,180,19.5
2809,2003,"Nephritis, nephrotic syndrome and nephrosis (N00-N07,N17-N19,N25-N27)",Kidney disease,Pennsylvania,3013,19.5
2810,2002,Alzheimer's disease (G30),Alzheimer's disease,Rhode Island,264,19.5
2811,2002,Influenza and pneumonia (J09-J18),Influenza and pneumonia,Alaska,51,19.5
2812,2001,Diabetes mellitus (E10-E14),Diabetes,New York,3844,19.5
2813,2001,Influenza and pneumonia (J09-J18),Influenza and pneumonia,Maryland,928,19.5
2814,2000,Influenza and pneumonia (J09-J18),Influenza and pneumonia,South Carolina,699,19.5
2815,1999,Influenza and pneumonia (J09-J18),Influenza and pneumonia,Oregon,695,19.5
2816,2017,Chronic lower respiratory diseases (J40-J47),CLRD,District of Columbia,137,19.6
2817,2017,Influenza and pneumonia (J09-J18),Influenza and pneumonia,Nevada,636,19.6
2818,2017,"Nephritis, nephrotic syndrome and nephrosis (N00-N07,N17-N19,N25-N27)",Kidney disease,Missouri,1515,19.6
2819,2016,Diabetes mellitus (E10-E14),Diabetes,Maryland,1358,19.6
2820,2016,"Nephritis, nephrotic syndrome and nephrosis (N00-N07,N17-N19,N25-N27)",Kidney disease,Missouri,1483,19.6
2821,2014,Influenza and pneumonia (J09-J18),Influenza and pneumonia,West Virginia,473,19.6
2822,2014,"Intentional self-harm (suicide) (*U03,X60-X84,Y87.0)",Suicide,Nevada,573,19.6
2823,2014,"Nephritis, nephrotic syndrome and nephrosis (N00-N07,N17-N19,N25-N27)",Kidney disease,Missouri,1452,19.6
2824,2014,"Nephritis, nephrotic syndrome and nephrosis (N00-N07,N17-N19,N25-N27)",Kidney disease,West Virginia,479,19.6
2825,2012,Diabetes mellitus (E10-E14),Diabetes,Kansas,639,19.6
2826,2012,Diabetes mellitus (E10-E14),Diabetes,Missouri,1377,19.6
2827,2012,"Nephritis, nephrotic syndrome and nephrosis (N00-N07,N17-N19,N25-N27)",Kidney disease,Kentucky,933,19.6
2828,2011,Alzheimer's disease (G30),Alzheimer's disease,District of Columbia,120,19.6
2829,2010,Diabetes mellitus (E10-E14),Diabetes,Alaska,86,19.6
2830,2009,Alzheimer's disease (G30),Alzheimer's disease,Utah,371,19.6
2831,2008,"Nephritis, nephrotic syndrome and nephrosis (N00-N07,N17-N19,N25-N27)",Kidney disease,Illinois,2576,19.6
2832,2008,"Nephritis, nephrotic syndrome and nephrosis (N00-N07,N17-N19,N25-N27)",Kidney disease,Kansas,620,19.6
2833,2007,Diabetes mellitus (E10-E14),Diabetes,Minnesota,1084,19.6
2834,2007,Influenza and pneumonia (J09-J18),Influenza and pneumonia,Missouri,1289,19.6
2835,2007,"Nephritis, nephrotic syndrome and nephrosis (N00-N07,N17-N19,N25-N27)",Kidney disease,Indiana,1293,19.6
2836,2006,Alzheimer's disease (G30),Alzheimer's disease,Pennsylvania,3311,19.6
2837,2006,Diabetes mellitus (E10-E14),Diabetes,Arizona,1206,19.6
2838,2006,Influenza and pneumonia (J09-J18),Influenza and pneumonia,Arizona,1166,19.6
2839,2006,Influenza and pneumonia (J09-J18),Influenza and pneumonia,Rhode Island,268,19.6
2840,2006,"Nephritis, nephrotic syndrome and nephrosis (N00-N07,N17-N19,N25-N27)",Kidney disease,Virginia,1400,19.6
2841,2005,"Nephritis, nephrotic syndrome and nephrosis (N00-N07,N17-N19,N25-N27)",Kidney disease,South Carolina,823,19.6
2842,2003,Alzheimer's disease (G30),Alzheimer's disease,Nevada,309,19.6
2843,2000,Influenza and pneumonia (J09-J18),Influenza and pneumonia,District of Columbia,111,19.6
2844,1999,"Accidents (unintentional injuries) (V01-X59,Y85-Y86)",Unintentional injuries,Massachusetts,1303,19.6
2845,1999,Influenza and pneumonia (J09-J18),Influenza and pneumonia,Alaska,46,19.6
2846,1999,Influenza and pneumonia (J09-J18),Influenza and pneumonia,Hawaii,229,19.6
2847,2017,Alzheimer's disease (G30),Alzheimer's disease,Hawaii,465,19.7
2848,2017,"Nephritis, nephrotic syndrome and nephrosis (N00-N07,N17-N19,N25-N27)",Kidney disease,Arkansas,725,19.7
2849,2015,Diabetes mellitus (E10-E14),Diabetes,Missouri,1468,19.7
2850,2015,"Nephritis, nephrotic syndrome and nephrosis (N00-N07,N17-N19,N25-N27)",Kidney disease,Kentucky,998,19.7
2851,2013,Alzheimer's disease (G30),Alzheimer's disease,Virginia,1642,19.7
2852,2013,Diabetes mellitus (E10-E14),Diabetes,Illinois,2798,19.7
2853,2013,Diabetes mellitus (E10-E14),Diabetes,Montana,250,19.7
2854,2012,"Intentional self-harm (suicide) (*U03,X60-X84,Y87.0)",Suicide,Colorado,1052,19.7
2855,2012,"Nephritis, nephrotic syndrome and nephrosis (N00-N07,N17-N19,N25-N27)",Kidney disease,West Virginia,471,19.7
2856,2011,Diabetes mellitus (E10-E14),Diabetes,Florida,5093,19.7
2857,2011,Influenza and pneumonia (J09-J18),Influenza and pneumonia,Nevada,499,19.7
2858,2010,Diabetes mellitus (E10-E14),Diabetes,California,7061,19.7
2859,2010,Influenza and pneumonia (J09-J18),Influenza and pneumonia,Oklahoma,778,19.7
2860,2009,Influenza and pneumonia (J09-J18),Influenza and pneumonia,Missouri,1330,19.7
2861,2009,Influenza and pneumonia (J09-J18),Influenza and pneumonia,West Virginia,443,19.7
2862,2009,"Nephritis, nephrotic syndrome and nephrosis (N00-N07,N17-N19,N25-N27)",Kidney disease,Virginia,1521,19.7
2863,2008,"Intentional self-harm (suicide) (*U03,X60-X84,Y87.0)",Suicide,Nevada,528,19.7
2864,2007,Influenza and pneumonia (J09-J18),Influenza and pneumonia,California,6546,19.7
2865,2007,Influenza and pneumonia (J09-J18),Influenza and pneumonia,Massachusetts,1538,19.7
2866,2007,Influenza and pneumonia (J09-J18),Influenza and pneumonia,Mississippi,554,19.7
2867,2007,"Nephritis, nephrotic syndrome and nephrosis (N00-N07,N17-N19,N25-N27)",Kidney disease,Virginia,1439,19.7
2868,2006,Diabetes mellitus (E10-E14),Diabetes,Wisconsin,1212,19.7
2869,2006,"Intentional self-harm (suicide) (*U03,X60-X84,Y87.0)",Suicide,Montana,189,19.7
2870,2005,Alzheimer's disease (G30),Alzheimer's disease,District of Columbia,112,19.7
2871,2005,Diabetes mellitus (E10-E14),Diabetes,New York,4051,19.7
2872,2004,Influenza and pneumonia (J09-J18),Influenza and pneumonia,South Carolina,770,19.7
2873,2004,"Nephritis, nephrotic syndrome and nephrosis (N00-N07,N17-N19,N25-N27)",Kidney disease,Pennsylvania,3067,19.7
2874,2002,Diabetes mellitus (E10-E14),Diabetes,New York,3934,19.7
2875,2002,"Intentional self-harm (suicide) (*U03,X60-X84,Y87.0)",Suicide,Nevada,423,19.7
2876,2001,Diabetes mellitus (E10-E14),Diabetes,Connecticut,759,19.7
2877,2001,Influenza and pneumonia (J09-J18),Influenza and pneumonia,Indiana,1184,19.7
2878,2000,Alzheimer's disease (G30),Alzheimer's disease,Iowa,769,19.7
2879,2000,Alzheimer's disease (G30),Alzheimer's disease,Ohio,2295,19.7
2880,1999,Diabetes mellitus (E10-E14),Diabetes,Iowa,684,19.7
2881,2017,Diabetes mellitus (E10-E14),Diabetes,Alabama,1173,19.8
2882,2017,Diabetes mellitus (E10-E14),Diabetes,Maine,395,19.8
2883,2017,Influenza and pneumonia (J09-J18),Influenza and pneumonia,Arkansas,720,19.8
2884,2016,Diabetes mellitus (E10-E14),Diabetes,District of Columbia,127,19.8
2885,2016,Diabetes mellitus (E10-E14),Diabetes,Idaho,375,19.8
2886,2015,Alzheimer's disease (G30),Alzheimer's disease,New Jersey,2260,19.8
2887,2015,Diabetes mellitus (E10-E14),Diabetes,Vermont,159,19.8
2888,2015,"Nephritis, nephrotic syndrome and nephrosis (N00-N07,N17-N19,N25-N27)",Kidney disease,Arkansas,707,19.8
2889,2014,Diabetes mellitus (E10-E14),Diabetes,Delaware,226,19.8
2890,2014,Diabetes mellitus (E10-E14),Diabetes,Maryland,1305,19.8
2891,2013,Alzheimer's disease (G30),Alzheimer's disease,District of Columbia,130,19.8
2892,2013,Alzheimer's disease (G30),Alzheimer's disease,Illinois,2919,19.8
2893,2013,Diabetes mellitus (E10-E14),Diabetes,Kansas,654,19.8
2894,2012,Alzheimer's disease (G30),Alzheimer's disease,Illinois,2865,19.8
2895,2012,Alzheimer's disease (G30),Alzheimer's disease,Massachusetts,1713,19.8
2896,2012,Alzheimer's disease (G30),Alzheimer's disease,Rhode Island,299,19.8
2897,2012,"Nephritis, nephrotic syndrome and nephrosis (N00-N07,N17-N19,N25-N27)",Kidney disease,Arkansas,674,19.8
2898,2011,Alzheimer's disease (G30),Alzheimer's disease,New Mexico,423,19.8
2899,2011,Influenza and pneumonia (J09-J18),Influenza and pneumonia,West Virginia,455,19.8
2900,2010,Influenza and pneumonia (J09-J18),Influenza and pneumonia,Nevada,471,19.8
2901,2010,"Intentional self-harm (suicide) (*U03,X60-X84,Y87.0)",Suicide,Nevada,547,19.8
2902,2009,Diabetes mellitus (E10-E14),Diabetes,California,6979,19.8
2903,2009,Diabetes mellitus (E10-E14),Diabetes,Missouri,1335,19.8
2904,2008,Diabetes mellitus (E10-E14),Diabetes,Virginia,1534,19.8
2905,2008,Influenza and pneumonia (J09-J18),Influenza and pneumonia,Georgia,1498,19.8
2906,2008,"Nephritis, nephrotic syndrome and nephrosis (N00-N07,N17-N19,N25-N27)",Kidney disease,Delaware,189,19.8
2907,2006,Alzheimer's disease (G30),Alzheimer's disease,Massachusetts,1560,19.8
2908,2005,Chronic lower respiratory diseases (J40-J47),CLRD,Hawaii,287,19.8
2909,2005,"Intentional self-harm (suicide) (*U03,X60-X84,Y87.0)",Suicide,Nevada,480,19.8
2910,2005,"Nephritis, nephrotic syndrome and nephrosis (N00-N07,N17-N19,N25-N27)",Kidney disease,Pennsylvania,3108,19.8
2911,2003,Influenza and pneumonia (J09-J18),Influenza and pneumonia,New Jersey,1823,19.8
2912,2001,Alzheimer's disease (G30),Alzheimer's disease,Virginia,1184,19.8
2913,2001,Influenza and pneumonia (J09-J18),Influenza and pneumonia,South Dakota,188,19.8
2914,2000,Alzheimer's disease (G30),Alzheimer's disease,Massachusetts,1433,19.8
2915,2000,Diabetes mellitus (E10-E14),Diabetes,Massachusetts,1361,19.8
2916,2000,Influenza and pneumonia (J09-J18),Influenza and pneumonia,North Dakota,166,19.8
2917,1999,Diabetes mellitus (E10-E14),Diabetes,New York,3799,19.8
2918,2017,Alzheimer's disease (G30),Alzheimer's disease,Massachusetts,1841,19.9
2919,2016,Diabetes mellitus (E10-E14),Diabetes,Wisconsin,1440,19.9
2920,2015,Alzheimer's disease (G30),Alzheimer's disease,New Mexico,483,19.9
2921,2015,"Nephritis, nephrotic syndrome and nephrosis (N00-N07,N17-N19,N25-N27)",Kidney disease,Missouri,1483,19.9
2922,2014,Diabetes mellitus (E10-E14),Diabetes,North Dakota,176,19.9
2923,2014,"Intentional self-harm (suicide) (*U03,X60-X84,Y87.0)",Suicide,Colorado,1083,19.9
2924,2012,Alzheimer's disease (G30),Alzheimer's disease,Utah,411,19.9
2925,2011,Diabetes mellitus (E10-E14),Diabetes,Iowa,770,19.9
2926,2010,Diabetes mellitus (E10-E14),Diabetes,Maryland,1191,19.9
2927,2010,Influenza and pneumonia (J09-J18),Influenza and pneumonia,Arkansas,647,19.9
2928,2010,"Nephritis, nephrotic syndrome and nephrosis (N00-N07,N17-N19,N25-N27)",Kidney disease,South Carolina,963,19.9
2929,2009,Diabetes mellitus (E10-E14),Diabetes,New Jersey,1959,19.9
2930,2009,Influenza and pneumonia (J09-J18),Influenza and pneumonia,Mississippi,578,19.9
2931,2008,Influenza and pneumonia (J09-J18),Influenza and pneumonia,Illinois,2672,19.9
2932,2007,Alzheimer's disease (G30),Alzheimer's disease,Minnesota,1179,19.9
2933,2007,Chronic lower respiratory diseases (J40-J47),CLRD,Hawaii,299,19.9
2934,2006,Influenza and pneumonia (J09-J18),Influenza and pneumonia,Missouri,1285,19.9
2935,2006,"Intentional self-harm (suicide) (*U03,X60-X84,Y87.0)",Suicide,Alaska,135,19.9
2936,2005,Influenza and pneumonia (J09-J18),Influenza and pneumonia,Wisconsin,1268,19.9
2937,2005,"Intentional self-harm (suicide) (*U03,X60-X84,Y87.0)",Suicide,Alaska,131,19.9
2938,2004,"Accidents (unintentional injuries) (V01-X59,Y85-Y86)",Unintentional injuries,Massachusetts,1366,19.9
2939,2004,"Nephritis, nephrotic syndrome and nephrosis (N00-N07,N17-N19,N25-N27)",Kidney disease,Indiana,1244,19.9
2940,2003,"Intentional self-harm (suicide) (*U03,X60-X84,Y87.0)",Suicide,Nevada,434,19.9
2941,2002,Alzheimer's disease (G30),Alzheimer's disease,New Mexico,325,19.9
2942,2002,Alzheimer's disease (G30),Alzheimer's disease,Utah,303,19.9
2943,2001,Influenza and pneumonia (J09-J18),Influenza and pneumonia,Idaho,239,19.9
2944,2000,Alzheimer's disease (G30),Alzheimer's disease,Wisconsin,1177,19.9
2945,1999,Alzheimer's disease (G30),Alzheimer's disease,Wisconsin,1170,19.9
2946,1999,Diabetes mellitus (E10-E14),Diabetes,Massachusetts,1354,19.9
2947,1999,Influenza and pneumonia (J09-J18),Influenza and pneumonia,Maine,287,19.9
2948,2016,"Nephritis, nephrotic syndrome and nephrosis (N00-N07,N17-N19,N25-N27)",Kidney disease,Arkansas,722,20.0
2949,2015,Influenza and pneumonia (J09-J18),Influenza and pneumonia,Arkansas,700,20.0
2950,2015,Influenza and pneumonia (J09-J18),Influenza and pneumonia,New York,4881,20.0
2951,2014,"Intentional self-harm (suicide) (*U03,X60-X84,Y87.0)",Suicide,Idaho,320,20.0
2952,2011,Alzheimer's disease (G30),Alzheimer's disease,Delaware,203,20.0
2953,2011,Alzheimer's disease (G30),Alzheimer's disease,Utah,402,20.0
2954,2011,Diabetes mellitus (E10-E14),Diabetes,Maine,353,20.0
2955,2011,"Intentional self-harm (suicide) (*U03,X60-X84,Y87.0)",Suicide,Alaska,143,20.0
2956,2011,"Nephritis, nephrotic syndrome and nephrosis (N00-N07,N17-N19,N25-N27)",Kidney disease,Alabama,1047,20.0
2957,2010,Alzheimer's disease (G30),Alzheimer's disease,Pennsylvania,3591,20.0
2958,2010,Diabetes mellitus (E10-E14),Diabetes,Pennsylvania,3242,20.0
2959,2009,Alzheimer's disease (G30),Alzheimer's disease,Pennsylvania,3547,20.0
2960,2009,Diabetes mellitus (E10-E14),Diabetes,Florida,4901,20.0
2961,2009,"Intentional self-harm (suicide) (*U03,X60-X84,Y87.0)",Suicide,Alaska,143,20.0
2962,2008,Influenza and pneumonia (J09-J18),Influenza and pneumonia,West Virginia,448,20.0
2963,2008,"Nephritis, nephrotic syndrome and nephrosis (N00-N07,N17-N19,N25-N27)",Kidney disease,Nevada,456,20.0
2964,2007,Diabetes mellitus (E10-E14),Diabetes,Georgia,1604,20.0
2965,2007,Diabetes mellitus (E10-E14),Diabetes,Virginia,1507,20.0
2966,2006,Chronic lower respiratory diseases (J40-J47),CLRD,Hawaii,293,20.0
2967,2006,Influenza and pneumonia (J09-J18),Influenza and pneumonia,Kansas,647,20.0
2968,2006,"Nephritis, nephrotic syndrome and nephrosis (N00-N07,N17-N19,N25-N27)",Kidney disease,Arkansas,616,20.0
2969,2005,Diabetes mellitus (E10-E14),Diabetes,Connecticut,811,20.0
2970,2004,Influenza and pneumonia (J09-J18),Influenza and pneumonia,Maine,308,20.0
2971,2003,Influenza and pneumonia (J09-J18),Influenza and pneumonia,Rhode Island,267,20.0
2972,2003,"Nephritis, nephrotic syndrome and nephrosis (N00-N07,N17-N19,N25-N27)",Kidney disease,Indiana,1235,20.0
2973,2002,Alzheimer's disease (G30),Alzheimer's disease,Michigan,1958,20.0
2974,2002,Chronic lower respiratory diseases (J40-J47),CLRD,Hawaii,265,20.0
2975,2002,"Intentional self-harm (suicide) (*U03,X60-X84,Y87.0)",Suicide,Montana,184,20.0
2976,2001,Alzheimer's disease (G30),Alzheimer's disease,Ohio,2367,20.0
2977,2000,Diabetes mellitus (E10-E14),Diabetes,Arizona,1012,20.0
2978,2000,Diabetes mellitus (E10-E14),Diabetes,New York,3877,20.0
2979,2000,"Nephritis, nephrotic syndrome and nephrosis (N00-N07,N17-N19,N25-N27)",Kidney disease,Georgia,1263,20.0
2980,2017,Diabetes mellitus (E10-E14),Diabetes,District of Columbia,138,20.1
2981,2017,Diabetes mellitus (E10-E14),Diabetes,Virginia,1967,20.1
2982,2017,"Intentional self-harm (suicide) (*U03,X60-X84,Y87.0)",Suicide,North Dakota,154,20.1
2983,2016,Alzheimer's disease (G30),Alzheimer's disease,Hawaii,445,20.1
2984,2016,Diabetes mellitus (E10-E14),Diabetes,Alabama,1183,20.1
2985,2016,Diabetes mellitus (E10-E14),Diabetes,Missouri,1508,20.1
2986,2016,Influenza and pneumonia (J09-J18),Influenza and pneumonia,Tennessee,1533,20.1
2987,2013,Diabetes mellitus (E10-E14),Diabetes,Alaska,112,20.1
2988,2011,Diabetes mellitus (E10-E14),Diabetes,Minnesota,1189,20.1
2989,2010,Diabetes mellitus (E10-E14),Diabetes,Florida,5024,20.1
2990,2010,"Intentional self-harm (suicide) (*U03,X60-X84,Y87.0)",Suicide,New Mexico,413,20.1
2991,2009,"Accidents (unintentional injuries) (V01-X59,Y85-Y86)",Unintentional injuries,New Jersey,1875,20.1
2992,2008,Influenza and pneumonia (J09-J18),Influenza and pneumonia,Massachusetts,1598,20.1
2993,2008,"Nephritis, nephrotic syndrome and nephrosis (N00-N07,N17-N19,N25-N27)",Kidney disease,Arkansas,638,20.1
2994,2006,Alzheimer's disease (G30),Alzheimer's disease,Montana,226,20.1
2995,2006,Influenza and pneumonia (J09-J18),Influenza and pneumonia,Maryland,1082,20.1
2996,2006,Influenza and pneumonia (J09-J18),Influenza and pneumonia,North Carolina,1705,20.1
2997,2005,Diabetes mellitus (E10-E14),Diabetes,Iowa,727,20.1
2998,2004,Alzheimer's disease (G30),Alzheimer's disease,Rhode Island,283,20.1
2999,2004,"Nephritis, nephrotic syndrome and nephrosis (N00-N07,N17-N19,N25-N27)",Kidney disease,South Carolina,818,20.1
3000,2003,"Nephritis, nephrotic syndrome and nephrosis (N00-N07,N17-N19,N25-N27)",Kidney disease,South Carolina,797,20.1
3001,2002,"Nephritis, nephrotic syndrome and nephrosis (N00-N07,N17-N19,N25-N27)",Kidney disease,Indiana,1222,20.1
3002,2002,"Nephritis, nephrotic syndrome and nephrosis (N00-N07,N17-N19,N25-N27)",Kidney disease,South Carolina,781,20.1
3003,2001,Diabetes mellitus (E10-E14),Diabetes,Iowa,709,20.1
3004,1999,Diabetes mellitus (E10-E14),Diabetes,Rhode Island,236,20.1
3005,2017,Diabetes mellitus (E10-E14),Diabetes,Florida,6172,20.2
3006,2017,Influenza and pneumonia (J09-J18),Influenza and pneumonia,Alabama,1176,20.2
3007,2016,"Intentional self-harm (suicide) (*U03,X60-X84,Y87.0)",Suicide,South Dakota,163,20.2
3008,2015,Alzheimer's disease (G30),Alzheimer's disease,Massachusetts,1815,20.2
3009,2015,Diabetes mellitus (E10-E14),Diabetes,Kansas,684,20.2
3010,2015,Diabetes mellitus (E10-E14),Diabetes,Rhode Island,276,20.2
3011,2013,Influenza and pneumonia (J09-J18),Influenza and pneumonia,Kansas,715,20.2
3012,2013,Influenza and pneumonia (J09-J18),Influenza and pneumonia,West Virginia,481,20.2
3013,2012,Alzheimer's disease (G30),Alzheimer's disease,Delaware,213,20.2
3014,2011,Influenza and pneumonia (J09-J18),Influenza and pneumonia,Mississippi,603,20.2
3015,2010,Influenza and pneumonia (J09-J18),Influenza and pneumonia,Louisiana,878,20.2
3016,2010,"Nephritis, nephrotic syndrome and nephrosis (N00-N07,N17-N19,N25-N27)",Kidney disease,Virginia,1595,20.2
3017,2009,"Nephritis, nephrotic syndrome and nephrosis (N00-N07,N17-N19,N25-N27)",Kidney disease,Illinois,2695,20.2
3018,2008,"Nephritis, nephrotic syndrome and nephrosis (N00-N07,N17-N19,N25-N27)",Kidney disease,Indiana,1363,20.2
3019,2007,Diabetes mellitus (E10-E14),Diabetes,New Hampshire,280,20.2
3020,2004,Alzheimer's disease (G30),Alzheimer's disease,Pennsylvania,3277,20.2
3021,2003,Diabetes mellitus (E10-E14),Diabetes,Iowa,727,20.2
3022,2003,Diabetes mellitus (E10-E14),Diabetes,Massachusetts,1424,20.2
3023,2000,"Accidents (unintentional injuries) (V01-X59,Y85-Y86)",Unintentional injuries,Massachusetts,1357,20.2
3024,2000,Alzheimer's disease (G30),Alzheimer's disease,Kansas,630,20.2
3025,2000,"Intentional self-harm (suicide) (*U03,X60-X84,Y87.0)",Suicide,Nevada,400,20.2
3026,1999,Diabetes mellitus (E10-E14),Diabetes,Nebraska,372,20.2
3027,2017,Diabetes mellitus (E10-E14),Diabetes,Idaho,394,20.3
3028,2017,Diabetes mellitus (E10-E14),Diabetes,Maryland,1439,20.3
3029,2017,"Intentional self-harm (suicide) (*U03,X60-X84,Y87.0)",Suicide,Colorado,1181,20.3
3030,2017,"Intentional self-harm (suicide) (*U03,X60-X84,Y87.0)",Suicide,Nevada,627,20.3
3031,2016,Alzheimer's disease (G30),Alzheimer's disease,Connecticut,1035,20.3
3032,2016,Diabetes mellitus (E10-E14),Diabetes,Pennsylvania,3560,20.3
3033,2016,Diabetes mellitus (E10-E14),Diabetes,Texas,5470,20.3
3034,2016,Diabetes mellitus (E10-E14),Diabetes,Washington,1673,20.3
3035,2016,"Nephritis, nephrotic syndrome and nephrosis (N00-N07,N17-N19,N25-N27)",Kidney disease,Kentucky,1034,20.3
3036,2015,"Intentional self-harm (suicide) (*U03,X60-X84,Y87.0)",Suicide,Oklahoma,790,20.3
3037,2013,"Intentional self-harm (suicide) (*U03,X60-X84,Y87.0)",Suicide,New Mexico,431,20.3
3038,2011,"Intentional self-harm (suicide) (*U03,X60-X84,Y87.0)",Suicide,New Mexico,420,20.3
3039,2010,Diabetes mellitus (E10-E14),Diabetes,Arizona,1389,20.3
3040,2010,"Nephritis, nephrotic syndrome and nephrosis (N00-N07,N17-N19,N25-N27)",Kidney disease,West Virginia,475,20.3
3041,2009,Diabetes mellitus (E10-E14),Diabetes,Kansas,635,20.3
3042,2009,Diabetes mellitus (E10-E14),Diabetes,Pennsylvania,3254,20.3
3043,2009,"Intentional self-harm (suicide) (*U03,X60-X84,Y87.0)",Suicide,Idaho,304,20.3
3044,2008,Diabetes mellitus (E10-E14),Diabetes,Iowa,764,20.3
3045,2008,Influenza and pneumonia (J09-J18),Influenza and pneumonia,Iowa,829,20.3
3046,2008,"Nephritis, nephrotic syndrome and nephrosis (N00-N07,N17-N19,N25-N27)",Kidney disease,South Carolina,945,20.3
3047,2007,Alzheimer's disease (G30),Alzheimer's disease,Pennsylvania,3505,20.3
3048,2007,Influenza and pneumonia (J09-J18),Influenza and pneumonia,Kansas,665,20.3
3049,2007,"Intentional self-harm (suicide) (*U03,X60-X84,Y87.0)",Suicide,New Mexico,401,20.3
3050,2005,"Nephritis, nephrotic syndrome and nephrosis (N00-N07,N17-N19,N25-N27)",Kidney disease,Indiana,1284,20.3
3051,2004,Influenza and pneumonia (J09-J18),Influenza and pneumonia,Arizona,1111,20.3
3052,2004,Influenza and pneumonia (J09-J18),Influenza and pneumonia,Connecticut,868,20.3
3053,2004,"Nephritis, nephrotic syndrome and nephrosis (N00-N07,N17-N19,N25-N27)",Kidney disease,Kentucky,827,20.3
3054,2003,"Intentional self-harm (suicide) (*U03,X60-X84,Y87.0)",Suicide,Alaska,124,20.3
3055,2002,Influenza and pneumonia (J09-J18),Influenza and pneumonia,West Virginia,427,20.3
3056,2001,Diabetes mellitus (E10-E14),Diabetes,Arizona,1058,20.3
3057,2001,Influenza and pneumonia (J09-J18),Influenza and pneumonia,Ohio,2401,20.3
3058,2001,"Intentional self-harm (suicide) (*U03,X60-X84,Y87.0)",Suicide,New Mexico,362,20.3
3059,2000,Influenza and pneumonia (J09-J18),Influenza and pneumonia,Pennsylvania,3069,20.3
3060,1999,"Intentional self-harm (suicide) (*U03,X60-X84,Y87.0)",Suicide,Wyoming,98,20.3
3061,2017,Alzheimer's disease (G30),Alzheimer's disease,Connecticut,1077,20.4
3062,2015,"Intentional self-harm (suicide) (*U03,X60-X84,Y87.0)",Suicide,South Dakota,173,20.4
3063,2015,"Nephritis, nephrotic syndrome and nephrosis (N00-N07,N17-N19,N25-N27)",Kidney disease,West Virginia,510,20.4
3064,2014,Diabetes mellitus (E10-E14),Diabetes,California,8249,20.4
3065,2013,Diabetes mellitus (E10-E14),Diabetes,Maine,373,20.4
3066,2011,Alzheimer's disease (G30),Alzheimer's disease,Illinois,2910,20.4
3067,2011,Influenza and pneumonia (J09-J18),Influenza and pneumonia,Wyoming,116,20.4
3068,2009,"Intentional self-harm (suicide) (*U03,X60-X84,Y87.0)",Suicide,Wyoming,111,20.4
3069,2008,Diabetes mellitus (E10-E14),Diabetes,Missouri,1348,20.4
3070,2006,Alzheimer's disease (G30),Alzheimer's disease,Rhode Island,297,20.4
3071,2005,Diabetes mellitus (E10-E14),Diabetes,Arizona,1208,20.4
3072,2005,"Nephritis, nephrotic syndrome and nephrosis (N00-N07,N17-N19,N25-N27)",Kidney disease,West Virginia,442,20.4
3073,2004,Alzheimer's disease (G30),Alzheimer's disease,Illinois,2595,20.4
3074,2004,Influenza and pneumonia (J09-J18),Influenza and pneumonia,United States,59664,20.4
3075,2003,Diabetes mellitus (E10-E14),Diabetes,Rhode Island,252,20.4
3076,2002,Diabetes mellitus (E10-E14),Diabetes,Massachusetts,1423,20.4
3077,2002,"Nephritis, nephrotic syndrome and nephrosis (N00-N07,N17-N19,N25-N27)",Kidney disease,Arkansas,601,20.4
3078,2002,"Nephritis, nephrotic syndrome and nephrosis (N00-N07,N17-N19,N25-N27)",Kidney disease,Georgia,1335,20.4
3079,2002,"Nephritis, nephrotic syndrome and nephrosis (N00-N07,N17-N19,N25-N27)",Kidney disease,Kentucky,813,20.4
3080,2001,"Nephritis, nephrotic syndrome and nephrosis (N00-N07,N17-N19,N25-N27)",Kidney disease,Kentucky,807,20.4
3081,2000,Alzheimer's disease (G30),Alzheimer's disease,Alabama,895,20.4
3082,2000,Alzheimer's disease (G30),Alzheimer's disease,Indiana,1209,20.4
3083,2016,Diabetes mellitus (E10-E14),Diabetes,Vermont,166,20.5
3084,2016,"Intentional self-harm (suicide) (*U03,X60-X84,Y87.0)",Suicide,Colorado,1168,20.5
3085,2014,"Intentional self-harm (suicide) (*U03,X60-X84,Y87.0)",Suicide,Utah,559,20.5
3086,2013,Diabetes mellitus (E10-E14),Diabetes,Missouri,1477,20.5
3087,2013,Influenza and pneumonia (J09-J18),Influenza and pneumonia,New York,4892,20.5
3088,2013,"Nephritis, nephrotic syndrome and nephrosis (N00-N07,N17-N19,N25-N27)",Kidney disease,Kentucky,991,20.5
3089,2012,Alzheimer's disease (G30),Alzheimer's disease,District of Columbia,129,20.5
3090,2011,Alzheimer's disease (G30),Alzheimer's disease,Alaska,72,20.5
3091,2010,Diabetes mellitus (E10-E14),Diabetes,North Carolina,2042,20.5
3092,2010,Influenza and pneumonia (J09-J18),Influenza and pneumonia,Tennessee,1352,20.5
3093,2009,Influenza and pneumonia (J09-J18),Influenza and pneumonia,New York,4527,20.5
3094,2008,"Nephritis, nephrotic syndrome and nephrosis (N00-N07,N17-N19,N25-N27)",Kidney disease,Virginia,1537,20.5
3095,2007,Alzheimer's disease (G30),Alzheimer's disease,Illinois,2734,20.5
3096,2007,Influenza and pneumonia (J09-J18),Influenza and pneumonia,New York,4431,20.5
3097,2005,Influenza and pneumonia (J09-J18),Influenza and pneumonia,Texas,3654,20.5
3098,2004,Diabetes mellitus (E10-E14),Diabetes,Nebraska,395,20.5
3099,2003,Influenza and pneumonia (J09-J18),Influenza and pneumonia,Connecticut,860,20.5
3100,2001,Alzheimer's disease (G30),Alzheimer's disease,Indiana,1231,20.5
3101,2001,Alzheimer's disease (G30),Alzheimer's disease,Kansas,642,20.5
3102,2001,Alzheimer's disease (G30),Alzheimer's disease,Maryland,948,20.5
3103,2001,Diabetes mellitus (E10-E14),Diabetes,Massachusetts,1422,20.5
3104,2001,Influenza and pneumonia (J09-J18),Influenza and pneumonia,South Carolina,754,20.5
3105,2000,"Accidents (unintentional injuries) (V01-X59,Y85-Y86)",Unintentional injuries,Rhode Island,235,20.5
3106,2000,Alzheimer's disease (G30),Alzheimer's disease,Texas,3184,20.5
3107,1999,Alzheimer's disease (G30),Alzheimer's disease,South Carolina,690,20.5
3108,1999,Alzheimer's disease (G30),Alzheimer's disease,Vermont,127,20.5
3109,2017,"Nephritis, nephrotic syndrome and nephrosis (N00-N07,N17-N19,N25-N27)",Kidney disease,Louisiana,1076,20.6
3110,2014,"Intentional self-harm (suicide) (*U03,X60-X84,Y87.0)",Suicide,Wyoming,120,20.6
3111,2013,Diabetes mellitus (E10-E14),Diabetes,California,8057,20.6
3112,2012,Influenza and pneumonia (J09-J18),Influenza and pneumonia,Tennessee,1435,20.6
3113,2011,Diabetes mellitus (E10-E14),Diabetes,Alaska,107,20.6
3114,2010,Diabetes mellitus (E10-E14),Diabetes,Kansas,655,20.6
3115,2010,Influenza and pneumonia (J09-J18),Influenza and pneumonia,New York,4642,20.6
3116,2009,Alzheimer's disease (G30),Alzheimer's disease,Massachusetts,1700,20.6
3117,2009,Diabetes mellitus (E10-E14),Diabetes,Illinois,2741,20.6
3118,2009,Diabetes mellitus (E10-E14),Diabetes,Maryland,1207,20.6
3119,2008,Diabetes mellitus (E10-E14),Diabetes,New Hampshire,297,20.6
3120,2008,"Intentional self-harm (suicide) (*U03,X60-X84,Y87.0)",Suicide,Montana,203,20.6
3121,2007,Diabetes mellitus (E10-E14),Diabetes,Iowa,767,20.6
3122,2006,Diabetes mellitus (E10-E14),Diabetes,Delaware,191,20.6
3123,2006,Influenza and pneumonia (J09-J18),Influenza and pneumonia,Illinois,2668,20.6
3124,2006,Influenza and pneumonia (J09-J18),Influenza and pneumonia,Louisiana,833,20.6
3125,2006,Influenza and pneumonia (J09-J18),Influenza and pneumonia,Nevada,426,20.6
3126,2005,"Nephritis, nephrotic syndrome and nephrosis (N00-N07,N17-N19,N25-N27)",Kidney disease,Arkansas,624,20.6
3127,2003,Alzheimer's disease (G30),Alzheimer's disease,Missouri,1293,20.6
3128,2002,Influenza and pneumonia (J09-J18),Influenza and pneumonia,Michigan,2029,20.6
3129,2002,Influenza and pneumonia (J09-J18),Influenza and pneumonia,Nebraska,418,20.6
3130,1999,Influenza and pneumonia (J09-J18),Influenza and pneumonia,District of Columbia,116,20.6
3131,2017,Alzheimer's disease (G30),Alzheimer's disease,Florida,6980,20.7
3132,2015,Alzheimer's disease (G30),Alzheimer's disease,Montana,277,20.7
3133,2014,Influenza and pneumonia (J09-J18),Influenza and pneumonia,Arkansas,710,20.7
3134,2013,Alzheimer's disease (G30),Alzheimer's disease,Montana,267,20.7
3135,2012,Diabetes mellitus (E10-E14),Diabetes,California,7895,20.7
3136,2012,Diabetes mellitus (E10-E14),Diabetes,Nebraska,442,20.7
3137,2011,Alzheimer's disease (G30),Alzheimer's disease,Montana,258,20.7
3138,2011,Diabetes mellitus (E10-E14),Diabetes,California,7695,20.7
3139,2010,Diabetes mellitus (E10-E14),Diabetes,Vermont,151,20.7
3140,2009,Diabetes mellitus (E10-E14),Diabetes,Maine,350,20.7
3141,2009,Influenza and pneumonia (J09-J18),Influenza and pneumonia,Louisiana,891,20.7
3142,2006,Alzheimer's disease (G30),Alzheimer's disease,District of Columbia,117,20.7
3143,2005,Alzheimer's disease (G30),Alzheimer's disease,Pennsylvania,3429,20.7
3144,2005,Influenza and pneumonia (J09-J18),Influenza and pneumonia,Indiana,1317,20.7
3145,2004,"Nephritis, nephrotic syndrome and nephrosis (N00-N07,N17-N19,N25-N27)",Kidney disease,West Virginia,450,20.7
3146,2003,"Accidents (unintentional injuries) (V01-X59,Y85-Y86)",Unintentional injuries,Massachusetts,1421,20.7
3147,2002,"Accidents (unintentional injuries) (V01-X59,Y85-Y86)",Unintentional injuries,Massachusetts,1413,20.7
3148,2002,"Nephritis, nephrotic syndrome and nephrosis (N00-N07,N17-N19,N25-N27)",Kidney disease,Nevada,372,20.7
3149,2001,Influenza and pneumonia (J09-J18),Influenza and pneumonia,Vermont,133,20.7
3150,2000,Diabetes mellitus (E10-E14),Diabetes,South Dakota,180,20.7
3151,2017,"Intentional self-harm (suicide) (*U03,X60-X84,Y87.0)",Suicide,Arkansas,631,20.8
3152,2015,Diabetes mellitus (E10-E14),Diabetes,Wyoming,136,20.8
3153,2014,Alzheimer's disease (G30),Alzheimer's disease,Virginia,1775,20.8
3154,2014,Influenza and pneumonia (J09-J18),Influenza and pneumonia,Kentucky,1017,20.8
3155,2013,Alzheimer's disease (G30),Alzheimer's disease,Kansas,742,20.8
3156,2012,Alzheimer's disease (G30),Alzheimer's disease,Montana,265,20.8
3157,2012,Influenza and pneumonia (J09-J18),Influenza and pneumonia,Hawaii,394,20.8
3158,2011,Diabetes mellitus (E10-E14),Diabetes,Missouri,1438,20.8
3159,2011,Influenza and pneumonia (J09-J18),Influenza and pneumonia,Kentucky,961,20.8
3160,2010,Diabetes mellitus (E10-E14),Diabetes,United States,69071,20.8
3161,2009,Diabetes mellitus (E10-E14),Diabetes,Delaware,206,20.8
3162,2008,Diabetes mellitus (E10-E14),Diabetes,Maine,344,20.8
3163,2008,Diabetes mellitus (E10-E14),Diabetes,Pennsylvania,3313,20.8
3164,2006,Influenza and pneumonia (J09-J18),Influenza and pneumonia,Georgia,1463,20.8
3165,2005,Influenza and pneumonia (J09-J18),Influenza and pneumonia,New Hampshire,273,20.8
3166,2003,"Nephritis, nephrotic syndrome and nephrosis (N00-N07,N17-N19,N25-N27)",Kidney disease,Kentucky,838,20.8
3167,2002,Alzheimer's disease (G30),Alzheimer's disease,United States,58866,20.8
3168,2002,Diabetes mellitus (E10-E14),Diabetes,Iowa,734,20.8
3169,2002,Diabetes mellitus (E10-E14),Diabetes,Nebraska,393,20.8
3170,2002,Influenza and pneumonia (J09-J18),Influenza and pneumonia,Ohio,2487,20.8
3171,2002,"Intentional self-harm (suicide) (*U03,X60-X84,Y87.0)",Suicide,Alaska,132,20.8
3172,2002,"Intentional self-harm (suicide) (*U03,X60-X84,Y87.0)",Suicide,Wyoming,105,20.8
3173,2001,Influenza and pneumonia (J09-J18),Influenza and pneumonia,Wisconsin,1236,20.8
3174,1999,Alzheimer's disease (G30),Alzheimer's disease,Arizona,963,20.8
3175,1999,Alzheimer's disease (G30),Alzheimer's disease,North Carolina,1456,20.8
3176,2017,Alzheimer's disease (G30),Alzheimer's disease,Montana,285,20.9
3177,2016,Diabetes mellitus (E10-E14),Diabetes,Iowa,847,20.9
3178,2014,Diabetes mellitus (E10-E14),Diabetes,United States,76488,20.9
3179,2011,Diabetes mellitus (E10-E14),Diabetes,Montana,252,20.9
3180,2011,"Nephritis, nephrotic syndrome and nephrosis (N00-N07,N17-N19,N25-N27)",Kidney disease,Kentucky,971,20.9
3181,2010,Alzheimer's disease (G30),Alzheimer's disease,Illinois,2927,20.9
3182,2008,"Intentional self-harm (suicide) (*U03,X60-X84,Y87.0)",Suicide,New Mexico,419,20.9
3183,2005,Alzheimer's disease (G30),Alzheimer's disease,Rhode Island,298,20.9
3184,2004,Alzheimer's disease (G30),Alzheimer's disease,Arkansas,622,20.9
3185,2003,Alzheimer's disease (G30),Alzheimer's disease,Illinois,2626,20.9
3186,2003,Diabetes mellitus (E10-E14),Diabetes,Arizona,1153,20.9
3187,2002,Influenza and pneumonia (J09-J18),Influenza and pneumonia,Maine,317,20.9
3188,2001,Alzheimer's disease (G30),Alzheimer's disease,Massachusetts,1533,20.9
3189,2000,Alzheimer's disease (G30),Alzheimer's disease,Louisiana,811,20.9
3190,2000,Influenza and pneumonia (J09-J18),Influenza and pneumonia,Montana,202,20.9
3191,1999,Influenza and pneumonia (J09-J18),Influenza and pneumonia,Pennsylvania,3116,20.9
3192,2017,Diabetes mellitus (E10-E14),Diabetes,Missouri,1605,21.0
3193,2016,Diabetes mellitus (E10-E14),Diabetes,United States,80058,21.0
3194,2016,"Intentional self-harm (suicide) (*U03,X60-X84,Y87.0)",Suicide,Oklahoma,822,21.0
3195,2015,Alzheimer's disease (G30),Alzheimer's disease,Pennsylvania,4012,21.0
3196,2014,"Intentional self-harm (suicide) (*U03,X60-X84,Y87.0)",Suicide,New Mexico,449,21.0
3197,2013,Alzheimer's disease (G30),Alzheimer's disease,Idaho,347,21.0
3198,2013,Alzheimer's disease (G30),Alzheimer's disease,Wyoming,126,21.0
3199,2012,"Intentional self-harm (suicide) (*U03,X60-X84,Y87.0)",Suicide,Utah,550,21.0
3200,2011,Diabetes mellitus (E10-E14),Diabetes,South Carolina,1090,21.0
3201,2010,Diabetes mellitus (E10-E14),Diabetes,New Jersey,2098,21.0
3202,2010,Influenza and pneumonia (J09-J18),Influenza and pneumonia,Kentucky,943,21.0
3203,2009,Alzheimer's disease (G30),Alzheimer's disease,Illinois,2891,21.0
3204,2008,Influenza and pneumonia (J09-J18),Influenza and pneumonia,Louisiana,894,21.0
3205,2008,Influenza and pneumonia (J09-J18),Influenza and pneumonia,New York,4609,21.0
3206,2007,Influenza and pneumonia (J09-J18),Influenza and pneumonia,Kentucky,897,21.0
3207,2006,"Nephritis, nephrotic syndrome and nephrosis (N00-N07,N17-N19,N25-N27)",Kidney disease,West Virginia,468,21.0
3208,2005,Diabetes mellitus (E10-E14),Diabetes,Wisconsin,1276,21.0
3209,2005,Influenza and pneumonia (J09-J18),Influenza and pneumonia,United States,63001,21.0
3210,2004,Diabetes mellitus (E10-E14),Diabetes,Arizona,1196,21.0
3211,2004,Influenza and pneumonia (J09-J18),Influenza and pneumonia,New Hampshire,271,21.0
3212,2003,Diabetes mellitus (E10-E14),Diabetes,New York,4227,21.0
3213,2001,Alzheimer's disease (G30),Alzheimer's disease,Nebraska,430,21.0
3214,2001,Alzheimer's disease (G30),Alzheimer's disease,Utah,314,21.0
3215,2000,"Nephritis, nephrotic syndrome and nephrosis (N00-N07,N17-N19,N25-N27)",Kidney disease,Nevada,329,21.0
3216,2017,Diabetes mellitus (E10-E14),Diabetes,Pennsylvania,3704,21.1
3217,2017,"Intentional self-harm (suicide) (*U03,X60-X84,Y87.0)",Suicide,West Virginia,393,21.1
3218,2016,Alzheimer's disease (G30),Alzheimer's disease,New Jersey,2435,21.1
3219,2011,Alzheimer's disease (G30),Alzheimer's disease,Rhode Island,320,21.1
3220,2011,Diabetes mellitus (E10-E14),Diabetes,Pennsylvania,3462,21.1
3221,2011,Influenza and pneumonia (J09-J18),Influenza and pneumonia,Oklahoma,863,21.1
3222,2009,Diabetes mellitus (E10-E14),Diabetes,South Dakota,202,21.1
3223,2009,Diabetes mellitus (E10-E14),Diabetes,United States,68705,21.1
3224,2009,"Nephritis, nephrotic syndrome and nephrosis (N00-N07,N17-N19,N25-N27)",Kidney disease,Arkansas,680,21.1
3225,2009,"Nephritis, nephrotic syndrome and nephrosis (N00-N07,N17-N19,N25-N27)",Kidney disease,Kentucky,945,21.1
3226,2008,Diabetes mellitus (E10-E14),Diabetes,Vermont,151,21.1
3227,2007,Alzheimer's disease (G30),Alzheimer's disease,Massachusetts,1695,21.1
3228,2007,Influenza and pneumonia (J09-J18),Influenza and pneumonia,Louisiana,870,21.1
3229,2006,Influenza and pneumonia (J09-J18),Influenza and pneumonia,West Virginia,459,21.1
3230,2006,"Nephritis, nephrotic syndrome and nephrosis (N00-N07,N17-N19,N25-N27)",Kidney disease,Indiana,1372,21.1
3231,2005,Alzheimer's disease (G30),Alzheimer's disease,Massachusetts,1638,21.1
3232,2003,Chronic lower respiratory diseases (J40-J47),CLRD,Hawaii,287,21.1
3233,2003,Diabetes mellitus (E10-E14),Diabetes,Nebraska,407,21.1
3234,2003,Influenza and pneumonia (J09-J18),Influenza and pneumonia,Nebraska,435,21.1
3235,2002,Alzheimer's disease (G30),Alzheimer's disease,Oklahoma,754,21.1
3236,2002,Diabetes mellitus (E10-E14),Diabetes,Montana,210,21.1
3237,2001,Alzheimer's disease (G30),Alzheimer's disease,Wisconsin,1269,21.1
3238,2001,Influenza and pneumonia (J09-J18),Influenza and pneumonia,Connecticut,854,21.1
3239,2001,"Nephritis, nephrotic syndrome and nephrosis (N00-N07,N17-N19,N25-N27)",Kidney disease,Georgia,1362,21.1
3240,2000,"Nephritis, nephrotic syndrome and nephrosis (N00-N07,N17-N19,N25-N27)",Kidney disease,Alabama,939,21.1
3241,1999,Alzheimer's disease (G30),Alzheimer's disease,Minnesota,1083,21.1
3242,1999,Influenza and pneumonia (J09-J18),Influenza and pneumonia,Minnesota,1077,21.1
3243,2017,Diabetes mellitus (E10-E14),Diabetes,Texas,5832,21.2
3244,2016,Alzheimer's disease (G30),Alzheimer's disease,Wyoming,138,21.2
3245,2016,Diabetes mellitus (E10-E14),Diabetes,Georgia,2238,21.2
3246,2016,Diabetes mellitus (E10-E14),Diabetes,Kansas,727,21.2
3247,2015,Diabetes mellitus (E10-E14),Diabetes,California,8845,21.2
3248,2015,Diabetes mellitus (E10-E14),Diabetes,Texas,5521,21.2
3249,2015,Influenza and pneumonia (J09-J18),Influenza and pneumonia,West Virginia,526,21.2
3250,2014,Diabetes mellitus (E10-E14),Diabetes,Washington,1668,21.2
3251,2013,Diabetes mellitus (E10-E14),Diabetes,United States,75578,21.2
3252,2012,Alzheimer's disease (G30),Alzheimer's disease,Virginia,1712,21.2
3253,2012,Diabetes mellitus (E10-E14),Diabetes,United States,73932,21.2
3254,2011,Alzheimer's disease (G30),Alzheimer's disease,Massachusetts,1819,21.2
3255,2011,Diabetes mellitus (E10-E14),Diabetes,Maryland,1297,21.2
3256,2010,Alzheimer's disease (G30),Alzheimer's disease,Massachusetts,1773,21.2
3257,2010,Diabetes mellitus (E10-E14),Diabetes,Missouri,1425,21.2
3258,2009,"Intentional self-harm (suicide) (*U03,X60-X84,Y87.0)",Suicide,Montana,219,21.2
3259,2009,"Nephritis, nephrotic syndrome and nephrosis (N00-N07,N17-N19,N25-N27)",Kidney disease,Indiana,1442,21.2
3260,2007,Influenza and pneumonia (J09-J18),Influenza and pneumonia,Oklahoma,801,21.2
3261,2006,Diabetes mellitus (E10-E14),Diabetes,Georgia,1657,21.2
3262,2005,Alzheimer's disease (G30),Alzheimer's disease,Delaware,180,21.2
3263,2005,Influenza and pneumonia (J09-J18),Influenza and pneumonia,West Virginia,458,21.2
3264,2005,"Nephritis, nephrotic syndrome and nephrosis (N00-N07,N17-N19,N25-N27)",Kidney disease,Georgia,1520,21.2
3265,2004,Alzheimer's disease (G30),Alzheimer's disease,District of Columbia,119,21.2
3266,2003,Influenza and pneumonia (J09-J18),Influenza and pneumonia,Alaska,60,21.2
3267,2003,"Nephritis, nephrotic syndrome and nephrosis (N00-N07,N17-N19,N25-N27)",Kidney disease,West Virginia,458,21.2
3268,2002,Alzheimer's disease (G30),Alzheimer's disease,Massachusetts,1570,21.2
3269,2002,"Nephritis, nephrotic syndrome and nephrosis (N00-N07,N17-N19,N25-N27)",Kidney disease,Mississippi,580,21.2
3270,2001,Alzheimer's disease (G30),Alzheimer's disease,Tennessee,1148,21.2
3271,2001,Influenza and pneumonia (J09-J18),Influenza and pneumonia,New Jersey,1893,21.2
3272,2017,Influenza and pneumonia (J09-J18),Influenza and pneumonia,Tennessee,1656,21.3
3273,2015,Diabetes mellitus (E10-E14),Diabetes,United States,79535,21.3
3274,2015,Influenza and pneumonia (J09-J18),Influenza and pneumonia,Nevada,630,21.3
3275,2014,Diabetes mellitus (E10-E14),Diabetes,South Dakota,224,21.3
3276,2014,Diabetes mellitus (E10-E14),Diabetes,Texas,5348,21.3
3277,2014,"Nephritis, nephrotic syndrome and nephrosis (N00-N07,N17-N19,N25-N27)",Kidney disease,Mississippi,701,21.3
3278,2013,Diabetes mellitus (E10-E14),Diabetes,Washington,1616,21.3
3279,2012,Diabetes mellitus (E10-E14),Diabetes,Maine,380,21.3
3280,2012,"Intentional self-harm (suicide) (*U03,X60-X84,Y87.0)",Suicide,New Mexico,442,21.3
3281,2010,"Nephritis, nephrotic syndrome and nephrosis (N00-N07,N17-N19,N25-N27)",Kidney disease,Georgia,1753,21.3
3282,2008,Influenza and pneumonia (J09-J18),Influenza and pneumonia,Missouri,1414,21.3
3283,2008,"Nephritis, nephrotic syndrome and nephrosis (N00-N07,N17-N19,N25-N27)",Kidney disease,Georgia,1668,21.3
3284,2007,"Nephritis, nephrotic syndrome and nephrosis (N00-N07,N17-N19,N25-N27)",Kidney disease,Alabama,1051,21.3
3285,2007,"Nephritis, nephrotic syndrome and nephrosis (N00-N07,N17-N19,N25-N27)",Kidney disease,Nevada,461,21.3
3286,2007,"Nephritis, nephrotic syndrome and nephrosis (N00-N07,N17-N19,N25-N27)",Kidney disease,West Virginia,480,21.3
3287,2006,Alzheimer's disease (G30),Alzheimer's disease,Illinois,2794,21.3
3288,2004,Influenza and pneumonia (J09-J18),Influenza and pneumonia,North Carolina,1686,21.3
3289,2004,"Nephritis, nephrotic syndrome and nephrosis (N00-N07,N17-N19,N25-N27)",Kidney disease,Georgia,1458,21.3
3290,2003,Alzheimer's disease (G30),Alzheimer's disease,Massachusetts,1609,21.3
3291,2001,Diabetes mellitus (E10-E14),Diabetes,Nebraska,400,21.3
3292,2000,Alzheimer's disease (G30),Alzheimer's disease,Georgia,1235,21.3
3293,2000,Alzheimer's disease (G30),Alzheimer's disease,Vermont,134,21.3
3294,2000,Diabetes mellitus (E10-E14),Diabetes,California,6190,21.3
3295,1999,Influenza and pneumonia (J09-J18),Influenza and pneumonia,Delaware,155,21.3
3296,1999,"Intentional self-harm (suicide) (*U03,X60-X84,Y87.0)",Suicide,Nevada,404,21.3
3297,2016,Diabetes mellitus (E10-E14),Diabetes,California,9124,21.4
3298,2016,"Intentional self-harm (suicide) (*U03,X60-X84,Y87.0)",Suicide,Idaho,351,21.4
3299,2016,"Intentional self-harm (suicide) (*U03,X60-X84,Y87.0)",Suicide,Nevada,650,21.4
3300,2015,Diabetes mellitus (E10-E14),Diabetes,Georgia,2210,21.4
3301,2013,"Intentional self-harm (suicide) (*U03,X60-X84,Y87.0)",Suicide,Utah,579,21.4
3302,2012,Diabetes mellitus (E10-E14),Diabetes,Vermont,168,21.4
3303,2011,Influenza and pneumonia (J09-J18),Influenza and pneumonia,New York,4915,21.4
3304,2008,Diabetes mellitus (E10-E14),Diabetes,Florida,5161,21.4
3305,2006,Diabetes mellitus (E10-E14),Diabetes,Maine,343,21.4
3306,2006,Diabetes mellitus (E10-E14),Diabetes,Minnesota,1158,21.4
3307,2006,Diabetes mellitus (E10-E14),Diabetes,New Hampshire,296,21.4
3308,2003,Alzheimer's disease (G30),Alzheimer's disease,Michigan,2133,21.4
3309,2003,Alzheimer's disease (G30),Alzheimer's disease,Utah,332,21.4
3310,2003,Influenza and pneumonia (J09-J18),Influenza and pneumonia,Maine,327,21.4
3311,2003,Influenza and pneumonia (J09-J18),Influenza and pneumonia,Texas,3613,21.4
3312,2002,Influenza and pneumonia (J09-J18),Influenza and pneumonia,Delaware,168,21.4
3313,2002,Influenza and pneumonia (J09-J18),Influenza and pneumonia,Wisconsin,1291,21.4
3314,2000,Influenza and pneumonia (J09-J18),Influenza and pneumonia,Indiana,1270,21.4
3315,1999,Alzheimer's disease (G30),Alzheimer's disease,Idaho,243,21.4
3316,1999,Alzheimer's disease (G30),Alzheimer's disease,Montana,205,21.4
3317,2017,Diabetes mellitus (E10-E14),Diabetes,United States,83564,21.5
3318,2017,Diabetes mellitus (E10-E14),Diabetes,Georgia,2348,21.5
3319,2016,Alzheimer's disease (G30),Alzheimer's disease,Florida,7155,21.5
3320,2016,Diabetes mellitus (E10-E14),Diabetes,Michigan,2672,21.5
3321,2014,Diabetes mellitus (E10-E14),Diabetes,Nebraska,473,21.5
3322,2013,Alzheimer's disease (G30),Alzheimer's disease,Minnesota,1427,21.5
3323,2013,Alzheimer's disease (G30),Alzheimer's disease,New Hampshire,351,21.5
3324,2013,"Intentional self-harm (suicide) (*U03,X60-X84,Y87.0)",Suicide,Wyoming,129,21.5
3325,2012,Alzheimer's disease (G30),Alzheimer's disease,Wyoming,123,21.5
3326,2012,Diabetes mellitus (E10-E14),Diabetes,South Dakota,218,21.5
3327,2011,Diabetes mellitus (E10-E14),Diabetes,Delaware,224,21.5
3328,2011,Diabetes mellitus (E10-E14),Diabetes,Vermont,168,21.5
3329,2009,Alzheimer's disease (G30),Alzheimer's disease,Alaska,67,21.5
3330,2009,Diabetes mellitus (E10-E14),Diabetes,North Carolina,2114,21.5
3331,2008,Diabetes mellitus (E10-E14),Diabetes,California,7375,21.5
3332,2007,"Nephritis, nephrotic syndrome and nephrosis (N00-N07,N17-N19,N25-N27)",Kidney disease,Arkansas,666,21.5
3333,2005,Influenza and pneumonia (J09-J18),Influenza and pneumonia,Idaho,289,21.5
3334,2004,Alzheimer's disease (G30),Alzheimer's disease,Montana,228,21.5
3335,2004,Influenza and pneumonia (J09-J18),Influenza and pneumonia,Nevada,402,21.5
3336,2002,Diabetes mellitus (E10-E14),Diabetes,Florida,4583,21.5
3337,2002,Diabetes mellitus (E10-E14),Diabetes,Rhode Island,263,21.5
3338,2002,Influenza and pneumonia (J09-J18),Influenza and pneumonia,Connecticut,888,21.5
3339,2001,Diabetes mellitus (E10-E14),Diabetes,California,6395,21.5
3340,2001,Influenza and pneumonia (J09-J18),Influenza and pneumonia,Michigan,2076,21.5
3341,2000,Alzheimer's disease (G30),Alzheimer's disease,Alaska,47,21.5
3342,2000,Influenza and pneumonia (J09-J18),Influenza and pneumonia,Nevada,320,21.5
3343,2000,Influenza and pneumonia (J09-J18),Influenza and pneumonia,Wisconsin,1258,21.5
3344,2000,"Intentional self-harm (suicide) (*U03,X60-X84,Y87.0)",Suicide,Alaska,137,21.5
3345,1999,"Accidents (unintentional injuries) (V01-X59,Y85-Y86)",Unintentional injuries,Rhode Island,243,21.5
3346,1999,Diabetes mellitus (E10-E14),Diabetes,Arizona,1063,21.5
3347,1999,Diabetes mellitus (E10-E14),Diabetes,Florida,4357,21.5
3348,2017,Diabetes mellitus (E10-E14),Diabetes,Montana,292,21.6
3349,2017,Diabetes mellitus (E10-E14),Diabetes,Washington,1812,21.6
3350,2013,Alzheimer's disease (G30),Alzheimer's disease,Maine,401,21.6
3351,2013,Diabetes mellitus (E10-E14),Diabetes,Texas,5273,21.6
3352,2010,Diabetes mellitus (E10-E14),Diabetes,Texas,4744,21.6
3353,2010,Diabetes mellitus (E10-E14),Diabetes,Washington,1499,21.6
3354,2009,Alzheimer's disease (G30),Alzheimer's disease,Montana,256,21.6
3355,2009,Influenza and pneumonia (J09-J18),Influenza and pneumonia,Tennessee,1390,21.6
3356,2008,Diabetes mellitus (E10-E14),Diabetes,Illinois,2846,21.6
3357,2008,Diabetes mellitus (E10-E14),Diabetes,Maryland,1239,21.6
3358,2008,Influenza and pneumonia (J09-J18),Influenza and pneumonia,Kentucky,943,21.6
3359,2006,Alzheimer's disease (G30),Alzheimer's disease,Delaware,189,21.6
3360,2006,"Nephritis, nephrotic syndrome and nephrosis (N00-N07,N17-N19,N25-N27)",Kidney disease,Kentucky,922,21.6
3361,2005,Influenza and pneumonia (J09-J18),Influenza and pneumonia,Virginia,1464,21.6
3362,2004,Diabetes mellitus (E10-E14),Diabetes,Florida,4809,21.6
3363,2004,Diabetes mellitus (E10-E14),Diabetes,Minnesota,1130,21.6
3364,2003,Alzheimer's disease (G30),Alzheimer's disease,New Mexico,360,21.6
3365,2003,Influenza and pneumonia (J09-J18),Influenza and pneumonia,New Mexico,369,21.6
3366,2002,Alzheimer's disease (G30),Alzheimer's disease,Mississippi,574,21.6
3367,2002,"Nephritis, nephrotic syndrome and nephrosis (N00-N07,N17-N19,N25-N27)",Kidney disease,West Virginia,462,21.6
3368,2001,Influenza and pneumonia (J09-J18),Influenza and pneumonia,Illinois,2659,21.6
3369,2001,"Nephritis, nephrotic syndrome and nephrosis (N00-N07,N17-N19,N25-N27)",Kidney disease,Nevada,376,21.6
3370,2000,Diabetes mellitus (E10-E14),Diabetes,Florida,4449,21.6
3371,2000,Influenza and pneumonia (J09-J18),Influenza and pneumonia,Michigan,2052,21.6
3372,2017,Alzheimer's disease (G30),Alzheimer's disease,Pennsylvania,4213,21.7
3373,2017,"Nephritis, nephrotic syndrome and nephrosis (N00-N07,N17-N19,N25-N27)",Kidney disease,Mississippi,741,21.7
3374,2016,Alzheimer's disease (G30),Alzheimer's disease,Pennsylvania,4185,21.7
3375,2016,Diabetes mellitus (E10-E14),Diabetes,Virginia,2062,21.7
3376,2015,Diabetes mellitus (E10-E14),Diabetes,Alabama,1255,21.7
3377,2013,Diabetes mellitus (E10-E14),Diabetes,Nebraska,471,21.7
3378,2011,Diabetes mellitus (E10-E14),Diabetes,Nebraska,460,21.7
3379,2011,Diabetes mellitus (E10-E14),Diabetes,United States,73831,21.7
3380,2011,"Nephritis, nephrotic syndrome and nephrosis (N00-N07,N17-N19,N25-N27)",Kidney disease,Mississippi,664,21.7
3381,2010,Diabetes mellitus (E10-E14),Diabetes,Nebraska,452,21.7
3382,2009,Alzheimer's disease (G30),Alzheimer's disease,Rhode Island,321,21.7
3383,2008,Alzheimer's disease (G30),Alzheimer's disease,Delaware,204,21.7
3384,2007,Diabetes mellitus (E10-E14),Diabetes,Florida,5110,21.7
3385,2006,"Intentional self-harm (suicide) (*U03,X60-X84,Y87.0)",Suicide,Wyoming,116,21.7
3386,2005,"Intentional self-harm (suicide) (*U03,X60-X84,Y87.0)",Suicide,Montana,206,21.7
3387,2002,Alzheimer's disease (G30),Alzheimer's disease,Ohio,2599,21.7
3388,2002,Influenza and pneumonia (J09-J18),Influenza and pneumonia,Idaho,265,21.7
3389,2001,"Nephritis, nephrotic syndrome and nephrosis (N00-N07,N17-N19,N25-N27)",Kidney disease,Alabama,974,21.7
3390,2000,Influenza and pneumonia (J09-J18),Influenza and pneumonia,Ohio,2533,21.7
3391,2000,Influenza and pneumonia (J09-J18),Influenza and pneumonia,West Virginia,456,21.7
3392,1999,Influenza and pneumonia (J09-J18),Influenza and pneumonia,Vermont,134,21.7
3393,2017,Diabetes mellitus (E10-E14),Diabetes,North Dakota,194,21.8
3394,2016,"Intentional self-harm (suicide) (*U03,X60-X84,Y87.0)",Suicide,Utah,620,21.8
3395,2015,Alzheimer's disease (G30),Alzheimer's disease,Florida,7031,21.8
3396,2014,Diabetes mellitus (E10-E14),Diabetes,South Carolina,1239,21.8
3397,2013,Diabetes mellitus (E10-E14),Diabetes,North Carolina,2402,21.8
3398,2011,Influenza and pneumonia (J09-J18),Influenza and pneumonia,Arkansas,727,21.8
3399,2010,Diabetes mellitus (E10-E14),Diabetes,Maine,376,21.8
3400,2010,"Intentional self-harm (suicide) (*U03,X60-X84,Y87.0)",Suicide,Montana,227,21.8
3401,2009,Diabetes mellitus (E10-E14),Diabetes,Nebraska,445,21.8
3402,2007,Diabetes mellitus (E10-E14),Diabetes,Maine,355,21.8
3403,2007,Influenza and pneumonia (J09-J18),Influenza and pneumonia,Wyoming,113,21.8
3404,2004,"Nephritis, nephrotic syndrome and nephrosis (N00-N07,N17-N19,N25-N27)",Kidney disease,Nevada,425,21.8
3405,2003,"Intentional self-harm (suicide) (*U03,X60-X84,Y87.0)",Suicide,Wyoming,109,21.8
3406,2002,Influenza and pneumonia (J09-J18),Influenza and pneumonia,New Jersey,1973,21.8
3407,2001,Alzheimer's disease (G30),Alzheimer's disease,Iowa,863,21.8
3408,2000,Influenza and pneumonia (J09-J18),Influenza and pneumonia,Nebraska,433,21.8
3409,2016,Diabetes mellitus (E10-E14),Diabetes,Nebraska,501,21.9
3410,2015,Diabetes mellitus (E10-E14),Diabetes,Maine,407,21.9
3411,2015,Diabetes mellitus (E10-E14),Diabetes,Virginia,2044,21.9
3412,2014,Alzheimer's disease (G30),Alzheimer's disease,Illinois,3266,21.9
3413,2014,Alzheimer's disease (G30),Alzheimer's disease,Kansas,790,21.9
3414,2014,Alzheimer's disease (G30),Alzheimer's disease,Nebraska,515,21.9
3415,2014,Chronic lower respiratory diseases (J40-J47),CLRD,District of Columbia,136,21.9
3416,2012,Alzheimer's disease (G30),Alzheimer's disease,Idaho,354,21.9
3417,2012,Diabetes mellitus (E10-E14),Diabetes,Texas,5136,21.9
3418,2012,Influenza and pneumonia (J09-J18),Influenza and pneumonia,Arkansas,734,21.9
3419,2011,Influenza and pneumonia (J09-J18),Influenza and pneumonia,Tennessee,1480,21.9
3420,2010,Alzheimer's disease (G30),Alzheimer's disease,Delaware,215,21.9
3421,2009,"Nephritis, nephrotic syndrome and nephrosis (N00-N07,N17-N19,N25-N27)",Kidney disease,West Virginia,504,21.9
3422,2008,Influenza and pneumonia (J09-J18),Influenza and pneumonia,Mississippi,626,21.9
3423,2007,Diabetes mellitus (E10-E14),Diabetes,Pennsylvania,3442,21.9
3424,2006,Diabetes mellitus (E10-E14),Diabetes,Illinois,2795,21.9
3425,2005,Alzheimer's disease (G30),Alzheimer's disease,Illinois,2827,21.9
3426,2005,Influenza and pneumonia (J09-J18),Influenza and pneumonia,Connecticut,956,21.9
3427,2005,"Nephritis, nephrotic syndrome and nephrosis (N00-N07,N17-N19,N25-N27)",Kidney disease,Kentucky,912,21.9
3428,2004,Alzheimer's disease (G30),Alzheimer's disease,Missouri,1381,21.9
3429,2004,Diabetes mellitus (E10-E14),Diabetes,Wisconsin,1310,21.9
3430,2004,Influenza and pneumonia (J09-J18),Influenza and pneumonia,Illinois,2779,21.9
3431,2004,Influenza and pneumonia (J09-J18),Influenza and pneumonia,Maryland,1111,21.9
3432,2003,Diabetes mellitus (E10-E14),Diabetes,Florida,4762,21.9
3433,2003,Influenza and pneumonia (J09-J18),Influenza and pneumonia,North Dakota,189,21.9
3434,2003,"Nephritis, nephrotic syndrome and nephrosis (N00-N07,N17-N19,N25-N27)",Kidney disease,Georgia,1471,21.9
3435,2002,Influenza and pneumonia (J09-J18),Influenza and pneumonia,Colorado,752,21.9
3436,2001,Alzheimer's disease (G30),Alzheimer's disease,Texas,3439,21.9
3437,2001,Chronic lower respiratory diseases (J40-J47),CLRD,Hawaii,280,21.9
3438,2001,Diabetes mellitus (E10-E14),Diabetes,Rhode Island,265,21.9
3439,2015,"Nephritis, nephrotic syndrome and nephrosis (N00-N07,N17-N19,N25-N27)",Kidney disease,Mississippi,731,22.0
3440,2014,Diabetes mellitus (E10-E14),Diabetes,Pennsylvania,3765,22.0
3441,2013,"Nephritis, nephrotic syndrome and nephrosis (N00-N07,N17-N19,N25-N27)",Kidney disease,Arkansas,762,22.0
3442,2012,Diabetes mellitus (E10-E14),Diabetes,North Dakota,185,22.0
3443,2011,Diabetes mellitus (E10-E14),Diabetes,New Jersey,2222,22.0
3444,2010,"Nephritis, nephrotic syndrome and nephrosis (N00-N07,N17-N19,N25-N27)",Kidney disease,Indiana,1516,22.0
3445,2008,Diabetes mellitus (E10-E14),Diabetes,United States,70553,22.0
3446,2008,Influenza and pneumonia (J09-J18),Influenza and pneumonia,Nevada,496,22.0
3447,2007,Alzheimer's disease (G30),Alzheimer's disease,Wyoming,110,22.0
3448,2007,Diabetes mellitus (E10-E14),Diabetes,Illinois,2851,22.0
3449,2006,Alzheimer's disease (G30),Alzheimer's disease,Michigan,2331,22.0
3450,2006,Diabetes mellitus (E10-E14),Diabetes,Iowa,804,22.0
3451,2005,Influenza and pneumonia (J09-J18),Influenza and pneumonia,Alabama,1011,22.0
3452,2005,"Nephritis, nephrotic syndrome and nephrosis (N00-N07,N17-N19,N25-N27)",Kidney disease,Nevada,438,22.0
3453,2004,Alzheimer's disease (G30),Alzheimer's disease,Massachusetts,1673,22.0
3454,2004,Alzheimer's disease (G30),Alzheimer's disease,Michigan,2232,22.0
3455,2004,Alzheimer's disease (G30),Alzheimer's disease,Nebraska,459,22.0
3456,2004,Chronic lower respiratory diseases (J40-J47),CLRD,Hawaii,307,22.0
3457,2003,Alzheimer's disease (G30),Alzheimer's disease,California,6585,22.0
3458,2003,Alzheimer's disease (G30),Alzheimer's disease,Mississippi,583,22.0
3459,2003,Alzheimer's disease (G30),Alzheimer's disease,Rhode Island,303,22.0
3460,2002,Alzheimer's disease (G30),Alzheimer's disease,Wisconsin,1344,22.0
3461,2002,Diabetes mellitus (E10-E14),Diabetes,Alaska,86,22.0
3462,2000,"Accidents (unintentional injuries) (V01-X59,Y85-Y86)",Unintentional injuries,New York,4244,22.0
3463,2000,Alzheimer's disease (G30),Alzheimer's disease,Arizona,1045,22.0
3464,1999,Diabetes mellitus (E10-E14),Diabetes,Mississippi,593,22.0
3465,2017,Alzheimer's disease (G30),Alzheimer's disease,Alaska,98,22.1
3466,2017,Diabetes mellitus (E10-E14),Diabetes,California,9595,22.1
3467,2017,Diabetes mellitus (E10-E14),Diabetes,Michigan,2798,22.1
3468,2015,Diabetes mellitus (E10-E14),Diabetes,Idaho,403,22.1
3469,2015,Diabetes mellitus (E10-E14),Diabetes,Pennsylvania,3777,22.1
3470,2015,"Intentional self-harm (suicide) (*U03,X60-X84,Y87.0)",Suicide,Idaho,359,22.1
3471,2014,Influenza and pneumonia (J09-J18),Influenza and pneumonia,Tennessee,1602,22.1
3472,2014,"Intentional self-harm (suicide) (*U03,X60-X84,Y87.0)",Suicide,Alaska,167,22.1
3473,2013,Influenza and pneumonia (J09-J18),Influenza and pneumonia,Tennessee,1564,22.1
3474,2011,Diabetes mellitus (E10-E14),Diabetes,Kansas,711,22.1
3475,2011,Diabetes mellitus (E10-E14),Diabetes,North Carolina,2278,22.1
3476,2009,Influenza and pneumonia (J09-J18),Influenza and pneumonia,Arkansas,705,22.1
3477,2008,Alzheimer's disease (G30),Alzheimer's disease,Pennsylvania,3863,22.1
3478,2007,Alzheimer's disease (G30),Alzheimer's disease,Delaware,201,22.1
3479,2007,Alzheimer's disease (G30),Alzheimer's disease,Utah,393,22.1
3480,2007,Diabetes mellitus (E10-E14),Diabetes,Mississippi,654,22.1
3481,2006,Diabetes mellitus (E10-E14),Diabetes,Virginia,1632,22.1
3482,2006,Influenza and pneumonia (J09-J18),Influenza and pneumonia,Kentucky,927,22.1
3483,2005,"Nephritis, nephrotic syndrome and nephrosis (N00-N07,N17-N19,N25-N27)",Kidney disease,Alabama,1036,22.1
3484,2004,Influenza and pneumonia (J09-J18),Influenza and pneumonia,Alabama,994,22.1
3485,2004,Influenza and pneumonia (J09-J18),Influenza and pneumonia,Missouri,1389,22.1
3486,2004,Influenza and pneumonia (J09-J18),Influenza and pneumonia,Virginia,1449,22.1
3487,2003,Alzheimer's disease (G30),Alzheimer's disease,Iowa,887,22.1
3488,2003,Alzheimer's disease (G30),Alzheimer's disease,Oklahoma,794,22.1
3489,2003,Alzheimer's disease (G30),Alzheimer's disease,United States,63457,22.1
3490,2003,Influenza and pneumonia (J09-J18),Influenza and pneumonia,Indiana,1365,22.1
3491,2001,Alzheimer's disease (G30),Alzheimer's disease,Minnesota,1173,22.1
3492,2001,Diabetes mellitus (E10-E14),Diabetes,Florida,4631,22.1
3493,2001,Diabetes mellitus (E10-E14),Diabetes,Georgia,1475,22.1
3494,2001,Influenza and pneumonia (J09-J18),Influenza and pneumonia,Nevada,352,22.1
3495,2000,Alzheimer's disease (G30),Alzheimer's disease,Kentucky,845,22.1
3496,2012,Alzheimer's disease (G30),Alzheimer's disease,Minnesota,1445,22.2
3497,2012,"Nephritis, nephrotic syndrome and nephrosis (N00-N07,N17-N19,N25-N27)",Kidney disease,Mississippi,692,22.2
3498,2010,Diabetes mellitus (E10-E14),Diabetes,North Dakota,192,22.2
3499,2009,Alzheimer's disease (G30),Alzheimer's disease,Minnesota,1358,22.2
3500,2007,Alzheimer's disease (G30),Alzheimer's disease,Rhode Island,328,22.2
3501,2007,Diabetes mellitus (E10-E14),Diabetes,California,7413,22.2
3502,2006,Diabetes mellitus (E10-E14),Diabetes,Nebraska,437,22.2
3503,2005,Alzheimer's disease (G30),Alzheimer's disease,Alaska,61,22.2
3504,2004,Diabetes mellitus (E10-E14),Diabetes,Wyoming,110,22.2
3505,2004,Influenza and pneumonia (J09-J18),Influenza and pneumonia,Louisiana,913,22.2
3506,2004,Influenza and pneumonia (J09-J18),Influenza and pneumonia,West Virginia,474,22.2
3507,2003,Alzheimer's disease (G30),Alzheimer's disease,Nebraska,461,22.2
3508,2003,Alzheimer's disease (G30),Alzheimer's disease,West Virginia,470,22.2
3509,2001,"Accidents (unintentional injuries) (V01-X59,Y85-Y86)",Unintentional injuries,Massachusetts,1506,22.2
3510,2001,Influenza and pneumonia (J09-J18),Influenza and pneumonia,Texas,3608,22.2
3511,2001,Influenza and pneumonia (J09-J18),Influenza and pneumonia,United States,62034,22.2
3512,2001,"Nephritis, nephrotic syndrome and nephrosis (N00-N07,N17-N19,N25-N27)",Kidney disease,Mississippi,602,22.2
3513,2000,Alzheimer's disease (G30),Alzheimer's disease,Minnesota,1154,22.2
3514,2000,Diabetes mellitus (E10-E14),Diabetes,Nebraska,411,22.2
3515,1999,Influenza and pneumonia (J09-J18),Influenza and pneumonia,Kansas,676,22.2
3516,1999,Influenza and pneumonia (J09-J18),Influenza and pneumonia,Nevada,319,22.2
3517,1999,"Nephritis, nephrotic syndrome and nephrosis (N00-N07,N17-N19,N25-N27)",Kidney disease,Alabama,979,22.2
3518,2016,Diabetes mellitus (E10-E14),Diabetes,South Carolina,1369,22.3
3519,2014,Diabetes mellitus (E10-E14),Diabetes,Georgia,2230,22.3
3520,2013,Alzheimer's disease (G30),Alzheimer's disease,Rhode Island,346,22.3
3521,2013,Diabetes mellitus (E10-E14),Diabetes,North Dakota,197,22.3
3522,2012,Diabetes mellitus (E10-E14),Diabetes,Delaware,241,22.3
3523,2012,Diabetes mellitus (E10-E14),Diabetes,Pennsylvania,3735,22.3
3524,2012,Diabetes mellitus (E10-E14),Diabetes,South Carolina,1197,22.3
3525,2008,Alzheimer's disease (G30),Alzheimer's disease,Minnesota,1344,22.3
3526,2008,Diabetes mellitus (E10-E14),Diabetes,Alaska,93,22.3
3527,2008,Diabetes mellitus (E10-E14),Diabetes,Montana,254,22.3
3528,2008,Diabetes mellitus (E10-E14),Diabetes,South Dakota,216,22.3
3529,2008,"Nephritis, nephrotic syndrome and nephrosis (N00-N07,N17-N19,N25-N27)",Kidney disease,Alabama,1107,22.3
3530,2007,"Nephritis, nephrotic syndrome and nephrosis (N00-N07,N17-N19,N25-N27)",Kidney disease,Georgia,1689,22.3
3531,2006,Diabetes mellitus (E10-E14),Diabetes,Florida,5172,22.3
3532,2006,Diabetes mellitus (E10-E14),Diabetes,Pennsylvania,3466,22.3
3533,2006,Influenza and pneumonia (J09-J18),Influenza and pneumonia,Mississippi,621,22.3
3534,2005,Alzheimer's disease (G30),Alzheimer's disease,Nebraska,473,22.3
3535,2005,Diabetes mellitus (E10-E14),Diabetes,Rhode Island,282,22.3
3536,2005,Influenza and pneumonia (J09-J18),Influenza and pneumonia,Maine,352,22.3
3537,2004,Alzheimer's disease (G30),Alzheimer's disease,Minnesota,1231,22.3
3538,2003,Influenza and pneumonia (J09-J18),Influenza and pneumonia,Kansas,694,22.3
3539,2002,Alzheimer's disease (G30),Alzheimer's disease,Minnesota,1192,22.3
3540,2002,Alzheimer's disease (G30),Alzheimer's disease,Nebraska,460,22.3
3541,2002,Influenza and pneumonia (J09-J18),Influenza and pneumonia,Indiana,1360,22.3
3542,2002,Influenza and pneumonia (J09-J18),Influenza and pneumonia,New Mexico,372,22.3
3543,2002,Influenza and pneumonia (J09-J18),Influenza and pneumonia,Texas,3673,22.3
3544,2015,Diabetes mellitus (E10-E14),Diabetes,Washington,1811,22.4
3545,2015,"Intentional self-harm (suicide) (*U03,X60-X84,Y87.0)",Suicide,Utah,630,22.4
3546,2014,Alzheimer's disease (G30),Alzheimer's disease,Idaho,376,22.4
3547,2014,Diabetes mellitus (E10-E14),Diabetes,Maine,414,22.4
3548,2014,Diabetes mellitus (E10-E14),Diabetes,Oregon,1083,22.4
3549,2012,Diabetes mellitus (E10-E14),Diabetes,Washington,1650,22.4
3550,2011,Diabetes mellitus (E10-E14),Diabetes,Texas,5091,22.4
3551,2010,"Intentional self-harm (suicide) (*U03,X60-X84,Y87.0)",Suicide,Wyoming,131,22.4
3552,2007,Alzheimer's disease (G30),Alzheimer's disease,Alaska,65,22.4
3553,2007,Alzheimer's disease (G30),Alzheimer's disease,Michigan,2432,22.4
3554,2007,Diabetes mellitus (E10-E14),Diabetes,Missouri,1444,22.4
3555,2005,Alzheimer's disease (G30),Alzheimer's disease,Utah,368,22.4
3556,2005,Diabetes mellitus (E10-E14),Diabetes,Alaska,93,22.4
3557,2005,Diabetes mellitus (E10-E14),Diabetes,Idaho,299,22.4
3558,2005,Influenza and pneumonia (J09-J18),Influenza and pneumonia,Iowa,896,22.4
3559,2004,Alzheimer's disease (G30),Alzheimer's disease,Wyoming,105,22.4
3560,2004,Diabetes mellitus (E10-E14),Diabetes,Rhode Island,280,22.4
3561,2002,Alzheimer's disease (G30),Alzheimer's disease,Virginia,1368,22.4
3562,2000,Alzheimer's disease (G30),Alzheimer's disease,Montana,219,22.4
3563,2000,Chronic lower respiratory diseases (J40-J47),CLRD,Hawaii,278,22.4
3564,2000,Diabetes mellitus (E10-E14),Diabetes,Georgia,1461,22.4
3565,1999,Influenza and pneumonia (J09-J18),Influenza and pneumonia,Texas,3534,22.4
3566,2017,"Intentional self-harm (suicide) (*U03,X60-X84,Y87.0)",Suicide,South Dakota,191,22.5
3567,2016,"Intentional self-harm (suicide) (*U03,X60-X84,Y87.0)",Suicide,New Mexico,471,22.5
3568,2015,Diabetes mellitus (E10-E14),Diabetes,Michigan,2751,22.5
3569,2013,Diabetes mellitus (E10-E14),Diabetes,South Carolina,1240,22.5
3570,2012,Alzheimer's disease (G30),Alzheimer's disease,Kansas,789,22.5
3571,2011,"Intentional self-harm (suicide) (*U03,X60-X84,Y87.0)",Suicide,Montana,232,22.5
3572,2010,Diabetes mellitus (E10-E14),Diabetes,Idaho,353,22.5
3573,2009,Diabetes mellitus (E10-E14),Diabetes,District of Columbia,129,22.5
3574,2008,Alzheimer's disease (G30),Alzheimer's disease,District of Columbia,132,22.5
3575,2008,Alzheimer's disease (G30),Alzheimer's disease,Massachusetts,1832,22.5
3576,2008,Alzheimer's disease (G30),Alzheimer's disease,Utah,409,22.5
3577,2008,Diabetes mellitus (E10-E14),Diabetes,Delaware,217,22.5
3578,2008,Influenza and pneumonia (J09-J18),Influenza and pneumonia,Kansas,743,22.5
3579,2006,Diabetes mellitus (E10-E14),Diabetes,California,7376,22.5
3580,2006,Diabetes mellitus (E10-E14),Diabetes,Maryland,1237,22.5
3581,2006,"Nephritis, nephrotic syndrome and nephrosis (N00-N07,N17-N19,N25-N27)",Kidney disease,Georgia,1668,22.5
3582,2005,Influenza and pneumonia (J09-J18),Influenza and pneumonia,North Carolina,1830,22.5
3583,2004,Alzheimer's disease (G30),Alzheimer's disease,Wisconsin,1419,22.5
3584,2004,Diabetes mellitus (E10-E14),Diabetes,Georgia,1623,22.5
3585,2004,Influenza and pneumonia (J09-J18),Influenza and pneumonia,Oklahoma,810,22.5
3586,2002,Diabetes mellitus (E10-E14),Diabetes,California,6807,22.5
3587,2002,Influenza and pneumonia (J09-J18),Influenza and pneumonia,Nevada,368,22.5
3588,2000,Influenza and pneumonia (J09-J18),Influenza and pneumonia,Connecticut,890,22.5
3589,1999,Diabetes mellitus (E10-E14),Diabetes,California,6401,22.5
3590,2016,Alzheimer's disease (G30),Alzheimer's disease,Montana,314,22.6
3591,2016,"Nephritis, nephrotic syndrome and nephrosis (N00-N07,N17-N19,N25-N27)",Kidney disease,Louisiana,1153,22.6
3592,2015,Alzheimer's disease (G30),Alzheimer's disease,Delaware,264,22.6
3593,2015,Diabetes mellitus (E10-E14),Diabetes,North Dakota,195,22.6
3594,2014,Influenza and pneumonia (J09-J18),Influenza and pneumonia,Hawaii,438,22.6
3595,2013,Diabetes mellitus (E10-E14),Diabetes,Pennsylvania,3804,22.6
3596,2012,Alzheimer's disease (G30),Alzheimer's disease,Wisconsin,1646,22.6
3597,2012,Diabetes mellitus (E10-E14),Diabetes,Georgia,2088,22.6
3598,2012,Diabetes mellitus (E10-E14),Diabetes,North Carolina,2409,22.6
3599,2012,"Intentional self-harm (suicide) (*U03,X60-X84,Y87.0)",Suicide,Montana,233,22.6
3600,2011,Alzheimer's disease (G30),Alzheimer's disease,Kansas,795,22.6
3601,2011,Diabetes mellitus (E10-E14),Diabetes,Washington,1633,22.6
3602,2010,Alzheimer's disease (G30),Alzheimer's disease,Rhode Island,338,22.6
3603,2010,Diabetes mellitus (E10-E14),Diabetes,South Carolina,1128,22.6
3604,2009,Diabetes mellitus (E10-E14),Diabetes,Utah,463,22.6
3605,2009,Influenza and pneumonia (J09-J18),Influenza and pneumonia,Oklahoma,879,22.6
3606,2008,"Intentional self-harm (suicide) (*U03,X60-X84,Y87.0)",Suicide,Wyoming,124,22.6
3607,2008,"Nephritis, nephrotic syndrome and nephrosis (N00-N07,N17-N19,N25-N27)",Kidney disease,Kentucky,993,22.6
3608,2007,Alzheimer's disease (G30),Alzheimer's disease,Montana,260,22.6
3609,2007,"Intentional self-harm (suicide) (*U03,X60-X84,Y87.0)",Suicide,Alaska,149,22.6
3610,2006,Alzheimer's disease (G30),Alzheimer's disease,Minnesota,1299,22.6
3611,2005,Influenza and pneumonia (J09-J18),Influenza and pneumonia,Arizona,1297,22.6
3612,2004,Alzheimer's disease (G30),Alzheimer's disease,United States,65965,22.6
3613,2004,Diabetes mellitus (E10-E14),Diabetes,Alaska,93,22.6
3614,2004,Diabetes mellitus (E10-E14),Diabetes,California,7117,22.6
3615,2004,Diabetes mellitus (E10-E14),Diabetes,Vermont,150,22.6
3616,2003,Alzheimer's disease (G30),Alzheimer's disease,Wisconsin,1411,22.6
3617,2003,Influenza and pneumonia (J09-J18),Influenza and pneumonia,United States,65163,22.6
3618,2002,Alzheimer's disease (G30),Alzheimer's disease,Iowa,899,22.6
3619,2001,Influenza and pneumonia (J09-J18),Influenza and pneumonia,Arizona,1133,22.6
3620,2000,Alzheimer's disease (G30),Alzheimer's disease,Colorado,712,22.6
3621,2000,Alzheimer's disease (G30),Alzheimer's disease,Idaho,262,22.6
3622,2000,"Nephritis, nephrotic syndrome and nephrosis (N00-N07,N17-N19,N25-N27)",Kidney disease,Mississippi,612,22.6
3623,1999,Diabetes mellitus (E10-E14),Diabetes,Georgia,1448,22.6
3624,2017,Alzheimer's disease (G30),Alzheimer's disease,New Mexico,572,22.7
3625,2017,"Intentional self-harm (suicide) (*U03,X60-X84,Y87.0)",Suicide,Utah,663,22.7
3626,2014,Alzheimer's disease (G30),Alzheimer's disease,Maine,434,22.7
3627,2013,Alzheimer's disease (G30),Alzheimer's disease,Wisconsin,1671,22.7
3628,2013,Diabetes mellitus (E10-E14),Diabetes,South Dakota,237,22.7
3629,2010,Diabetes mellitus (E10-E14),Diabetes,Indiana,1587,22.7
3630,2010,Diabetes mellitus (E10-E14),Diabetes,Utah,471,22.7
3631,2008,Diabetes mellitus (E10-E14),Diabetes,Kansas,706,22.7
3632,2008,Diabetes mellitus (E10-E14),Diabetes,North Carolina,2170,22.7
3633,2008,Influenza and pneumonia (J09-J18),Influenza and pneumonia,Tennessee,1424,22.7
3634,2006,Alzheimer's disease (G30),Alzheimer's disease,Utah,390,22.7
3635,2006,Alzheimer's disease (G30),Alzheimer's disease,Wyoming,112,22.7
3636,2006,Influenza and pneumonia (J09-J18),Influenza and pneumonia,California,7338,22.7
3637,2006,"Nephritis, nephrotic syndrome and nephrosis (N00-N07,N17-N19,N25-N27)",Kidney disease,Nevada,475,22.7
3638,2005,Diabetes mellitus (E10-E14),Diabetes,Florida,5193,22.7
3639,2004,Diabetes mellitus (E10-E14),Diabetes,Montana,237,22.7
3640,2004,Influenza and pneumonia (J09-J18),Influenza and pneumonia,Iowa,890,22.7
3641,2004,Influenza and pneumonia (J09-J18),Influenza and pneumonia,Wyoming,109,22.7
3642,2003,Alzheimer's disease (G30),Alzheimer's disease,Minnesota,1243,22.7
3643,2003,Alzheimer's disease (G30),Alzheimer's disease,Montana,235,22.7
3644,2003,Diabetes mellitus (E10-E14),Diabetes,Wisconsin,1331,22.7
3645,2003,Influenza and pneumonia (J09-J18),Influenza and pneumonia,Louisiana,915,22.7
3646,2002,Influenza and pneumonia (J09-J18),Influenza and pneumonia,Kansas,698,22.7
3647,2001,Alzheimer's disease (G30),Alzheimer's disease,Arizona,1108,22.7
3648,2000,Influenza and pneumonia (J09-J18),Influenza and pneumonia,South Dakota,212,22.7
3649,1999,Influenza and pneumonia (J09-J18),Influenza and pneumonia,Connecticut,885,22.7
3650,2017,Diabetes mellitus (E10-E14),Diabetes,Iowa,918,22.8
3651,2016,"Nephritis, nephrotic syndrome and nephrosis (N00-N07,N17-N19,N25-N27)",Kidney disease,Mississippi,763,22.8
3652,2014,Diabetes mellitus (E10-E14),Diabetes,Alabama,1281,22.8
3653,2013,"Nephritis, nephrotic syndrome and nephrosis (N00-N07,N17-N19,N25-N27)",Kidney disease,Mississippi,731,22.8
3654,2011,Alzheimer's disease (G30),Alzheimer's disease,Minnesota,1451,22.8
3655,2010,"Intentional self-harm (suicide) (*U03,X60-X84,Y87.0)",Suicide,Alaska,164,22.8
3656,2010,"Nephritis, nephrotic syndrome and nephrosis (N00-N07,N17-N19,N25-N27)",Kidney disease,Arkansas,737,22.8
3657,2009,Diabetes mellitus (E10-E14),Diabetes,Texas,4873,22.8
3658,2009,Diabetes mellitus (E10-E14),Diabetes,Washington,1554,22.8
3659,2007,Diabetes mellitus (E10-E14),Diabetes,Kansas,702,22.8
3660,2007,Diabetes mellitus (E10-E14),Diabetes,United States,71382,22.8
3661,2006,Alzheimer's disease (G30),Alzheimer's disease,West Virginia,496,22.8
3662,2006,Diabetes mellitus (E10-E14),Diabetes,Montana,249,22.8
3663,2006,Influenza and pneumonia (J09-J18),Influenza and pneumonia,Massachusetts,1750,22.8
3664,2005,Alzheimer's disease (G30),Alzheimer's disease,Arkansas,686,22.8
3665,2005,Alzheimer's disease (G30),Alzheimer's disease,Wyoming,110,22.8
3666,2005,Influenza and pneumonia (J09-J18),Influenza and pneumonia,Maryland,1194,22.8
3667,2004,"Nephritis, nephrotic syndrome and nephrosis (N00-N07,N17-N19,N25-N27)",Kidney disease,Alabama,1049,22.8
3668,2003,Diabetes mellitus (E10-E14),Diabetes,California,7093,22.8
3669,2002,Diabetes mellitus (E10-E14),Diabetes,South Dakota,195,22.8
3670,2002,"Nephritis, nephrotic syndrome and nephrosis (N00-N07,N17-N19,N25-N27)",Kidney disease,Alabama,1032,22.8
3671,2001,Diabetes mellitus (E10-E14),Diabetes,Alaska,80,22.8
3672,2001,Influenza and pneumonia (J09-J18),Influenza and pneumonia,Rhode Island,295,22.8
3673,2000,"Nephritis, nephrotic syndrome and nephrosis (N00-N07,N17-N19,N25-N27)",Kidney disease,Louisiana,920,22.8
3674,2017,Diabetes mellitus (E10-E14),Diabetes,Utah,596,22.9
3675,2015,Diabetes mellitus (E10-E14),Diabetes,Oregon,1148,22.9
3676,2014,Diabetes mellitus (E10-E14),Diabetes,Idaho,409,22.9
3677,2012,Diabetes mellitus (E10-E14),Diabetes,Idaho,371,22.9
3678,2009,Alzheimer's disease (G30),Alzheimer's disease,Michigan,2578,22.9
3679,2009,Influenza and pneumonia (J09-J18),Influenza and pneumonia,Kentucky,1018,22.9
3680,2007,Diabetes mellitus (E10-E14),Diabetes,Idaho,331,22.9
3681,2005,Alzheimer's disease (G30),Alzheimer's disease,Michigan,2359,22.9
3682,2005,Diabetes mellitus (E10-E14),Diabetes,Virginia,1642,22.9
3683,2004,"Accidents (unintentional injuries) (V01-X59,Y85-Y86)",Unintentional injuries,New York,4530,22.9
3684,2004,Alzheimer's disease (G30),Alzheimer's disease,California,6964,22.9
3685,2004,Diabetes mellitus (E10-E14),Diabetes,Virginia,1602,22.9
3686,2003,Alzheimer's disease (G30),Alzheimer's disease,Alaska,56,22.9
3687,2003,Influenza and pneumonia (J09-J18),Influenza and pneumonia,Illinois,2875,22.9
3688,2001,Influenza and pneumonia (J09-J18),Influenza and pneumonia,Iowa,877,22.9
3689,2000,Influenza and pneumonia (J09-J18),Influenza and pneumonia,Maine,336,22.9
3690,1999,Diabetes mellitus (E10-E14),Diabetes,Wisconsin,1273,22.9
3691,1999,Influenza and pneumonia (J09-J18),Influenza and pneumonia,Ohio,2641,22.9
3692,1999,"Nephritis, nephrotic syndrome and nephrosis (N00-N07,N17-N19,N25-N27)",Kidney disease,Louisiana,911,22.9
3693,2017,Influenza and pneumonia (J09-J18),Influenza and pneumonia,Mississippi,782,23.0
3694,2013,Diabetes mellitus (E10-E14),Diabetes,Georgia,2199,23.0
3695,2012,Diabetes mellitus (E10-E14),Diabetes,Michigan,2685,23.0
3696,2012,"Intentional self-harm (suicide) (*U03,X60-X84,Y87.0)",Suicide,Alaska,168,23.0
3697,2008,"Nephritis, nephrotic syndrome and nephrosis (N00-N07,N17-N19,N25-N27)",Kidney disease,West Virginia,522,23.0
3698,2007,Diabetes mellitus (E10-E14),Diabetes,Montana,258,23.0
3699,2007,"Nephritis, nephrotic syndrome and nephrosis (N00-N07,N17-N19,N25-N27)",Kidney disease,Kentucky,994,23.0
3700,2006,Influenza and pneumonia (J09-J18),Influenza and pneumonia,New York,4892,23.0
3701,2006,"Nephritis, nephrotic syndrome and nephrosis (N00-N07,N17-N19,N25-N27)",Kidney disease,Alabama,1104,23.0
3702,2005,Influenza and pneumonia (J09-J18),Influenza and pneumonia,Illinois,2949,23.0
3703,2004,"Intentional self-harm (suicide) (*U03,X60-X84,Y87.0)",Suicide,Alaska,155,23.0
3704,2003,Alzheimer's disease (G30),Alzheimer's disease,New Hampshire,286,23.0
3705,2003,Diabetes mellitus (E10-E14),Diabetes,South Dakota,203,23.0
3706,2003,Diabetes mellitus (E10-E14),Diabetes,Virginia,1587,23.0
3707,2003,Influenza and pneumonia (J09-J18),Influenza and pneumonia,Colorado,810,23.0
3708,2002,Diabetes mellitus (E10-E14),Diabetes,Arizona,1231,23.0
3709,2001,Influenza and pneumonia (J09-J18),Influenza and pneumonia,West Virginia,483,23.0
3710,1999,Diabetes mellitus (E10-E14),Diabetes,Kansas,650,23.0
3711,1999,Influenza and pneumonia (J09-J18),Influenza and pneumonia,Nebraska,459,23.0
3712,2016,Alzheimer's disease (G30),Alzheimer's disease,Kansas,855,23.1
3713,2013,"Nephritis, nephrotic syndrome and nephrosis (N00-N07,N17-N19,N25-N27)",Kidney disease,Louisiana,1108,23.1
3714,2011,Alzheimer's disease (G30),Alzheimer's disease,Virginia,1807,23.1
3715,2010,Diabetes mellitus (E10-E14),Diabetes,Georgia,1996,23.1
3716,2010,"Nephritis, nephrotic syndrome and nephrosis (N00-N07,N17-N19,N25-N27)",Kidney disease,Alabama,1184,23.1
3717,2009,Diabetes mellitus (E10-E14),Diabetes,South Carolina,1128,23.1
3718,2008,Diabetes mellitus (E10-E14),Diabetes,New Jersey,2242,23.1
3719,2006,Chronic lower respiratory diseases (J40-J47),CLRD,District of Columbia,126,23.1
3720,2006,Diabetes mellitus (E10-E14),Diabetes,Idaho,320,23.1
3721,2005,Influenza and pneumonia (J09-J18),Influenza and pneumonia,Kansas,730,23.1
3722,2005,Influenza and pneumonia (J09-J18),Influenza and pneumonia,Nevada,454,23.1
3723,2002,Diabetes mellitus (E10-E14),Diabetes,Georgia,1576,23.1
3724,2002,Influenza and pneumonia (J09-J18),Influenza and pneumonia,Maryland,1121,23.1
3725,2000,Alzheimer's disease (G30),Alzheimer's disease,Wyoming,102,23.1
3726,2000,Influenza and pneumonia (J09-J18),Influenza and pneumonia,Texas,3706,23.1
3727,1999,Diabetes mellitus (E10-E14),Diabetes,Idaho,267,23.1
3728,1999,Diabetes mellitus (E10-E14),Diabetes,South Dakota,196,23.1
3729,2017,"Intentional self-harm (suicide) (*U03,X60-X84,Y87.0)",Suicide,Idaho,392,23.2
3730,2015,"Nephritis, nephrotic syndrome and nephrosis (N00-N07,N17-N19,N25-N27)",Kidney disease,Louisiana,1160,23.2
3731,2014,Diabetes mellitus (E10-E14),Diabetes,Tennessee,1727,23.2
3732,2013,"Intentional self-harm (suicide) (*U03,X60-X84,Y87.0)",Suicide,Alaska,171,23.2
3733,2011,"Intentional self-harm (suicide) (*U03,X60-X84,Y87.0)",Suicide,Wyoming,132,23.2
3734,2009,"Nephritis, nephrotic syndrome and nephrosis (N00-N07,N17-N19,N25-N27)",Kidney disease,Georgia,1866,23.2
3735,2008,Diabetes mellitus (E10-E14),Diabetes,Nebraska,470,23.2
3736,2006,Alzheimer's disease (G30),Alzheimer's disease,Virginia,1574,23.2
3737,2005,Diabetes mellitus (E10-E14),Diabetes,Georgia,1742,23.2
3738,2005,Diabetes mellitus (E10-E14),Diabetes,Pennsylvania,3553,23.2
3739,2004,Alzheimer's disease (G30),Alzheimer's disease,Virginia,1480,23.2
3740,2003,Diabetes mellitus (E10-E14),Diabetes,Kansas,676,23.2
3741,2003,Influenza and pneumonia (J09-J18),Influenza and pneumonia,South Dakota,227,23.2
3742,2003,"Nephritis, nephrotic syndrome and nephrosis (N00-N07,N17-N19,N25-N27)",Kidney disease,Alabama,1062,23.2
3743,2002,Diabetes mellitus (E10-E14),Diabetes,Virginia,1558,23.2
3744,2002,Influenza and pneumonia (J09-J18),Influenza and pneumonia,United States,65681,23.2
3745,2000,Influenza and pneumonia (J09-J18),Influenza and pneumonia,New Jersey,2044,23.2
3746,1999,Alzheimer's disease (G30),Alzheimer's disease,New Hampshire,266,23.2
3747,1999,Influenza and pneumonia (J09-J18),Influenza and pneumonia,Indiana,1362,23.2
3748,1999,"Nephritis, nephrotic syndrome and nephrosis (N00-N07,N17-N19,N25-N27)",Kidney disease,Mississippi,623,23.2
3749,2017,"Intentional self-harm (suicide) (*U03,X60-X84,Y87.0)",Suicide,New Mexico,491,23.3
3750,2015,Influenza and pneumonia (J09-J18),Influenza and pneumonia,Tennessee,1723,23.3
3751,2013,Influenza and pneumonia (J09-J18),Influenza and pneumonia,Arkansas,794,23.3
3752,2009,Alzheimer's disease (G30),Alzheimer's disease,Wisconsin,1611,23.3
3753,2009,Influenza and pneumonia (J09-J18),Influenza and pneumonia,Nevada,542,23.3
3754,2007,Diabetes mellitus (E10-E14),Diabetes,North Carolina,2156,23.3
3755,2006,Alzheimer's disease (G30),Alzheimer's disease,Nebraska,500,23.3
3756,2005,"Accidents (unintentional injuries) (V01-X59,Y85-Y86)",Unintentional injuries,New York,4645,23.3
3757,2005,Diabetes mellitus (E10-E14),Diabetes,Nebraska,449,23.3
3758,2004,Alzheimer's disease (G30),Alzheimer's disease,West Virginia,493,23.3
3759,2004,Influenza and pneumonia (J09-J18),Influenza and pneumonia,Mississippi,637,23.3
3760,2004,Influenza and pneumonia (J09-J18),Influenza and pneumonia,Utah,384,23.3
3761,2003,Influenza and pneumonia (J09-J18),Influenza and pneumonia,Nevada,410,23.3
3762,2001,Alzheimer's disease (G30),Alzheimer's disease,Vermont,149,23.3
3763,2001,Diabetes mellitus (E10-E14),Diabetes,Montana,229,23.3
3764,2000,"Accidents (unintentional injuries) (V01-X59,Y85-Y86)",Unintentional injuries,Maryland,1182,23.3
3765,2000,Diabetes mellitus (E10-E14),Diabetes,Wisconsin,1309,23.3
3766,2016,Influenza and pneumonia (J09-J18),Influenza and pneumonia,Mississippi,785,23.4
3767,2015,Chronic lower respiratory diseases (J40-J47),CLRD,District of Columbia,147,23.4
3768,2015,Diabetes mellitus (E10-E14),Diabetes,South Carolina,1347,23.4
3769,2015,Diabetes mellitus (E10-E14),Diabetes,Tennessee,1798,23.4
3770,2014,Diabetes mellitus (E10-E14),Diabetes,Kentucky,1175,23.4
3771,2013,Diabetes mellitus (E10-E14),Diabetes,Oregon,1109,23.4
3772,2012,Diabetes mellitus (E10-E14),Diabetes,Arizona,1736,23.4
3773,2010,Alzheimer's disease (G30),Alzheimer's disease,Minnesota,1451,23.4
3774,2009,"Nephritis, nephrotic syndrome and nephrosis (N00-N07,N17-N19,N25-N27)",Kidney disease,Alabama,1180,23.4
3775,2008,Influenza and pneumonia (J09-J18),Influenza and pneumonia,Wyoming,123,23.4
3776,2007,Diabetes mellitus (E10-E14),Diabetes,Maryland,1301,23.4
3777,2007,Diabetes mellitus (E10-E14),Diabetes,Nebraska,472,23.4
3778,2005,Diabetes mellitus (E10-E14),Diabetes,New Hampshire,310,23.4
3779,2003,Alzheimer's disease (G30),Alzheimer's disease,Virginia,1466,23.4
3780,2002,"Accidents (unintentional injuries) (V01-X59,Y85-Y86)",Unintentional injuries,Rhode Island,277,23.4
3781,2002,Diabetes mellitus (E10-E14),Diabetes,Wisconsin,1353,23.4
3782,2000,Alzheimer's disease (G30),Alzheimer's disease,New Hampshire,273,23.4
3783,2016,Alzheimer's disease (G30),Alzheimer's disease,New Mexico,583,23.5
3784,2016,Diabetes mellitus (E10-E14),Diabetes,North Carolina,2811,23.5
3785,2015,Alzheimer's disease (G30),Alzheimer's disease,Kansas,865,23.5
3786,2015,Diabetes mellitus (E10-E14),Diabetes,Louisiana,1199,23.5
3787,2014,Influenza and pneumonia (J09-J18),Influenza and pneumonia,Mississippi,763,23.5
3788,2013,Alzheimer's disease (G30),Alzheimer's disease,United States,84767,23.5
3789,2013,Diabetes mellitus (E10-E14),Diabetes,Arizona,1786,23.5
3790,2012,Alzheimer's disease (G30),Alzheimer's disease,Maine,432,23.5
3791,2012,Chronic lower respiratory diseases (J40-J47),CLRD,District of Columbia,139,23.5
3792,2009,Alzheimer's disease (G30),Alzheimer's disease,Virginia,1738,23.5
3793,2007,Alzheimer's disease (G30),Alzheimer's disease,Nebraska,512,23.5
3794,2007,Chronic lower respiratory diseases (J40-J47),CLRD,District of Columbia,129,23.5
3795,2007,Diabetes mellitus (E10-E14),Diabetes,Indiana,1564,23.5
3796,2007,Diabetes mellitus (E10-E14),Diabetes,Washington,1508,23.5
3797,2007,Influenza and pneumonia (J09-J18),Influenza and pneumonia,Arkansas,734,23.5
3798,2007,Influenza and pneumonia (J09-J18),Influenza and pneumonia,Tennessee,1438,23.5
3799,2006,Diabetes mellitus (E10-E14),Diabetes,Missouri,1493,23.5
3800,2006,Influenza and pneumonia (J09-J18),Influenza and pneumonia,Wyoming,117,23.5
3801,2005,Alzheimer's disease (G30),Alzheimer's disease,Minnesota,1320,23.5
3802,2005,Alzheimer's disease (G30),Alzheimer's disease,Wisconsin,1512,23.5
3803,2005,Diabetes mellitus (E10-E14),Diabetes,Mississippi,677,23.5
3804,2005,Influenza and pneumonia (J09-J18),Influenza and pneumonia,Georgia,1596,23.5
3805,2005,Influenza and pneumonia (J09-J18),Influenza and pneumonia,Mississippi,645,23.5
3806,2004,Diabetes mellitus (E10-E14),Diabetes,Kansas,690,23.5
3807,2001,Diabetes mellitus (E10-E14),Diabetes,Wisconsin,1337,23.5
3808,2000,Diabetes mellitus (E10-E14),Diabetes,Kansas,668,23.5
3809,1999,Diabetes mellitus (E10-E14),Diabetes,Delaware,179,23.5
3810,1999,Influenza and pneumonia (J09-J18),Influenza and pneumonia,United States,63730,23.5
3811,2017,Alzheimer's disease (G30),Alzheimer's disease,New Jersey,2829,23.6
3812,2017,Diabetes mellitus (E10-E14),Diabetes,North Carolina,2903,23.6
3813,2016,Diabetes mellitus (E10-E14),Diabetes,Montana,311,23.6
3814,2015,Diabetes mellitus (E10-E14),Diabetes,North Carolina,2746,23.6
3815,2013,Alzheimer's disease (G30),Alzheimer's disease,Nebraska,557,23.6
3816,2011,Diabetes mellitus (E10-E14),Diabetes,Georgia,2121,23.6
3817,2011,"Nephritis, nephrotic syndrome and nephrosis (N00-N07,N17-N19,N25-N27)",Kidney disease,Arkansas,787,23.6
3818,2008,Alzheimer's disease (G30),Alzheimer's disease,Illinois,3192,23.6
3819,2007,Diabetes mellitus (E10-E14),Diabetes,Delaware,223,23.6
3820,2006,Diabetes mellitus (E10-E14),Diabetes,United States,72449,23.6
3821,2006,Influenza and pneumonia (J09-J18),Influenza and pneumonia,Oklahoma,879,23.6
3822,2005,Alzheimer's disease (G30),Alzheimer's disease,Virginia,1550,23.6
3823,2005,Alzheimer's disease (G30),Alzheimer's disease,West Virginia,504,23.6
3824,2005,Diabetes mellitus (E10-E14),Diabetes,Minnesota,1258,23.6
3825,2004,Alzheimer's disease (G30),Alzheimer's disease,Utah,376,23.6
3826,2004,Diabetes mellitus (E10-E14),Diabetes,Mississippi,665,23.6
3827,2004,Diabetes mellitus (E10-E14),Diabetes,Missouri,1461,23.6
3828,2004,Diabetes mellitus (E10-E14),Diabetes,Pennsylvania,3579,23.6
3829,2003,Diabetes mellitus (E10-E14),Diabetes,New Hampshire,300,23.6
3830,2003,Influenza and pneumonia (J09-J18),Influenza and pneumonia,Maryland,1175,23.6
3831,2003,"Nephritis, nephrotic syndrome and nephrosis (N00-N07,N17-N19,N25-N27)",Kidney disease,Nevada,439,23.6
3832,2000,Alzheimer's disease (G30),Alzheimer's disease,Utah,342,23.6
3833,2000,Diabetes mellitus (E10-E14),Diabetes,Montana,227,23.6
3834,1999,Diabetes mellitus (E10-E14),Diabetes,Virginia,1486,23.6
3835,1999,Influenza and pneumonia (J09-J18),Influenza and pneumonia,Rhode Island,300,23.6
3836,2017,Diabetes mellitus (E10-E14),Diabetes,Arizona,2054,23.7
3837,2016,Diabetes mellitus (E10-E14),Diabetes,South Dakota,253,23.7
3838,2015,"Intentional self-harm (suicide) (*U03,X60-X84,Y87.0)",Suicide,New Mexico,500,23.7
3839,2014,Diabetes mellitus (E10-E14),Diabetes,Michigan,2844,23.7
3840,2014,Diabetes mellitus (E10-E14),Diabetes,North Carolina,2687,23.7
3841,2013,"Intentional self-harm (suicide) (*U03,X60-X84,Y87.0)",Suicide,Montana,243,23.7
3842,2010,Diabetes mellitus (E10-E14),Diabetes,Oregon,1052,23.7
3843,2009,"Nephritis, nephrotic syndrome and nephrosis (N00-N07,N17-N19,N25-N27)",Kidney disease,Mississippi,700,23.7
3844,2008,Diabetes mellitus (E10-E14),Diabetes,Utah,468,23.7
3845,2006,Alzheimer's disease (G30),Alzheimer's disease,United States,72432,23.7
3846,2006,"Nephritis, nephrotic syndrome and nephrosis (N00-N07,N17-N19,N25-N27)",Kidney disease,Mississippi,673,23.7
3847,2005,"Nephritis, nephrotic syndrome and nephrosis (N00-N07,N17-N19,N25-N27)",Kidney disease,Mississippi,667,23.7
3848,2004,Alzheimer's disease (G30),Alzheimer's disease,Mississippi,630,23.7
3849,2004,Alzheimer's disease (G30),Alzheimer's disease,Ohio,2927,23.7
3850,2003,Alzheimer's disease (G30),Alzheimer's disease,Ohio,2902,23.7
3851,2002,Chronic lower respiratory diseases (J40-J47),CLRD,District of Columbia,133,23.7
3852,2002,Influenza and pneumonia (J09-J18),Influenza and pneumonia,Illinois,2940,23.7
3853,2002,Influenza and pneumonia (J09-J18),Influenza and pneumonia,Virginia,1480,23.7
3854,2001,Influenza and pneumonia (J09-J18),Influenza and pneumonia,Louisiana,941,23.7
3855,2000,Influenza and pneumonia (J09-J18),Influenza and pneumonia,United States,65313,23.7
3856,1999,Influenza and pneumonia (J09-J18),Influenza and pneumonia,Washington,1259,23.7
3857,2014,Alzheimer's disease (G30),Alzheimer's disease,Nevada,606,23.8
3858,2014,Influenza and pneumonia (J09-J18),Influenza and pneumonia,Nevada,687,23.8
3859,2013,Diabetes mellitus (E10-E14),Diabetes,Idaho,404,23.8
3860,2013,Diabetes mellitus (E10-E14),Diabetes,Michigan,2825,23.8
3861,2012,Alzheimer's disease (G30),Alzheimer's disease,United States,83637,23.8
3862,2010,"Nephritis, nephrotic syndrome and nephrosis (N00-N07,N17-N19,N25-N27)",Kidney disease,Kentucky,1079,23.8
3863,2007,Alzheimer's disease (G30),Alzheimer's disease,United States,74632,23.8
3864,2005,Diabetes mellitus (E10-E14),Diabetes,California,7697,23.8
3865,2005,Diabetes mellitus (E10-E14),Diabetes,Kansas,710,23.8
3866,2005,Influenza and pneumonia (J09-J18),Influenza and pneumonia,California,7553,23.8
3867,2004,Influenza and pneumonia (J09-J18),Influenza and pneumonia,California,7323,23.8
3868,2004,Influenza and pneumonia (J09-J18),Influenza and pneumonia,Georgia,1547,23.8
3869,2003,Influenza and pneumonia (J09-J18),Influenza and pneumonia,South Carolina,907,23.8
3870,2001,Influenza and pneumonia (J09-J18),Influenza and pneumonia,Delaware,181,23.8
3871,2000,Diabetes mellitus (E10-E14),Diabetes,Oregon,844,23.8
3872,1999,Diabetes mellitus (E10-E14),Diabetes,Alaska,67,23.8
3873,2017,Diabetes mellitus (E10-E14),Diabetes,Louisiana,1272,23.9
3874,2017,Diabetes mellitus (E10-E14),Diabetes,Oregon,1243,23.9
3875,2016,Diabetes mellitus (E10-E14),Diabetes,Arizona,2025,23.9
3876,2016,Diabetes mellitus (E10-E14),Diabetes,Maine,463,23.9
3877,2015,Diabetes mellitus (E10-E14),Diabetes,Alaska,142,23.9
3878,2014,"Intentional self-harm (suicide) (*U03,X60-X84,Y87.0)",Suicide,Montana,251,23.9
3879,2012,Diabetes mellitus (E10-E14),Diabetes,Alabama,1300,23.9
3880,2011,Diabetes mellitus (E10-E14),Diabetes,Alabama,1278,23.9
3881,2009,"Accidents (unintentional injuries) (V01-X59,Y85-Y86)",Unintentional injuries,New York,4891,23.9
3882,2009,Alzheimer's disease (G30),Alzheimer's disease,Kansas,802,23.9
3883,2008,Diabetes mellitus (E10-E14),Diabetes,Idaho,356,23.9
3884,2008,Diabetes mellitus (E10-E14),Diabetes,South Carolina,1133,23.9
3885,2006,Diabetes mellitus (E10-E14),Diabetes,Wyoming,126,23.9
3886,2004,Alzheimer's disease (G30),Alzheimer's disease,South Dakota,243,23.9
3887,2004,"Nephritis, nephrotic syndrome and nephrosis (N00-N07,N17-N19,N25-N27)",Kidney disease,Mississippi,662,23.9
3888,2003,"Accidents (unintentional injuries) (V01-X59,Y85-Y86)",Unintentional injuries,New York,4708,23.9
3889,2002,"Accidents (unintentional injuries) (V01-X59,Y85-Y86)",Unintentional injuries,New York,4663,23.9
3890,2002,Alzheimer's disease (G30),Alzheimer's disease,Texas,3793,23.9
3891,2002,"Nephritis, nephrotic syndrome and nephrosis (N00-N07,N17-N19,N25-N27)",Kidney disease,Louisiana,983,23.9
3892,2001,Diabetes mellitus (E10-E14),Diabetes,New Hampshire,291,23.9
3893,1999,Alzheimer's disease (G30),Alzheimer's disease,Wyoming,103,23.9
3894,1999,Influenza and pneumonia (J09-J18),Influenza and pneumonia,New Jersey,2075,23.9
3895,2017,Diabetes mellitus (E10-E14),Diabetes,Tennessee,1915,24.0
3896,2016,Chronic lower respiratory diseases (J40-J47),CLRD,District of Columbia,152,24.0
3897,2016,Diabetes mellitus (E10-E14),Diabetes,Oregon,1240,24.0
3898,2016,Diabetes mellitus (E10-E14),Diabetes,Tennessee,1883,24.0
3899,2015,Influenza and pneumonia (J09-J18),Influenza and pneumonia,Mississippi,791,24.0
3900,2014,Alzheimer's disease (G30),Alzheimer's disease,New Hampshire,396,24.0
3901,2014,Diabetes mellitus (E10-E14),Diabetes,Arkansas,828,24.0
3902,2010,Alzheimer's disease (G30),Alzheimer's disease,Michigan,2736,24.0
3903,2010,Diabetes mellitus (E10-E14),Diabetes,Michigan,2697,24.0
3904,2008,Diabetes mellitus (E10-E14),Diabetes,Oregon,1025,24.0
3905,2007,Alzheimer's disease (G30),Alzheimer's disease,District of Columbia,140,24.0
3906,2005,Alzheimer's disease (G30),Alzheimer's disease,United States,71599,24.0
3907,2005,Chronic lower respiratory diseases (J40-J47),CLRD,District of Columbia,132,24.0
3908,2005,Diabetes mellitus (E10-E14),Diabetes,Illinois,3034,24.0
3909,2005,Influenza and pneumonia (J09-J18),Influenza and pneumonia,Louisiana,996,24.0
3910,2005,Influenza and pneumonia (J09-J18),Influenza and pneumonia,Missouri,1527,24.0
3911,2004,Alzheimer's disease (G30),Alzheimer's disease,Iowa,968,24.0
3912,2004,Diabetes mellitus (E10-E14),Diabetes,New Hampshire,313,24.0
3913,2002,Alzheimer's disease (G30),Alzheimer's disease,Tennessee,1299,24.0
3914,2002,Influenza and pneumonia (J09-J18),Influenza and pneumonia,Louisiana,956,24.0
3915,2000,Alzheimer's disease (G30),Alzheimer's disease,North Dakota,209,24.0
3916,2000,Influenza and pneumonia (J09-J18),Influenza and pneumonia,Illinois,2917,24.0
3917,2000,Influenza and pneumonia (J09-J18),Influenza and pneumonia,Maryland,1116,24.0
3918,1999,Chronic lower respiratory diseases (J40-J47),CLRD,Hawaii,290,24.0
3919,2013,Diabetes mellitus (E10-E14),Diabetes,Kentucky,1187,24.1
3920,2013,Influenza and pneumonia (J09-J18),Influenza and pneumonia,Hawaii,457,24.1
3921,2012,Diabetes mellitus (E10-E14),Diabetes,District of Columbia,145,24.1
3922,2009,Diabetes mellitus (E10-E14),Diabetes,Indiana,1646,24.1
3923,2008,Diabetes mellitus (E10-E14),Diabetes,Washington,1590,24.1
3924,2008,Diabetes mellitus (E10-E14),Diabetes,Wyoming,130,24.1
3925,2007,Diabetes mellitus (E10-E14),Diabetes,Alaska,105,24.1
3926,2004,Alzheimer's disease (G30),Alzheimer's disease,Kansas,769,24.1
3927,2004,Influenza and pneumonia (J09-J18),Influenza and pneumonia,Kentucky,965,24.1
3928,2002,Alzheimer's disease (G30),Alzheimer's disease,Kansas,755,24.1
3929,2001,Alzheimer's disease (G30),Alzheimer's disease,Georgia,1419,24.1
3930,2001,Influenza and pneumonia (J09-J18),Influenza and pneumonia,North Carolina,1780,24.1
3931,2001,Influenza and pneumonia (J09-J18),Influenza and pneumonia,Virginia,1481,24.1
3932,2000,Diabetes mellitus (E10-E14),Diabetes,Rhode Island,292,24.1
3933,2000,Diabetes mellitus (E10-E14),Diabetes,Wyoming,111,24.1
3934,1999,Alzheimer's disease (G30),Alzheimer's disease,Oregon,866,24.1
3935,2015,Alzheimer's disease (G30),Alzheimer's disease,Wyoming,151,24.2
3936,2014,Alzheimer's disease (G30),Alzheimer's disease,Minnesota,1628,24.2
3937,2013,Diabetes mellitus (E10-E14),Diabetes,Arkansas,835,24.2
3938,2011,Diabetes mellitus (E10-E14),Diabetes,Idaho,393,24.2
3939,2010,"Accidents (unintentional injuries) (V01-X59,Y85-Y86)",Unintentional injuries,New York,5004,24.2
3940,2010,Alzheimer's disease (G30),Alzheimer's disease,Kansas,825,24.2
3941,2009,Alzheimer's disease (G30),Alzheimer's disease,United States,79003,24.2
3942,2007,Alzheimer's disease (G30),Alzheimer's disease,West Virginia,534,24.2
3943,2005,Influenza and pneumonia (J09-J18),Influenza and pneumonia,South Dakota,241,24.2
3944,2004,Alzheimer's disease (G30),Alzheimer's disease,Oklahoma,867,24.2
3945,2003,Influenza and pneumonia (J09-J18),Influenza and pneumonia,Arizona,1286,24.2
3946,2003,Influenza and pneumonia (J09-J18),Influenza and pneumonia,Virginia,1559,24.2
3947,2000,Influenza and pneumonia (J09-J18),Influenza and pneumonia,Kansas,743,24.2
3948,1999,Diabetes mellitus (E10-E14),Diabetes,Arkansas,691,24.2
3949,1999,Influenza and pneumonia (J09-J18),Influenza and pneumonia,New Mexico,374,24.2
3950,2017,Alzheimer's disease (G30),Alzheimer's disease,Kansas,894,24.3
3951,2014,Diabetes mellitus (E10-E14),Diabetes,Arizona,1936,24.3
3952,2014,Diabetes mellitus (E10-E14),Diabetes,Utah,570,24.3
3953,2013,Alzheimer's disease (G30),Alzheimer's disease,Texas,5293,24.3
3954,2013,Diabetes mellitus (E10-E14),Diabetes,Alabama,1349,24.3
3955,2013,Influenza and pneumonia (J09-J18),Influenza and pneumonia,Mississippi,769,24.3
3956,2012,Diabetes mellitus (E10-E14),Diabetes,Oregon,1126,24.3
3957,2012,"Nephritis, nephrotic syndrome and nephrosis (N00-N07,N17-N19,N25-N27)",Kidney disease,Louisiana,1138,24.3
3958,2011,Diabetes mellitus (E10-E14),Diabetes,Arizona,1740,24.3
3959,2009,"Accidents (unintentional injuries) (V01-X59,Y85-Y86)",Unintentional injuries,Maryland,1415,24.3
3960,2009,Diabetes mellitus (E10-E14),Diabetes,Idaho,372,24.3
3961,2008,Alzheimer's disease (G30),Alzheimer's disease,Wyoming,125,24.3
3962,2008,Influenza and pneumonia (J09-J18),Influenza and pneumonia,Oklahoma,938,24.3
3963,2007,"Nephritis, nephrotic syndrome and nephrosis (N00-N07,N17-N19,N25-N27)",Kidney disease,Mississippi,697,24.3
3964,2002,Alzheimer's disease (G30),Alzheimer's disease,Indiana,1475,24.3
3965,2001,Diabetes mellitus (E10-E14),Diabetes,Mississippi,661,24.3
3966,2001,Diabetes mellitus (E10-E14),Diabetes,Vermont,155,24.3
3967,2001,Influenza and pneumonia (J09-J18),Influenza and pneumonia,New Mexico,398,24.3
3968,2001,"Nephritis, nephrotic syndrome and nephrosis (N00-N07,N17-N19,N25-N27)",Kidney disease,Louisiana,993,24.3
3969,2000,Alzheimer's disease (G30),Alzheimer's disease,North Carolina,1725,24.3
3970,1999,"Accidents (unintentional injuries) (V01-X59,Y85-Y86)",Unintentional injuries,Hawaii,293,24.3
3971,2016,Influenza and pneumonia (J09-J18),Influenza and pneumonia,Hawaii,507,24.4
3972,2015,Alzheimer's disease (G30),Alzheimer's disease,Illinois,3686,24.4
3973,2014,Diabetes mellitus (E10-E14),Diabetes,Indiana,1819,24.4
3974,2012,Alzheimer's disease (G30),Alzheimer's disease,Nebraska,570,24.4
3975,2009,Diabetes mellitus (E10-E14),Diabetes,Alabama,1259,24.4
3976,2009,Diabetes mellitus (E10-E14),Diabetes,Michigan,2705,24.4
3977,2008,Alzheimer's disease (G30),Alzheimer's disease,Rhode Island,359,24.4
3978,2008,Alzheimer's disease (G30),Alzheimer's disease,Wisconsin,1655,24.4
3979,2008,"Intentional self-harm (suicide) (*U03,X60-X84,Y87.0)",Suicide,Alaska,169,24.4
3980,2007,Alzheimer's disease (G30),Alzheimer's disease,Virginia,1703,24.4
3981,2007,Diabetes mellitus (E10-E14),Diabetes,Kentucky,1091,24.4
3982,2007,Diabetes mellitus (E10-E14),Diabetes,New Jersey,2329,24.4
3983,2007,Diabetes mellitus (E10-E14),Diabetes,Vermont,170,24.4
3984,2006,Alzheimer's disease (G30),Alzheimer's disease,Wisconsin,1596,24.4
3985,2003,Diabetes mellitus (E10-E14),Diabetes,Georgia,1717,24.4
3986,2003,Diabetes mellitus (E10-E14),Diabetes,Mississippi,680,24.4
3987,2002,Diabetes mellitus (E10-E14),Diabetes,Mississippi,671,24.4
3988,2002,Influenza and pneumonia (J09-J18),Influenza and pneumonia,Iowa,942,24.4
3989,2002,Influenza and pneumonia (J09-J18),Influenza and pneumonia,Rhode Island,319,24.4
3990,2001,Diabetes mellitus (E10-E14),Diabetes,Minnesota,1213,24.4
3991,2001,Diabetes mellitus (E10-E14),Diabetes,South Dakota,212,24.4
3992,2001,Influenza and pneumonia (J09-J18),Influenza and pneumonia,Georgia,1515,24.4
3993,2001,Influenza and pneumonia (J09-J18),Influenza and pneumonia,Massachusetts,1770,24.4
3994,2000,Diabetes mellitus (E10-E14),Diabetes,Virginia,1564,24.4
3995,2017,Diabetes mellitus (E10-E14),Diabetes,South Carolina,1535,24.5
3996,2015,Diabetes mellitus (E10-E14),Diabetes,Montana,321,24.5
3997,2011,Diabetes mellitus (E10-E14),Diabetes,North Dakota,207,24.5
3998,2010,Alzheimer's disease (G30),Alzheimer's disease,Virginia,1848,24.5
3999,2010,Diabetes mellitus (E10-E14),Diabetes,South Dakota,240,24.5
4000,2009,Chronic lower respiratory diseases (J40-J47),CLRD,District of Columbia,136,24.5
4001,2006,Diabetes mellitus (E10-E14),Diabetes,Mississippi,707,24.5
4002,2005,Influenza and pneumonia (J09-J18),Influenza and pneumonia,Wyoming,119,24.5
4003,2004,Diabetes mellitus (E10-E14),Diabetes,Delaware,210,24.5
4004,2004,Diabetes mellitus (E10-E14),Diabetes,Illinois,3069,24.5
4005,2001,"Accidents (unintentional injuries) (V01-X59,Y85-Y86)",Unintentional injuries,California,8132,24.5
4006,2001,Influenza and pneumonia (J09-J18),Influenza and pneumonia,Wyoming,112,24.5
4007,2000,Diabetes mellitus (E10-E14),Diabetes,Washington,1331,24.5
4008,1999,Alzheimer's disease (G30),Alzheimer's disease,Colorado,756,24.5
4009,1999,Diabetes mellitus (E10-E14),Diabetes,Maine,348,24.5
4010,1999,Diabetes mellitus (E10-E14),Diabetes,Washington,1307,24.5
4011,2017,Cerebrovascular diseases (I60-I69),Stroke,New York,6264,24.6
4012,2016,Alzheimer's disease (G30),Alzheimer's disease,Nevada,686,24.6
4013,2016,Diabetes mellitus (E10-E14),Diabetes,Ohio,3568,24.6
4014,2016,Diabetes mellitus (E10-E14),Diabetes,Utah,624,24.6
4015,2015,Diabetes mellitus (E10-E14),Diabetes,Utah,604,24.6
4016,2013,Alzheimer's disease (G30),Alzheimer's disease,West Virginia,590,24.6
4017,2012,Alzheimer's disease (G30),Alzheimer's disease,Texas,5175,24.6
4018,2012,Diabetes mellitus (E10-E14),Diabetes,Arkansas,833,24.6
4019,2012,Diabetes mellitus (E10-E14),Diabetes,Utah,541,24.6
4020,2011,Alzheimer's disease (G30),Alzheimer's disease,Michigan,2876,24.6
4021,2011,Diabetes mellitus (E10-E14),Diabetes,Michigan,2811,24.6
4022,2011,Diabetes mellitus (E10-E14),Diabetes,Oregon,1113,24.6
4023,2009,"Accidents (unintentional injuries) (V01-X59,Y85-Y86)",Unintentional injuries,District of Columbia,145,24.6
4024,2008,Alzheimer's disease (G30),Alzheimer's disease,Virginia,1763,24.6
4025,2008,"Nephritis, nephrotic syndrome and nephrosis (N00-N07,N17-N19,N25-N27)",Kidney disease,Mississippi,723,24.6
4026,2005,Alzheimer's disease (G30),Alzheimer's disease,California,7706,24.6
4027,2005,Alzheimer's disease (G30),Alzheimer's disease,Montana,267,24.6
4028,2003,Alzheimer's disease (G30),Alzheimer's disease,Indiana,1515,24.6
4029,2003,Diabetes mellitus (E10-E14),Diabetes,Illinois,3044,24.6
4030,2002,Diabetes mellitus (E10-E14),Diabetes,Illinois,3011,24.6
4031,2002,Influenza and pneumonia (J09-J18),Influenza and pneumonia,South Carolina,910,24.6
4032,2001,Alzheimer's disease (G30),Alzheimer's disease,Louisiana,957,24.6
4033,2001,Alzheimer's disease (G30),Alzheimer's disease,North Carolina,1786,24.6
4034,2001,Diabetes mellitus (E10-E14),Diabetes,Virginia,1613,24.6
4035,2000,Diabetes mellitus (E10-E14),Diabetes,Arkansas,714,24.6
4036,2000,Diabetes mellitus (E10-E14),Diabetes,Delaware,193,24.6
4037,2000,Diabetes mellitus (E10-E14),Diabetes,Minnesota,1209,24.6
4038,2000,Diabetes mellitus (E10-E14),Diabetes,Missouri,1458,24.6
4039,2000,Influenza and pneumonia (J09-J18),Influenza and pneumonia,Idaho,288,24.6
4040,2000,Influenza and pneumonia (J09-J18),Influenza and pneumonia,Oklahoma,885,24.6
4041,1999,Diabetes mellitus (E10-E14),Diabetes,Oregon,860,24.6
4042,1999,Influenza and pneumonia (J09-J18),Influenza and pneumonia,Wisconsin,1425,24.6
4043,2015,Diabetes mellitus (E10-E14),Diabetes,Arkansas,886,24.7
4044,2011,Alzheimer's disease (G30),Alzheimer's disease,United States,84974,24.7
4045,2010,"Accidents (unintentional injuries) (V01-X59,Y85-Y86)",Unintentional injuries,Maryland,1446,24.7
4046,2010,Diabetes mellitus (E10-E14),Diabetes,Tennessee,1687,24.7
4047,2010,"Nephritis, nephrotic syndrome and nephrosis (N00-N07,N17-N19,N25-N27)",Kidney disease,Mississippi,738,24.7
4048,2009,Alzheimer's disease (G30),Alzheimer's disease,Idaho,369,24.7
4049,2007,Alzheimer's disease (G30),Alzheimer's disease,Wisconsin,1658,24.7
4050,2006,Diabetes mellitus (E10-E14),Diabetes,Washington,1543,24.7
4051,2005,Diabetes mellitus (E10-E14),Diabetes,Maine,385,24.7
4052,2004,Diabetes mellitus (E10-E14),Diabetes,Maine,382,24.7
4053,2003,Alzheimer's disease (G30),Alzheimer's disease,Kansas,781,24.7
4054,2003,Chronic lower respiratory diseases (J40-J47),CLRD,District of Columbia,137,24.7
4055,2001,Alzheimer's disease (G30),Alzheimer's disease,Idaho,294,24.7
4056,2000,Influenza and pneumonia (J09-J18),Influenza and pneumonia,Louisiana,972,24.7
4057,1999,Influenza and pneumonia (J09-J18),Influenza and pneumonia,Michigan,2307,24.7
4058,2017,Alzheimer's disease (G30),Alzheimer's disease,New Hampshire,436,24.8
4059,2016,Alzheimer's disease (G30),Alzheimer's disease,New Hampshire,430,24.8
4060,2015,Alzheimer's disease (G30),Alzheimer's disease,Nebraska,598,24.8
4061,2015,Diabetes mellitus (E10-E14),Diabetes,Nebraska,553,24.8
4062,2014,Diabetes mellitus (E10-E14),Diabetes,Louisiana,1238,24.8
4063,2013,Diabetes mellitus (E10-E14),Diabetes,Tennessee,1827,24.8
4064,2009,Diabetes mellitus (E10-E14),Diabetes,Oregon,1073,24.8
4065,2008,"Accidents (unintentional injuries) (V01-X59,Y85-Y86)",Unintentional injuries,New York,5042,24.8
4066,2008,Alzheimer's disease (G30),Alzheimer's disease,Michigan,2739,24.8
4067,2007,Alzheimer's disease (G30),Alzheimer's disease,Oklahoma,927,24.8
4068,2006,Diabetes mellitus (E10-E14),Diabetes,Kansas,749,24.8
4069,2005,Diabetes mellitus (E10-E14),Diabetes,Missouri,1549,24.8
4070,2004,"Accidents (unintentional injuries) (V01-X59,Y85-Y86)",Unintentional injuries,Rhode Island,298,24.8
4071,2004,Diabetes mellitus (E10-E14),Diabetes,United States,73138,24.8
4072,2003,Diabetes mellitus (E10-E14),Diabetes,Pennsylvania,3732,24.8
4073,2003,Influenza and pneumonia (J09-J18),Influenza and pneumonia,Montana,256,24.8
4074,2003,"Nephritis, nephrotic syndrome and nephrosis (N00-N07,N17-N19,N25-N27)",Kidney disease,Mississippi,676,24.8
4075,2002,Diabetes mellitus (E10-E14),Diabetes,Pennsylvania,3708,24.8
4076,2000,Diabetes mellitus (E10-E14),Diabetes,Maine,357,24.8
4077,2000,Influenza and pneumonia (J09-J18),Influenza and pneumonia,Iowa,937,24.8
4078,2017,Diabetes mellitus (E10-E14),Diabetes,South Dakota,263,24.9
4079,2015,Diabetes mellitus (E10-E14),Diabetes,New Mexico,608,24.9
4080,2014,"Nephritis, nephrotic syndrome and nephrosis (N00-N07,N17-N19,N25-N27)",Kidney disease,Louisiana,1217,24.9
4081,2010,Alzheimer's disease (G30),Alzheimer's disease,Nebraska,565,24.9
4082,2010,Diabetes mellitus (E10-E14),Diabetes,District of Columbia,145,24.9
4083,2009,Alzheimer's disease (G30),Alzheimer's disease,West Virginia,563,24.9
4084,2008,Diabetes mellitus (E10-E14),Diabetes,Indiana,1683,24.9
4085,2008,Diabetes mellitus (E10-E14),Diabetes,Texas,5155,24.9
4086,2006,Diabetes mellitus (E10-E14),Diabetes,North Carolina,2234,24.9
4087,2005,Diabetes mellitus (E10-E14),Diabetes,United States,75119,24.9
4088,2005,Influenza and pneumonia (J09-J18),Influenza and pneumonia,Kentucky,1021,24.9
4089,2004,Alzheimer's disease (G30),Alzheimer's disease,Indiana,1552,24.9
4090,2003,Alzheimer's disease (G30),Alzheimer's disease,Texas,4015,24.9
4091,2003,Diabetes mellitus (E10-E14),Diabetes,Minnesota,1276,24.9
4092,2001,Alzheimer's disease (G30),Alzheimer's disease,Montana,249,24.9
4093,2001,Alzheimer's disease (G30),Alzheimer's disease,South Carolina,881,24.9
4094,2001,Influenza and pneumonia (J09-J18),Influenza and pneumonia,Alabama,1105,24.9
4095,2000,Diabetes mellitus (E10-E14),Diabetes,Mississippi,676,24.9
4096,2017,Diabetes mellitus (E10-E14),Diabetes,Nebraska,575,25.0
4097,2014,Alzheimer's disease (G30),Alzheimer's disease,Wisconsin,1876,25.0
4098,2013,Alzheimer's disease (G30),Alzheimer's disease,Georgia,2048,25.0
4099,2013,Chronic lower respiratory diseases (J40-J47),CLRD,District of Columbia,150,25.0
4100,2011,Diabetes mellitus (E10-E14),Diabetes,Tennessee,1748,25.0
4101,2010,Diabetes mellitus (E10-E14),Diabetes,Alabama,1302,25.0
4102,2009,Alzheimer's disease (G30),Alzheimer's disease,New Hampshire,367,25.0
4103,2008,Diabetes mellitus (E10-E14),Diabetes,North Dakota,201,25.0
4104,2006,Diabetes mellitus (E10-E14),Diabetes,Vermont,175,25.0
4105,2005,"Accidents (unintentional injuries) (V01-X59,Y85-Y86)",Unintentional injuries,Maryland,1376,25.0
4106,2002,Diabetes mellitus (E10-E14),Diabetes,New Hampshire,311,25.0
4107,2000,Alzheimer's disease (G30),Alzheimer's disease,Oregon,910,25.0
4108,2000,Diabetes mellitus (E10-E14),Diabetes,Illinois,2995,25.0
4109,1999,Diabetes mellitus (E10-E14),Diabetes,United States,68399,25.0
4110,1999,Influenza and pneumonia (J09-J18),Influenza and pneumonia,West Virginia,520,25.0
4111,2012,Alzheimer's disease (G30),Alzheimer's disease,New Hampshire,392,25.1
4112,2010,Alzheimer's disease (G30),Alzheimer's disease,United States,83494,25.1
4113,2007,Alzheimer's disease (G30),Alzheimer's disease,Indiana,1663,25.1
4114,2006,Alzheimer's disease (G30),Alzheimer's disease,Kansas,830,25.1
4115,2006,Alzheimer's disease (G30),Alzheimer's disease,Missouri,1632,25.1
4116,2006,Influenza and pneumonia (J09-J18),Influenza and pneumonia,Arkansas,772,25.1
4117,2004,Alzheimer's disease (G30),Alzheimer's disease,Kentucky,982,25.1
4118,2002,Influenza and pneumonia (J09-J18),Influenza and pneumonia,North Carolina,1898,25.1
4119,2001,Alzheimer's disease (G30),Alzheimer's disease,Alabama,1103,25.1
4120,2001,Alzheimer's disease (G30),Alzheimer's disease,Kentucky,966,25.1
4121,2001,Influenza and pneumonia (J09-J18),Influenza and pneumonia,Arkansas,735,25.1
4122,2000,Alzheimer's disease (G30),Alzheimer's disease,South Carolina,874,25.1
4123,2000,Diabetes mellitus (E10-E14),Diabetes,New Hampshire,297,25.1
4124,2000,Diabetes mellitus (E10-E14),Diabetes,United States,69301,25.1
4125,2000,Influenza and pneumonia (J09-J18),Influenza and pneumonia,Virginia,1510,25.1
4126,2017,Diabetes mellitus (E10-E14),Diabetes,Kansas,874,25.2
4127,2017,Diabetes mellitus (E10-E14),Diabetes,Ohio,3740,25.2
4128,2016,"Intentional self-harm (suicide) (*U03,X60-X84,Y87.0)",Suicide,Wyoming,144,25.2
4129,2010,Alzheimer's disease (G30),Alzheimer's disease,Montana,302,25.2
4130,2008,Chronic lower respiratory diseases (J40-J47),CLRD,District of Columbia,139,25.2
4131,2008,Diabetes mellitus (E10-E14),Diabetes,Michigan,2752,25.2
4132,2006,Alzheimer's disease (G30),Alzheimer's disease,Oklahoma,928,25.2
4133,2002,"Accidents (unintentional injuries) (V01-X59,Y85-Y86)",Unintentional injuries,Maryland,1332,25.2
4134,2002,Alzheimer's disease (G30),Alzheimer's disease,Vermont,163,25.2
4135,2002,Influenza and pneumonia (J09-J18),Influenza and pneumonia,Montana,255,25.2
4136,2001,Diabetes mellitus (E10-E14),Diabetes,Kansas,721,25.2
4137,2000,Influenza and pneumonia (J09-J18),Influenza and pneumonia,Arizona,1222,25.2
4138,1999,"Accidents (unintentional injuries) (V01-X59,Y85-Y86)",Unintentional injuries,New York,4797,25.2
4139,1999,Diabetes mellitus (E10-E14),Diabetes,Illinois,3004,25.2
4140,1999,Influenza and pneumonia (J09-J18),Influenza and pneumonia,Maryland,1140,25.2
4141,1999,Influenza and pneumonia (J09-J18),Influenza and pneumonia,South Carolina,883,25.2
4142,2015,Diabetes mellitus (E10-E14),Diabetes,Arizona,2081,25.3
4143,2015,Diabetes mellitus (E10-E14),Diabetes,Ohio,3645,25.3
4144,2015,"Intentional self-harm (suicide) (*U03,X60-X84,Y87.0)",Suicide,Montana,272,25.3
4145,2013,Diabetes mellitus (E10-E14),Diabetes,Utah,578,25.3
4146,2012,Alzheimer's disease (G30),Alzheimer's disease,West Virginia,598,25.3
4147,2011,Alzheimer's disease (G30),Alzheimer's disease,Wisconsin,1807,25.3
4148,2010,Alzheimer's disease (G30),Alzheimer's disease,Wisconsin,1762,25.3
4149,2008,Diabetes mellitus (E10-E14),Diabetes,Mississippi,758,25.3
4150,2007,Diabetes mellitus (E10-E14),Diabetes,Texas,5109,25.3
4151,2006,Alzheimer's disease (G30),Alzheimer's disease,California,8146,25.3
4152,2004,Diabetes mellitus (E10-E14),Diabetes,Washington,1508,25.3
4153,2003,Influenza and pneumonia (J09-J18),Influenza and pneumonia,West Virginia,536,25.3
4154,2001,"Accidents (unintentional injuries) (V01-X59,Y85-Y86)",Unintentional injuries,Rhode Island,293,25.3
4155,2001,Diabetes mellitus (E10-E14),Diabetes,Washington,1403,25.3
4156,1999,Diabetes mellitus (E10-E14),Diabetes,New Hampshire,294,25.3
4157,1999,Influenza and pneumonia (J09-J18),Influenza and pneumonia,Colorado,807,25.3
4158,1999,Influenza and pneumonia (J09-J18),Influenza and pneumonia,Idaho,289,25.3
4159,2016,Alzheimer's disease (G30),Alzheimer's disease,Illinois,3877,25.4
4160,2016,Diabetes mellitus (E10-E14),Diabetes,Arkansas,920,25.4
4161,2014,Alzheimer's disease (G30),Alzheimer's disease,United States,93541,25.4
4162,2013,Diabetes mellitus (E10-E14),Diabetes,Ohio,3563,25.4
4163,2011,Chronic lower respiratory diseases (J40-J47),CLRD,District of Columbia,151,25.4
4164,2011,Diabetes mellitus (E10-E14),Diabetes,Indiana,1808,25.4
4165,2009,Diabetes mellitus (E10-E14),Diabetes,North Dakota,214,25.4
4166,2008,Alzheimer's disease (G30),Alzheimer's disease,Montana,294,25.4
4167,2004,Diabetes mellitus (E10-E14),Diabetes,South Dakota,229,25.4
4168,2002,Influenza and pneumonia (J09-J18),Influenza and pneumonia,South Dakota,240,25.4
4169,2001,Alzheimer's disease (G30),Alzheimer's disease,Wyoming,114,25.4
4170,2001,Diabetes mellitus (E10-E14),Diabetes,United States,71372,25.4
4171,2016,Cerebrovascular diseases (I60-I69),Stroke,New York,6258,25.5
4172,2016,Diabetes mellitus (E10-E14),Diabetes,Louisiana,1324,25.5
4173,2015,Alzheimer's disease (G30),Alzheimer's disease,New Hampshire,432,25.5
4174,2014,Alzheimer's disease (G30),Alzheimer's disease,West Virginia,620,25.5
4175,2011,"Nephritis, nephrotic syndrome and nephrosis (N00-N07,N17-N19,N25-N27)",Kidney disease,Louisiana,1169,25.5
4176,2009,Alzheimer's disease (G30),Alzheimer's disease,Missouri,1728,25.5
4177,2009,Alzheimer's disease (G30),Alzheimer's disease,Vermont,190,25.5
4178,2007,Alzheimer's disease (G30),Alzheimer's disease,Missouri,1681,25.5
4179,2006,Alzheimer's disease (G30),Alzheimer's disease,Arkansas,783,25.5
4180,2006,Diabetes mellitus (E10-E14),Diabetes,South Carolina,1136,25.5
4181,2005,Diabetes mellitus (E10-E14),Diabetes,Washington,1554,25.5
4182,2005,Influenza and pneumonia (J09-J18),Influenza and pneumonia,Massachusetts,1935,25.5
4183,2004,Influenza and pneumonia (J09-J18),Influenza and pneumonia,Arkansas,759,25.5
4184,2003,Diabetes mellitus (E10-E14),Diabetes,United States,74219,25.5
4185,2003,"Nephritis, nephrotic syndrome and nephrosis (N00-N07,N17-N19,N25-N27)",Kidney disease,Louisiana,1065,25.5
4186,2002,Alzheimer's disease (G30),Alzheimer's disease,Georgia,1525,25.5
4187,2002,Influenza and pneumonia (J09-J18),Influenza and pneumonia,Oklahoma,914,25.5
4188,2001,Alzheimer's disease (G30),Alzheimer's disease,North Dakota,224,25.5
4189,2001,Diabetes mellitus (E10-E14),Diabetes,Illinois,3092,25.5
4190,2001,Influenza and pneumonia (J09-J18),Influenza and pneumonia,New York,5085,25.5
4191,2001,Influenza and pneumonia (J09-J18),Influenza and pneumonia,Oklahoma,913,25.5
4192,1999,Diabetes mellitus (E10-E14),Diabetes,Pennsylvania,3742,25.5
4193,1999,Influenza and pneumonia (J09-J18),Influenza and pneumonia,Arkansas,741,25.5
4194,2017,Alzheimer's disease (G30),Alzheimer's disease,Illinois,4021,25.6
4195,2015,Alzheimer's disease (G30),Alzheimer's disease,Virginia,2248,25.6
4196,2014,Cerebrovascular diseases (I60-I69),Stroke,Rhode Island,373,25.6
4197,2014,Diabetes mellitus (E10-E14),Diabetes,Iowa,1019,25.6
4198,2012,Alzheimer's disease (G30),Alzheimer's disease,Michigan,3064,25.6
4199,2009,Alzheimer's disease (G30),Alzheimer's disease,Nebraska,573,25.6
4200,2008,"Accidents (unintentional injuries) (V01-X59,Y85-Y86)",Unintentional injuries,Maryland,1465,25.6
4201,2007,Alzheimer's disease (G30),Alzheimer's disease,California,8497,25.6
4202,2005,Alzheimer's disease (G30),Alzheimer's disease,Missouri,1635,25.6
4203,2003,Influenza and pneumonia (J09-J18),Influenza and pneumonia,North Carolina,1990,25.6
4204,2002,Alzheimer's disease (G30),Alzheimer's disease,New Hampshire,311,25.6
4205,2002,Diabetes mellitus (E10-E14),Diabetes,United States,73249,25.6
4206,2002,Influenza and pneumonia (J09-J18),Influenza and pneumonia,Arizona,1319,25.6
4207,2001,Alzheimer's disease (G30),Alzheimer's disease,New Hampshire,305,25.6
4208,2001,Diabetes mellitus (E10-E14),Diabetes,Missouri,1535,25.6
4209,2015,Diabetes mellitus (E10-E14),Diabetes,District of Columbia,162,25.7
4210,2014,Diabetes mellitus (E10-E14),Diabetes,Ohio,3641,25.7
4211,2011,Alzheimer's disease (G30),Alzheimer's disease,Idaho,409,25.7
4212,2011,Alzheimer's disease (G30),Alzheimer's disease,New Hampshire,395,25.7
4213,2010,Chronic lower respiratory diseases (J40-J47),CLRD,District of Columbia,147,25.7
4214,2009,Diabetes mellitus (E10-E14),Diabetes,Ohio,3401,25.7
4215,2007,"Accidents (unintentional injuries) (V01-X59,Y85-Y86)",Unintentional injuries,New York,5160,25.7
4216,2006,Influenza and pneumonia (J09-J18),Influenza and pneumonia,Tennessee,1535,25.7
4217,2003,Influenza and pneumonia (J09-J18),Influenza and pneumonia,Missouri,1604,25.7
4218,2001,"Accidents (unintentional injuries) (V01-X59,Y85-Y86)",Unintentional injuries,New York,4982,25.7
4219,2001,Diabetes mellitus (E10-E14),Diabetes,Wyoming,120,25.7
4220,2000,Influenza and pneumonia (J09-J18),Influenza and pneumonia,Alabama,1138,25.7
4221,1999,Diabetes mellitus (E10-E14),Diabetes,Minnesota,1249,25.7
4222,1999,Diabetes mellitus (E10-E14),Diabetes,Montana,244,25.7
4223,2016,Alzheimer's disease (G30),Alzheimer's disease,Alaska,111,25.8
4224,2016,"Intentional self-harm (suicide) (*U03,X60-X84,Y87.0)",Suicide,Alaska,193,25.8
4225,2012,Diabetes mellitus (E10-E14),Diabetes,Tennessee,1852,25.8
4226,2010,Diabetes mellitus (E10-E14),Diabetes,Arkansas,850,25.8
4227,2010,Diabetes mellitus (E10-E14),Diabetes,Ohio,3470,25.8
4228,2009,Alzheimer's disease (G30),Alzheimer's disease,Oklahoma,993,25.8
4229,2009,Alzheimer's disease (G30),Alzheimer's disease,Wyoming,136,25.8
4230,2008,Alzheimer's disease (G30),Alzheimer's disease,United States,82435,25.8
4231,2007,Alzheimer's disease (G30),Alzheimer's disease,Kansas,860,25.8
4232,2005,Diabetes mellitus (E10-E14),Diabetes,Vermont,173,25.8
4233,2005,Diabetes mellitus (E10-E14),Diabetes,Wyoming,130,25.8
4234,2003,Diabetes mellitus (E10-E14),Diabetes,Montana,261,25.8
4235,2002,Alzheimer's disease (G30),Alzheimer's disease,Alaska,61,25.8
4236,2001,"Accidents (unintentional injuries) (V01-X59,Y85-Y86)",Unintentional injuries,Maryland,1339,25.8
4237,2001,Diabetes mellitus (E10-E14),Diabetes,North Dakota,196,25.8
4238,2000,Diabetes mellitus (E10-E14),Diabetes,Pennsylvania,3794,25.8
4239,2016,"Intentional self-harm (suicide) (*U03,X60-X84,Y87.0)",Suicide,Montana,267,25.9
4240,2014,Alzheimer's disease (G30),Alzheimer's disease,Rhode Island,403,25.9
4241,2012,Alzheimer's disease (G30),Alzheimer's disease,Missouri,1863,25.9
4242,2012,Diabetes mellitus (E10-E14),Diabetes,Indiana,1860,25.9
4243,2012,Diabetes mellitus (E10-E14),Diabetes,Kentucky,1256,25.9
4244,2010,Alzheimer's disease (G30),Alzheimer's disease,Alaska,85,25.9
4245,2009,Alzheimer's disease (G30),Alzheimer's disease,Georgia,1865,25.9
4246,2006,Alzheimer's disease (G30),Alzheimer's disease,Alaska,73,25.9
4247,2006,Diabetes mellitus (E10-E14),Diabetes,Alaska,109,25.9
4248,2006,Diabetes mellitus (E10-E14),Diabetes,Indiana,1682,25.9
4249,2004,Alzheimer's disease (G30),Alzheimer's disease,New Hampshire,331,25.9
4250,2004,Alzheimer's disease (G30),Alzheimer's disease,Vermont,173,25.9
4251,2003,Alzheimer's disease (G30),Alzheimer's disease,Vermont,171,25.9
4252,2003,Influenza and pneumonia (J09-J18),Influenza and pneumonia,Alabama,1157,25.9
4253,2001,Diabetes mellitus (E10-E14),Diabetes,Pennsylvania,3826,25.9
4254,2000,Diabetes mellitus (E10-E14),Diabetes,Idaho,304,25.9
4255,1999,"Accidents (unintentional injuries) (V01-X59,Y85-Y86)",Unintentional injuries,Maryland,1296,25.9
4256,1999,Influenza and pneumonia (J09-J18),Influenza and pneumonia,Illinois,3121,25.9
4257,2016,Diabetes mellitus (E10-E14),Diabetes,Indiana,1992,26.0
4258,2015,Alzheimer's disease (G30),Alzheimer's disease,Minnesota,1789,26.0
4259,2015,Cerebrovascular diseases (I60-I69),Stroke,New York,6292,26.0
4260,2013,Alzheimer's disease (G30),Alzheimer's disease,Ohio,3798,26.0
4261,2011,Alzheimer's disease (G30),Alzheimer's disease,Nebraska,597,26.0
4262,2011,Diabetes mellitus (E10-E14),Diabetes,District of Columbia,152,26.0
4263,2011,Diabetes mellitus (E10-E14),Diabetes,Utah,561,26.0
4264,2010,Alzheimer's disease (G30),Alzheimer's disease,West Virginia,594,26.0
4265,2010,Diabetes mellitus (E10-E14),Diabetes,Kentucky,1212,26.0
4266,2005,Alzheimer's disease (G30),Alzheimer's disease,Indiana,1651,26.0
4267,2005,Diabetes mellitus (E10-E14),Diabetes,Maryland,1388,26.0
4268,2004,"Accidents (unintentional injuries) (V01-X59,Y85-Y86)",Unintentional injuries,Maryland,1412,26.0
4269,2002,Diabetes mellitus (E10-E14),Diabetes,Minnesota,1317,26.0
4270,2001,Diabetes mellitus (E10-E14),Diabetes,Arkansas,756,26.0
4271,1999,Influenza and pneumonia (J09-J18),Influenza and pneumonia,Louisiana,1008,26.0
4272,2014,Cerebrovascular diseases (I60-I69),Stroke,New York,6212,26.1
4273,2012,Diabetes mellitus (E10-E14),Diabetes,Ohio,3618,26.1
4274,2011,"Accidents (unintentional injuries) (V01-X59,Y85-Y86)",Unintentional injuries,Maryland,1569,26.1
4275,2010,Alzheimer's disease (G30),Alzheimer's disease,Oklahoma,1015,26.1
4276,2007,Diabetes mellitus (E10-E14),Diabetes,South Dakota,247,26.1
4277,2006,"Accidents (unintentional injuries) (V01-X59,Y85-Y86)",Unintentional injuries,Maryland,1456,26.1
4278,2006,Alzheimer's disease (G30),Alzheimer's disease,Indiana,1696,26.1
4279,2006,Diabetes mellitus (E10-E14),Diabetes,New Jersey,2454,26.1
4280,2006,Diabetes mellitus (E10-E14),Diabetes,North Dakota,208,26.1
4281,2006,"Nephritis, nephrotic syndrome and nephrosis (N00-N07,N17-N19,N25-N27)",Kidney disease,Louisiana,1074,26.1
4282,2005,Influenza and pneumonia (J09-J18),Influenza and pneumonia,Oklahoma,948,26.1
4283,2004,Alzheimer's disease (G30),Alzheimer's disease,Colorado,912,26.1
4284,2004,Influenza and pneumonia (J09-J18),Influenza and pneumonia,Massachusetts,1959,26.1
4285,2003,Diabetes mellitus (E10-E14),Diabetes,Washington,1509,26.1
4286,2003,Influenza and pneumonia (J09-J18),Influenza and pneumonia,Kentucky,1033,26.1
4287,2003,Influenza and pneumonia (J09-J18),Influenza and pneumonia,New York,5335,26.1
4288,2002,Alzheimer's disease (G30),Alzheimer's disease,Idaho,318,26.1
4289,2002,Diabetes mellitus (E10-E14),Diabetes,Delaware,215,26.1
4290,2002,Diabetes mellitus (E10-E14),Diabetes,Idaho,322,26.1
4291,2001,Influenza and pneumonia (J09-J18),Influenza and pneumonia,Missouri,1604,26.1
4292,2000,Diabetes mellitus (E10-E14),Diabetes,Vermont,163,26.1
4293,2000,Influenza and pneumonia (J09-J18),Influenza and pneumonia,Utah,388,26.1
4294,1999,Diabetes mellitus (E10-E14),Diabetes,Tennessee,1436,26.1
4295,2016,Alzheimer's disease (G30),Alzheimer's disease,Nebraska,634,26.2
4296,2012,Alzheimer's disease (G30),Alzheimer's disease,Georgia,2074,26.2
4297,2011,Alzheimer's disease (G30),Alzheimer's disease,West Virginia,610,26.2
4298,2009,Diabetes mellitus (E10-E14),Diabetes,Tennessee,1759,26.2
4299,2007,"Accidents (unintentional injuries) (V01-X59,Y85-Y86)",Unintentional injuries,Maryland,1480,26.2
4300,2006,"Accidents (unintentional injuries) (V01-X59,Y85-Y86)",Unintentional injuries,New York,5235,26.2
4301,2006,Diabetes mellitus (E10-E14),Diabetes,Kentucky,1141,26.2
4302,2005,Diabetes mellitus (E10-E14),Diabetes,North Carolina,2261,26.2
4303,2005,Diabetes mellitus (E10-E14),Diabetes,North Dakota,204,26.2
4304,2005,Diabetes mellitus (E10-E14),Diabetes,South Dakota,241,26.2
4305,2003,Diabetes mellitus (E10-E14),Diabetes,Maine,398,26.2
4306,2003,Diabetes mellitus (E10-E14),Diabetes,Michigan,2640,26.2
4307,2002,Influenza and pneumonia (J09-J18),Influenza and pneumonia,Missouri,1619,26.2
4308,1999,"Accidents (unintentional injuries) (V01-X59,Y85-Y86)",Unintentional injuries,New Jersey,2227,26.2
4309,2016,Cerebrovascular diseases (I60-I69),Stroke,Connecticut,1269,26.3
4310,2015,Diabetes mellitus (E10-E14),Diabetes,South Dakota,282,26.3
4311,2014,Cerebrovascular diseases (I60-I69),Stroke,Connecticut,1266,26.3
4312,2013,Cerebrovascular diseases (I60-I69),Stroke,New York,6176,26.3
4313,2013,Diabetes mellitus (E10-E14),Diabetes,Indiana,1943,26.3
4314,2012,Alzheimer's disease (G30),Alzheimer's disease,Oklahoma,1069,26.3
4315,2008,Alzheimer's disease (G30),Alzheimer's disease,Maine,450,26.3
4316,2007,Diabetes mellitus (E10-E14),Diabetes,Michigan,2826,26.3
4317,2007,Diabetes mellitus (E10-E14),Diabetes,Wyoming,139,26.3
4318,2005,Influenza and pneumonia (J09-J18),Influenza and pneumonia,New York,5521,26.3
4319,2004,"Accidents (unintentional injuries) (V01-X59,Y85-Y86)",Unintentional injuries,New Jersey,2324,26.3
4320,2004,"Nephritis, nephrotic syndrome and nephrosis (N00-N07,N17-N19,N25-N27)",Kidney disease,Louisiana,1110,26.3
4321,2003,Influenza and pneumonia (J09-J18),Influenza and pneumonia,Georgia,1687,26.3
4322,2003,Influenza and pneumonia (J09-J18),Influenza and pneumonia,Iowa,1032,26.3
4323,2002,Alzheimer's disease (G30),Alzheimer's disease,Kentucky,1013,26.3
4324,2002,Diabetes mellitus (E10-E14),Diabetes,Washington,1494,26.3
4325,2000,"Accidents (unintentional injuries) (V01-X59,Y85-Y86)",Unintentional injuries,New Hampshire,321,26.3
4326,1999,Diabetes mellitus (E10-E14),Diabetes,Missouri,1554,26.3
4327,2013,Alzheimer's disease (G30),Alzheimer's disease,Michigan,3220,26.4
4328,2011,"Accidents (unintentional injuries) (V01-X59,Y85-Y86)",Unintentional injuries,New York,5537,26.4
4329,2011,Diabetes mellitus (E10-E14),Diabetes,South Dakota,263,26.4
4330,2010,Diabetes mellitus (E10-E14),Diabetes,Louisiana,1205,26.4
4331,2008,Diabetes mellitus (E10-E14),Diabetes,Tennessee,1733,26.4
4332,2007,Diabetes mellitus (E10-E14),Diabetes,Alabama,1313,26.4
4333,2004,Alzheimer's disease (G30),Alzheimer's disease,Texas,4336,26.4
4334,2003,Influenza and pneumonia (J09-J18),Influenza and pneumonia,Idaho,334,26.4
4335,2003,Influenza and pneumonia (J09-J18),Influenza and pneumonia,Oklahoma,949,26.4
4336,2002,Diabetes mellitus (E10-E14),Diabetes,Kansas,765,26.4
4337,2002,Influenza and pneumonia (J09-J18),Influenza and pneumonia,Arkansas,776,26.4
4338,2001,Alzheimer's disease (G30),Alzheimer's disease,Colorado,852,26.4
4339,2001,Diabetes mellitus (E10-E14),Diabetes,Idaho,318,26.4
4340,2017,Cerebrovascular diseases (I60-I69),Stroke,Massachusetts,2367,26.5
4341,2017,Diabetes mellitus (E10-E14),Diabetes,New Mexico,673,26.5
4342,2011,Diabetes mellitus (E10-E14),Diabetes,Kentucky,1268,26.5
4343,2007,Alzheimer's disease (G30),Alzheimer's disease,Arkansas,824,26.5
4344,2006,Alzheimer's disease (G30),Alzheimer's disease,Vermont,186,26.5
4345,2006,Diabetes mellitus (E10-E14),Diabetes,Texas,5201,26.5
4346,2005,Alzheimer's disease (G30),Alzheimer's disease,Iowa,1082,26.5
4347,2005,Diabetes mellitus (E10-E14),Diabetes,Delaware,233,26.5
4348,2004,Diabetes mellitus (E10-E14),Diabetes,Idaho,344,26.5
4349,2003,Alzheimer's disease (G30),Alzheimer's disease,Colorado,899,26.5
4350,2000,"Accidents (unintentional injuries) (V01-X59,Y85-Y86)",Unintentional injuries,California,8577,26.5
4351,2000,Influenza and pneumonia (J09-J18),Influenza and pneumonia,New York,5201,26.5
4352,1999,Influenza and pneumonia (J09-J18),Influenza and pneumonia,Montana,252,26.5
4353,1999,Influenza and pneumonia (J09-J18),Influenza and pneumonia,North Carolina,1891,26.5
4354,2017,Diabetes mellitus (E10-E14),Diabetes,Indiana,2096,26.6
4355,2014,"Accidents (unintentional injuries) (V01-X59,Y85-Y86)",Unintentional injuries,Maryland,1674,26.6
4356,2014,Alzheimer's disease (G30),Alzheimer's disease,Wyoming,162,26.6
4357,2012,Cerebrovascular diseases (I60-I69),Stroke,New York,6139,26.6
4358,2011,Alzheimer's disease (G30),Alzheimer's disease,Texas,5415,26.6
4359,2009,Alzheimer's disease (G30),Alzheimer's disease,Texas,5064,26.6
4360,2009,"Nephritis, nephrotic syndrome and nephrosis (N00-N07,N17-N19,N25-N27)",Kidney disease,Louisiana,1160,26.6
4361,2007,Diabetes mellitus (E10-E14),Diabetes,District of Columbia,152,26.6
4362,2005,Alzheimer's disease (G30),Alzheimer's disease,Mississippi,721,26.6
4363,2004,Diabetes mellitus (E10-E14),Diabetes,Indiana,1673,26.6
4364,2004,Diabetes mellitus (E10-E14),Diabetes,North Dakota,209,26.6
4365,2004,Influenza and pneumonia (J09-J18),Influenza and pneumonia,New York,5499,26.6
4366,2002,Alzheimer's disease (G30),Alzheimer's disease,North Carolina,1962,26.6
4367,2002,Influenza and pneumonia (J09-J18),Influenza and pneumonia,New York,5368,26.6
4368,2000,Diabetes mellitus (E10-E14),Diabetes,North Dakota,203,26.6
4369,2000,Influenza and pneumonia (J09-J18),Influenza and pneumonia,Rhode Island,342,26.6
4370,2016,Alzheimer's disease (G30),Alzheimer's disease,Rhode Island,422,26.7
4371,2015,Diabetes mellitus (E10-E14),Diabetes,Iowa,1077,26.7
4372,2014,Alzheimer's disease (G30),Alzheimer's disease,Utah,584,26.7
4373,2013,Alzheimer's disease (G30),Alzheimer's disease,Alabama,1398,26.7
4374,2010,"Accidents (unintentional injuries) (V01-X59,Y85-Y86)",Unintentional injuries,New Jersey,2486,26.7
4375,2009,Influenza and pneumonia (J09-J18),Influenza and pneumonia,Wyoming,142,26.7
4376,2008,"Accidents (unintentional injuries) (V01-X59,Y85-Y86)",Unintentional injuries,New Jersey,2436,26.7
4377,2008,Diabetes mellitus (E10-E14),Diabetes,Kentucky,1214,26.7
4378,2007,Diabetes mellitus (E10-E14),Diabetes,South Carolina,1231,26.7
4379,2007,Diabetes mellitus (E10-E14),Diabetes,Tennessee,1700,26.7
4380,2005,Diabetes mellitus (E10-E14),Diabetes,Montana,285,26.7
4381,2004,Alzheimer's disease (G30),Alzheimer's disease,Idaho,343,26.7
4382,2003,"Accidents (unintentional injuries) (V01-X59,Y85-Y86)",Unintentional injuries,Maryland,1432,26.7
4383,2000,"Accidents (unintentional injuries) (V01-X59,Y85-Y86)",Unintentional injuries,New Jersey,2284,26.7
4384,2000,Influenza and pneumonia (J09-J18),Influenza and pneumonia,Missouri,1629,26.7
4385,1999,Diabetes mellitus (E10-E14),Diabetes,North Dakota,203,26.7
4386,2016,Alzheimer's disease (G30),Alzheimer's disease,Virginia,2408,26.8
4387,2016,Cerebrovascular diseases (I60-I69),Stroke,Rhode Island,399,26.8
4388,2011,Alzheimer's disease (G30),Alzheimer's disease,Maine,481,26.8
4389,2011,Diabetes mellitus (E10-E14),Diabetes,Ohio,3668,26.8
4390,2010,Alzheimer's disease (G30),Alzheimer's disease,Idaho,410,26.8
4391,2010,Alzheimer's disease (G30),Alzheimer's disease,Texas,5209,26.8
4392,2008,Influenza and pneumonia (J09-J18),Influenza and pneumonia,Arkansas,846,26.8
4393,2007,Alzheimer's disease (G30),Alzheimer's disease,Texas,4814,26.8
4394,2007,Diabetes mellitus (E10-E14),Diabetes,Arkansas,838,26.8
4395,2006,Diabetes mellitus (E10-E14),Diabetes,Michigan,2830,26.8
4396,2002,Diabetes mellitus (E10-E14),Diabetes,Missouri,1625,26.8
4397,2001,Chronic lower respiratory diseases (J40-J47),CLRD,District of Columbia,150,26.8
4398,2000,Influenza and pneumonia (J09-J18),Influenza and pneumonia,North Carolina,1945,26.8
4399,1999,Influenza and pneumonia (J09-J18),Influenza and pneumonia,Massachusetts,1904,26.8
4400,2017,"Intentional self-harm (suicide) (*U03,X60-X84,Y87.0)",Suicide,Wyoming,157,26.9
4401,2015,Cerebrovascular diseases (I60-I69),Stroke,New Hampshire,457,26.9
4402,2015,Diabetes mellitus (E10-E14),Diabetes,Indiana,2030,26.9
4403,2015,"Intentional self-harm (suicide) (*U03,X60-X84,Y87.0)",Suicide,Alaska,201,26.9
4404,2013,Diabetes mellitus (E10-E14),Diabetes,Louisiana,1329,26.9
4405,2012,Diabetes mellitus (E10-E14),Diabetes,Louisiana,1290,26.9
4406,2010,Alzheimer's disease (G30),Alzheimer's disease,New Hampshire,396,26.9
4407,2010,Diabetes mellitus (E10-E14),Diabetes,Oklahoma,1089,26.9
4408,2009,Alzheimer's disease (G30),Alzheimer's disease,Maine,466,26.9
4409,2007,"Accidents (unintentional injuries) (V01-X59,Y85-Y86)",Unintentional injuries,New Jersey,2425,26.9
4410,2004,Diabetes mellitus (E10-E14),Diabetes,Maryland,1417,26.9
4411,2004,Diabetes mellitus (E10-E14),Diabetes,North Carolina,2253,26.9
4412,2003,Alzheimer's disease (G30),Alzheimer's disease,Georgia,1630,26.9
4413,2003,Alzheimer's disease (G30),Alzheimer's disease,Tennessee,1466,26.9
4414,1999,Diabetes mellitus (E10-E14),Diabetes,Indiana,1591,26.9
4415,2017,"Intentional self-harm (suicide) (*U03,X60-X84,Y87.0)",Suicide,Alaska,200,27.0
4416,2014,Alzheimer's disease (G30),Alzheimer's disease,Michigan,3349,27.0
4417,2012,Cerebrovascular diseases (I60-I69),Stroke,Connecticut,1273,27.0
4418,2011,Diabetes mellitus (E10-E14),Diabetes,Arkansas,908,27.0
4419,2009,Cerebrovascular diseases (I60-I69),Stroke,New York,5950,27.0
4420,2008,Alzheimer's disease (G30),Alzheimer's disease,Alaska,80,27.0
4421,2007,Diabetes mellitus (E10-E14),Diabetes,Oregon,1113,27.0
4422,2006,Alzheimer's disease (G30),Alzheimer's disease,Iowa,1121,27.0
4423,2006,Diabetes mellitus (E10-E14),Diabetes,Utah,496,27.0
4424,2005,Diabetes mellitus (E10-E14),Diabetes,Indiana,1719,27.0
4425,2003,"Accidents (unintentional injuries) (V01-X59,Y85-Y86)",Unintentional injuries,New Jersey,2371,27.0
4426,2003,Diabetes mellitus (E10-E14),Diabetes,North Dakota,211,27.0
4427,2003,Influenza and pneumonia (J09-J18),Influenza and pneumonia,California,8185,27.0
4428,2003,Influenza and pneumonia (J09-J18),Influenza and pneumonia,Massachusetts,2019,27.0
4429,2002,Alzheimer's disease (G30),Alzheimer's disease,Alabama,1189,27.0
4430,2002,Alzheimer's disease (G30),Alzheimer's disease,Wyoming,122,27.0
4431,2002,Diabetes mellitus (E10-E14),Diabetes,Arkansas,793,27.0
4432,2002,Diabetes mellitus (E10-E14),Diabetes,Vermont,174,27.0
4433,2000,Diabetes mellitus (E10-E14),Diabetes,Michigan,2603,27.0
4434,1999,Diabetes mellitus (E10-E14),Diabetes,North Carolina,2050,27.0
4435,2015,Cerebrovascular diseases (I60-I69),Stroke,Rhode Island,394,27.1
4436,2011,Diabetes mellitus (E10-E14),Diabetes,Louisiana,1265,27.1
4437,2006,Alzheimer's disease (G30),Alzheimer's disease,New Hampshire,372,27.1
4438,2005,Alzheimer's disease (G30),Alzheimer's disease,Vermont,184,27.1
4439,2005,Diabetes mellitus (E10-E14),Diabetes,Arkansas,824,27.1
4440,2003,Diabetes mellitus (E10-E14),Diabetes,Missouri,1666,27.1
4441,2002,Alzheimer's disease (G30),Alzheimer's disease,South Carolina,967,27.1
4442,2002,Diabetes mellitus (E10-E14),Diabetes,Maine,404,27.1
4443,2002,Diabetes mellitus (E10-E14),Diabetes,North Dakota,214,27.1
4444,2001,Diabetes mellitus (E10-E14),Diabetes,Maine,398,27.1
4445,2001,Diabetes mellitus (E10-E14),Diabetes,Michigan,2655,27.1
4446,1999,Diabetes mellitus (E10-E14),Diabetes,Michigan,2587,27.1
4447,1999,Influenza and pneumonia (J09-J18),Influenza and pneumonia,Utah,391,27.1
4448,1999,Influenza and pneumonia (J09-J18),Influenza and pneumonia,Virginia,1594,27.1
4449,2016,Diabetes mellitus (E10-E14),Diabetes,New Mexico,678,27.2
4450,2013,Alzheimer's disease (G30),Alzheimer's disease,Arkansas,918,27.2
4451,2013,Alzheimer's disease (G30),Alzheimer's disease,Colorado,1316,27.2
4452,2013,Alzheimer's disease (G30),Alzheimer's disease,Oregon,1312,27.2
4453,2012,Alzheimer's disease (G30),Alzheimer's disease,Alabama,1390,27.2
4454,2012,Alzheimer's disease (G30),Alzheimer's disease,Alaska,102,27.2
4455,2010,Alzheimer's disease (G30),Alzheimer's disease,Wyoming,146,27.2
4456,2008,"Accidents (unintentional injuries) (V01-X59,Y85-Y86)",Unintentional injuries,District of Columbia,160,27.2
4457,2008,Alzheimer's disease (G30),Alzheimer's disease,Idaho,393,27.2
4458,2008,Diabetes mellitus (E10-E14),Diabetes,Alabama,1386,27.2
4459,2008,Diabetes mellitus (E10-E14),Diabetes,Ohio,3565,27.2
4460,2007,Alzheimer's disease (G30),Alzheimer's disease,Georgia,1849,27.2
4461,2006,Diabetes mellitus (E10-E14),Diabetes,Arkansas,839,27.2
4462,2003,Diabetes mellitus (E10-E14),Diabetes,New Jersey,2484,27.2
4463,2001,Influenza and pneumonia (J09-J18),Influenza and pneumonia,Utah,411,27.2
4464,2000,Influenza and pneumonia (J09-J18),Influenza and pneumonia,Arkansas,798,27.2
4465,1999,Influenza and pneumonia (J09-J18),Influenza and pneumonia,Arizona,1287,27.2
4466,2017,Alzheimer's disease (G30),Alzheimer's disease,Nevada,779,27.3
4467,2017,Alzheimer's disease (G30),Alzheimer's disease,Rhode Island,435,27.3
4468,2011,Diabetes mellitus (E10-E14),Diabetes,New Mexico,612,27.3
4469,2010,"Nephritis, nephrotic syndrome and nephrosis (N00-N07,N17-N19,N25-N27)",Kidney disease,Louisiana,1218,27.3
4470,2009,Alzheimer's disease (G30),Alzheimer's disease,Oregon,1212,27.3
4471,2008,Alzheimer's disease (G30),Alzheimer's disease,Nebraska,610,27.3
4472,2006,Alzheimer's disease (G30),Alzheimer's disease,North Carolina,2265,27.3
4473,2005,Diabetes mellitus (E10-E14),Diabetes,Michigan,2842,27.3
4474,2005,Diabetes mellitus (E10-E14),Diabetes,New Jersey,2540,27.3
4475,2003,Diabetes mellitus (E10-E14),Diabetes,Oregon,1032,27.3
4476,2001,Diabetes mellitus (E10-E14),Diabetes,Kentucky,1099,27.3
4477,2000,Diabetes mellitus (E10-E14),Diabetes,Alaska,87,27.3
4478,2000,Diabetes mellitus (E10-E14),Diabetes,North Carolina,2084,27.3
4479,2016,Alzheimer's disease (G30),Alzheimer's disease,Delaware,329,27.4
4480,2015,Influenza and pneumonia (J09-J18),Influenza and pneumonia,Hawaii,557,27.4
4481,2014,Alzheimer's disease (G30),Alzheimer's disease,Colorado,1364,27.4
4482,2014,Alzheimer's disease (G30),Alzheimer's disease,Missouri,2053,27.4
4483,2012,"Accidents (unintentional injuries) (V01-X59,Y85-Y86)",Unintentional injuries,New York,5786,27.4
4484,2012,Alzheimer's disease (G30),Alzheimer's disease,Ohio,3935,27.4
4485,2011,Alzheimer's disease (G30),Alzheimer's disease,Missouri,1927,27.4
4486,2009,Alzheimer's disease (G30),Alzheimer's disease,Indiana,1884,27.4
4487,2009,Diabetes mellitus (E10-E14),Diabetes,Arkansas,890,27.4
4488,2008,Alzheimer's disease (G30),Alzheimer's disease,New Hampshire,393,27.4
4489,2007,"Nephritis, nephrotic syndrome and nephrosis (N00-N07,N17-N19,N25-N27)",Kidney disease,Louisiana,1152,27.4
4490,2006,Alzheimer's disease (G30),Alzheimer's disease,Mississippi,744,27.4
4491,2006,Diabetes mellitus (E10-E14),Diabetes,Tennessee,1715,27.4
4492,2005,Alzheimer's disease (G30),Alzheimer's disease,Georgia,1745,27.4
4493,2005,Alzheimer's disease (G30),Alzheimer's disease,Texas,4629,27.4
4494,2002,Influenza and pneumonia (J09-J18),Influenza and pneumonia,Alabama,1218,27.4
4495,2002,Influenza and pneumonia (J09-J18),Influenza and pneumonia,Utah,424,27.4
4496,2015,Alzheimer's disease (G30),Alzheimer's disease,Wisconsin,2087,27.5
4497,2014,Diabetes mellitus (E10-E14),Diabetes,New Mexico,671,27.5
4498,2013,Alzheimer's disease (G30),Alzheimer's disease,Missouri,2026,27.5
4499,2008,Alzheimer's disease (G30),Alzheimer's disease,Georgia,1929,27.5
4500,2008,Diabetes mellitus (E10-E14),Diabetes,District of Columbia,156,27.5
4501,2006,Alzheimer's disease (G30),Alzheimer's disease,Georgia,1820,27.5
4502,2005,Influenza and pneumonia (J09-J18),Influenza and pneumonia,Tennessee,1588,27.5
4503,2002,Influenza and pneumonia (J09-J18),Influenza and pneumonia,California,8128,27.5
4504,2001,Diabetes mellitus (E10-E14),Diabetes,Delaware,218,27.5
4505,2000,Diabetes mellitus (E10-E14),Diabetes,Oklahoma,978,27.5
4506,1999,"Accidents (unintentional injuries) (V01-X59,Y85-Y86)",Unintentional injuries,New Hampshire,329,27.5
4507,2017,Alzheimer's disease (G30),Alzheimer's disease,Virginia,2549,27.6
4508,2014,"Accidents (unintentional injuries) (V01-X59,Y85-Y86)",Unintentional injuries,New York,5945,27.6
4509,2013,Alzheimer's disease (G30),Alzheimer's disease,Oklahoma,1145,27.6
4510,2013,Cerebrovascular diseases (I60-I69),Stroke,New Hampshire,441,27.6
4511,2013,Diabetes mellitus (E10-E14),Diabetes,New Mexico,646,27.6
4512,2011,Cerebrovascular diseases (I60-I69),Stroke,New York,6254,27.6
4513,2006,Diabetes mellitus (E10-E14),Diabetes,South Dakota,262,27.6
4514,2005,"Accidents (unintentional injuries) (V01-X59,Y85-Y86)",Unintentional injuries,Rhode Island,334,27.6
4515,2005,Diabetes mellitus (E10-E14),Diabetes,South Carolina,1187,27.6
4516,2002,Diabetes mellitus (E10-E14),Diabetes,Indiana,1688,27.6
4517,2002,Diabetes mellitus (E10-E14),Diabetes,North Carolina,2205,27.6
4518,2001,Alzheimer's disease (G30),Alzheimer's disease,Oregon,1030,27.6
4519,2017,Diabetes mellitus (E10-E14),Diabetes,Kentucky,1474,27.7
4520,2014,Alzheimer's disease (G30),Alzheimer's disease,Ohio,4083,27.7
4521,2013,Alzheimer's disease (G30),Alzheimer's disease,North Carolina,2872,27.7
4522,2013,Cerebrovascular diseases (I60-I69),Stroke,Massachusetts,2354,27.7
4523,2013,Cerebrovascular diseases (I60-I69),Stroke,Rhode Island,397,27.7
4524,2012,"Accidents (unintentional injuries) (V01-X59,Y85-Y86)",Unintentional injuries,Maryland,1696,27.7
4525,2011,Alzheimer's disease (G30),Alzheimer's disease,Wyoming,153,27.7
4526,2008,"Nephritis, nephrotic syndrome and nephrosis (N00-N07,N17-N19,N25-N27)",Kidney disease,Louisiana,1195,27.7
4527,2006,Alzheimer's disease (G30),Alzheimer's disease,Ohio,3565,27.7
4528,2005,Alzheimer's disease (G30),Alzheimer's disease,Ohio,3478,27.7
4529,2003,Alzheimer's disease (G30),Alzheimer's disease,Kentucky,1072,27.7
4530,2003,Diabetes mellitus (E10-E14),Diabetes,Alaska,102,27.7
4531,2003,Diabetes mellitus (E10-E14),Diabetes,Vermont,183,27.7
4532,2001,Diabetes mellitus (E10-E14),Diabetes,Indiana,1677,27.7
4533,2001,Diabetes mellitus (E10-E14),Diabetes,South Carolina,1088,27.7
4534,2017,Cerebrovascular diseases (I60-I69),Stroke,Connecticut,1403,27.8
4535,2013,"Accidents (unintentional injuries) (V01-X59,Y85-Y86)",Unintentional injuries,New York,5927,27.8
4536,2010,"Accidents (unintentional injuries) (V01-X59,Y85-Y86)",Unintentional injuries,California,10435,27.8
4537,2010,Alzheimer's disease (G30),Alzheimer's disease,Indiana,1940,27.8
4538,2009,Alzheimer's disease (G30),Alzheimer's disease,Arkansas,885,27.8
4539,2009,Diabetes mellitus (E10-E14),Diabetes,Louisiana,1249,27.8
4540,2005,Diabetes mellitus (E10-E14),Diabetes,Kentucky,1187,27.8
4541,2005,"Nephritis, nephrotic syndrome and nephrosis (N00-N07,N17-N19,N25-N27)",Kidney disease,Louisiana,1187,27.8
4542,2004,Alzheimer's disease (G30),Alzheimer's disease,Georgia,1710,27.8
4543,2004,Diabetes mellitus (E10-E14),Diabetes,South Carolina,1165,27.8
4544,2004,Influenza and pneumonia (J09-J18),Influenza and pneumonia,Tennessee,1571,27.8
4545,2003,Diabetes mellitus (E10-E14),Diabetes,Indiana,1731,27.8
4546,2003,Diabetes mellitus (E10-E14),Diabetes,Wyoming,138,27.8
4547,2002,Diabetes mellitus (E10-E14),Diabetes,South Carolina,1112,27.8
4548,2001,"Accidents (unintentional injuries) (V01-X59,Y85-Y86)",Unintentional injuries,New Jersey,2405,27.8
4549,2016,Cerebrovascular diseases (I60-I69),Stroke,Massachusetts,2468,27.9
4550,2016,Chronic lower respiratory diseases (J40-J47),CLRD,New Jersey,3064,27.9
4551,2013,"Accidents (unintentional injuries) (V01-X59,Y85-Y86)",Unintentional injuries,Maryland,1732,27.9
4552,2012,Alzheimer's disease (G30),Alzheimer's disease,Arkansas,931,27.9
4553,2012,Alzheimer's disease (G30),Alzheimer's disease,Oregon,1326,27.9
4554,2010,Cerebrovascular diseases (I60-I69),Stroke,New York,6213,27.9
4555,2007,Alzheimer's disease (G30),Alzheimer's disease,Ohio,3671,27.9
4556,2007,Alzheimer's disease (G30),Alzheimer's disease,Oregon,1200,27.9
4557,2006,Alzheimer's disease (G30),Alzheimer's disease,Texas,4887,27.9
4558,2004,Diabetes mellitus (E10-E14),Diabetes,Oregon,1073,27.9
4559,2002,Alzheimer's disease (G30),Alzheimer's disease,Montana,285,27.9
4560,2001,Diabetes mellitus (E10-E14),Diabetes,North Carolina,2181,27.9
4561,2000,Diabetes mellitus (E10-E14),Diabetes,Kentucky,1107,27.9
4562,1999,Diabetes mellitus (E10-E14),Diabetes,Oklahoma,986,27.9
4563,2016,Cerebrovascular diseases (I60-I69),Stroke,New Hampshire,490,28.0
4564,2015,"Intentional self-harm (suicide) (*U03,X60-X84,Y87.0)",Suicide,Wyoming,157,28.0
4565,2012,"Accidents (unintentional injuries) (V01-X59,Y85-Y86)",Unintentional injuries,California,10906,28.0
4566,2008,Alzheimer's disease (G30),Alzheimer's disease,Oklahoma,1061,28.0
4567,2005,"Accidents (unintentional injuries) (V01-X59,Y85-Y86)",Unintentional injuries,Massachusetts,1907,28.0
4568,2005,Alzheimer's disease (G30),Alzheimer's disease,Oklahoma,1012,28.0
4569,2004,Diabetes mellitus (E10-E14),Diabetes,Arkansas,838,28.0
4570,2002,Diabetes mellitus (E10-E14),Diabetes,Michigan,2785,28.0
4571,2001,Diabetes mellitus (E10-E14),Diabetes,Oregon,1011,28.0
4572,2001,Influenza and pneumonia (J09-J18),Influenza and pneumonia,Mississippi,754,28.0
4573,2000,Diabetes mellitus (E10-E14),Diabetes,Indiana,1673,28.0
4574,1999,Diabetes mellitus (E10-E14),Diabetes,New Jersey,2436,28.0
4575,2012,Alzheimer's disease (G30),Alzheimer's disease,Indiana,2038,28.1
4576,2009,Alzheimer's disease (G30),Alzheimer's disease,California,9905,28.1
4577,2008,Diabetes mellitus (E10-E14),Diabetes,Arkansas,901,28.1
4578,2007,Alzheimer's disease (G30),Alzheimer's disease,Maine,470,28.1
4579,2007,Diabetes mellitus (E10-E14),Diabetes,North Dakota,226,28.1
4580,2006,Alzheimer's disease (G30),Alzheimer's disease,Colorado,1058,28.1
4581,2006,Alzheimer's disease (G30),Alzheimer's disease,Kentucky,1153,28.1
4582,2005,Alzheimer's disease (G30),Alzheimer's disease,Kansas,912,28.1
4583,2003,Influenza and pneumonia (J09-J18),Influenza and pneumonia,Mississippi,758,28.1
4584,2002,Diabetes mellitus (E10-E14),Diabetes,New Jersey,2532,28.1
4585,2001,Influenza and pneumonia (J09-J18),Influenza and pneumonia,California,8129,28.1
4586,1999,Influenza and pneumonia (J09-J18),Influenza and pneumonia,Oklahoma,1007,28.1
4587,2015,Diabetes mellitus (E10-E14),Diabetes,Kentucky,1458,28.2
4588,2013,Alzheimer's disease (G30),Alzheimer's disease,Iowa,1252,28.2
4589,2011,Alzheimer's disease (G30),Alzheimer's disease,Oklahoma,1130,28.2
4590,2008,"Accidents (unintentional injuries) (V01-X59,Y85-Y86)",Unintentional injuries,Hawaii,406,28.2
4591,2008,Cerebrovascular diseases (I60-I69),Stroke,New York,6123,28.2
4592,2006,Diabetes mellitus (E10-E14),Diabetes,Oregon,1139,28.2
4593,2004,Diabetes mellitus (E10-E14),Diabetes,New Jersey,2595,28.2
4594,2003,Diabetes mellitus (E10-E14),Diabetes,Maryland,1454,28.2
4595,2003,Influenza and pneumonia (J09-J18),Influenza and pneumonia,Utah,453,28.2
4596,2002,Diabetes mellitus (E10-E14),Diabetes,Oregon,1041,28.2
4597,2000,"Accidents (unintentional injuries) (V01-X59,Y85-Y86)",Unintentional injuries,Hawaii,343,28.2
4598,2000,Diabetes mellitus (E10-E14),Diabetes,New Jersey,2483,28.2
4599,1999,Influenza and pneumonia (J09-J18),Influenza and pneumonia,Alabama,1228,28.2
4600,1999,Influenza and pneumonia (J09-J18),Influenza and pneumonia,South Dakota,264,28.2
4601,2014,Cerebrovascular diseases (I60-I69),Stroke,Arizona,2235,28.3
4602,2013,Cerebrovascular diseases (I60-I69),Stroke,Connecticut,1348,28.3
4603,2012,Cerebrovascular diseases (I60-I69),Stroke,Massachusetts,2371,28.3
4604,2012,Diabetes mellitus (E10-E14),Diabetes,New Mexico,652,28.3
4605,2011,"Accidents (unintentional injuries) (V01-X59,Y85-Y86)",Unintentional injuries,California,10824,28.3
4606,2011,Alzheimer's disease (G30),Alzheimer's disease,Oregon,1324,28.3
4607,2011,Cerebrovascular diseases (I60-I69),Stroke,Connecticut,1315,28.3
4608,2010,Alzheimer's disease (G30),Alzheimer's disease,Georgia,2080,28.3
4609,2009,Diabetes mellitus (E10-E14),Diabetes,New Mexico,597,28.3
4610,2008,Diabetes mellitus (E10-E14),Diabetes,New Mexico,582,28.3
4611,2008,Diabetes mellitus (E10-E14),Diabetes,Oklahoma,1103,28.3
4612,2007,Alzheimer's disease (G30),Alzheimer's disease,Colorado,1109,28.3
4613,2005,Alzheimer's disease (G30),Alzheimer's disease,New Hampshire,376,28.3
4614,2005,Alzheimer's disease (G30),Alzheimer's disease,South Dakota,290,28.3
4615,2003,Alzheimer's disease (G30),Alzheimer's disease,Idaho,355,28.3
4616,2003,Alzheimer's disease (G30),Alzheimer's disease,North Carolina,2145,28.3
4617,2003,Diabetes mellitus (E10-E14),Diabetes,Idaho,358,28.3
4618,2003,Diabetes mellitus (E10-E14),Diabetes,South Carolina,1161,28.3
4619,2000,Influenza and pneumonia (J09-J18),Influenza and pneumonia,Wyoming,126,28.3
4620,1999,Influenza and pneumonia (J09-J18),Influenza and pneumonia,Georgia,1703,28.3
4621,1999,Influenza and pneumonia (J09-J18),Influenza and pneumonia,Missouri,1716,28.3
4622,2017,Cerebrovascular diseases (I60-I69),Stroke,Wyoming,190,28.4
4623,2016,Chronic lower respiratory diseases (J40-J47),CLRD,New York,6860,28.4
4624,2016,Diabetes mellitus (E10-E14),Diabetes,Kentucky,1479,28.4
4625,2015,Alzheimer's disease (G30),Alzheimer's disease,Maine,544,28.4
4626,2015,Cerebrovascular diseases (I60-I69),Stroke,Massachusetts,2475,28.4
4627,2012,Alzheimer's disease (G30),Alzheimer's disease,Colorado,1322,28.4
4628,2012,Alzheimer's disease (G30),Alzheimer's disease,North Carolina,2850,28.4
4629,2012,Diabetes mellitus (E10-E14),Diabetes,Oklahoma,1201,28.4
4630,2008,Alzheimer's disease (G30),Alzheimer's disease,Arkansas,893,28.4
4631,2004,Alzheimer's disease (G30),Alzheimer's disease,North Carolina,2188,28.4
4632,2003,Diabetes mellitus (E10-E14),Diabetes,Delaware,239,28.4
4633,1999,"Accidents (unintentional injuries) (V01-X59,Y85-Y86)",Unintentional injuries,District of Columbia,161,28.4
4634,1999,Influenza and pneumonia (J09-J18),Influenza and pneumonia,Iowa,1082,28.4
4635,1999,Influenza and pneumonia (J09-J18),Influenza and pneumonia,New York,5482,28.4
4636,2017,Alzheimer's disease (G30),Alzheimer's disease,Nebraska,698,28.5
4637,2015,Cerebrovascular diseases (I60-I69),Stroke,Connecticut,1388,28.5
4638,2014,Alzheimer's disease (G30),Alzheimer's disease,Oregon,1411,28.5
4639,2014,Chronic lower respiratory diseases (J40-J47),CLRD,New Jersey,3046,28.5
4640,2013,Alzheimer's disease (G30),Alzheimer's disease,Indiana,2104,28.5
4641,2011,Alzheimer's disease (G30),Alzheimer's disease,Ohio,4037,28.5
4642,2010,"Accidents (unintentional injuries) (V01-X59,Y85-Y86)",Unintentional injuries,Massachusetts,2060,28.5
4643,2010,Alzheimer's disease (G30),Alzheimer's disease,Oregon,1300,28.5
4644,2009,Alzheimer's disease (G30),Alzheimer's disease,Ohio,3879,28.5
4645,2002,"Accidents (unintentional injuries) (V01-X59,Y85-Y86)",Unintentional injuries,New Hampshire,357,28.5
4646,2002,Alzheimer's disease (G30),Alzheimer's disease,Louisiana,1111,28.5
4647,2002,Influenza and pneumonia (J09-J18),Influenza and pneumonia,Georgia,1791,28.5
4648,2000,Diabetes mellitus (E10-E14),Diabetes,Tennessee,1591,28.5
4649,2017,Chronic lower respiratory diseases (J40-J47),CLRD,New Jersey,3227,28.6
4650,2013,Cerebrovascular diseases (I60-I69),Stroke,Arizona,2162,28.6
4651,2011,"Accidents (unintentional injuries) (V01-X59,Y85-Y86)",Unintentional injuries,New Jersey,2685,28.6
4652,2010,Alzheimer's disease (G30),Alzheimer's disease,Maine,502,28.6
4653,2008,Alzheimer's disease (G30),Alzheimer's disease,Texas,5280,28.6
4654,2004,Diabetes mellitus (E10-E14),Diabetes,Kentucky,1195,28.6
4655,2004,Diabetes mellitus (E10-E14),Diabetes,Utah,485,28.6
4656,2002,Influenza and pneumonia (J09-J18),Influenza and pneumonia,Massachusetts,2087,28.6
4657,2001,Influenza and pneumonia (J09-J18),Influenza and pneumonia,Kentucky,1114,28.6
4658,2015,Alzheimer's disease (G30),Alzheimer's disease,Missouri,2173,28.7
4659,2014,Cerebrovascular diseases (I60-I69),Stroke,Massachusetts,2460,28.7
4660,2009,Diabetes mellitus (E10-E14),Diabetes,Oklahoma,1146,28.7
4661,2007,Alzheimer's disease (G30),Alzheimer's disease,Iowa,1202,28.7
4662,2007,Alzheimer's disease (G30),Alzheimer's disease,Kentucky,1198,28.7
4663,2007,Alzheimer's disease (G30),Alzheimer's disease,North Carolina,2460,28.7
4664,2007,Alzheimer's disease (G30),Alzheimer's disease,Vermont,205,28.7
4665,2005,Alzheimer's disease (G30),Alzheimer's disease,Kentucky,1147,28.7
4666,2002,Alzheimer's disease (G30),Alzheimer's disease,Arizona,1433,28.7
4667,2001,Diabetes mellitus (E10-E14),Diabetes,New Jersey,2556,28.7
4668,1999,"Accidents (unintentional injuries) (V01-X59,Y85-Y86)",Unintentional injuries,California,9198,28.7
4669,2015,Alzheimer's disease (G30),Alzheimer's disease,Rhode Island,453,28.8
4670,2010,Alzheimer's disease (G30),Alzheimer's disease,Missouri,1986,28.8
4671,2008,Alzheimer's disease (G30),Alzheimer's disease,Kansas,961,28.8
4672,2007,Cerebrovascular diseases (I60-I69),Stroke,New York,6160,28.8
4673,2007,Diabetes mellitus (E10-E14),Diabetes,Utah,548,28.8
4674,2005,"Accidents (unintentional injuries) (V01-X59,Y85-Y86)",Unintentional injuries,New Jersey,2561,28.8
4675,2003,Alzheimer's disease (G30),Alzheimer's disease,Alabama,1268,28.8
4676,2003,Alzheimer's disease (G30),Alzheimer's disease,South Carolina,1051,28.8
4677,1999,Diabetes mellitus (E10-E14),Diabetes,Kentucky,1133,28.8
4678,2017,Cerebrovascular diseases (I60-I69),Stroke,New Hampshire,514,28.9
4679,2017,Cerebrovascular diseases (I60-I69),Stroke,Vermont,249,28.9
4680,2017,Chronic lower respiratory diseases (J40-J47),CLRD,New York,7258,28.9
4681,2017,"Intentional self-harm (suicide) (*U03,X60-X84,Y87.0)",Suicide,Montana,311,28.9
4682,2014,Alzheimer's disease (G30),Alzheimer's disease,Oklahoma,1227,28.9
4683,2014,Cerebrovascular diseases (I60-I69),Stroke,New Hampshire,474,28.9
4684,2011,Alzheimer's disease (G30),Alzheimer's disease,Georgia,2218,28.9
4685,2011,Alzheimer's disease (G30),Alzheimer's disease,Indiana,2058,28.9
4686,2007,Alzheimer's disease (G30),Alzheimer's disease,Mississippi,797,28.9
4687,2004,Diabetes mellitus (E10-E14),Diabetes,Michigan,2953,28.9
4688,2000,Influenza and pneumonia (J09-J18),Influenza and pneumonia,Massachusetts,2078,28.9
4689,2011,Alzheimer's disease (G30),Alzheimer's disease,Colorado,1307,29.0
4690,2008,"Accidents (unintentional injuries) (V01-X59,Y85-Y86)",Unintentional injuries,Massachusetts,2040,29.0
4691,2007,Diabetes mellitus (E10-E14),Diabetes,Ohio,3722,29.0
4692,2006,"Accidents (unintentional injuries) (V01-X59,Y85-Y86)",Unintentional injuries,New Jersey,2590,29.0
4693,2006,Alzheimer's disease (G30),Alzheimer's disease,Idaho,400,29.0
4694,2002,Alzheimer's disease (G30),Alzheimer's disease,Colorado,954,29.0
4695,2014,Chronic lower respiratory diseases (J40-J47),CLRD,New York,6806,29.1
4696,2014,Diabetes mellitus (E10-E14),Diabetes,Oklahoma,1261,29.1
4697,2003,Diabetes mellitus (E10-E14),Diabetes,North Carolina,2388,29.1
4698,2000,Diabetes mellitus (E10-E14),Diabetes,New Mexico,485,29.1
4699,2016,Cerebrovascular diseases (I60-I69),Stroke,Vermont,247,29.2
4700,2014,"Accidents (unintentional injuries) (V01-X59,Y85-Y86)",Unintentional injuries,California,11804,29.2
4701,2013,"Accidents (unintentional injuries) (V01-X59,Y85-Y86)",Unintentional injuries,California,11538,29.2
4702,2009,Alzheimer's disease (G30),Alzheimer's disease,North Carolina,2646,29.2
4703,2006,Alzheimer's disease (G30),Alzheimer's disease,Maine,477,29.2
4704,2012,Cerebrovascular diseases (I60-I69),Stroke,New Hampshire,457,29.3
4705,2011,Alzheimer's disease (G30),Alzheimer's disease,North Carolina,2828,29.3
4706,2009,"Accidents (unintentional injuries) (V01-X59,Y85-Y86)",Unintentional injuries,Massachusetts,2076,29.3
4707,2009,Diabetes mellitus (E10-E14),Diabetes,Kentucky,1348,29.3
4708,2008,Alzheimer's disease (G30),Alzheimer's disease,Indiana,1971,29.3
4709,2005,Diabetes mellitus (E10-E14),Diabetes,Oregon,1149,29.3
4710,2004,Alzheimer's disease (G30),Alzheimer's disease,Tennessee,1615,29.3
4711,2004,Diabetes mellitus (E10-E14),Diabetes,Ohio,3615,29.3
4712,2000,Diabetes mellitus (E10-E14),Diabetes,Alabama,1321,29.3
4713,1999,"Accidents (unintentional injuries) (V01-X59,Y85-Y86)",Unintentional injuries,Connecticut,1034,29.3
4714,1999,Diabetes mellitus (E10-E14),Diabetes,Vermont,179,29.3
4715,2017,Cerebrovascular diseases (I60-I69),Stroke,Rhode Island,425,29.4
4716,2015,Alzheimer's disease (G30),Alzheimer's disease,United States,110561,29.4
4717,2014,Alzheimer's disease (G30),Alzheimer's disease,Indiana,2204,29.4
4718,2014,Chronic lower respiratory diseases (J40-J47),CLRD,Maryland,1909,29.4
4719,2011,"Accidents (unintentional injuries) (V01-X59,Y85-Y86)",Unintentional injuries,District of Columbia,185,29.4
4720,2011,Cerebrovascular diseases (I60-I69),Stroke,Rhode Island,404,29.4
4721,2011,Cerebrovascular diseases (I60-I69),Stroke,Vermont,227,29.4
4722,2010,Cerebrovascular diseases (I60-I69),Stroke,Connecticut,1349,29.4
4723,2010,Chronic lower respiratory diseases (J40-J47),CLRD,Connecticut,1289,29.4
4724,2009,"Accidents (unintentional injuries) (V01-X59,Y85-Y86)",Unintentional injuries,California,10860,29.4
4725,2007,Alzheimer's disease (G30),Alzheimer's disease,Idaho,416,29.4
4726,2006,Alzheimer's disease (G30),Alzheimer's disease,Oregon,1231,29.4
4727,2005,Influenza and pneumonia (J09-J18),Influenza and pneumonia,Arkansas,886,29.4
4728,2002,Influenza and pneumonia (J09-J18),Influenza and pneumonia,Wyoming,135,29.4
4729,2001,Diabetes mellitus (E10-E14),Diabetes,Maryland,1458,29.4
4730,2000,Influenza and pneumonia (J09-J18),Influenza and pneumonia,Georgia,1792,29.4
4731,2009,Chronic lower respiratory diseases (J40-J47),CLRD,Utah,581,29.5
4732,2008,"Accidents (unintentional injuries) (V01-X59,Y85-Y86)",Unintentional injuries,California,10761,29.5
4733,2008,Alzheimer's disease (G30),Alzheimer's disease,California,10098,29.5
4734,2007,Alzheimer's disease (G30),Alzheimer's disease,New Hampshire,418,29.5
4735,2005,Alzheimer's disease (G30),Alzheimer's disease,Colorado,1064,29.5
4736,2002,Diabetes mellitus (E10-E14),Diabetes,Oklahoma,1064,29.5
4737,2001,"Accidents (unintentional injuries) (V01-X59,Y85-Y86)",Unintentional injuries,Connecticut,1056,29.5
4738,2001,Influenza and pneumonia (J09-J18),Influenza and pneumonia,Tennessee,1617,29.5
4739,2000,Influenza and pneumonia (J09-J18),Influenza and pneumonia,California,8324,29.5
4740,2017,Influenza and pneumonia (J09-J18),Influenza and pneumonia,Hawaii,637,29.6
4741,2016,Alzheimer's disease (G30),Alzheimer's disease,Maine,577,29.6
4742,2016,Alzheimer's disease (G30),Alzheimer's disease,Wisconsin,2256,29.6
4743,2015,Chronic lower respiratory diseases (J40-J47),CLRD,New Jersey,3202,29.6
4744,2014,Alzheimer's disease (G30),Alzheimer's disease,Iowa,1313,29.6
4745,2012,"Intentional self-harm (suicide) (*U03,X60-X84,Y87.0)",Suicide,Wyoming,171,29.6
4746,2010,"Accidents (unintentional injuries) (V01-X59,Y85-Y86)",Unintentional injuries,Hawaii,432,29.6
4747,2010,Alzheimer's disease (G30),Alzheimer's disease,Arkansas,955,29.6
4748,2006,Diabetes mellitus (E10-E14),Diabetes,Ohio,3761,29.6
4749,2004,"Accidents (unintentional injuries) (V01-X59,Y85-Y86)",Unintentional injuries,Hawaii,390,29.6
4750,2002,Alzheimer's disease (G30),Alzheimer's disease,Oregon,1124,29.6
4751,2001,Diabetes mellitus (E10-E14),Diabetes,Alabama,1344,29.6
4752,1999,Alzheimer's disease (G30),Alzheimer's disease,Maine,429,29.6
4753,1999,Diabetes mellitus (E10-E14),Diabetes,South Carolina,1118,29.6
4754,2015,"Accidents (unintentional injuries) (V01-X59,Y85-Y86)",Unintentional injuries,Maryland,1903,29.7
4755,2015,Chronic lower respiratory diseases (J40-J47),CLRD,Connecticut,1369,29.7
4756,2013,Chronic lower respiratory diseases (J40-J47),CLRD,Connecticut,1348,29.7
4757,2011,Alzheimer's disease (G30),Alzheimer's disease,Alabama,1486,29.7
4758,2011,Diabetes mellitus (E10-E14),Diabetes,Oklahoma,1221,29.7
4759,2010,Alzheimer's disease (G30),Alzheimer's disease,Ohio,4109,29.7
4760,2009,Cerebrovascular diseases (I60-I69),Stroke,Vermont,221,29.7
4761,2009,Diabetes mellitus (E10-E14),Diabetes,Mississippi,900,29.7
4762,2008,Alzheimer's disease (G30),Alzheimer's disease,West Virginia,662,29.7
4763,2005,Diabetes mellitus (E10-E14),Diabetes,Texas,5605,29.7
4764,2004,Chronic lower respiratory diseases (J40-J47),CLRD,District of Columbia,165,29.7
4765,2004,Diabetes mellitus (E10-E14),Diabetes,Texas,5435,29.7
4766,2001,Diabetes mellitus (E10-E14),Diabetes,Oklahoma,1065,29.7
4767,1999,Influenza and pneumonia (J09-J18),Influenza and pneumonia,Tennessee,1588,29.7
4768,2016,Cerebrovascular diseases (I60-I69),Stroke,Arizona,2556,29.8
4769,2012,"Accidents (unintentional injuries) (V01-X59,Y85-Y86)",Unintentional injuries,Massachusetts,2195,29.8
4770,2010,Diabetes mellitus (E10-E14),Diabetes,New Mexico,643,29.8
4771,2008,Alzheimer's disease (G30),Alzheimer's disease,North Carolina,2624,29.8
4772,2008,Alzheimer's disease (G30),Alzheimer's disease,Oregon,1302,29.8
4773,2008,Alzheimer's disease (G30),Alzheimer's disease,Vermont,218,29.8
4774,2007,Diabetes mellitus (E10-E14),Diabetes,Oklahoma,1148,29.8
4775,2006,Diabetes mellitus (E10-E14),Diabetes,Alabama,1453,29.8
4776,2003,Alzheimer's disease (G30),Alzheimer's disease,Oregon,1157,29.8
4777,2002,"Accidents (unintentional injuries) (V01-X59,Y85-Y86)",Unintentional injuries,New Jersey,2599,29.8
4778,2002,Influenza and pneumonia (J09-J18),Influenza and pneumonia,Mississippi,801,29.8
4779,2001,"Accidents (unintentional injuries) (V01-X59,Y85-Y86)",Unintentional injuries,Hawaii,372,29.8
4780,2000,Influenza and pneumonia (J09-J18),Influenza and pneumonia,Mississippi,809,29.8
4781,1999,Alzheimer's disease (G30),Alzheimer's disease,Washington,1577,29.8
4782,1999,Diabetes mellitus (E10-E14),Diabetes,Maryland,1422,29.8
4783,1999,Diabetes mellitus (E10-E14),Diabetes,Wyoming,135,29.8
4784,1999,Influenza and pneumonia (J09-J18),Influenza and pneumonia,Mississippi,801,29.8
4785,2017,Chronic lower respiratory diseases (J40-J47),CLRD,Maryland,2079,29.9
4786,2015,Alzheimer's disease (G30),Alzheimer's disease,Iowa,1339,29.9
4787,2015,Chronic lower respiratory diseases (J40-J47),CLRD,New York,7109,29.9
4788,2013,Diabetes mellitus (E10-E14),Diabetes,Oklahoma,1269,29.9
4789,2012,Cerebrovascular diseases (I60-I69),Stroke,Arizona,2164,29.9
4790,2009,Alzheimer's disease (G30),Alzheimer's disease,Iowa,1265,29.9
4791,2005,Alzheimer's disease (G30),Alzheimer's disease,Maine,476,29.9
4792,2005,Diabetes mellitus (E10-E14),Diabetes,Alabama,1429,29.9
4793,2003,Diabetes mellitus (E10-E14),Diabetes,Arkansas,884,29.9
4794,2000,Influenza and pneumonia (J09-J18),Influenza and pneumonia,Kentucky,1157,29.9
4795,1999,Chronic lower respiratory diseases (J40-J47),CLRD,District of Columbia,166,29.9
4796,1999,Diabetes mellitus (E10-E14),Diabetes,Texas,4931,29.9
4797,2016,Alzheimer's disease (G30),Alzheimer's disease,Missouri,2302,30.0
4798,2015,Alzheimer's disease (G30),Alzheimer's disease,West Virginia,738,30.0
4799,2014,Alzheimer's disease (G30),Alzheimer's disease,Texas,6772,30.0
4800,2013,Alzheimer's disease (G30),Alzheimer's disease,California,11891,30.0
4801,2013,Cerebrovascular diseases (I60-I69),Stroke,New Mexico,689,30.0
4802,2012,Alzheimer's disease (G30),Alzheimer's disease,Arizona,2160,30.0
4803,2012,Alzheimer's disease (G30),Alzheimer's disease,California,11649,30.0
4804,2008,Alzheimer's disease (G30),Alzheimer's disease,Missouri,2010,30.0
4805,2003,Alzheimer's disease (G30),Alzheimer's disease,Louisiana,1184,30.0
4806,1999,Diabetes mellitus (E10-E14),Diabetes,Alabama,1341,30.0
4807,1999,Influenza and pneumonia (J09-J18),Influenza and pneumonia,Wyoming,130,30.0
4808,2015,Alzheimer's disease (G30),Alzheimer's disease,Michigan,3771,30.1
4809,2014,"Accidents (unintentional injuries) (V01-X59,Y85-Y86)",Unintentional injuries,Hawaii,476,30.1
4810,2013,"Accidents (unintentional injuries) (V01-X59,Y85-Y86)",Unintentional injuries,Hawaii,467,30.1
4811,2013,Alzheimer's disease (G30),Alzheimer's disease,Mississippi,925,30.1
4812,2013,Cerebrovascular diseases (I60-I69),Stroke,District of Columbia,187,30.1
4813,2012,"Accidents (unintentional injuries) (V01-X59,Y85-Y86)",Unintentional injuries,Hawaii,458,30.1
4814,2010,Alzheimer's disease (G30),Alzheimer's disease,California,10856,30.1
4815,2002,"Accidents (unintentional injuries) (V01-X59,Y85-Y86)",Unintentional injuries,California,10107,30.1
4816,2002,Diabetes mellitus (E10-E14),Diabetes,Maryland,1519,30.1
4817,2017,Cerebrovascular diseases (I60-I69),Stroke,New Jersey,3474,30.2
4818,2015,"Accidents (unintentional injuries) (V01-X59,Y85-Y86)",Unintentional injuries,New York,6515,30.2
4819,2014,Cerebrovascular diseases (I60-I69),Stroke,Wyoming,189,30.2
4820,2014,Chronic lower respiratory diseases (J40-J47),CLRD,Connecticut,1368,30.2
4821,2011,Cerebrovascular diseases (I60-I69),Stroke,Massachusetts,2466,30.2
4822,2011,Chronic lower respiratory diseases (J40-J47),CLRD,Utah,647,30.2
4823,2009,"Accidents (unintentional injuries) (V01-X59,Y85-Y86)",Unintentional injuries,Hawaii,436,30.2
4824,2003,"Accidents (unintentional injuries) (V01-X59,Y85-Y86)",Unintentional injuries,Connecticut,1112,30.2
4825,2003,Alzheimer's disease (G30),Alzheimer's disease,Maine,467,30.2
4826,2016,Alzheimer's disease (G30),Alzheimer's disease,United States,116103,30.3
4827,2012,Cerebrovascular diseases (I60-I69),Stroke,New Mexico,677,30.3
4828,2010,Alzheimer's disease (G30),Alzheimer's disease,North Carolina,2817,30.3
4829,2010,Diabetes mellitus (E10-E14),Diabetes,Mississippi,926,30.3
4830,2008,Diabetes mellitus (E10-E14),Diabetes,Louisiana,1332,30.3
4831,2005,"Accidents (unintentional injuries) (V01-X59,Y85-Y86)",Unintentional injuries,Connecticut,1134,30.3
4832,2005,Diabetes mellitus (E10-E14),Diabetes,Tennessee,1844,30.3
4833,2001,"Accidents (unintentional injuries) (V01-X59,Y85-Y86)",Unintentional injuries,New Hampshire,374,30.3
4834,2017,Alzheimer's disease (G30),Alzheimer's disease,Maine,601,30.4
4835,2017,Chronic lower respiratory diseases (J40-J47),CLRD,Connecticut,1471,30.4
4836,2016,Cerebrovascular diseases (I60-I69),Stroke,New Jersey,3401,30.4
4837,2014,Diabetes mellitus (E10-E14),Diabetes,Mississippi,1015,30.4
4838,2011,Alzheimer's disease (G30),Alzheimer's disease,Arkansas,1002,30.4
4839,2010,"Accidents (unintentional injuries) (V01-X59,Y85-Y86)",Unintentional injuries,Illinois,3997,30.4
4840,2009,"Accidents (unintentional injuries) (V01-X59,Y85-Y86)",Unintentional injuries,Illinois,3961,30.4
4841,2006,Cerebrovascular diseases (I60-I69),Stroke,New York,6398,30.4
4842,2003,Diabetes mellitus (E10-E14),Diabetes,Alabama,1414,30.4
4843,2003,Diabetes mellitus (E10-E14),Diabetes,Oklahoma,1104,30.4
4844,2016,Chronic lower respiratory diseases (J40-J47),CLRD,Connecticut,1425,30.5
4845,2016,Chronic lower respiratory diseases (J40-J47),CLRD,Maryland,2072,30.5
4846,2014,Alzheimer's disease (G30),Alzheimer's disease,North Carolina,3246,30.5
4847,2012,Alzheimer's disease (G30),Alzheimer's disease,Iowa,1336,30.5
4848,2012,Diabetes mellitus (E10-E14),Diabetes,West Virginia,741,30.5
4849,2006,Chronic lower respiratory diseases (J40-J47),CLRD,New Jersey,2862,30.5
4850,2006,Chronic lower respiratory diseases (J40-J47),CLRD,New York,6329,30.5
4851,2005,Alzheimer's disease (G30),Alzheimer's disease,North Carolina,2417,30.5
4852,2005,Alzheimer's disease (G30),Alzheimer's disease,Oregon,1239,30.5
4853,2005,Diabetes mellitus (E10-E14),Diabetes,Ohio,3794,30.5
4854,2002,Diabetes mellitus (E10-E14),Diabetes,Tennessee,1749,30.5
4855,2002,Diabetes mellitus (E10-E14),Diabetes,Wyoming,145,30.5
4856,2000,"Accidents (unintentional injuries) (V01-X59,Y85-Y86)",Unintentional injuries,Ohio,3492,30.5
4857,2017,Alzheimer's disease (G30),Alzheimer's disease,Delaware,377,30.6
4858,2017,Alzheimer's disease (G30),Alzheimer's disease,West Virginia,770,30.6
4859,2017,Diabetes mellitus (E10-E14),Diabetes,Oklahoma,1398,30.6
4860,2015,"Accidents (unintentional injuries) (V01-X59,Y85-Y86)",Unintentional injuries,California,12544,30.6
4861,2013,Cerebrovascular diseases (I60-I69),Stroke,Florida,8698,30.6
4862,2012,Cerebrovascular diseases (I60-I69),Stroke,Rhode Island,433,30.6
4863,2012,Chronic lower respiratory diseases (J40-J47),CLRD,Utah,663,30.6
4864,2011,Cerebrovascular diseases (I60-I69),Stroke,Arizona,2148,30.6
4865,2006,Diabetes mellitus (E10-E14),Diabetes,New Mexico,606,30.6
4866,2006,Diabetes mellitus (E10-E14),Diabetes,Oklahoma,1166,30.6
4867,2003,Diabetes mellitus (E10-E14),Diabetes,Ohio,3731,30.6
4868,2015,Cerebrovascular diseases (I60-I69),Stroke,Arizona,2522,30.7
4869,2015,Chronic lower respiratory diseases (J40-J47),CLRD,Maryland,2040,30.7
4870,2013,Chronic lower respiratory diseases (J40-J47),CLRD,New York,7110,30.7
4871,2012,Alzheimer's disease (G30),Alzheimer's disease,Mississippi,923,30.7
4872,2012,Cerebrovascular diseases (I60-I69),Stroke,Florida,8456,30.7
4873,2011,"Accidents (unintentional injuries) (V01-X59,Y85-Y86)",Unintentional injuries,Massachusetts,2224,30.7
4874,2011,Alzheimer's disease (G30),Alzheimer's disease,California,11555,30.7
4875,2005,Alzheimer's disease (G30),Alzheimer's disease,Idaho,407,30.7
4876,2003,"Accidents (unintentional injuries) (V01-X59,Y85-Y86)",Unintentional injuries,California,10471,30.7
4877,2001,Diabetes mellitus (E10-E14),Diabetes,Tennessee,1746,30.7
4878,2017,Cerebrovascular diseases (I60-I69),Stroke,Arizona,2681,30.8
4879,2016,Diabetes mellitus (E10-E14),Diabetes,Oklahoma,1393,30.8
4880,2010,Alzheimer's disease (G30),Alzheimer's disease,Louisiana,1295,30.8
4881,2010,Alzheimer's disease (G30),Alzheimer's disease,Vermont,238,30.8
4882,2004,"Accidents (unintentional injuries) (V01-X59,Y85-Y86)",Unintentional injuries,California,10633,30.8
4883,2004,Diabetes mellitus (E10-E14),Diabetes,Alabama,1449,30.8
4884,2003,Influenza and pneumonia (J09-J18),Influenza and pneumonia,Wyoming,145,30.8
4885,2014,"Accidents (unintentional injuries) (V01-X59,Y85-Y86)",Unintentional injuries,New Jersey,2970,30.9
4886,2014,Alzheimer's disease (G30),Alzheimer's disease,California,12644,30.9
4887,2012,Chronic lower respiratory diseases (J40-J47),CLRD,Connecticut,1387,30.9
4888,2004,Diabetes mellitus (E10-E14),Diabetes,Oklahoma,1139,30.9
4889,2003,Alzheimer's disease (G30),Alzheimer's disease,Wyoming,142,30.9
4890,2002,"Accidents (unintentional injuries) (V01-X59,Y85-Y86)",Unintentional injuries,Hawaii,393,30.9
4891,2000,"Accidents (unintentional injuries) (V01-X59,Y85-Y86)",Unintentional injuries,Maine,407,30.9
4892,2000,Influenza and pneumonia (J09-J18),Influenza and pneumonia,Tennessee,1672,30.9
4893,2017,Alzheimer's disease (G30),Alzheimer's disease,United States,121404,31.0
4894,2007,"Accidents (unintentional injuries) (V01-X59,Y85-Y86)",Unintentional injuries,Massachusetts,2139,31.0
4895,2006,Alzheimer's disease (G30),Alzheimer's disease,South Dakota,329,31.0
4896,2005,Diabetes mellitus (E10-E14),Diabetes,Utah,541,31.0
4897,2002,Influenza and pneumonia (J09-J18),Influenza and pneumonia,Tennessee,1710,31.0
4898,2000,Influenza and pneumonia (J09-J18),Influenza and pneumonia,Delaware,229,31.0
4899,2015,Alzheimer's disease (G30),Alzheimer's disease,Ohio,4643,31.1
4900,2015,Cerebrovascular diseases (I60-I69),Stroke,New Jersey,3413,31.1
4901,2013,Chronic lower respiratory diseases (J40-J47),CLRD,New Jersey,3245,31.1
4902,2012,Chronic lower respiratory diseases (J40-J47),CLRD,New York,7034,31.1
4903,2010,Alzheimer's disease (G30),Alzheimer's disease,Colorado,1334,31.1
4904,2010,Chronic lower respiratory diseases (J40-J47),CLRD,Massachusetts,2383,31.1
4905,2003,Influenza and pneumonia (J09-J18),Influenza and pneumonia,Arkansas,921,31.1
4906,2002,Diabetes mellitus (E10-E14),Diabetes,Kentucky,1265,31.1
4907,2000,Diabetes mellitus (E10-E14),Diabetes,Texas,5196,31.1
4908,2011,Chronic lower respiratory diseases (J40-J47),CLRD,New Jersey,3157,31.2
4909,2010,Alzheimer's disease (G30),Alzheimer's disease,Alabama,1523,31.2
4910,2006,Cerebrovascular diseases (I60-I69),Stroke,Rhode Island,421,31.2
4911,2016,Alzheimer's disease (G30),Alzheimer's disease,Iowa,1415,31.3
4912,2016,Chronic lower respiratory diseases (J40-J47),CLRD,Rhode Island,445,31.3
4913,2015,Alzheimer's disease (G30),Alzheimer's disease,Colorado,1612,31.3
4914,2012,"Accidents (unintentional injuries) (V01-X59,Y85-Y86)",Unintentional injuries,District of Columbia,194,31.3
4915,2010,Cerebrovascular diseases (I60-I69),Stroke,Massachusetts,2516,31.3
4916,2009,Alzheimer's disease (G30),Alzheimer's disease,Kentucky,1345,31.3
4917,2007,Chronic lower respiratory diseases (J40-J47),CLRD,New York,6561,31.3
4918,2001,Alzheimer's disease (G30),Alzheimer's disease,Maine,471,31.3
4919,2000,Chronic lower respiratory diseases (J40-J47),CLRD,District of Columbia,175,31.3
4920,2000,Diabetes mellitus (E10-E14),Diabetes,Maryland,1515,31.3
4921,1999,Influenza and pneumonia (J09-J18),Influenza and pneumonia,Kentucky,1198,31.3
4922,2016,Chronic lower respiratory diseases (J40-J47),CLRD,Massachusetts,2674,31.4
4923,2015,Cerebrovascular diseases (I60-I69),Stroke,Wyoming,198,31.4
4924,2014,Cerebrovascular diseases (I60-I69),Stroke,New Jersey,3419,31.4
4925,2014,Chronic lower respiratory diseases (J40-J47),CLRD,Massachusetts,2592,31.4
4926,2013,Alzheimer's disease (G30),Alzheimer's disease,Kentucky,1462,31.4
4927,2010,Cerebrovascular diseases (I60-I69),Stroke,Rhode Island,431,31.4
4928,2010,Chronic lower respiratory diseases (J40-J47),CLRD,New Jersey,3106,31.4
4929,2010,Chronic lower respiratory diseases (J40-J47),CLRD,New York,6847,31.4
4930,2009,Alzheimer's disease (G30),Alzheimer's disease,Colorado,1319,31.4
4931,2009,Cerebrovascular diseases (I60-I69),Stroke,Rhode Island,429,31.4
4932,2009,Chronic lower respiratory diseases (J40-J47),CLRD,New York,6740,31.4
4933,2007,Chronic lower respiratory diseases (J40-J47),CLRD,New Jersey,2991,31.4
4934,2005,Diabetes mellitus (E10-E14),Diabetes,New Mexico,595,31.4
4935,2004,Alzheimer's disease (G30),Alzheimer's disease,Alabama,1385,31.4
4936,2000,Diabetes mellitus (E10-E14),Diabetes,Ohio,3691,31.4
4937,1999,Diabetes mellitus (E10-E14),Diabetes,New Mexico,517,31.4
4938,1999,Diabetes mellitus (E10-E14),Diabetes,Ohio,3675,31.4
4939,1999,Diabetes mellitus (E10-E14),Diabetes,Utah,472,31.4
4940,2017,Cerebrovascular diseases (I60-I69),Stroke,Nebraska,760,31.5
4941,2011,Cerebrovascular diseases (I60-I69),Stroke,Florida,8411,31.5
4942,2011,Chronic lower respiratory diseases (J40-J47),CLRD,New York,6963,31.5
4943,2008,Alzheimer's disease (G30),Alzheimer's disease,Iowa,1332,31.5
4944,2005,Alzheimer's disease (G30),Alzheimer's disease,North Dakota,287,31.5
4945,2003,"Accidents (unintentional injuries) (V01-X59,Y85-Y86)",Unintentional injuries,Illinois,3942,31.5
4946,2003,"Accidents (unintentional injuries) (V01-X59,Y85-Y86)",Unintentional injuries,New Hampshire,405,31.5
4947,2003,Diabetes mellitus (E10-E14),Diabetes,Utah,520,31.5
4948,2002,Influenza and pneumonia (J09-J18),Influenza and pneumonia,Kentucky,1236,31.5
4949,2001,Diabetes mellitus (E10-E14),Diabetes,New Mexico,538,31.5
4950,2001,Diabetes mellitus (E10-E14),Diabetes,Ohio,3750,31.5
4951,2000,Diabetes mellitus (E10-E14),Diabetes,South Carolina,1206,31.5
4952,2017,Alzheimer's disease (G30),Alzheimer's disease,Wisconsin,2428,31.6
4953,2015,Alzheimer's disease (G30),Alzheimer's disease,Idaho,552,31.6
4954,2014,Alzheimer's disease (G30),Alzheimer's disease,Arizona,2485,31.6
4955,2012,Alzheimer's disease (G30),Alzheimer's disease,Louisiana,1399,31.6
4956,2011,"Accidents (unintentional injuries) (V01-X59,Y85-Y86)",Unintentional injuries,Illinois,4166,31.6
4957,2010,"Accidents (unintentional injuries) (V01-X59,Y85-Y86)",Unintentional injuries,Virginia,2527,31.6
4958,2009,Alzheimer's disease (G30),Alzheimer's disease,Alabama,1521,31.6
4959,2007,Chronic lower respiratory diseases (J40-J47),CLRD,Massachusetts,2332,31.6
4960,2006,"Accidents (unintentional injuries) (V01-X59,Y85-Y86)",Unintentional injuries,Utah,715,31.6
4961,2004,Alzheimer's disease (G30),Alzheimer's disease,Arizona,1675,31.6
4962,2004,Diabetes mellitus (E10-E14),Diabetes,Tennessee,1882,31.6
4963,2003,Diabetes mellitus (E10-E14),Diabetes,Kentucky,1296,31.6
4964,2003,Diabetes mellitus (E10-E14),Diabetes,Texas,5668,31.6
4965,2000,Alzheimer's disease (G30),Alzheimer's disease,Maine,466,31.6
4966,2016,Alzheimer's disease (G30),Alzheimer's disease,West Virginia,786,31.7
4967,2016,Cerebrovascular diseases (I60-I69),Stroke,Wyoming,208,31.7
4968,2015,Diabetes mellitus (E10-E14),Diabetes,West Virginia,784,31.7
4969,2014,Alzheimer's disease (G30),Alzheimer's disease,Georgia,2670,31.7
4970,2014,Cerebrovascular diseases (I60-I69),Stroke,Vermont,266,31.7
4971,2013,Alzheimer's disease (G30),Alzheimer's disease,Arizona,2383,31.7
4972,2013,Cerebrovascular diseases (I60-I69),Stroke,Vermont,260,31.7
4973,2013,Chronic lower respiratory diseases (J40-J47),CLRD,Massachusetts,2572,31.7
4974,2012,"Accidents (unintentional injuries) (V01-X59,Y85-Y86)",Unintentional injuries,New Jersey,2990,31.7
4975,2012,Chronic lower respiratory diseases (J40-J47),CLRD,Massachusetts,2520,31.7
4976,2012,Chronic lower respiratory diseases (J40-J47),CLRD,New Jersey,3271,31.7
4977,2009,Cerebrovascular diseases (I60-I69),Stroke,Arizona,2072,31.7
4978,2006,"Accidents (unintentional injuries) (V01-X59,Y85-Y86)",Unintentional injuries,Hawaii,441,31.7
4979,2005,"Accidents (unintentional injuries) (V01-X59,Y85-Y86)",Unintentional injuries,California,11129,31.7
4980,2005,Cerebrovascular diseases (I60-I69),Stroke,New York,6622,31.7
4981,2003,Diabetes mellitus (E10-E14),Diabetes,Tennessee,1855,31.7
4982,2016,Alzheimer's disease (G30),Alzheimer's disease,Minnesota,2219,31.8
4983,2013,"Accidents (unintentional injuries) (V01-X59,Y85-Y86)",Unintentional injuries,New Jersey,3028,31.8
4984,2009,Chronic lower respiratory diseases (J40-J47),CLRD,New Jersey,3125,31.8
4985,2004,Alzheimer's disease (G30),Alzheimer's disease,Oregon,1262,31.8
4986,2002,Diabetes mellitus (E10-E14),Diabetes,Utah,514,31.8
4987,1999,"Accidents (unintentional injuries) (V01-X59,Y85-Y86)",Unintentional injuries,Ohio,3630,31.8
4988,2016,Diabetes mellitus (E10-E14),Diabetes,Mississippi,1084,31.9
4989,2014,Alzheimer's disease (G30),Alzheimer's disease,Vermont,266,31.9
4990,2010,Cerebrovascular diseases (I60-I69),Stroke,Arizona,2138,31.9
4991,2004,Diabetes mellitus (E10-E14),Diabetes,New Mexico,590,31.9
4992,2003,"Accidents (unintentional injuries) (V01-X59,Y85-Y86)",Unintentional injuries,Hawaii,415,31.9
4993,2003,Chronic lower respiratory diseases (J40-J47),CLRD,New Jersey,2910,31.9
4994,2001,Diabetes mellitus (E10-E14),Diabetes,Texas,5456,31.9
4995,2016,"Accidents (unintentional injuries) (V01-X59,Y85-Y86)",Unintentional injuries,California,13213,32.0
4996,2014,Chronic lower respiratory diseases (J40-J47),CLRD,California,12780,32.0
4997,2013,Cerebrovascular diseases (I60-I69),Stroke,Colorado,1588,32.0
4998,2013,Cerebrovascular diseases (I60-I69),Stroke,Minnesota,2073,32.0
4999,2013,Chronic lower respiratory diseases (J40-J47),CLRD,Utah,718,32.0
5000,2011,Diabetes mellitus (E10-E14),Diabetes,Mississippi,996,32.0
5001,2009,Diabetes mellitus (E10-E14),Diabetes,West Virginia,746,32.0
5002,2008,Alzheimer's disease (G30),Alzheimer's disease,Ohio,4285,32.0
5003,2008,Cerebrovascular diseases (I60-I69),Stroke,Connecticut,1433,32.0
5004,2005,"Accidents (unintentional injuries) (V01-X59,Y85-Y86)",Unintentional injuries,Hawaii,436,32.0
5005,2004,Alzheimer's disease (G30),Alzheimer's disease,Louisiana,1267,32.0
5006,2002,Chronic lower respiratory diseases (J40-J47),CLRD,New Jersey,2885,32.0
5007,2002,Diabetes mellitus (E10-E14),Diabetes,Ohio,3846,32.0
5008,2017,Chronic lower respiratory diseases (J40-J47),CLRD,Utah,826,32.1
5009,2014,Alzheimer's disease (G30),Alzheimer's disease,Kentucky,1523,32.1
5010,2011,Chronic lower respiratory diseases (J40-J47),CLRD,Connecticut,1415,32.1
5011,2009,Alzheimer's disease (G30),Alzheimer's disease,Mississippi,900,32.1
5012,2008,Alzheimer's disease (G30),Alzheimer's disease,Alabama,1518,32.1
5013,2007,Alzheimer's disease (G30),Alzheimer's disease,South Dakota,346,32.1
5014,2006,"Accidents (unintentional injuries) (V01-X59,Y85-Y86)",Unintentional injuries,California,11375,32.1
5015,2017,Chronic lower respiratory diseases (J40-J47),CLRD,California,13881,32.2
5016,2015,"Accidents (unintentional injuries) (V01-X59,Y85-Y86)",Unintentional injuries,Hawaii,536,32.2
5017,2003,"Accidents (unintentional injuries) (V01-X59,Y85-Y86)",Unintentional injuries,Ohio,3757,32.2
5018,2001,Diabetes mellitus (E10-E14),Diabetes,Utah,509,32.2
5019,2017,Alzheimer's disease (G30),Alzheimer's disease,Missouri,2545,32.3
5020,2016,Cerebrovascular diseases (I60-I69),Stroke,Iowa,1388,32.3
5021,2014,Cerebrovascular diseases (I60-I69),Stroke,Alaska,157,32.3
5022,2012,Chronic lower respiratory diseases (J40-J47),CLRD,Maryland,1981,32.3
5023,2011,Cerebrovascular diseases (I60-I69),Stroke,New Hampshire,490,32.3
5024,2009,Alzheimer's disease (G30),Alzheimer's disease,Louisiana,1336,32.3
5025,2008,Alzheimer's disease (G30),Alzheimer's disease,Kentucky,1370,32.3
5026,2007,"Accidents (unintentional injuries) (V01-X59,Y85-Y86)",Unintentional injuries,California,11614,32.3
5027,2007,Chronic lower respiratory diseases (J40-J47),CLRD,Connecticut,1353,32.3
5028,2006,"Accidents (unintentional injuries) (V01-X59,Y85-Y86)",Unintentional injuries,Massachusetts,2214,32.3
5029,2002,Diabetes mellitus (E10-E14),Diabetes,Alabama,1486,32.3
5030,2002,Diabetes mellitus (E10-E14),Diabetes,Texas,5654,32.3
5031,2017,Diabetes mellitus (E10-E14),Diabetes,Arkansas,1180,32.4
5032,2015,Diabetes mellitus (E10-E14),Diabetes,Mississippi,1092,32.4
5033,2015,Diabetes mellitus (E10-E14),Diabetes,Oklahoma,1442,32.4
5034,2013,Alzheimer's disease (G30),Alzheimer's disease,South Carolina,1623,32.4
5035,2013,Cerebrovascular diseases (I60-I69),Stroke,New Jersey,3456,32.4
5036,2013,Cerebrovascular diseases (I60-I69),Stroke,North Dakota,306,32.4
5037,2011,Alzheimer's disease (G30),Alzheimer's disease,Iowa,1406,32.4
5038,2011,Alzheimer's disease (G30),Alzheimer's disease,Louisiana,1406,32.4
5039,2009,Cerebrovascular diseases (I60-I69),Stroke,Connecticut,1460,32.4
5040,2003,Diabetes mellitus (E10-E14),Diabetes,District of Columbia,179,32.4
5041,2017,Chronic lower respiratory diseases (J40-J47),CLRD,Massachusetts,2842,32.5
5042,2016,Cerebrovascular diseases (I60-I69),Stroke,Minnesota,2197,32.5
5043,2016,Cerebrovascular diseases (I60-I69),Stroke,Montana,440,32.5
5044,2015,Cerebrovascular diseases (I60-I69),Stroke,New Mexico,786,32.5
5045,2013,"Accidents (unintentional injuries) (V01-X59,Y85-Y86)",Unintentional injuries,Massachusetts,2393,32.5
5046,2013,Chronic lower respiratory diseases (J40-J47),CLRD,Maryland,2051,32.5
5047,2011,Alzheimer's disease (G30),Alzheimer's disease,Kentucky,1459,32.5
5048,2011,Alzheimer's disease (G30),Alzheimer's disease,Vermont,257,32.5
5049,2009,Cerebrovascular diseases (I60-I69),Stroke,Massachusetts,2579,32.5
5050,2007,Chronic lower respiratory diseases (J40-J47),CLRD,Minnesota,1758,32.5
5051,2007,Chronic lower respiratory diseases (J40-J47),CLRD,Rhode Island,421,32.5
5052,2003,Influenza and pneumonia (J09-J18),Influenza and pneumonia,Tennessee,1814,32.5
5053,2002,"Accidents (unintentional injuries) (V01-X59,Y85-Y86)",Unintentional injuries,Connecticut,1182,32.5
5054,2001,"Accidents (unintentional injuries) (V01-X59,Y85-Y86)",Unintentional injuries,Iowa,1051,32.5
5055,2001,"Accidents (unintentional injuries) (V01-X59,Y85-Y86)",Unintentional injuries,Utah,643,32.5
5056,2017,Cerebrovascular diseases (I60-I69),Stroke,Minnesota,2250,32.6
5057,2016,Chronic lower respiratory diseases (J40-J47),CLRD,California,13710,32.6
5058,2015,Cerebrovascular diseases (I60-I69),Stroke,Maine,616,32.6
5059,2014,Chronic lower respiratory diseases (J40-J47),CLRD,Utah,757,32.6
5060,2012,Cerebrovascular diseases (I60-I69),Stroke,Colorado,1576,32.6
5061,2012,Diabetes mellitus (E10-E14),Diabetes,Mississippi,1050,32.6
5062,2010,Alzheimer's disease (G30),Alzheimer's disease,Mississippi,927,32.6
5063,2009,Cerebrovascular diseases (I60-I69),Stroke,New Jersey,3265,32.6
5064,2008,"Accidents (unintentional injuries) (V01-X59,Y85-Y86)",Unintentional injuries,Illinois,4218,32.6
5065,2008,Chronic lower respiratory diseases (J40-J47),CLRD,New York,6919,32.6
5066,2007,Alzheimer's disease (G30),Alzheimer's disease,Alabama,1517,32.6
5067,2005,Diabetes mellitus (E10-E14),Diabetes,Oklahoma,1217,32.6
5068,2001,Chronic lower respiratory diseases (J40-J47),CLRD,New Jersey,2911,32.6
5069,2017,Alzheimer's disease (G30),Alzheimer's disease,Wyoming,212,32.7
5070,2016,Cerebrovascular diseases (I60-I69),Stroke,North Dakota,311,32.7
5071,2012,Cerebrovascular diseases (I60-I69),Stroke,New Jersey,3440,32.7
5072,2010,Cerebrovascular diseases (I60-I69),Stroke,District of Columbia,196,32.7
5073,2009,Alzheimer's disease (G30),Alzheimer's disease,Arizona,2097,32.7
5074,2008,Diabetes mellitus (E10-E14),Diabetes,West Virginia,753,32.7
5075,2007,Chronic lower respiratory diseases (J40-J47),CLRD,North Dakota,265,32.7
5076,2006,Alzheimer's disease (G30),Alzheimer's disease,Alabama,1497,32.7
5077,2004,Alzheimer's disease (G30),Alzheimer's disease,Maine,512,32.7
5078,2017,Cerebrovascular diseases (I60-I69),Stroke,Iowa,1416,32.8
5079,2010,Cerebrovascular diseases (I60-I69),Stroke,Florida,8432,32.8
5080,2004,"Accidents (unintentional injuries) (V01-X59,Y85-Y86)",Unintentional injuries,Illinois,4133,32.8
5081,2004,"Accidents (unintentional injuries) (V01-X59,Y85-Y86)",Unintentional injuries,Michigan,3312,32.8
5082,2001,"Accidents (unintentional injuries) (V01-X59,Y85-Y86)",Unintentional injuries,Illinois,4077,32.8
5083,2000,"Accidents (unintentional injuries) (V01-X59,Y85-Y86)",Unintentional injuries,Connecticut,1175,32.8
5084,2000,"Accidents (unintentional injuries) (V01-X59,Y85-Y86)",Unintentional injuries,Illinois,4041,32.8
5085,1999,"Accidents (unintentional injuries) (V01-X59,Y85-Y86)",Unintentional injuries,Michigan,3188,32.8
5086,2015,Alzheimer's disease (G30),Alzheimer's disease,Nevada,874,32.9
5087,2013,Alzheimer's disease (G30),Alzheimer's disease,Louisiana,1505,32.9
5088,2013,Alzheimer's disease (G30),Alzheimer's disease,Vermont,269,32.9
5089,2013,Diabetes mellitus (E10-E14),Diabetes,Mississippi,1071,32.9
5090,2011,Cerebrovascular diseases (I60-I69),Stroke,New Jersey,3418,32.9
5091,2010,Alzheimer's disease (G30),Alzheimer's disease,Iowa,1411,32.9
5092,2010,Diabetes mellitus (E10-E14),Diabetes,West Virginia,776,32.9
5093,2008,Alzheimer's disease (G30),Alzheimer's disease,Mississippi,916,32.9
5094,2006,Alzheimer's disease (G30),Alzheimer's disease,Louisiana,1282,32.9
5095,2006,Chronic lower respiratory diseases (J40-J47),CLRD,Utah,591,32.9
5096,2003,Alzheimer's disease (G30),Alzheimer's disease,Arizona,1703,32.9
5097,2000,"Accidents (unintentional injuries) (V01-X59,Y85-Y86)",Unintentional injuries,Michigan,3220,32.9
5098,2015,Alzheimer's disease (G30),Alzheimer's disease,Oregon,1652,33.0
5099,2015,Chronic lower respiratory diseases (J40-J47),CLRD,Massachusetts,2784,33.0
5100,2014,Cerebrovascular diseases (I60-I69),Stroke,Florida,9770,33.0
5101,2012,Alzheimer's disease (G30),Alzheimer's disease,Kentucky,1506,33.0
5102,2012,Cerebrovascular diseases (I60-I69),Stroke,Minnesota,2081,33.0
5103,2009,"Accidents (unintentional injuries) (V01-X59,Y85-Y86)",Unintentional injuries,Connecticut,1293,33.0
5104,2006,Diabetes mellitus (E10-E14),Diabetes,District of Columbia,184,33.0
5105,2006,Diabetes mellitus (E10-E14),Diabetes,West Virginia,743,33.0
5106,2005,"Accidents (unintentional injuries) (V01-X59,Y85-Y86)",Unintentional injuries,Illinois,4182,33.0
5107,2005,Alzheimer's disease (G30),Alzheimer's disease,Arizona,1831,33.0
5108,2004,Chronic lower respiratory diseases (J40-J47),CLRD,New Jersey,3031,33.0
5109,2003,"Accidents (unintentional injuries) (V01-X59,Y85-Y86)",Unintentional injuries,Michigan,3324,33.0
5110,2002,"Accidents (unintentional injuries) (V01-X59,Y85-Y86)",Unintentional injuries,Michigan,3285,33.0
5111,2002,Diabetes mellitus (E10-E14),Diabetes,New Mexico,582,33.0
5112,2015,Alzheimer's disease (G30),Alzheimer's disease,Indiana,2513,33.1
5113,2015,Chronic lower respiratory diseases (J40-J47),CLRD,California,13621,33.1
5114,2014,"Accidents (unintentional injuries) (V01-X59,Y85-Y86)",Unintentional injuries,District of Columbia,217,33.1
5115,2012,Cerebrovascular diseases (I60-I69),Stroke,Montana,415,33.1
5116,2011,Alzheimer's disease (G30),Alzheimer's disease,South Carolina,1560,33.1
5117,2009,"Accidents (unintentional injuries) (V01-X59,Y85-Y86)",Unintentional injuries,Ohio,4012,33.1
5118,2008,Alzheimer's disease (G30),Alzheimer's disease,North Dakota,312,33.1
5119,2008,Cerebrovascular diseases (I60-I69),Stroke,New Jersey,3264,33.1
5120,2017,"Accidents (unintentional injuries) (V01-X59,Y85-Y86)",Unintentional injuries,California,13840,33.2
5121,2016,Cerebrovascular diseases (I60-I69),Stroke,Nebraska,787,33.2
5122,2015,Cerebrovascular diseases (I60-I69),Stroke,Iowa,1418,33.2
5123,2015,Cerebrovascular diseases (I60-I69),Stroke,South Dakota,383,33.2
5124,2014,Cerebrovascular diseases (I60-I69),Stroke,Maine,628,33.2
5125,2010,Chronic lower respiratory diseases (J40-J47),CLRD,Utah,671,33.2
5126,2009,Cerebrovascular diseases (I60-I69),Stroke,Florida,8395,33.2
5127,2007,Chronic lower respiratory diseases (J40-J47),CLRD,Utah,617,33.2
5128,2007,Diabetes mellitus (E10-E14),Diabetes,New Mexico,673,33.2
5129,2006,Chronic lower respiratory diseases (J40-J47),CLRD,Minnesota,1770,33.2
5130,2005,Chronic lower respiratory diseases (J40-J47),CLRD,New York,6818,33.2
5131,2003,Diabetes mellitus (E10-E14),Diabetes,New Mexico,599,33.2
5132,1999,"Accidents (unintentional injuries) (V01-X59,Y85-Y86)",Unintentional injuries,Virginia,2214,33.2
5133,2017,Diabetes mellitus (E10-E14),Diabetes,Mississippi,1164,33.3
5134,2016,Cerebrovascular diseases (I60-I69),Stroke,Wisconsin,2481,33.3
5135,2014,Diabetes mellitus (E10-E14),Diabetes,West Virginia,818,33.3
5136,2013,Cerebrovascular diseases (I60-I69),Stroke,Nevada,905,33.3
5137,2011,"Accidents (unintentional injuries) (V01-X59,Y85-Y86)",Unintentional injuries,Connecticut,1339,33.3
5138,2011,Diabetes mellitus (E10-E14),Diabetes,West Virginia,790,33.3
5139,2010,Cerebrovascular diseases (I60-I69),Stroke,Nevada,796,33.3
5140,2009,"Accidents (unintentional injuries) (V01-X59,Y85-Y86)",Unintentional injuries,Virginia,2622,33.3
5141,2008,Chronic lower respiratory diseases (J40-J47),CLRD,Utah,638,33.3
5142,2007,Alzheimer's disease (G30),Alzheimer's disease,Louisiana,1324,33.3
5143,2004,Alzheimer's disease (G30),Alzheimer's disease,South Carolina,1245,33.3
5144,2003,Chronic lower respiratory diseases (J40-J47),CLRD,New York,6709,33.3
5145,2001,"Accidents (unintentional injuries) (V01-X59,Y85-Y86)",Unintentional injuries,Michigan,3291,33.3
5146,1999,"Accidents (unintentional injuries) (V01-X59,Y85-Y86)",Unintentional injuries,Washington,1914,33.3
5147,2016,Alzheimer's disease (G30),Alzheimer's disease,Ohio,5031,33.4
5148,2015,Cerebrovascular diseases (I60-I69),Stroke,Nebraska,776,33.4
5149,2015,Cerebrovascular diseases (I60-I69),Stroke,North Dakota,308,33.4
5150,2014,Cerebrovascular diseases (I60-I69),Stroke,Colorado,1714,33.4
5151,2013,Cerebrovascular diseases (I60-I69),Stroke,Maine,620,33.4
5152,2010,Cerebrovascular diseases (I60-I69),Stroke,New Jersey,3402,33.4
5153,2009,Alzheimer's disease (G30),Alzheimer's disease,South Carolina,1478,33.4
5154,2008,Alzheimer's disease (G30),Alzheimer's disease,Colorado,1353,33.4
5155,2008,Alzheimer's disease (G30),Alzheimer's disease,Louisiana,1361,33.4
5156,2007,"Accidents (unintentional injuries) (V01-X59,Y85-Y86)",Unintentional injuries,Hawaii,470,33.4
5157,2007,Cerebrovascular diseases (I60-I69),Stroke,Connecticut,1463,33.4
5158,2007,Cerebrovascular diseases (I60-I69),Stroke,Rhode Island,457,33.4
5159,2005,Alzheimer's disease (G30),Alzheimer's disease,Alabama,1501,33.4
5160,2004,"Accidents (unintentional injuries) (V01-X59,Y85-Y86)",Unintentional injuries,Iowa,1108,33.4
5161,2004,"Accidents (unintentional injuries) (V01-X59,Y85-Y86)",Unintentional injuries,Utah,697,33.4
5162,2004,Chronic lower respiratory diseases (J40-J47),CLRD,New York,6786,33.4
5163,2001,"Accidents (unintentional injuries) (V01-X59,Y85-Y86)",Unintentional injuries,Ohio,3857,33.4
5164,2000,"Accidents (unintentional injuries) (V01-X59,Y85-Y86)",Unintentional injuries,Iowa,1070,33.4
5165,2000,Alzheimer's disease (G30),Alzheimer's disease,Washington,1799,33.4
5166,1999,"Accidents (unintentional injuries) (V01-X59,Y85-Y86)",Unintentional injuries,Utah,650,33.4
5167,2017,Cerebrovascular diseases (I60-I69),Stroke,Wisconsin,2513,33.5
5168,2015,Cerebrovascular diseases (I60-I69),Stroke,Minnesota,2238,33.5
5169,2011,Cerebrovascular diseases (I60-I69),Stroke,New Mexico,727,33.5
5170,2010,Alzheimer's disease (G30),Alzheimer's disease,Kentucky,1464,33.5
5171,2010,Cerebrovascular diseases (I60-I69),Stroke,New Hampshire,500,33.5
5172,2009,Chronic lower respiratory diseases (J40-J47),CLRD,Connecticut,1448,33.5
5173,2007,Diabetes mellitus (E10-E14),Diabetes,Louisiana,1437,33.5
5174,2017,Alzheimer's disease (G30),Alzheimer's disease,Ohio,5117,33.6
5175,2016,Alzheimer's disease (G30),Alzheimer's disease,Michigan,4249,33.6
5176,2014,Cerebrovascular diseases (I60-I69),Stroke,District of Columbia,214,33.6
5177,2013,"Accidents (unintentional injuries) (V01-X59,Y85-Y86)",Unintentional injuries,District of Columbia,216,33.6
5178,2013,"Accidents (unintentional injuries) (V01-X59,Y85-Y86)",Unintentional injuries,Illinois,4511,33.6
5179,2012,"Accidents (unintentional injuries) (V01-X59,Y85-Y86)",Unintentional injuries,Illinois,4488,33.6
5180,2012,Alzheimer's disease (G30),Alzheimer's disease,South Carolina,1634,33.6
5181,2011,"Accidents (unintentional injuries) (V01-X59,Y85-Y86)",Unintentional injuries,Nebraska,678,33.6
5182,2011,Alzheimer's disease (G30),Alzheimer's disease,Mississippi,975,33.6
5183,2010,"Accidents (unintentional injuries) (V01-X59,Y85-Y86)",Unintentional injuries,Connecticut,1337,33.6
5184,2007,Alzheimer's disease (G30),Alzheimer's disease,South Carolina,1396,33.6
5185,2002,"Accidents (unintentional injuries) (V01-X59,Y85-Y86)",Unintentional injuries,Iowa,1093,33.6
5186,2002,Alzheimer's disease (G30),Alzheimer's disease,Maine,513,33.6
5187,2015,"Accidents (unintentional injuries) (V01-X59,Y85-Y86)",Unintentional injuries,New Jersey,3218,33.7
5188,2011,Alzheimer's disease (G30),Alzheimer's disease,Arizona,2348,33.7
5189,2007,"Accidents (unintentional injuries) (V01-X59,Y85-Y86)",Unintentional injuries,District of Columbia,193,33.7
5190,2004,Cerebrovascular diseases (I60-I69),Stroke,New York,6927,33.7
5191,2002,Alzheimer's disease (G30),Alzheimer's disease,North Dakota,294,33.7
5192,1999,"Accidents (unintentional injuries) (V01-X59,Y85-Y86)",Unintentional injuries,Illinois,4125,33.7
5193,2015,Cerebrovascular diseases (I60-I69),Stroke,Montana,458,33.8
5194,2014,Cerebrovascular diseases (I60-I69),Stroke,Nevada,948,33.8
5195,2012,Cerebrovascular diseases (I60-I69),Stroke,District of Columbia,207,33.8
5196,2009,Chronic lower respiratory diseases (J40-J47),CLRD,Massachusetts,2559,33.8
5197,2002,"Accidents (unintentional injuries) (V01-X59,Y85-Y86)",Unintentional injuries,Illinois,4222,33.8
5198,2016,Alzheimer's disease (G30),Alzheimer's disease,Idaho,607,33.9
5199,2015,Chronic lower respiratory diseases (J40-J47),CLRD,Utah,811,33.9
5200,2014,Cerebrovascular diseases (I60-I69),Stroke,California,13731,33.9
5201,2013,Cerebrovascular diseases (I60-I69),Stroke,Iowa,1409,33.9
5202,2011,Chronic lower respiratory diseases (J40-J47),CLRD,Massachusetts,2651,33.9
5203,2008,Cerebrovascular diseases (I60-I69),Stroke,Arizona,2147,33.9
5204,2008,Cerebrovascular diseases (I60-I69),Stroke,New Hampshire,484,33.9
5205,2008,Chronic lower respiratory diseases (J40-J47),CLRD,New Jersey,3280,33.9
5206,2007,"Accidents (unintentional injuries) (V01-X59,Y85-Y86)",Unintentional injuries,Illinois,4367,33.9
5207,2003,"Accidents (unintentional injuries) (V01-X59,Y85-Y86)",Unintentional injuries,Rhode Island,393,33.9
5208,2001,"Accidents (unintentional injuries) (V01-X59,Y85-Y86)",Unintentional injuries,North Dakota,238,33.9
5209,2001,Chronic lower respiratory diseases (J40-J47),CLRD,Utah,525,33.9
5210,2017,Diabetes mellitus (E10-E14),Diabetes,West Virginia,864,34.0
5211,2014,Cerebrovascular diseases (I60-I69),Stroke,Iowa,1433,34.0
5212,2014,Cerebrovascular diseases (I60-I69),Stroke,Minnesota,2202,34.0
5213,2008,Alzheimer's disease (G30),Alzheimer's disease,Arizona,2099,34.0
5214,2005,"Accidents (unintentional injuries) (V01-X59,Y85-Y86)",Unintentional injuries,Michigan,3451,34.0
5215,2005,Chronic lower respiratory diseases (J40-J47),CLRD,New Jersey,3148,34.0
5216,2004,"Accidents (unintentional injuries) (V01-X59,Y85-Y86)",Unintentional injuries,Connecticut,1261,34.0
5217,2014,Cerebrovascular diseases (I60-I69),Stroke,Hawaii,655,34.1
5218,2013,Diabetes mellitus (E10-E14),Diabetes,West Virginia,841,34.1
5219,2012,Cerebrovascular diseases (I60-I69),Stroke,Iowa,1422,34.1
5220,2009,Cerebrovascular diseases (I60-I69),Stroke,New Hampshire,499,34.1
5221,2008,Cerebrovascular diseases (I60-I69),Stroke,Rhode Island,462,34.1
5222,2006,"Accidents (unintentional injuries) (V01-X59,Y85-Y86)",Unintentional injuries,New Hampshire,460,34.1
5223,2006,Alzheimer's disease (G30),Alzheimer's disease,South Carolina,1364,34.1
5224,2002,Diabetes mellitus (E10-E14),Diabetes,District of Columbia,191,34.1
5225,2000,Chronic lower respiratory diseases (J40-J47),CLRD,New Jersey,3007,34.1
5226,2017,Alzheimer's disease (G30),Alzheimer's disease,Colorado,1830,34.2
5227,2016,"Accidents (unintentional injuries) (V01-X59,Y85-Y86)",Unintentional injuries,New York,7354,34.2
5228,2015,Cerebrovascular diseases (I60-I69),Stroke,Washington,2703,34.2
5229,2011,Cerebrovascular diseases (I60-I69),Stroke,District of Columbia,209,34.2
5230,2007,Alzheimer's disease (G30),Alzheimer's disease,Arizona,2051,34.2
5231,2000,"Accidents (unintentional injuries) (V01-X59,Y85-Y86)",Unintentional injuries,Utah,665,34.2
5232,1999,"Accidents (unintentional injuries) (V01-X59,Y85-Y86)",Unintentional injuries,Vermont,209,34.2
5233,2016,Cerebrovascular diseases (I60-I69),Stroke,Hawaii,675,34.3
5234,2014,Cerebrovascular diseases (I60-I69),Stroke,Washington,2649,34.3
5235,2012,Cerebrovascular diseases (I60-I69),Stroke,Maine,619,34.3
5236,2012,Cerebrovascular diseases (I60-I69),Stroke,Nevada,897,34.3
5237,2012,Cerebrovascular diseases (I60-I69),Stroke,Washington,2513,34.3
5238,2011,Chronic lower respiratory diseases (J40-J47),CLRD,Maryland,2050,34.3
5239,2005,Alzheimer's disease (G30),Alzheimer's disease,South Carolina,1316,34.3
5240,2004,"Accidents (unintentional injuries) (V01-X59,Y85-Y86)",Unintentional injuries,New Hampshire,445,34.3
5241,2000,"Accidents (unintentional injuries) (V01-X59,Y85-Y86)",Unintentional injuries,Minnesota,1711,34.3
5242,2016,Cerebrovascular diseases (I60-I69),Stroke,Maine,663,34.4
5243,2014,"Accidents (unintentional injuries) (V01-X59,Y85-Y86)",Unintentional injuries,Illinois,4644,34.4
5244,2011,"Accidents (unintentional injuries) (V01-X59,Y85-Y86)",Unintentional injuries,Hawaii,517,34.4
5245,2011,"Accidents (unintentional injuries) (V01-X59,Y85-Y86)",Unintentional injuries,Virginia,2809,34.4
5246,2009,Cerebrovascular diseases (I60-I69),Stroke,Minnesota,2033,34.4
5247,2006,Alzheimer's disease (G30),Alzheimer's disease,North Dakota,318,34.4
5248,2006,Chronic lower respiratory diseases (J40-J47),CLRD,Maryland,1832,34.4
5249,2006,Chronic lower respiratory diseases (J40-J47),CLRD,North Dakota,283,34.4
5250,2005,Chronic lower respiratory diseases (J40-J47),CLRD,North Dakota,272,34.4
5251,2005,Chronic lower respiratory diseases (J40-J47),CLRD,Utah,592,34.4
5252,2005,Diabetes mellitus (E10-E14),Diabetes,District of Columbia,192,34.4
5253,2004,Alzheimer's disease (G30),Alzheimer's disease,North Dakota,313,34.4
5254,2017,Alzheimer's disease (G30),Alzheimer's disease,Michigan,4428,34.5
5255,2012,"Accidents (unintentional injuries) (V01-X59,Y85-Y86)",Unintentional injuries,Virginia,2883,34.5
5256,2012,Chronic lower respiratory diseases (J40-J47),CLRD,California,12963,34.5
5257,2010,Cerebrovascular diseases (I60-I69),Stroke,Maine,602,34.5
5258,2008,Chronic lower respiratory diseases (J40-J47),CLRD,Massachusetts,2587,34.5
5259,2005,"Accidents (unintentional injuries) (V01-X59,Y85-Y86)",Unintentional injuries,Delaware,293,34.5
5260,2005,Diabetes mellitus (E10-E14),Diabetes,West Virginia,766,34.5
5261,2016,Chronic lower respiratory diseases (J40-J47),CLRD,Virginia,3233,34.6
5262,2014,Cerebrovascular diseases (I60-I69),Stroke,Wisconsin,2511,34.6
5263,2011,Cerebrovascular diseases (I60-I69),Stroke,Colorado,1606,34.6
5264,2009,Cerebrovascular diseases (I60-I69),Stroke,District of Columbia,199,34.6
5265,2006,"Accidents (unintentional injuries) (V01-X59,Y85-Y86)",Unintentional injuries,Connecticut,1302,34.6
5266,2005,"Accidents (unintentional injuries) (V01-X59,Y85-Y86)",Unintentional injuries,Utah,743,34.6
5267,2004,Chronic lower respiratory diseases (J40-J47),CLRD,North Dakota,273,34.6
5268,2002,"Accidents (unintentional injuries) (V01-X59,Y85-Y86)",Unintentional injuries,District of Columbia,200,34.6
5269,2001,"Accidents (unintentional injuries) (V01-X59,Y85-Y86)",Unintentional injuries,Pennsylvania,4552,34.6
5270,2000,Chronic lower respiratory diseases (J40-J47),CLRD,Utah,524,34.6
5271,2016,Alzheimer's disease (G30),Alzheimer's disease,Colorado,1835,34.7
5272,2016,Chronic lower respiratory diseases (J40-J47),CLRD,North Dakota,314,34.7
5273,2015,Alzheimer's disease (G30),Alzheimer's disease,Oklahoma,1498,34.7
5274,2014,Cerebrovascular diseases (I60-I69),Stroke,Nebraska,798,34.7
5275,2014,Cerebrovascular diseases (I60-I69),Stroke,New Mexico,822,34.7
5276,2013,Chronic lower respiratory diseases (J40-J47),CLRD,Rhode Island,476,34.7
5277,2012,"Accidents (unintentional injuries) (V01-X59,Y85-Y86)",Unintentional injuries,Connecticut,1392,34.7
5278,2010,Alzheimer's disease (G30),Alzheimer's disease,South Carolina,1570,34.7
5279,2008,Alzheimer's disease (G30),Alzheimer's disease,South Carolina,1492,34.7
5280,2007,"Accidents (unintentional injuries) (V01-X59,Y85-Y86)",Unintentional injuries,Rhode Island,416,34.7
5281,2003,"Accidents (unintentional injuries) (V01-X59,Y85-Y86)",Unintentional injuries,Utah,702,34.7
5282,1999,"Accidents (unintentional injuries) (V01-X59,Y85-Y86)",Unintentional injuries,Oregon,1199,34.7
5283,2017,Cerebrovascular diseases (I60-I69),Stroke,New Mexico,878,34.8
5284,2016,Alzheimer's disease (G30),Alzheimer's disease,Oregon,1786,34.8
5285,2016,Diabetes mellitus (E10-E14),Diabetes,West Virginia,860,34.8
5286,2015,Alzheimer's disease (G30),Alzheimer's disease,North Carolina,3803,34.8
5287,2015,Alzheimer's disease (G30),Alzheimer's disease,South Dakota,421,34.8
5288,2014,Alzheimer's disease (G30),Alzheimer's disease,Arkansas,1193,34.8
5289,2012,Cerebrovascular diseases (I60-I69),Stroke,Nebraska,776,34.8
5290,2009,"Accidents (unintentional injuries) (V01-X59,Y85-Y86)",Unintentional injuries,New Hampshire,482,34.8
5291,2009,Chronic lower respiratory diseases (J40-J47),CLRD,Minnesota,1961,34.8
5292,2008,Cerebrovascular diseases (I60-I69),Stroke,Florida,8589,34.8
5293,2007,"Accidents (unintentional injuries) (V01-X59,Y85-Y86)",Unintentional injuries,Delaware,309,34.8
5294,2007,Cerebrovascular diseases (I60-I69),Stroke,New Hampshire,489,34.8
5295,2006,Chronic lower respiratory diseases (J40-J47),CLRD,Massachusetts,2535,34.8
5296,2005,Alzheimer's disease (G30),Alzheimer's disease,Louisiana,1405,34.8
5297,2001,"Accidents (unintentional injuries) (V01-X59,Y85-Y86)",Unintentional injuries,Nebraska,633,34.8
5298,2000,Diabetes mellitus (E10-E14),Diabetes,Utah,530,34.8
5299,1999,Diabetes mellitus (E10-E14),Diabetes,West Virginia,734,34.8
5300,2017,Alzheimer's disease (G30),Alzheimer's disease,Minnesota,2474,34.9
5301,2017,Chronic lower respiratory diseases (J40-J47),CLRD,Virginia,3363,34.9
5302,2016,Alzheimer's disease (G30),Alzheimer's disease,Indiana,2678,34.9
5303,2015,Alzheimer's disease (G30),Alzheimer's disease,Kentucky,1694,34.9
5304,2015,Cerebrovascular diseases (I60-I69),Stroke,Colorado,1856,34.9
5305,2013,"Accidents (unintentional injuries) (V01-X59,Y85-Y86)",Unintentional injuries,Nebraska,703,34.9
5306,2013,"Accidents (unintentional injuries) (V01-X59,Y85-Y86)",Unintentional injuries,Virginia,2951,34.9
5307,2013,Cerebrovascular diseases (I60-I69),Stroke,California,13698,34.9
5308,2013,Cerebrovascular diseases (I60-I69),Stroke,Hawaii,634,34.9
5309,2012,Cerebrovascular diseases (I60-I69),Stroke,Wyoming,205,34.9
5310,2011,Cerebrovascular diseases (I60-I69),Stroke,Iowa,1432,34.9
5311,2006,"Accidents (unintentional injuries) (V01-X59,Y85-Y86)",Unintentional injuries,Illinois,4451,34.9
5312,2003,"Accidents (unintentional injuries) (V01-X59,Y85-Y86)",Unintentional injuries,Delaware,287,34.9
5313,2002,"Accidents (unintentional injuries) (V01-X59,Y85-Y86)",Unintentional injuries,Indiana,2148,34.9
5314,2002,Chronic lower respiratory diseases (J40-J47),CLRD,New York,6966,34.9
5315,2000,"Accidents (unintentional injuries) (V01-X59,Y85-Y86)",Unintentional injuries,United States,97900,34.9
5316,2000,Chronic lower respiratory diseases (J40-J47),CLRD,New York,6784,34.9
5317,1999,"Accidents (unintentional injuries) (V01-X59,Y85-Y86)",Unintentional injuries,Maine,458,34.9
5318,2017,Alzheimer's disease (G30),Alzheimer's disease,Kentucky,1765,35.0
5319,2013,Alzheimer's disease (G30),Alzheimer's disease,South Dakota,418,35.0
5320,2011,Cerebrovascular diseases (I60-I69),Stroke,Minnesota,2154,35.0
5321,2010,Chronic lower respiratory diseases (J40-J47),CLRD,Maryland,2039,35.0
5322,2006,Chronic lower respiratory diseases (J40-J47),CLRD,Connecticut,1458,35.0
5323,2003,Chronic lower respiratory diseases (J40-J47),CLRD,Utah,569,35.0
5324,2001,Chronic lower respiratory diseases (J40-J47),CLRD,New York,6906,35.0
5325,2017,Alzheimer's disease (G30),Alzheimer's disease,Arizona,3058,35.1
5326,2017,Cerebrovascular diseases (I60-I69),Stroke,Alaska,190,35.1
5327,2016,Alzheimer's disease (G30),Alzheimer's disease,Kentucky,1728,35.1
5328,2015,Alzheimer's disease (G30),Alzheimer's disease,Vermont,298,35.1
5329,2013,Cerebrovascular diseases (I60-I69),Stroke,Wyoming,213,35.1
5330,2010,"Accidents (unintentional injuries) (V01-X59,Y85-Y86)",Unintentional injuries,District of Columbia,212,35.1
5331,2010,Chronic lower respiratory diseases (J40-J47),CLRD,Minnesota,2016,35.1
5332,2008,Cerebrovascular diseases (I60-I69),Stroke,Massachusetts,2747,35.1
5333,2002,"Accidents (unintentional injuries) (V01-X59,Y85-Y86)",Unintentional injuries,North Dakota,246,35.1
5334,2016,Cerebrovascular diseases (I60-I69),Stroke,Colorado,1927,35.2
5335,2014,Alzheimer's disease (G30),Alzheimer's disease,Mississippi,1098,35.2
5336,2012,Cerebrovascular diseases (I60-I69),Stroke,Hawaii,634,35.2
5337,2009,Cerebrovascular diseases (I60-I69),Stroke,Colorado,1532,35.2
5338,2009,Cerebrovascular diseases (I60-I69),Stroke,New Mexico,726,35.2
5339,2007,Chronic lower respiratory diseases (J40-J47),CLRD,Maryland,1901,35.2
5340,2007,Diabetes mellitus (E10-E14),Diabetes,West Virginia,800,35.2
5341,2006,"Accidents (unintentional injuries) (V01-X59,Y85-Y86)",Unintentional injuries,Michigan,3590,35.2
5342,2002,"Accidents (unintentional injuries) (V01-X59,Y85-Y86)",Unintentional injuries,Virginia,2479,35.2
5343,2001,"Accidents (unintentional injuries) (V01-X59,Y85-Y86)",Unintentional injuries,Virginia,2432,35.2
5344,2001,"Accidents (unintentional injuries) (V01-X59,Y85-Y86)",Unintentional injuries,Washington,2072,35.2
5345,2000,"Accidents (unintentional injuries) (V01-X59,Y85-Y86)",Unintentional injuries,Pennsylvania,4583,35.2
5346,1999,"Accidents (unintentional injuries) (V01-X59,Y85-Y86)",Unintentional injuries,Iowa,1123,35.2
5347,2017,Alzheimer's disease (G30),Alzheimer's disease,Indiana,2771,35.3
5348,2017,Alzheimer's disease (G30),Alzheimer's disease,Iowa,1597,35.3
5349,2016,"Accidents (unintentional injuries) (V01-X59,Y85-Y86)",Unintentional injuries,Hawaii,577,35.3
5350,2016,Alzheimer's disease (G30),Alzheimer's disease,North Dakota,361,35.3
5351,2014,Alzheimer's disease (G30),Alzheimer's disease,Alabama,1885,35.3
5352,2014,Chronic lower respiratory diseases (J40-J47),CLRD,Virginia,3108,35.3
5353,2013,Chronic lower respiratory diseases (J40-J47),CLRD,California,13598,35.3
5354,2012,Alzheimer's disease (G30),Alzheimer's disease,Vermont,284,35.3
5355,2012,Chronic lower respiratory diseases (J40-J47),CLRD,Minnesota,2124,35.3
5356,2012,Chronic lower respiratory diseases (J40-J47),CLRD,North Dakota,306,35.3
5357,2010,Alzheimer's disease (G30),Alzheimer's disease,Arizona,2327,35.3
5358,2010,Cerebrovascular diseases (I60-I69),Stroke,Vermont,265,35.3
5359,2008,Chronic lower respiratory diseases (J40-J47),CLRD,Connecticut,1505,35.3
5360,2000,"Accidents (unintentional injuries) (V01-X59,Y85-Y86)",Unintentional injuries,Nebraska,640,35.3
5361,2000,"Accidents (unintentional injuries) (V01-X59,Y85-Y86)",Unintentional injuries,North Dakota,248,35.3
5362,1999,"Accidents (unintentional injuries) (V01-X59,Y85-Y86)",Unintentional injuries,Delaware,267,35.3
5363,1999,"Accidents (unintentional injuries) (V01-X59,Y85-Y86)",Unintentional injuries,Pennsylvania,4614,35.3
5364,1999,"Accidents (unintentional injuries) (V01-X59,Y85-Y86)",Unintentional injuries,United States,97860,35.3
5365,2017,Cerebrovascular diseases (I60-I69),Stroke,North Dakota,337,35.4
5366,2013,Cerebrovascular diseases (I60-I69),Stroke,Idaho,598,35.4
5367,2012,Cerebrovascular diseases (I60-I69),Stroke,California,13542,35.4
5368,2009,Alzheimer's disease (G30),Alzheimer's disease,Tennessee,2203,35.4
5369,2008,"Accidents (unintentional injuries) (V01-X59,Y85-Y86)",Unintentional injuries,New Hampshire,488,35.4
5370,2007,"Accidents (unintentional injuries) (V01-X59,Y85-Y86)",Unintentional injuries,Connecticut,1343,35.4
5371,2006,"Accidents (unintentional injuries) (V01-X59,Y85-Y86)",Unintentional injuries,Minnesota,1919,35.4
5372,2004,"Accidents (unintentional injuries) (V01-X59,Y85-Y86)",Unintentional injuries,Delaware,294,35.4
5373,2004,Chronic lower respiratory diseases (J40-J47),CLRD,Connecticut,1432,35.4
5374,2003,"Accidents (unintentional injuries) (V01-X59,Y85-Y86)",Unintentional injuries,Indiana,2196,35.4
5375,2003,"Accidents (unintentional injuries) (V01-X59,Y85-Y86)",Unintentional injuries,Iowa,1164,35.4
5376,2001,"Accidents (unintentional injuries) (V01-X59,Y85-Y86)",Unintentional injuries,Minnesota,1797,35.4
5377,2000,"Accidents (unintentional injuries) (V01-X59,Y85-Y86)",Unintentional injuries,Indiana,2139,35.4
5378,2000,"Accidents (unintentional injuries) (V01-X59,Y85-Y86)",Unintentional injuries,Virginia,2396,35.4
5379,2017,"Accidents (unintentional injuries) (V01-X59,Y85-Y86)",Unintentional injuries,New York,7687,35.5
5380,2016,Cerebrovascular diseases (I60-I69),Stroke,New Mexico,885,35.5
5381,2014,Cerebrovascular diseases (I60-I69),Stroke,North Dakota,325,35.5
5382,2013,Cerebrovascular diseases (I60-I69),Stroke,Washington,2652,35.5
5383,2004,"Accidents (unintentional injuries) (V01-X59,Y85-Y86)",Unintentional injuries,Maine,480,35.5
5384,2004,"Accidents (unintentional injuries) (V01-X59,Y85-Y86)",Unintentional injuries,Minnesota,1867,35.5
5385,2000,"Accidents (unintentional injuries) (V01-X59,Y85-Y86)",Unintentional injuries,Washington,2049,35.5
5386,2017,Cerebrovascular diseases (I60-I69),Stroke,Montana,487,35.6
5387,2015,Cerebrovascular diseases (I60-I69),Stroke,Wisconsin,2618,35.6
5388,2011,Cerebrovascular diseases (I60-I69),Stroke,Hawaii,621,35.6
5389,2009,"Accidents (unintentional injuries) (V01-X59,Y85-Y86)",Unintentional injuries,Nebraska,683,35.6
5390,2007,"Accidents (unintentional injuries) (V01-X59,Y85-Y86)",Unintentional injuries,Utah,811,35.6
5391,2006,Chronic lower respiratory diseases (J40-J47),CLRD,Pennsylvania,5621,35.6
5392,2005,"Accidents (unintentional injuries) (V01-X59,Y85-Y86)",Unintentional injuries,Virginia,2638,35.6
5393,2004,Chronic lower respiratory diseases (J40-J47),CLRD,Utah,595,35.6
5394,1999,"Accidents (unintentional injuries) (V01-X59,Y85-Y86)",Unintentional injuries,Wisconsin,1955,35.6
5395,2017,"Accidents (unintentional injuries) (V01-X59,Y85-Y86)",Unintentional injuries,Hawaii,585,35.7
5396,2016,"Accidents (unintentional injuries) (V01-X59,Y85-Y86)",Unintentional injuries,Maryland,2271,35.7
5397,2015,Alzheimer's disease (G30),Alzheimer's disease,California,15065,35.7
5398,2008,"Accidents (unintentional injuries) (V01-X59,Y85-Y86)",Unintentional injuries,Connecticut,1386,35.7
5399,2008,"Accidents (unintentional injuries) (V01-X59,Y85-Y86)",Unintentional injuries,Michigan,3685,35.7
5400,2006,"Accidents (unintentional injuries) (V01-X59,Y85-Y86)",Unintentional injuries,Iowa,1188,35.7
5401,2004,Chronic lower respiratory diseases (J40-J47),CLRD,Minnesota,1839,35.7
5402,2003,Cerebrovascular diseases (I60-I69),Stroke,New York,7281,35.7
5403,2001,"Accidents (unintentional injuries) (V01-X59,Y85-Y86)",Unintentional injuries,United States,101537,35.7
5404,2000,"Accidents (unintentional injuries) (V01-X59,Y85-Y86)",Unintentional injuries,District of Columbia,204,35.7
5405,1999,"Accidents (unintentional injuries) (V01-X59,Y85-Y86)",Unintentional injuries,Florida,5961,35.7
5406,2017,Cerebrovascular diseases (I60-I69),Stroke,Colorado,1988,35.8
5407,2016,Alzheimer's disease (G30),Alzheimer's disease,Arizona,3082,35.8
5408,2016,Alzheimer's disease (G30),Alzheimer's disease,Vermont,310,35.8
5409,2016,Cerebrovascular diseases (I60-I69),Stroke,South Dakota,420,35.8
5410,2016,Cerebrovascular diseases (I60-I69),Stroke,Washington,2910,35.8
5411,2016,Chronic lower respiratory diseases (J40-J47),CLRD,Minnesota,2369,35.8
5412,2016,Chronic lower respiratory diseases (J40-J47),CLRD,Utah,875,35.8
5413,2015,"Accidents (unintentional injuries) (V01-X59,Y85-Y86)",Unintentional injuries,Illinois,4850,35.8
5414,2015,Alzheimer's disease (G30),Alzheimer's disease,Arizona,2943,35.8
5415,2011,Cerebrovascular diseases (I60-I69),Stroke,Maine,630,35.8
5416,2011,Cerebrovascular diseases (I60-I69),Stroke,Washington,2557,35.8
5417,2010,"Accidents (unintentional injuries) (V01-X59,Y85-Y86)",Unintentional injuries,Nebraska,700,35.8
5418,2010,Cerebrovascular diseases (I60-I69),Stroke,Hawaii,605,35.8
5419,2009,"Accidents (unintentional injuries) (V01-X59,Y85-Y86)",Unintentional injuries,Michigan,3682,35.8
5420,2008,Chronic lower respiratory diseases (J40-J47),CLRD,Maryland,1982,35.8
5421,2007,"Accidents (unintentional injuries) (V01-X59,Y85-Y86)",Unintentional injuries,Nebraska,674,35.8
5422,2006,"Accidents (unintentional injuries) (V01-X59,Y85-Y86)",Unintentional injuries,Virginia,2703,35.8
5423,2006,Alzheimer's disease (G30),Alzheimer's disease,Arizona,2066,35.8
5424,2006,Cerebrovascular diseases (I60-I69),Stroke,Connecticut,1547,35.8
5425,2005,"Accidents (unintentional injuries) (V01-X59,Y85-Y86)",Unintentional injuries,District of Columbia,207,35.8
5426,2003,Chronic lower respiratory diseases (J40-J47),CLRD,Minnesota,1832,35.8
5427,2002,"Accidents (unintentional injuries) (V01-X59,Y85-Y86)",Unintentional injuries,Ohio,4146,35.8
5428,2002,"Accidents (unintentional injuries) (V01-X59,Y85-Y86)",Unintentional injuries,Utah,714,35.8
5429,2001,"Accidents (unintentional injuries) (V01-X59,Y85-Y86)",Unintentional injuries,Indiana,2185,35.8
5430,2000,"Accidents (unintentional injuries) (V01-X59,Y85-Y86)",Unintentional injuries,Oregon,1248,35.8
5431,1999,"Accidents (unintentional injuries) (V01-X59,Y85-Y86)",Unintentional injuries,Minnesota,1772,35.8
5432,1999,Chronic lower respiratory diseases (J40-J47),CLRD,North Dakota,273,35.8
5433,2017,Cerebrovascular diseases (I60-I69),Stroke,District of Columbia,246,35.9
5434,2017,Cerebrovascular diseases (I60-I69),Stroke,Nevada,1137,35.9
5435,2017,Chronic lower respiratory diseases (J40-J47),CLRD,Alaska,204,35.9
5436,2016,Cerebrovascular diseases (I60-I69),Stroke,Nevada,1096,35.9
5437,2012,Cerebrovascular diseases (I60-I69),Stroke,Vermont,281,35.9
5438,2010,Alzheimer's disease (G30),Alzheimer's disease,South Dakota,398,35.9
5439,2007,Cerebrovascular diseases (I60-I69),Stroke,Arizona,2207,35.9
5440,2004,Chronic lower respiratory diseases (J40-J47),CLRD,Massachusetts,2574,35.9
5441,2002,"Accidents (unintentional injuries) (V01-X59,Y85-Y86)",Unintentional injuries,Pennsylvania,4728,35.9
5442,2000,Diabetes mellitus (E10-E14),Diabetes,West Virginia,759,35.9
5443,1999,Chronic lower respiratory diseases (J40-J47),CLRD,New Jersey,3130,35.9
5444,2017,Alzheimer's disease (G30),Alzheimer's disease,Oregon,1850,36.0
5445,2014,Alzheimer's disease (G30),Alzheimer's disease,Louisiana,1670,36.0
5446,2014,Chronic lower respiratory diseases (J40-J47),CLRD,Minnesota,2277,36.0
5447,2014,Chronic lower respiratory diseases (J40-J47),CLRD,Rhode Island,505,36.0
5448,2013,Cerebrovascular diseases (I60-I69),Stroke,Wisconsin,2536,36.0
5449,2012,Cerebrovascular diseases (I60-I69),Stroke,Wisconsin,2520,36.0
5450,2011,Cerebrovascular diseases (I60-I69),Stroke,Nevada,889,36.0
5451,2007,Cerebrovascular diseases (I60-I69),Stroke,New Jersey,3492,36.0
5452,2016,Alzheimer's disease (G30),Alzheimer's disease,California,15570,36.1
5453,2016,Alzheimer's disease (G30),Alzheimer's disease,Oklahoma,1590,36.1
5454,2014,Chronic lower respiratory diseases (J40-J47),CLRD,North Dakota,317,36.1
5455,2013,Cerebrovascular diseases (I60-I69),Stroke,Maryland,2315,36.1
5456,2010,Cerebrovascular diseases (I60-I69),Stroke,Colorado,1607,36.1
5457,2010,Cerebrovascular diseases (I60-I69),Stroke,Minnesota,2167,36.1
5458,2009,"Accidents (unintentional injuries) (V01-X59,Y85-Y86)",Unintentional injuries,Rhode Island,428,36.1
5459,2006,"Accidents (unintentional injuries) (V01-X59,Y85-Y86)",Unintentional injuries,Nebraska,683,36.1
5460,2006,Cerebrovascular diseases (I60-I69),Stroke,New Hampshire,494,36.1
5461,2005,Alzheimer's disease (G30),Alzheimer's disease,Tennessee,2033,36.1
5462,2005,Chronic lower respiratory diseases (J40-J47),CLRD,Connecticut,1471,36.1
5463,2004,"Accidents (unintentional injuries) (V01-X59,Y85-Y86)",Unintentional injuries,Ohio,4234,36.1
5464,2003,Chronic lower respiratory diseases (J40-J47),CLRD,Connecticut,1445,36.1
5465,2017,Cerebrovascular diseases (I60-I69),Stroke,Utah,888,36.2
5466,2017,Chronic lower respiratory diseases (J40-J47),CLRD,Rhode Island,521,36.2
5467,2015,Cerebrovascular diseases (I60-I69),Stroke,California,15065,36.2
5468,2014,Alzheimer's disease (G30),Alzheimer's disease,North Dakota,364,36.2
5469,2014,Alzheimer's disease (G30),Alzheimer's disease,South Dakota,434,36.2
5470,2013,Cerebrovascular diseases (I60-I69),Stroke,United States,128978,36.2
5471,2010,"Accidents (unintentional injuries) (V01-X59,Y85-Y86)",Unintentional injuries,Michigan,3770,36.2
5472,2009,"Accidents (unintentional injuries) (V01-X59,Y85-Y86)",Unintentional injuries,Minnesota,2037,36.2
5473,2008,"Accidents (unintentional injuries) (V01-X59,Y85-Y86)",Unintentional injuries,Minnesota,2010,36.2
5474,2008,"Accidents (unintentional injuries) (V01-X59,Y85-Y86)",Unintentional injuries,Virginia,2820,36.2
5475,2005,"Accidents (unintentional injuries) (V01-X59,Y85-Y86)",Unintentional injuries,Minnesota,1922,36.2
5476,2005,Cerebrovascular diseases (I60-I69),Stroke,Connecticut,1528,36.2
5477,2004,"Accidents (unintentional injuries) (V01-X59,Y85-Y86)",Unintentional injuries,Virginia,2630,36.2
5478,2017,Chronic lower respiratory diseases (J40-J47),CLRD,Minnesota,2464,36.3
5479,2015,Cerebrovascular diseases (I60-I69),Stroke,Idaho,641,36.3
5480,2013,Cerebrovascular diseases (I60-I69),Stroke,Michigan,4373,36.3
5481,2012,Alzheimer's disease (G30),Alzheimer's disease,Tennessee,2434,36.3
5482,2009,Chronic lower respiratory diseases (J40-J47),CLRD,Maryland,2064,36.3
5483,2006,Alzheimer's disease (G30),Alzheimer's disease,Tennessee,2115,36.3
5484,2006,Cerebrovascular diseases (I60-I69),Stroke,New Jersey,3468,36.3
5485,2006,Diabetes mellitus (E10-E14),Diabetes,Louisiana,1536,36.3
5486,2005,"Accidents (unintentional injuries) (V01-X59,Y85-Y86)",Unintentional injuries,New Hampshire,477,36.3
5487,2004,Chronic lower respiratory diseases (J40-J47),CLRD,Rhode Island,463,36.3
5488,2003,"Accidents (unintentional injuries) (V01-X59,Y85-Y86)",Unintentional injuries,Vermont,235,36.3
5489,2001,"Accidents (unintentional injuries) (V01-X59,Y85-Y86)",Unintentional injuries,Maine,490,36.3
5490,2015,Cerebrovascular diseases (I60-I69),Stroke,Vermont,307,36.4
5491,2015,Chronic lower respiratory diseases (J40-J47),CLRD,Minnesota,2351,36.4
5492,2014,Cerebrovascular diseases (I60-I69),Stroke,Montana,480,36.4
5493,2013,Cerebrovascular diseases (I60-I69),Stroke,Nebraska,820,36.4
5494,2011,"Accidents (unintentional injuries) (V01-X59,Y85-Y86)",Unintentional injuries,Delaware,338,36.4
5495,2011,Cerebrovascular diseases (I60-I69),Stroke,California,13503,36.4
5496,2002,"Accidents (unintentional injuries) (V01-X59,Y85-Y86)",Unintentional injuries,Delaware,292,36.4
5497,2017,Alzheimer's disease (G30),Alzheimer's disease,North Dakota,387,36.5
5498,2017,Cerebrovascular diseases (I60-I69),Stroke,Pennsylvania,6700,36.5
5499,2014,Cerebrovascular diseases (I60-I69),Stroke,United States,133103,36.5
5500,2012,Cerebrovascular diseases (I60-I69),Stroke,Maryland,2280,36.5
5501,2007,"Accidents (unintentional injuries) (V01-X59,Y85-Y86)",Unintentional injuries,Michigan,3764,36.5
5502,2007,Cerebrovascular diseases (I60-I69),Stroke,Florida,8781,36.5
5503,2006,"Accidents (unintentional injuries) (V01-X59,Y85-Y86)",Unintentional injuries,Rhode Island,434,36.5
5504,2005,Chronic lower respiratory diseases (J40-J47),CLRD,Maryland,1908,36.5
5505,2017,Alzheimer's disease (G30),Alzheimer's disease,Idaho,672,36.6
5506,2014,"Accidents (unintentional injuries) (V01-X59,Y85-Y86)",Unintentional injuries,Massachusetts,2668,36.6
5507,2013,Alzheimer's disease (G30),Alzheimer's disease,North Dakota,363,36.6
5508,2012,"Accidents (unintentional injuries) (V01-X59,Y85-Y86)",Unintentional injuries,Michigan,3805,36.6
5509,2012,Alzheimer's disease (G30),Alzheimer's disease,North Dakota,364,36.6
5510,2010,"Accidents (unintentional injuries) (V01-X59,Y85-Y86)",Unintentional injuries,Maine,540,36.6
5511,2005,Chronic lower respiratory diseases (J40-J47),CLRD,Massachusetts,2647,36.6
5512,2001,"Accidents (unintentional injuries) (V01-X59,Y85-Y86)",Unintentional injuries,Delaware,290,36.6
5513,2017,Cerebrovascular diseases (I60-I69),Stroke,South Dakota,414,36.7
5514,2015,Alzheimer's disease (G30),Alzheimer's disease,North Dakota,376,36.7
5515,2014,Cerebrovascular diseases (I60-I69),Stroke,Pennsylvania,6576,36.7
5516,2013,Cerebrovascular diseases (I60-I69),Stroke,Illinois,5294,36.7
5517,2011,Alzheimer's disease (G30),Alzheimer's disease,South Dakota,424,36.7
5518,2011,Chronic lower respiratory diseases (J40-J47),CLRD,California,13357,36.7
5519,2010,"Accidents (unintentional injuries) (V01-X59,Y85-Y86)",Unintentional injuries,Minnesota,2103,36.7
5520,2007,Cerebrovascular diseases (I60-I69),Stroke,Massachusetts,2832,36.7
5521,2005,"Accidents (unintentional injuries) (V01-X59,Y85-Y86)",Unintentional injuries,Iowa,1202,36.7
5522,2003,"Accidents (unintentional injuries) (V01-X59,Y85-Y86)",Unintentional injuries,Minnesota,1912,36.7
5523,2016,Chronic lower respiratory diseases (J40-J47),CLRD,Pennsylvania,6523,36.8
5524,2015,Cerebrovascular diseases (I60-I69),Stroke,Alaska,182,36.8
5525,2014,"Accidents (unintentional injuries) (V01-X59,Y85-Y86)",Unintentional injuries,Virginia,3146,36.8
5526,2014,Cerebrovascular diseases (I60-I69),Stroke,Idaho,640,36.8
5527,2009,"Accidents (unintentional injuries) (V01-X59,Y85-Y86)",Unintentional injuries,Delaware,333,36.8
5528,2009,Alzheimer's disease (G30),Alzheimer's disease,South Dakota,403,36.8
5529,2002,"Accidents (unintentional injuries) (V01-X59,Y85-Y86)",Unintentional injuries,Washington,2203,36.8
5530,2001,"Accidents (unintentional injuries) (V01-X59,Y85-Y86)",Unintentional injuries,Vermont,230,36.8
5531,2017,"Accidents (unintentional injuries) (V01-X59,Y85-Y86)",Unintentional injuries,Maryland,2408,36.9
5532,2017,Alzheimer's disease (G30),Alzheimer's disease,South Dakota,444,36.9
5533,2017,Cerebrovascular diseases (I60-I69),Stroke,Washington,3028,36.9
5534,2016,Cerebrovascular diseases (I60-I69),Stroke,California,15680,36.9
5535,2015,Chronic lower respiratory diseases (J40-J47),CLRD,Rhode Island,510,36.9
5536,2013,Alzheimer's disease (G30),Alzheimer's disease,Tennessee,2536,36.9
5537,2012,Cerebrovascular diseases (I60-I69),Stroke,United States,128546,36.9
5538,2012,Chronic lower respiratory diseases (J40-J47),CLRD,Rhode Island,504,36.9
5539,2012,Chronic lower respiratory diseases (J40-J47),CLRD,Virginia,3070,36.9
5540,2011,Cerebrovascular diseases (I60-I69),Stroke,Nebraska,810,36.9
5541,2009,Cerebrovascular diseases (I60-I69),Stroke,Nevada,859,36.9
5542,2003,"Accidents (unintentional injuries) (V01-X59,Y85-Y86)",Unintentional injuries,Washington,2239,36.9
5543,2002,Chronic lower respiratory diseases (J40-J47),CLRD,Connecticut,1453,36.9
5544,2001,"Accidents (unintentional injuries) (V01-X59,Y85-Y86)",Unintentional injuries,Oregon,1313,36.9
5545,1999,Chronic lower respiratory diseases (J40-J47),CLRD,New York,7086,36.9
5546,2016,"Accidents (unintentional injuries) (V01-X59,Y85-Y86)",Unintentional injuries,Nebraska,772,37.0
5547,2016,Cerebrovascular diseases (I60-I69),Stroke,Pennsylvania,6730,37.0
5548,2015,Cerebrovascular diseases (I60-I69),Stroke,Nevada,1078,37.0
5549,2014,Cerebrovascular diseases (I60-I69),Stroke,Virginia,3229,37.0
5550,2014,Chronic lower respiratory diseases (J40-J47),CLRD,Pennsylvania,6422,37.0
5551,2013,"Accidents (unintentional injuries) (V01-X59,Y85-Y86)",Unintentional injuries,Texas,9395,37.0
5552,2013,Cerebrovascular diseases (I60-I69),Stroke,Delaware,409,37.0
5553,2010,Cerebrovascular diseases (I60-I69),Stroke,Washington,2548,37.0
5554,2010,Chronic lower respiratory diseases (J40-J47),CLRD,California,12987,37.0
5555,2009,"Accidents (unintentional injuries) (V01-X59,Y85-Y86)",Unintentional injuries,Iowa,1255,37.0
5556,2007,Chronic lower respiratory diseases (J40-J47),CLRD,Illinois,4742,37.0
5557,2003,"Accidents (unintentional injuries) (V01-X59,Y85-Y86)",Unintentional injuries,Virginia,2644,37.0
5558,2001,"Accidents (unintentional injuries) (V01-X59,Y85-Y86)",Unintentional injuries,Nevada,739,37.0
5559,2017,Alzheimer's disease (G30),Alzheimer's disease,California,16238,37.1
5560,2017,Chronic lower respiratory diseases (J40-J47),CLRD,Pennsylvania,6667,37.1
5561,2016,Alzheimer's disease (G30),Alzheimer's disease,South Dakota,449,37.1
5562,2015,Cerebrovascular diseases (I60-I69),Stroke,Florida,11433,37.1
5563,2015,Chronic lower respiratory diseases (J40-J47),CLRD,Virginia,3370,37.1
5564,2013,Chronic lower respiratory diseases (J40-J47),CLRD,Minnesota,2287,37.1
5565,2012,Chronic lower respiratory diseases (J40-J47),CLRD,Wisconsin,2524,37.1
5566,2011,Chronic lower respiratory diseases (J40-J47),CLRD,Minnesota,2170,37.1
5567,2010,Cerebrovascular diseases (I60-I69),Stroke,Utah,739,37.1
5568,2008,"Accidents (unintentional injuries) (V01-X59,Y85-Y86)",Unintentional injuries,Nebraska,714,37.1
5569,2003,Diabetes mellitus (E10-E14),Diabetes,West Virginia,807,37.1
5570,2002,"Accidents (unintentional injuries) (V01-X59,Y85-Y86)",Unintentional injuries,United States,106742,37.1
5571,2001,Alzheimer's disease (G30),Alzheimer's disease,Washington,2050,37.1
5572,2016,Alzheimer's disease (G30),Alzheimer's disease,North Carolina,4153,37.2
5573,2016,Cerebrovascular diseases (I60-I69),Stroke,Idaho,682,37.2
5574,2013,Cerebrovascular diseases (I60-I69),Stroke,Pennsylvania,6604,37.2
5575,2012,Cerebrovascular diseases (I60-I69),Stroke,Idaho,610,37.2
5576,2011,Cerebrovascular diseases (I60-I69),Stroke,North Dakota,337,37.2
5577,2011,Cerebrovascular diseases (I60-I69),Stroke,Wisconsin,2554,37.2
5578,2011,Cerebrovascular diseases (I60-I69),Stroke,Wyoming,214,37.2
5579,2010,"Accidents (unintentional injuries) (V01-X59,Y85-Y86)",Unintentional injuries,Iowa,1273,37.2
5580,2010,Alzheimer's disease (G30),Alzheimer's disease,North Dakota,361,37.2
5581,2010,Cerebrovascular diseases (I60-I69),Stroke,Wyoming,204,37.2
5582,2008,Cerebrovascular diseases (I60-I69),Stroke,North Dakota,325,37.2
5583,2017,Alzheimer's disease (G30),Alzheimer's disease,North Carolina,4289,37.3
5584,2016,Cerebrovascular diseases (I60-I69),Stroke,Florida,11854,37.3
5585,2016,Cerebrovascular diseases (I60-I69),Stroke,United States,142142,37.3
5586,2016,Chronic lower respiratory diseases (J40-J47),CLRD,Washington,3036,37.3
5587,2014,"Accidents (unintentional injuries) (V01-X59,Y85-Y86)",Unintentional injuries,Texas,9723,37.3
5588,2013,Cerebrovascular diseases (I60-I69),Stroke,Oregon,1775,37.3
5589,2013,Chronic lower respiratory diseases (J40-J47),CLRD,Virginia,3181,37.3
5590,2012,Cerebrovascular diseases (I60-I69),Stroke,Michigan,4414,37.3
5591,2012,Cerebrovascular diseases (I60-I69),Stroke,North Dakota,343,37.3
5592,2010,"Accidents (unintentional injuries) (V01-X59,Y85-Y86)",Unintentional injuries,New Hampshire,517,37.3
5593,2008,Chronic lower respiratory diseases (J40-J47),CLRD,Rhode Island,478,37.3
5594,2006,Chronic lower respiratory diseases (J40-J47),CLRD,Illinois,4731,37.3
5595,2004,Chronic lower respiratory diseases (J40-J47),CLRD,Maryland,1910,37.3
5596,2000,"Accidents (unintentional injuries) (V01-X59,Y85-Y86)",Unintentional injuries,Florida,6267,37.3
5597,1999,"Accidents (unintentional injuries) (V01-X59,Y85-Y86)",Unintentional injuries,Nebraska,668,37.3
5598,2015,"Accidents (unintentional injuries) (V01-X59,Y85-Y86)",Unintentional injuries,Texas,9976,37.4
5599,2014,Alzheimer's disease (G30),Alzheimer's disease,South Carolina,1938,37.4
5600,2014,Cerebrovascular diseases (I60-I69),Stroke,Illinois,5489,37.4
5601,2014,Cerebrovascular diseases (I60-I69),Stroke,Oregon,1821,37.4
5602,2012,"Accidents (unintentional injuries) (V01-X59,Y85-Y86)",Unintentional injuries,Texas,9313,37.4
5603,2012,Cerebrovascular diseases (I60-I69),Stroke,Pennsylvania,6546,37.4
5604,2012,Cerebrovascular diseases (I60-I69),Stroke,South Dakota,408,37.4
5605,2008,Alzheimer's disease (G30),Alzheimer's disease,South Dakota,402,37.4
5606,2008,Cerebrovascular diseases (I60-I69),Stroke,Colorado,1565,37.4
5607,2005,"Accidents (unintentional injuries) (V01-X59,Y85-Y86)",Unintentional injuries,Nebraska,704,37.4
5608,2005,Chronic lower respiratory diseases (J40-J47),CLRD,Minnesota,1965,37.4
5609,2001,Diabetes mellitus (E10-E14),Diabetes,District of Columbia,209,37.4
5610,2017,Cerebrovascular diseases (I60-I69),Stroke,Hawaii,764,37.5
5611,2017,Cerebrovascular diseases (I60-I69),Stroke,Maine,736,37.5
5612,2017,Cerebrovascular diseases (I60-I69),Stroke,Virginia,3555,37.5
5613,2015,Cerebrovascular diseases (I60-I69),Stroke,Oregon,1873,37.5
5614,2012,Cerebrovascular diseases (I60-I69),Stroke,Oregon,1763,37.5
5615,2009,"Accidents (unintentional injuries) (V01-X59,Y85-Y86)",Unintentional injuries,United States,118021,37.5
5616,2009,Chronic lower respiratory diseases (J40-J47),CLRD,California,12936,37.5
5617,2007,"Accidents (unintentional injuries) (V01-X59,Y85-Y86)",Unintentional injuries,Iowa,1252,37.5
5618,2007,"Accidents (unintentional injuries) (V01-X59,Y85-Y86)",Unintentional injuries,Minnesota,2066,37.5
5619,2006,Cerebrovascular diseases (I60-I69),Stroke,Arizona,2226,37.5
5620,2006,Chronic lower respiratory diseases (J40-J47),CLRD,Florida,8912,37.5
5621,2003,Alzheimer's disease (G30),Alzheimer's disease,North Dakota,336,37.5
5622,2001,"Accidents (unintentional injuries) (V01-X59,Y85-Y86)",Unintentional injuries,Wisconsin,2100,37.5
5623,2000,"Accidents (unintentional injuries) (V01-X59,Y85-Y86)",Unintentional injuries,Delaware,290,37.5
5624,2017,Cerebrovascular diseases (I60-I69),Stroke,United States,146383,37.6
5625,2017,Cerebrovascular diseases (I60-I69),Stroke,California,16355,37.6
5626,2017,Chronic lower respiratory diseases (J40-J47),CLRD,Illinois,5732,37.6
5627,2015,Cerebrovascular diseases (I60-I69),Stroke,Michigan,4666,37.6
5628,2015,Cerebrovascular diseases (I60-I69),Stroke,United States,140323,37.6
5629,2013,Cerebrovascular diseases (I60-I69),Stroke,Montana,480,37.6
5630,2010,"Accidents (unintentional injuries) (V01-X59,Y85-Y86)",Unintentional injuries,Washington,2609,37.6
5631,2009,Cerebrovascular diseases (I60-I69),Stroke,Utah,738,37.6
5632,2003,"Accidents (unintentional injuries) (V01-X59,Y85-Y86)",Unintentional injuries,United States,109277,37.6
5633,2002,"Accidents (unintentional injuries) (V01-X59,Y85-Y86)",Unintentional injuries,Minnesota,1928,37.6
5634,2000,"Accidents (unintentional injuries) (V01-X59,Y85-Y86)",Unintentional injuries,Texas,7407,37.6
5635,1999,"Accidents (unintentional injuries) (V01-X59,Y85-Y86)",Unintentional injuries,Texas,7227,37.6
5636,1999,Chronic lower respiratory diseases (J40-J47),CLRD,Utah,559,37.6
5637,2017,Cerebrovascular diseases (I60-I69),Stroke,Kansas,1355,37.7
5638,2012,Cerebrovascular diseases (I60-I69),Stroke,Illinois,5337,37.7
5639,2009,Cerebrovascular diseases (I60-I69),Stroke,Wisconsin,2501,37.7
5640,2008,Cerebrovascular diseases (I60-I69),Stroke,Minnesota,2199,37.7
5641,2005,"Accidents (unintentional injuries) (V01-X59,Y85-Y86)",Unintentional injuries,Ohio,4438,37.7
5642,2005,Cerebrovascular diseases (I60-I69),Stroke,New Hampshire,497,37.7
5643,2001,Diabetes mellitus (E10-E14),Diabetes,West Virginia,802,37.7
5644,2016,Alzheimer's disease (G30),Alzheimer's disease,Texas,9135,37.8
5645,2016,Cerebrovascular diseases (I60-I69),Stroke,Illinois,5658,37.8
5646,2016,Cerebrovascular diseases (I60-I69),Stroke,Oregon,1943,37.8
5647,2015,Cerebrovascular diseases (I60-I69),Stroke,Maryland,2540,37.8
5648,2015,Chronic lower respiratory diseases (J40-J47),CLRD,Alaska,204,37.8
5649,2012,Cerebrovascular diseases (I60-I69),Stroke,Utah,809,37.8
5650,2011,Cerebrovascular diseases (I60-I69),Stroke,Maryland,2306,37.8
5651,2011,Cerebrovascular diseases (I60-I69),Stroke,Utah,782,37.8
5652,2010,"Accidents (unintentional injuries) (V01-X59,Y85-Y86)",Unintentional injuries,Oregon,1566,37.8
5653,2008,"Accidents (unintentional injuries) (V01-X59,Y85-Y86)",Unintentional injuries,Iowa,1266,37.8
5654,2008,"Accidents (unintentional injuries) (V01-X59,Y85-Y86)",Unintentional injuries,Utah,881,37.8
5655,2008,Chronic lower respiratory diseases (J40-J47),CLRD,Minnesota,2096,37.8
5656,2006,Cerebrovascular diseases (I60-I69),Stroke,Florida,8925,37.8
5657,2006,Chronic lower respiratory diseases (J40-J47),CLRD,Alaska,140,37.8
5658,2002,"Accidents (unintentional injuries) (V01-X59,Y85-Y86)",Unintentional injuries,Vermont,240,37.8
5659,1999,Chronic lower respiratory diseases (J40-J47),CLRD,Connecticut,1435,37.8
5660,2014,Cerebrovascular diseases (I60-I69),Stroke,Michigan,4596,37.9
5661,2014,Cerebrovascular diseases (I60-I69),Stroke,Utah,856,37.9
5662,2014,Chronic lower respiratory diseases (J40-J47),CLRD,Washington,2916,37.9
5663,2013,Chronic lower respiratory diseases (J40-J47),CLRD,Alaska,197,37.9
5664,2011,Cerebrovascular diseases (I60-I69),Stroke,Montana,460,37.9
5665,2011,Cerebrovascular diseases (I60-I69),Stroke,United States,128932,37.9
5666,2010,Chronic lower respiratory diseases (J40-J47),CLRD,Pennsylvania,6202,37.9
5667,2008,Cerebrovascular diseases (I60-I69),Stroke,Delaware,365,37.9
5668,2007,Cerebrovascular diseases (I60-I69),Stroke,North Dakota,330,37.9
5669,2006,Chronic lower respiratory diseases (J40-J47),CLRD,Delaware,344,37.9
5670,2004,"Accidents (unintentional injuries) (V01-X59,Y85-Y86)",Unintentional injuries,Washington,2341,37.9
5671,2004,Alzheimer's disease (G30),Alzheimer's disease,Washington,2233,37.9
5672,2003,"Accidents (unintentional injuries) (V01-X59,Y85-Y86)",Unintentional injuries,Pennsylvania,5014,37.9
5673,2002,Cerebrovascular diseases (I60-I69),Stroke,New York,7625,37.9
5674,2016,Chronic lower respiratory diseases (J40-J47),CLRD,Florida,11970,38.0
5675,2015,Cerebrovascular diseases (I60-I69),Stroke,Virginia,3393,38.0
5676,2014,Cerebrovascular diseases (I60-I69),Stroke,Maryland,2469,38.0
5677,2014,Chronic lower respiratory diseases (J40-J47),CLRD,Florida,11178,38.0
5678,2013,Cerebrovascular diseases (I60-I69),Stroke,South Dakota,418,38.0
5679,2011,"Accidents (unintentional injuries) (V01-X59,Y85-Y86)",Unintentional injuries,Michigan,3951,38.0
5680,2010,"Accidents (unintentional injuries) (V01-X59,Y85-Y86)",Unintentional injuries,United States,120859,38.0
5681,2010,Cerebrovascular diseases (I60-I69),Stroke,Iowa,1537,38.0
5682,2010,Chronic lower respiratory diseases (J40-J47),CLRD,Wisconsin,2474,38.0
5683,2009,Cerebrovascular diseases (I60-I69),Stroke,Maine,647,38.0
5684,2007,Cerebrovascular diseases (I60-I69),Stroke,Vermont,269,38.0
5685,2006,"Accidents (unintentional injuries) (V01-X59,Y85-Y86)",Unintentional injuries,Delaware,329,38.0
5686,2006,Chronic lower respiratory diseases (J40-J47),CLRD,Virginia,2697,38.0
5687,2003,"Accidents (unintentional injuries) (V01-X59,Y85-Y86)",Unintentional injuries,Maine,516,38.0
5688,2003,"Accidents (unintentional injuries) (V01-X59,Y85-Y86)",Unintentional injuries,Nebraska,696,38.0
5689,2000,"Accidents (unintentional injuries) (V01-X59,Y85-Y86)",Unintentional injuries,Kansas,1054,38.0
5690,2017,Chronic lower respiratory diseases (J40-J47),CLRD,Washington,3177,38.1
5691,2016,Chronic lower respiratory diseases (J40-J47),CLRD,Illinois,5632,38.1
5692,2015,Chronic lower respiratory diseases (J40-J47),CLRD,Pennsylvania,6664,38.1
5693,2014,Alzheimer's disease (G30),Alzheimer's disease,Tennessee,2672,38.1
5694,2013,Cerebrovascular diseases (I60-I69),Stroke,Kansas,1320,38.1
5695,2011,"Accidents (unintentional injuries) (V01-X59,Y85-Y86)",Unintentional injuries,Washington,2709,38.1
5696,2010,Cerebrovascular diseases (I60-I69),Stroke,California,13662,38.1
5697,2010,Chronic lower respiratory diseases (J40-J47),CLRD,Virginia,2969,38.1
5698,2007,Chronic lower respiratory diseases (J40-J47),CLRD,Pennsylvania,6077,38.1
5699,2006,Cerebrovascular diseases (I60-I69),Stroke,Massachusetts,2880,38.1
5700,2006,Cerebrovascular diseases (I60-I69),Stroke,Vermont,264,38.1
5701,2006,Chronic lower respiratory diseases (J40-J47),CLRD,Rhode Island,485,38.1
5702,2004,"Accidents (unintentional injuries) (V01-X59,Y85-Y86)",Unintentional injuries,North Dakota,274,38.1
5703,2004,"Accidents (unintentional injuries) (V01-X59,Y85-Y86)",Unintentional injuries,United States,112012,38.1
5704,2004,Chronic lower respiratory diseases (J40-J47),CLRD,Illinois,4723,38.1
5705,2002,"Accidents (unintentional injuries) (V01-X59,Y85-Y86)",Unintentional injuries,Maine,511,38.1
5706,2002,Chronic lower respiratory diseases (J40-J47),CLRD,Utah,603,38.1
5707,2000,"Accidents (unintentional injuries) (V01-X59,Y85-Y86)",Unintentional injuries,Vermont,234,38.1
5708,2016,Cerebrovascular diseases (I60-I69),Stroke,Virginia,3502,38.2
5709,2015,Alzheimer's disease (G30),Alzheimer's disease,Texas,8903,38.2
5710,2015,Cerebrovascular diseases (I60-I69),Stroke,Hawaii,735,38.2
5711,2015,Chronic lower respiratory diseases (J40-J47),CLRD,Illinois,5544,38.2
5712,2013,Cerebrovascular diseases (I60-I69),Stroke,Utah,836,38.2
5713,2013,Chronic lower respiratory diseases (J40-J47),CLRD,North Dakota,331,38.2
5714,2012,Cerebrovascular diseases (I60-I69),Stroke,Delaware,404,38.2
5715,2009,"Accidents (unintentional injuries) (V01-X59,Y85-Y86)",Unintentional injuries,Utah,899,38.2
5716,2009,Cerebrovascular diseases (I60-I69),Stroke,North Dakota,337,38.2
5717,2007,Alzheimer's disease (G30),Alzheimer's disease,Tennessee,2276,38.2
5718,2006,Cerebrovascular diseases (I60-I69),Stroke,Utah,674,38.2
5719,2005,Alzheimer's disease (G30),Alzheimer's disease,Washington,2309,38.2
5720,2005,Cerebrovascular diseases (I60-I69),Stroke,Vermont,260,38.2
5721,2004,Diabetes mellitus (E10-E14),Diabetes,West Virginia,840,38.2
5722,2003,"Accidents (unintentional injuries) (V01-X59,Y85-Y86)",Unintentional injuries,Oregon,1401,38.2
5723,2001,Chronic lower respiratory diseases (J40-J47),CLRD,Connecticut,1486,38.2
5724,2017,Chronic lower respiratory diseases (J40-J47),CLRD,North Dakota,358,38.3
5725,2017,Chronic lower respiratory diseases (J40-J47),CLRD,Wisconsin,2834,38.3
5726,2016,Chronic lower respiratory diseases (J40-J47),CLRD,South Dakota,426,38.3
5727,2016,Chronic lower respiratory diseases (J40-J47),CLRD,Wisconsin,2786,38.3
5728,2015,Cerebrovascular diseases (I60-I69),Stroke,District of Columbia,242,38.3
5729,2013,"Accidents (unintentional injuries) (V01-X59,Y85-Y86)",Unintentional injuries,Georgia,3727,38.3
5730,2012,"Accidents (unintentional injuries) (V01-X59,Y85-Y86)",Unintentional injuries,Washington,2760,38.3
5731,2011,"Accidents (unintentional injuries) (V01-X59,Y85-Y86)",Unintentional injuries,Maine,574,38.3
5732,2008,Cerebrovascular diseases (I60-I69),Stroke,New Mexico,760,38.3
5733,2008,Cerebrovascular diseases (I60-I69),Stroke,Vermont,281,38.3
5734,2007,"Accidents (unintentional injuries) (V01-X59,Y85-Y86)",Unintentional injuries,Virginia,2931,38.3
5735,2007,Chronic lower respiratory diseases (J40-J47),CLRD,California,12532,38.3
5736,2007,Chronic lower respiratory diseases (J40-J47),CLRD,Virginia,2770,38.3
5737,2001,Chronic lower respiratory diseases (J40-J47),CLRD,Delaware,306,38.3
5738,2016,Cerebrovascular diseases (I60-I69),Stroke,District of Columbia,252,38.4
5739,2015,Cerebrovascular diseases (I60-I69),Stroke,Illinois,5709,38.4
5740,2015,Cerebrovascular diseases (I60-I69),Stroke,Utah,888,38.4
5741,2015,Chronic lower respiratory diseases (J40-J47),CLRD,Florida,11705,38.4
5742,2012,Chronic lower respiratory diseases (J40-J47),CLRD,Florida,10585,38.4
5743,2011,"Accidents (unintentional injuries) (V01-X59,Y85-Y86)",Unintentional injuries,New Hampshire,553,38.4
5744,2010,Cerebrovascular diseases (I60-I69),Stroke,New Mexico,806,38.4
5745,2007,Cerebrovascular diseases (I60-I69),Stroke,Minnesota,2193,38.4
5746,2004,"Accidents (unintentional injuries) (V01-X59,Y85-Y86)",Unintentional injuries,District of Columbia,219,38.4
5747,2004,"Accidents (unintentional injuries) (V01-X59,Y85-Y86)",Unintentional injuries,Indiana,2395,38.4
5748,2004,Chronic lower respiratory diseases (J40-J47),CLRD,Louisiana,1615,38.4
5749,2002,"Accidents (unintentional injuries) (V01-X59,Y85-Y86)",Unintentional injuries,Oregon,1397,38.4
5750,2001,"Accidents (unintentional injuries) (V01-X59,Y85-Y86)",Unintentional injuries,District of Columbia,223,38.4
5751,1999,"Accidents (unintentional injuries) (V01-X59,Y85-Y86)",Unintentional injuries,Indiana,2309,38.4
5752,1999,"Accidents (unintentional injuries) (V01-X59,Y85-Y86)",Unintentional injuries,North Dakota,267,38.4
5753,2017,"Accidents (unintentional injuries) (V01-X59,Y85-Y86)",Unintentional injuries,Nebraska,811,38.5
5754,2017,Alzheimer's disease (G30),Alzheimer's disease,Texas,9545,38.5
5755,2017,Cerebrovascular diseases (I60-I69),Stroke,Idaho,726,38.5
5756,2011,Chronic lower respiratory diseases (J40-J47),CLRD,Florida,10279,38.5
5757,2010,"Accidents (unintentional injuries) (V01-X59,Y85-Y86)",Unintentional injuries,Indiana,2534,38.5
5758,2010,Alzheimer's disease (G30),Alzheimer's disease,Tennessee,2440,38.5
5759,2010,Chronic lower respiratory diseases (J40-J47),CLRD,Rhode Island,507,38.5
5760,2009,Cerebrovascular diseases (I60-I69),Stroke,California,13506,38.5
5761,2009,Chronic lower respiratory diseases (J40-J47),CLRD,Wisconsin,2461,38.5
5762,2008,Cerebrovascular diseases (I60-I69),Stroke,District of Columbia,222,38.5
5763,2006,Chronic lower respiratory diseases (J40-J47),CLRD,Wisconsin,2354,38.5
5764,2005,Cerebrovascular diseases (I60-I69),Stroke,New Jersey,3614,38.5
5765,1999,"Accidents (unintentional injuries) (V01-X59,Y85-Y86)",Unintentional injuries,Nevada,710,38.5
5766,2016,"Accidents (unintentional injuries) (V01-X59,Y85-Y86)",Unintentional injuries,Texas,10536,38.6
5767,2016,Cerebrovascular diseases (I60-I69),Stroke,Kansas,1363,38.6
5768,2015,Cerebrovascular diseases (I60-I69),Stroke,Kansas,1364,38.6
5769,2014,"Accidents (unintentional injuries) (V01-X59,Y85-Y86)",Unintentional injuries,Nebraska,781,38.6
5770,2013,Cerebrovascular diseases (I60-I69),Stroke,Virginia,3287,38.6
5771,2012,Chronic lower respiratory diseases (J40-J47),CLRD,Illinois,5313,38.6
5772,2011,Cerebrovascular diseases (I60-I69),Stroke,Illinois,5372,38.6
5773,2011,Cerebrovascular diseases (I60-I69),Stroke,Michigan,4442,38.6
5774,2011,Chronic lower respiratory diseases (J40-J47),CLRD,Virginia,3112,38.6
5775,2009,Cerebrovascular diseases (I60-I69),Stroke,Washington,2591,38.6
5776,2007,Chronic lower respiratory diseases (J40-J47),CLRD,Florida,9357,38.6
5777,2007,Chronic lower respiratory diseases (J40-J47),CLRD,Wisconsin,2399,38.6
5778,2004,Chronic lower respiratory diseases (J40-J47),CLRD,Pennsylvania,5978,38.6
5779,2003,"Accidents (unintentional injuries) (V01-X59,Y85-Y86)",Unintentional injuries,Kansas,1089,38.6
5780,2001,Chronic lower respiratory diseases (J40-J47),CLRD,Pennsylvania,5845,38.6
5781,2000,Chronic lower respiratory diseases (J40-J47),CLRD,North Dakota,295,38.6
5782,1999,Chronic lower respiratory diseases (J40-J47),CLRD,South Dakota,335,38.6
5783,2013,"Accidents (unintentional injuries) (V01-X59,Y85-Y86)",Unintentional injuries,Washington,2826,38.7
5784,2011,"Accidents (unintentional injuries) (V01-X59,Y85-Y86)",Unintentional injuries,Texas,9410,38.7
5785,2005,Diabetes mellitus (E10-E14),Diabetes,Louisiana,1695,38.7
5786,2000,"Accidents (unintentional injuries) (V01-X59,Y85-Y86)",Unintentional injuries,Nevada,730,38.7
5787,2017,"Accidents (unintentional injuries) (V01-X59,Y85-Y86)",Unintentional injuries,Texas,10763,38.8
5788,2016,Cerebrovascular diseases (I60-I69),Stroke,Utah,932,38.8
5789,2015,Cerebrovascular diseases (I60-I69),Stroke,Pennsylvania,6987,38.8
5790,2014,Cerebrovascular diseases (I60-I69),Stroke,Delaware,439,38.8
5791,2014,Cerebrovascular diseases (I60-I69),Stroke,South Dakota,439,38.8
5792,2014,Chronic lower respiratory diseases (J40-J47),CLRD,Alaska,192,38.8
5793,2012,"Accidents (unintentional injuries) (V01-X59,Y85-Y86)",Unintentional injuries,Delaware,374,38.8
5794,2012,Chronic lower respiratory diseases (J40-J47),CLRD,Pennsylvania,6550,38.8
5795,2011,Cerebrovascular diseases (I60-I69),Stroke,Idaho,623,38.8
5796,2010,"Accidents (unintentional injuries) (V01-X59,Y85-Y86)",Unintentional injuries,North Dakota,285,38.8
5797,2010,Cerebrovascular diseases (I60-I69),Stroke,Maryland,2279,38.8
5798,2010,Cerebrovascular diseases (I60-I69),Stroke,Wisconsin,2609,38.8
5799,2007,"Accidents (unintentional injuries) (V01-X59,Y85-Y86)",Unintentional injuries,Indiana,2499,38.8
5800,2005,"Accidents (unintentional injuries) (V01-X59,Y85-Y86)",Unintentional injuries,Oregon,1469,38.8
5801,2001,Cerebrovascular diseases (I60-I69),Stroke,New York,7706,38.8
5802,2001,Chronic lower respiratory diseases (J40-J47),CLRD,Minnesota,1909,38.8
5803,2017,Cerebrovascular diseases (I60-I69),Stroke,Florida,12602,38.9
5804,2017,Cerebrovascular diseases (I60-I69),Stroke,Illinois,6020,38.9
5805,2015,"Accidents (unintentional injuries) (V01-X59,Y85-Y86)",Unintentional injuries,Nebraska,799,38.9
5806,2007,"Accidents (unintentional injuries) (V01-X59,Y85-Y86)",Unintentional injuries,North Dakota,279,38.9
5807,2006,"Accidents (unintentional injuries) (V01-X59,Y85-Y86)",Unintentional injuries,Indiana,2480,38.9
5808,2006,"Accidents (unintentional injuries) (V01-X59,Y85-Y86)",Unintentional injuries,North Dakota,275,38.9
5809,2004,"Accidents (unintentional injuries) (V01-X59,Y85-Y86)",Unintentional injuries,Oregon,1444,38.9
5810,2004,Chronic lower respiratory diseases (J40-J47),CLRD,Wisconsin,2312,38.9
5811,2003,Chronic lower respiratory diseases (J40-J47),CLRD,Massachusetts,2765,38.9
5812,2002,Chronic lower respiratory diseases (J40-J47),CLRD,Massachusetts,2745,38.9
5813,2000,"Accidents (unintentional injuries) (V01-X59,Y85-Y86)",Unintentional injuries,Wisconsin,2159,38.9
5814,2017,Chronic lower respiratory diseases (J40-J47),CLRD,Florida,12619,39.0
5815,2016,Cerebrovascular diseases (I60-I69),Stroke,Alaska,196,39.0
5816,2016,Cerebrovascular diseases (I60-I69),Stroke,Michigan,4874,39.0
5817,2014,Cerebrovascular diseases (I60-I69),Stroke,Kansas,1363,39.0
5818,2012,"Accidents (unintentional injuries) (V01-X59,Y85-Y86)",Unintentional injuries,Georgia,3731,39.0
5819,2010,"Accidents (unintentional injuries) (V01-X59,Y85-Y86)",Unintentional injuries,Texas,9212,39.0
5820,2009,"Accidents (unintentional injuries) (V01-X59,Y85-Y86)",Unintentional injuries,Nevada,1025,39.0
5821,2009,Alzheimer's disease (G30),Alzheimer's disease,North Dakota,366,39.0
5822,2009,Cerebrovascular diseases (I60-I69),Stroke,Illinois,5258,39.0
5823,2007,"Accidents (unintentional injuries) (V01-X59,Y85-Y86)",Unintentional injuries,New Hampshire,527,39.0
5824,2007,Cerebrovascular diseases (I60-I69),Stroke,District of Columbia,220,39.0
5825,2007,Cerebrovascular diseases (I60-I69),Stroke,Montana,443,39.0
5826,2003,Chronic lower respiratory diseases (J40-J47),CLRD,Rhode Island,495,39.0
5827,2002,Alzheimer's disease (G30),Alzheimer's disease,Washington,2195,39.0
5828,2000,Chronic lower respiratory diseases (J40-J47),CLRD,Minnesota,1902,39.0
5829,1999,"Accidents (unintentional injuries) (V01-X59,Y85-Y86)",Unintentional injuries,Colorado,1519,39.0
5830,2015,Cerebrovascular diseases (I60-I69),Stroke,Indiana,2959,39.1
5831,2013,"Accidents (unintentional injuries) (V01-X59,Y85-Y86)",Unintentional injuries,Florida,8736,39.1
5832,2012,"Accidents (unintentional injuries) (V01-X59,Y85-Y86)",Unintentional injuries,Minnesota,2301,39.1
5833,2012,"Accidents (unintentional injuries) (V01-X59,Y85-Y86)",Unintentional injuries,United States,127792,39.1
5834,2012,Chronic lower respiratory diseases (J40-J47),CLRD,Delaware,420,39.1
5835,2011,"Accidents (unintentional injuries) (V01-X59,Y85-Y86)",Unintentional injuries,North Dakota,298,39.1
5836,2011,"Accidents (unintentional injuries) (V01-X59,Y85-Y86)",Unintentional injuries,United States,126438,39.1
5837,2010,Cerebrovascular diseases (I60-I69),Stroke,United States,129476,39.1
5838,2008,Cerebrovascular diseases (I60-I69),Stroke,South Dakota,396,39.1
5839,2006,Cerebrovascular diseases (I60-I69),Stroke,Colorado,1532,39.1
5840,2004,"Accidents (unintentional injuries) (V01-X59,Y85-Y86)",Unintentional injuries,Pennsylvania,5200,39.1
5841,2004,Cerebrovascular diseases (I60-I69),Stroke,Connecticut,1635,39.1
5842,2004,Chronic lower respiratory diseases (J40-J47),CLRD,Florida,8971,39.1
5843,2003,Chronic lower respiratory diseases (J40-J47),CLRD,North Dakota,302,39.1
5844,2003,Chronic lower respiratory diseases (J40-J47),CLRD,Wisconsin,2299,39.1
5845,2014,Chronic lower respiratory diseases (J40-J47),CLRD,Illinois,5631,39.2
5846,2010,"Accidents (unintentional injuries) (V01-X59,Y85-Y86)",Unintentional injuries,Delaware,357,39.2
5847,2003,Chronic lower respiratory diseases (J40-J47),CLRD,Pennsylvania,6046,39.2
5848,2002,Chronic lower respiratory diseases (J40-J47),CLRD,Minnesota,1971,39.2
5849,2017,Cerebrovascular diseases (I60-I69),Stroke,Michigan,5002,39.3
5850,2016,Alzheimer's disease (G30),Alzheimer's disease,Utah,904,39.3
5851,2016,Chronic lower respiratory diseases (J40-J47),CLRD,New Hampshire,684,39.3
5852,2015,Chronic lower respiratory diseases (J40-J47),CLRD,Wisconsin,2846,39.3
5853,2014,Chronic lower respiratory diseases (J40-J47),CLRD,Wisconsin,2759,39.3
5854,2013,"Accidents (unintentional injuries) (V01-X59,Y85-Y86)",Unintentional injuries,Connecticut,1582,39.3
5855,2013,Chronic lower respiratory diseases (J40-J47),CLRD,Illinois,5532,39.3
5856,2013,Chronic lower respiratory diseases (J40-J47),CLRD,Pennsylvania,6716,39.3
5857,2013,Chronic lower respiratory diseases (J40-J47),CLRD,South Dakota,416,39.3
5858,2010,Cerebrovascular diseases (I60-I69),Stroke,Illinois,5349,39.3
5859,2010,Cerebrovascular diseases (I60-I69),Stroke,Pennsylvania,6701,39.3
5860,2009,"Accidents (unintentional injuries) (V01-X59,Y85-Y86)",Unintentional injuries,Indiana,2577,39.3
5861,2009,"Accidents (unintentional injuries) (V01-X59,Y85-Y86)",Unintentional injuries,Oregon,1598,39.3
5862,2008,"Accidents (unintentional injuries) (V01-X59,Y85-Y86)",Unintentional injuries,United States,121902,39.3
5863,2006,Alzheimer's disease (G30),Alzheimer's disease,Washington,2470,39.3
5864,2006,Cerebrovascular diseases (I60-I69),Stroke,New Mexico,739,39.3
5865,2005,"Accidents (unintentional injuries) (V01-X59,Y85-Y86)",Unintentional injuries,Indiana,2480,39.3
5866,2005,Chronic lower respiratory diseases (J40-J47),CLRD,Pennsylvania,6149,39.3
5867,2004,Cerebrovascular diseases (I60-I69),Stroke,District of Columbia,218,39.3
5868,2002,Chronic lower respiratory diseases (J40-J47),CLRD,Pennsylvania,6017,39.3
5869,2000,Diabetes mellitus (E10-E14),Diabetes,District of Columbia,221,39.3
5870,2017,Alzheimer's disease (G30),Alzheimer's disease,Arkansas,1436,39.4
5871,2017,Alzheimer's disease (G30),Alzheimer's disease,Oklahoma,1752,39.4
5872,2017,Cerebrovascular diseases (I60-I69),Stroke,Kentucky,2050,39.4
5873,2015,Cerebrovascular diseases (I60-I69),Stroke,Delaware,466,39.4
5874,2014,"Accidents (unintentional injuries) (V01-X59,Y85-Y86)",Unintentional injuries,Minnesota,2385,39.4
5875,2013,"Accidents (unintentional injuries) (V01-X59,Y85-Y86)",Unintentional injuries,United States,130557,39.4
5876,2013,Chronic lower respiratory diseases (J40-J47),CLRD,Washington,2933,39.4
5877,2012,Alzheimer's disease (G30),Alzheimer's disease,South Dakota,460,39.4
5878,2012,Cerebrovascular diseases (I60-I69),Stroke,Kansas,1343,39.4
5879,2011,Cerebrovascular diseases (I60-I69),Stroke,Alaska,168,39.4
5880,2010,Chronic lower respiratory diseases (J40-J47),CLRD,Illinois,5231,39.4
5881,2009,"Accidents (unintentional injuries) (V01-X59,Y85-Y86)",Unintentional injuries,Pennsylvania,5477,39.4
5882,2009,"Accidents (unintentional injuries) (V01-X59,Y85-Y86)",Unintentional injuries,Washington,2696,39.4
5883,2009,Cerebrovascular diseases (I60-I69),Stroke,Maryland,2288,39.4
5884,2006,"Accidents (unintentional injuries) (V01-X59,Y85-Y86)",Unintentional injuries,District of Columbia,224,39.4
5885,2004,"Accidents (unintentional injuries) (V01-X59,Y85-Y86)",Unintentional injuries,Vermont,253,39.4
5886,2002,Chronic lower respiratory diseases (J40-J47),CLRD,Maryland,1944,39.4
5887,2016,Cerebrovascular diseases (I60-I69),Stroke,Indiana,3040,39.5
5888,2016,Chronic lower respiratory diseases (J40-J47),CLRD,Texas,10107,39.5
5889,2011,Alzheimer's disease (G30),Alzheimer's disease,Tennessee,2589,39.5
5890,2011,Chronic lower respiratory diseases (J40-J47),CLRD,Rhode Island,526,39.5
5891,2011,Chronic lower respiratory diseases (J40-J47),CLRD,Wisconsin,2615,39.5
5892,2010,Cerebrovascular diseases (I60-I69),Stroke,Michigan,4474,39.5
5893,2009,Cerebrovascular diseases (I60-I69),Stroke,Montana,462,39.5
5894,2008,"Accidents (unintentional injuries) (V01-X59,Y85-Y86)",Unintentional injuries,Indiana,2558,39.5
5895,2007,Cerebrovascular diseases (I60-I69),Stroke,Colorado,1600,39.5
5896,2006,"Accidents (unintentional injuries) (V01-X59,Y85-Y86)",Unintentional injuries,Pennsylvania,5299,39.5
5897,2005,"Accidents (unintentional injuries) (V01-X59,Y85-Y86)",Unintentional injuries,United States,117809,39.5
5898,2004,Chronic lower respiratory diseases (J40-J47),CLRD,Alaska,139,39.5
5899,2003,Chronic lower respiratory diseases (J40-J47),CLRD,Illinois,4858,39.5
5900,2003,Chronic lower respiratory diseases (J40-J47),CLRD,Maryland,1986,39.5
5901,2002,Diabetes mellitus (E10-E14),Diabetes,West Virginia,846,39.5
5902,2001,Chronic lower respiratory diseases (J40-J47),CLRD,Illinois,4776,39.5
5903,2001,Chronic lower respiratory diseases (J40-J47),CLRD,Maryland,1907,39.5
5904,2015,"Accidents (unintentional injuries) (V01-X59,Y85-Y86)",Unintentional injuries,Virginia,3429,39.6
5905,2011,"Accidents (unintentional injuries) (V01-X59,Y85-Y86)",Unintentional injuries,Iowa,1369,39.6
5906,2011,Cerebrovascular diseases (I60-I69),Stroke,Pennsylvania,6825,39.6
5907,2011,Chronic lower respiratory diseases (J40-J47),CLRD,North Dakota,342,39.6
5908,2009,Cerebrovascular diseases (I60-I69),Stroke,United States,128842,39.6
5909,2009,Chronic lower respiratory diseases (J40-J47),CLRD,Pennsylvania,6432,39.6
5910,2009,Chronic lower respiratory diseases (J40-J47),CLRD,Virginia,3013,39.6
5911,2008,"Accidents (unintentional injuries) (V01-X59,Y85-Y86)",Unintentional injuries,Delaware,352,39.6
5912,2002,Chronic lower respiratory diseases (J40-J47),CLRD,Illinois,4827,39.6
5913,2001,Chronic lower respiratory diseases (J40-J47),CLRD,North Dakota,308,39.6
5914,1999,Diabetes mellitus (E10-E14),Diabetes,District of Columbia,221,39.6
5915,2017,Chronic lower respiratory diseases (J40-J47),CLRD,Oregon,2088,39.7
5916,2016,Cerebrovascular diseases (I60-I69),Stroke,Maryland,2709,39.7
5917,2015,Chronic lower respiratory diseases (J40-J47),CLRD,Washington,3154,39.7
5918,2012,"Accidents (unintentional injuries) (V01-X59,Y85-Y86)",Unintentional injuries,Iowa,1369,39.7
5919,2011,Cerebrovascular diseases (I60-I69),Stroke,Kansas,1338,39.7
5920,2011,Chronic lower respiratory diseases (J40-J47),CLRD,Pennsylvania,6627,39.7
5921,2008,Cerebrovascular diseases (I60-I69),Stroke,Utah,748,39.7
5922,2006,Cerebrovascular diseases (I60-I69),Stroke,Minnesota,2219,39.7
5923,2005,"Accidents (unintentional injuries) (V01-X59,Y85-Y86)",Unintentional injuries,North Dakota,287,39.7
5924,2004,"Accidents (unintentional injuries) (V01-X59,Y85-Y86)",Unintentional injuries,Nebraska,743,39.7
5925,2004,"Accidents (unintentional injuries) (V01-X59,Y85-Y86)",Unintentional injuries,Texas,8323,39.7
5926,2004,"Accidents (unintentional injuries) (V01-X59,Y85-Y86)",Unintentional injuries,Wisconsin,2303,39.7
5927,2001,"Accidents (unintentional injuries) (V01-X59,Y85-Y86)",Unintentional injuries,Texas,7920,39.7
5928,2000,Chronic lower respiratory diseases (J40-J47),CLRD,Illinois,4768,39.7
5929,2012,"Accidents (unintentional injuries) (V01-X59,Y85-Y86)",Unintentional injuries,Nebraska,792,39.8
5930,2009,Cerebrovascular diseases (I60-I69),Stroke,Michigan,4435,39.8
5931,2009,Chronic lower respiratory diseases (J40-J47),CLRD,Rhode Island,511,39.8
5932,2007,Cerebrovascular diseases (I60-I69),Stroke,Nevada,850,39.8
5933,2005,Cerebrovascular diseases (I60-I69),Stroke,Massachusetts,2977,39.8
5934,2004,Cerebrovascular diseases (I60-I69),Stroke,Rhode Island,522,39.8
5935,2017,Cerebrovascular diseases (I60-I69),Stroke,Oregon,2066,39.9
5936,2013,Cerebrovascular diseases (I60-I69),Stroke,Ohio,5690,39.9
5937,2013,Chronic lower respiratory diseases (J40-J47),CLRD,Florida,11379,39.9
5938,2012,"Accidents (unintentional injuries) (V01-X59,Y85-Y86)",Unintentional injuries,Florida,8770,39.9
5939,2012,"Accidents (unintentional injuries) (V01-X59,Y85-Y86)",Unintentional injuries,Oregon,1709,39.9
5940,2011,"Accidents (unintentional injuries) (V01-X59,Y85-Y86)",Unintentional injuries,Minnesota,2319,39.9
5941,2011,Chronic lower respiratory diseases (J40-J47),CLRD,Illinois,5390,39.9
5942,2010,Cerebrovascular diseases (I60-I69),Stroke,South Dakota,416,39.9
5943,2008,Alzheimer's disease (G30),Alzheimer's disease,Tennessee,2423,39.9
5944,2008,Chronic lower respiratory diseases (J40-J47),CLRD,California,13426,39.9
5945,2008,Chronic lower respiratory diseases (J40-J47),CLRD,Wisconsin,2538,39.9
5946,2005,Cerebrovascular diseases (I60-I69),Stroke,Rhode Island,533,39.9
5947,2004,Diabetes mellitus (E10-E14),Diabetes,Louisiana,1717,39.9
5948,2003,"Accidents (unintentional injuries) (V01-X59,Y85-Y86)",Unintentional injuries,North Dakota,282,39.9
5949,2015,Chronic lower respiratory diseases (J40-J47),CLRD,North Dakota,351,40.0
5950,2014,Cerebrovascular diseases (I60-I69),Stroke,Ohio,5791,40.0
5951,2013,"Accidents (unintentional injuries) (V01-X59,Y85-Y86)",Unintentional injuries,Iowa,1422,40.0
5952,2009,"Accidents (unintentional injuries) (V01-X59,Y85-Y86)",Unintentional injuries,Wisconsin,2449,40.0
5953,2008,"Accidents (unintentional injuries) (V01-X59,Y85-Y86)",Unintentional injuries,Kansas,1174,40.0
5954,2007,Chronic lower respiratory diseases (J40-J47),CLRD,Louisiana,1685,40.0
5955,2006,Cerebrovascular diseases (I60-I69),Stroke,District of Columbia,221,40.0
5956,2014,"Accidents (unintentional injuries) (V01-X59,Y85-Y86)",Unintentional injuries,Georgia,3963,40.1
5957,2014,"Accidents (unintentional injuries) (V01-X59,Y85-Y86)",Unintentional injuries,Washington,2997,40.1
5958,2014,Chronic lower respiratory diseases (J40-J47),CLRD,Oregon,1955,40.1
5959,2013,"Accidents (unintentional injuries) (V01-X59,Y85-Y86)",Unintentional injuries,Michigan,4225,40.1
5960,2013,"Accidents (unintentional injuries) (V01-X59,Y85-Y86)",Unintentional injuries,Minnesota,2405,40.1
5961,2013,"Accidents (unintentional injuries) (V01-X59,Y85-Y86)",Unintentional injuries,Oregon,1755,40.1
5962,2012,"Accidents (unintentional injuries) (V01-X59,Y85-Y86)",Unintentional injuries,New Hampshire,573,40.1
5963,2010,"Accidents (unintentional injuries) (V01-X59,Y85-Y86)",Unintentional injuries,Rhode Island,475,40.1
5964,2010,Cerebrovascular diseases (I60-I69),Stroke,Oregon,1793,40.1
5965,2010,Chronic lower respiratory diseases (J40-J47),CLRD,Florida,10337,40.1
5966,2009,Cerebrovascular diseases (I60-I69),Stroke,Nebraska,857,40.1
5967,2008,Cerebrovascular diseases (I60-I69),Stroke,Wisconsin,2638,40.1
5968,2006,Chronic lower respiratory diseases (J40-J47),CLRD,California,12829,40.1
5969,2006,Chronic lower respiratory diseases (J40-J47),CLRD,South Dakota,376,40.1
5970,2005,Cerebrovascular diseases (I60-I69),Stroke,New Mexico,730,40.1
5971,2002,"Accidents (unintentional injuries) (V01-X59,Y85-Y86)",Unintentional injuries,Wisconsin,2274,40.1
5972,2000,Chronic lower respiratory diseases (J40-J47),CLRD,Connecticut,1533,40.1
5973,2017,Cerebrovascular diseases (I60-I69),Stroke,Indiana,3150,40.2
5974,2017,Cerebrovascular diseases (I60-I69),Stroke,Maryland,2820,40.2
5975,2015,"Accidents (unintentional injuries) (V01-X59,Y85-Y86)",Unintentional injuries,District of Columbia,265,40.2
5976,2014,"Accidents (unintentional injuries) (V01-X59,Y85-Y86)",Unintentional injuries,Nevada,1166,40.2
5977,2014,Chronic lower respiratory diseases (J40-J47),CLRD,Delaware,458,40.2
5978,2013,Cerebrovascular diseases (I60-I69),Stroke,Texas,9283,40.2
5979,2011,"Accidents (unintentional injuries) (V01-X59,Y85-Y86)",Unintentional injuries,Georgia,3785,40.2
5980,2009,"Accidents (unintentional injuries) (V01-X59,Y85-Y86)",Unintentional injuries,Texas,9349,40.2
5981,2009,Cerebrovascular diseases (I60-I69),Stroke,South Dakota,418,40.2
5982,2007,"Accidents (unintentional injuries) (V01-X59,Y85-Y86)",Unintentional injuries,Washington,2637,40.2
5983,2007,Cerebrovascular diseases (I60-I69),Stroke,South Dakota,410,40.2
5984,2006,"Accidents (unintentional injuries) (V01-X59,Y85-Y86)",Unintentional injuries,United States,121599,40.2
5985,2004,Diabetes mellitus (E10-E14),Diabetes,District of Columbia,224,40.2
5986,2002,Chronic lower respiratory diseases (J40-J47),CLRD,Wisconsin,2335,40.2
5987,2001,Chronic lower respiratory diseases (J40-J47),CLRD,Massachusetts,2810,40.2
5988,1999,Chronic lower respiratory diseases (J40-J47),CLRD,Louisiana,1610,40.2
5989,2013,Chronic lower respiratory diseases (J40-J47),CLRD,Wisconsin,2789,40.3
5990,2009,Chronic lower respiratory diseases (J40-J47),CLRD,Florida,10182,40.3
5991,2009,Chronic lower respiratory diseases (J40-J47),CLRD,Illinois,5299,40.3
5992,2008,Cerebrovascular diseases (I60-I69),Stroke,Montana,466,40.3
5993,2005,Cerebrovascular diseases (I60-I69),Stroke,Florida,9361,40.3
5994,2000,Chronic lower respiratory diseases (J40-J47),CLRD,Florida,8645,40.3
5995,2000,Chronic lower respiratory diseases (J40-J47),CLRD,Pennsylvania,6079,40.3
5996,2016,Cerebrovascular diseases (I60-I69),Stroke,Kentucky,2057,40.4
5997,2016,Cerebrovascular diseases (I60-I69),Stroke,Missouri,3069,40.4
5998,2016,Chronic lower respiratory diseases (J40-J47),CLRD,Oregon,2080,40.4
5999,2012,"Accidents (unintentional injuries) (V01-X59,Y85-Y86)",Unintentional injuries,Maine,602,40.4
6000,2010,Chronic lower respiratory diseases (J40-J47),CLRD,Washington,2737,40.4
6001,2008,"Accidents (unintentional injuries) (V01-X59,Y85-Y86)",Unintentional injuries,Texas,9189,40.4
6002,2008,Cerebrovascular diseases (I60-I69),Stroke,Maine,671,40.4
6003,2007,"Accidents (unintentional injuries) (V01-X59,Y85-Y86)",Unintentional injuries,United States,123706,40.4
6004,2007,Cerebrovascular diseases (I60-I69),Stroke,Delaware,374,40.4
6005,2007,Cerebrovascular diseases (I60-I69),Stroke,Maine,664,40.4
6006,2005,"Accidents (unintentional injuries) (V01-X59,Y85-Y86)",Unintentional injuries,Texas,8598,40.4
6007,2005,"Accidents (unintentional injuries) (V01-X59,Y85-Y86)",Unintentional injuries,Washington,2543,40.4
6008,2005,Chronic lower respiratory diseases (J40-J47),CLRD,Florida,9482,40.4
6009,2005,Chronic lower respiratory diseases (J40-J47),CLRD,Illinois,5067,40.4
6010,2004,Chronic lower respiratory diseases (J40-J47),CLRD,Delaware,345,40.4
6011,2004,Chronic lower respiratory diseases (J40-J47),CLRD,Virginia,2730,40.4
6012,2003,Chronic lower respiratory diseases (J40-J47),CLRD,Florida,9087,40.4
6013,2002,"Accidents (unintentional injuries) (V01-X59,Y85-Y86)",Unintentional injuries,Texas,8232,40.4
6014,2000,Chronic lower respiratory diseases (J40-J47),CLRD,Rhode Island,500,40.4
6015,2017,Chronic lower respiratory diseases (J40-J47),CLRD,Texas,10650,40.5
6016,2014,"Accidents (unintentional injuries) (V01-X59,Y85-Y86)",Unintentional injuries,United States,135928,40.5
6017,2014,Chronic lower respiratory diseases (J40-J47),CLRD,Texas,9668,40.5
6018,2014,Chronic lower respiratory diseases (J40-J47),CLRD,United States,147101,40.5
6019,2011,Cerebrovascular diseases (I60-I69),Stroke,Delaware,418,40.5
6020,2010,Cerebrovascular diseases (I60-I69),Stroke,Nebraska,876,40.5
6021,2007,Cerebrovascular diseases (I60-I69),Stroke,Wyoming,209,40.5
6022,2007,Chronic lower respiratory diseases (J40-J47),CLRD,Delaware,379,40.5
6023,2006,"Accidents (unintentional injuries) (V01-X59,Y85-Y86)",Unintentional injuries,Ohio,4821,40.5
6024,2001,"Accidents (unintentional injuries) (V01-X59,Y85-Y86)",Unintentional injuries,Florida,6969,40.5
6025,1999,Chronic lower respiratory diseases (J40-J47),CLRD,Wisconsin,2270,40.5
6026,2016,Cerebrovascular diseases (I60-I69),Stroke,Ohio,5987,40.6
6027,2016,Chronic lower respiratory diseases (J40-J47),CLRD,United States,154596,40.6
6028,2013,Cerebrovascular diseases (I60-I69),Stroke,Missouri,2935,40.6
6029,2011,"Accidents (unintentional injuries) (V01-X59,Y85-Y86)",Unintentional injuries,Indiana,2699,40.6
6030,2011,"Accidents (unintentional injuries) (V01-X59,Y85-Y86)",Unintentional injuries,Oregon,1722,40.6
6031,2010,"Accidents (unintentional injuries) (V01-X59,Y85-Y86)",Unintentional injuries,Utah,970,40.6
6032,2008,"Accidents (unintentional injuries) (V01-X59,Y85-Y86)",Unintentional injuries,Rhode Island,480,40.6
6033,2008,Chronic lower respiratory diseases (J40-J47),CLRD,Virginia,3023,40.6
6034,2005,"Accidents (unintentional injuries) (V01-X59,Y85-Y86)",Unintentional injuries,Kansas,1149,40.6
6035,2005,Chronic lower respiratory diseases (J40-J47),CLRD,Rhode Island,523,40.6
6036,2004,"Accidents (unintentional injuries) (V01-X59,Y85-Y86)",Unintentional injuries,Kansas,1144,40.6
6037,2004,Chronic lower respiratory diseases (J40-J47),CLRD,California,12522,40.6
6038,2003,Chronic lower respiratory diseases (J40-J47),CLRD,Delaware,339,40.6
6039,1999,Chronic lower respiratory diseases (J40-J47),CLRD,Rhode Island,495,40.6
6040,2016,Alzheimer's disease (G30),Alzheimer's disease,Washington,3269,40.7
6041,2015,Alzheimer's disease (G30),Alzheimer's disease,Utah,906,40.7
6042,2015,Cerebrovascular diseases (I60-I69),Stroke,Ohio,5945,40.7
6043,2013,Cerebrovascular diseases (I60-I69),Stroke,Alaska,189,40.7
6044,2013,Cerebrovascular diseases (I60-I69),Stroke,Indiana,2996,40.7
6045,2013,Cerebrovascular diseases (I60-I69),Stroke,West Virginia,983,40.7
6046,2012,Cerebrovascular diseases (I60-I69),Stroke,Virginia,3394,40.7
6047,2010,"Accidents (unintentional injuries) (V01-X59,Y85-Y86)",Unintentional injuries,Georgia,3745,40.7
6048,2010,Cerebrovascular diseases (I60-I69),Stroke,Delaware,407,40.7
6049,2009,"Accidents (unintentional injuries) (V01-X59,Y85-Y86)",Unintentional injuries,South Dakota,349,40.7
6050,2009,Cerebrovascular diseases (I60-I69),Stroke,Pennsylvania,6842,40.7
6051,2008,Cerebrovascular diseases (I60-I69),Stroke,Hawaii,642,40.7
6052,2005,Chronic lower respiratory diseases (J40-J47),CLRD,Wisconsin,2449,40.7
6053,1999,"Accidents (unintentional injuries) (V01-X59,Y85-Y86)",Unintentional injuries,Kansas,1126,40.7
6054,2017,Chronic lower respiratory diseases (J40-J47),CLRD,Delaware,526,40.8
6055,2016,"Accidents (unintentional injuries) (V01-X59,Y85-Y86)",Unintentional injuries,New Jersey,3839,40.8
6056,2015,Cerebrovascular diseases (I60-I69),Stroke,Kentucky,2050,40.8
6057,2015,Cerebrovascular diseases (I60-I69),Stroke,Missouri,3037,40.8
6058,2014,Chronic lower respiratory diseases (J40-J47),CLRD,South Dakota,441,40.8
6059,2010,"Accidents (unintentional injuries) (V01-X59,Y85-Y86)",Unintentional injuries,Wisconsin,2525,40.8
6060,2008,"Accidents (unintentional injuries) (V01-X59,Y85-Y86)",Unintentional injuries,Washington,2727,40.8
6061,2008,"Accidents (unintentional injuries) (V01-X59,Y85-Y86)",Unintentional injuries,Wisconsin,2484,40.8
6062,2008,Cerebrovascular diseases (I60-I69),Stroke,Nevada,906,40.8
6063,2007,"Accidents (unintentional injuries) (V01-X59,Y85-Y86)",Unintentional injuries,Pennsylvania,5568,40.8
6064,2006,"Accidents (unintentional injuries) (V01-X59,Y85-Y86)",Unintentional injuries,Maine,572,40.8
6065,2006,"Accidents (unintentional injuries) (V01-X59,Y85-Y86)",Unintentional injuries,Oregon,1586,40.8
6066,2006,Chronic lower respiratory diseases (J40-J47),CLRD,Louisiana,1687,40.8
6067,2006,Chronic lower respiratory diseases (J40-J47),CLRD,Texas,7639,40.8
6068,2005,"Accidents (unintentional injuries) (V01-X59,Y85-Y86)",Unintentional injuries,Pennsylvania,5446,40.8
6069,2004,Cerebrovascular diseases (I60-I69),Stroke,New Jersey,3781,40.8
6070,2003,"Accidents (unintentional injuries) (V01-X59,Y85-Y86)",Unintentional injuries,District of Columbia,233,40.8
6071,2003,"Accidents (unintentional injuries) (V01-X59,Y85-Y86)",Unintentional injuries,Texas,8425,40.8
6072,2002,"Accidents (unintentional injuries) (V01-X59,Y85-Y86)",Unintentional injuries,Kansas,1139,40.8
6073,2000,"Accidents (unintentional injuries) (V01-X59,Y85-Y86)",Unintentional injuries,Georgia,3103,40.8
6074,2017,Chronic lower respiratory diseases (J40-J47),CLRD,United States,160201,40.9
6075,2014,"Accidents (unintentional injuries) (V01-X59,Y85-Y86)",Unintentional injuries,Connecticut,1641,40.9
6076,2012,Chronic lower respiratory diseases (J40-J47),CLRD,Alaska,189,40.9
6077,2010,Cerebrovascular diseases (I60-I69),Stroke,Alaska,167,40.9
6078,2009,"Accidents (unintentional injuries) (V01-X59,Y85-Y86)",Unintentional injuries,Maine,602,40.9
6079,2003,Diabetes mellitus (E10-E14),Diabetes,Louisiana,1740,40.9
6080,2002,Chronic lower respiratory diseases (J40-J47),CLRD,Florida,9062,40.9
6081,2000,Cerebrovascular diseases (I60-I69),Stroke,New York,8006,40.9
6082,2000,Chronic lower respiratory diseases (J40-J47),CLRD,Maryland,1927,40.9
6083,2017,Cerebrovascular diseases (I60-I69),Stroke,Missouri,3159,41.0
6084,2016,"Accidents (unintentional injuries) (V01-X59,Y85-Y86)",Unintentional injuries,Illinois,5508,41.0
6085,2014,"Accidents (unintentional injuries) (V01-X59,Y85-Y86)",Unintentional injuries,Oregon,1803,41.0
6086,2014,Cerebrovascular diseases (I60-I69),Stroke,Missouri,3030,41.0
6087,2012,Chronic lower respiratory diseases (J40-J47),CLRD,Washington,2955,41.0
6088,2009,Cerebrovascular diseases (I60-I69),Stroke,Hawaii,671,41.0
6089,2008,Cerebrovascular diseases (I60-I69),Stroke,Nebraska,863,41.0
6090,2006,Chronic lower respiratory diseases (J40-J47),CLRD,United States,124583,41.0
6091,2003,"Accidents (unintentional injuries) (V01-X59,Y85-Y86)",Unintentional injuries,Wisconsin,2345,41.0
6092,2012,"Accidents (unintentional injuries) (V01-X59,Y85-Y86)",Unintentional injuries,North Dakota,318,41.1
6093,2010,"Accidents (unintentional injuries) (V01-X59,Y85-Y86)",Unintentional injuries,Pennsylvania,5751,41.1
6094,2008,Chronic lower respiratory diseases (J40-J47),CLRD,Florida,10198,41.1
6095,2004,Cerebrovascular diseases (I60-I69),Stroke,New Mexico,721,41.1
6096,2000,Chronic lower respiratory diseases (J40-J47),CLRD,Wisconsin,2316,41.1
6097,1999,Chronic lower respiratory diseases (J40-J47),CLRD,Pennsylvania,6141,41.1
6098,2014,Chronic lower respiratory diseases (J40-J47),CLRD,Vermont,333,41.2
6099,2012,Cerebrovascular diseases (I60-I69),Stroke,Ohio,5788,41.2
6100,2010,Cerebrovascular diseases (I60-I69),Stroke,Kansas,1370,41.2
6101,2009,Cerebrovascular diseases (I60-I69),Stroke,Iowa,1635,41.2
6102,2008,Cerebrovascular diseases (I60-I69),Stroke,California,14048,41.2
6103,2005,Cerebrovascular diseases (I60-I69),Stroke,District of Columbia,231,41.2
6104,2002,Chronic lower respiratory diseases (J40-J47),CLRD,Louisiana,1696,41.2
6105,2001,Chronic lower respiratory diseases (J40-J47),CLRD,Florida,8954,41.2
6106,2000,"Accidents (unintentional injuries) (V01-X59,Y85-Y86)",Unintentional injuries,South Dakota,321,41.2
6107,2017,"Accidents (unintentional injuries) (V01-X59,Y85-Y86)",Unintentional injuries,North Dakota,339,41.3
6108,2017,Cerebrovascular diseases (I60-I69),Stroke,Texas,10790,41.3
6109,2016,Alzheimer's disease (G30),Alzheimer's disease,Arkansas,1475,41.3
6110,2016,Chronic lower respiratory diseases (J40-J47),CLRD,Vermont,355,41.3
6111,2015,Chronic lower respiratory diseases (J40-J47),CLRD,Texas,10231,41.3
6112,2014,Chronic lower respiratory diseases (J40-J47),CLRD,New Hampshire,680,41.3
6113,2011,Cerebrovascular diseases (I60-I69),Stroke,Ohio,5691,41.3
6114,2010,"Accidents (unintentional injuries) (V01-X59,Y85-Y86)",Unintentional injuries,Nevada,1088,41.3
6115,2007,"Accidents (unintentional injuries) (V01-X59,Y85-Y86)",Unintentional injuries,Ohio,4922,41.3
6116,2007,Cerebrovascular diseases (I60-I69),Stroke,New Mexico,804,41.3
6117,2007,Cerebrovascular diseases (I60-I69),Stroke,Utah,755,41.3
6118,2006,Cerebrovascular diseases (I60-I69),Stroke,Nevada,847,41.3
6119,2001,Chronic lower respiratory diseases (J40-J47),CLRD,Rhode Island,511,41.3
6120,1999,Chronic lower respiratory diseases (J40-J47),CLRD,Minnesota,1994,41.3
6121,2016,"Accidents (unintentional injuries) (V01-X59,Y85-Y86)",Unintentional injuries,Washington,3221,41.4
6122,2014,"Accidents (unintentional injuries) (V01-X59,Y85-Y86)",Unintentional injuries,Florida,9432,41.4
6123,2013,Cerebrovascular diseases (I60-I69),Stroke,Georgia,3694,41.4
6124,2012,"Accidents (unintentional injuries) (V01-X59,Y85-Y86)",Unintentional injuries,Indiana,2776,41.4
6125,2008,Cerebrovascular diseases (I60-I69),Stroke,Maryland,2330,41.4
6126,2007,"Accidents (unintentional injuries) (V01-X59,Y85-Y86)",Unintentional injuries,Kansas,1205,41.4
6127,2007,Chronic lower respiratory diseases (J40-J47),CLRD,United States,127924,41.4
6128,2005,Cerebrovascular diseases (I60-I69),Stroke,Arizona,2364,41.4
6129,2003,Alzheimer's disease (G30),Alzheimer's disease,Washington,2380,41.4
6130,2003,Chronic lower respiratory diseases (J40-J47),CLRD,Louisiana,1731,41.4
6131,2001,"Accidents (unintentional injuries) (V01-X59,Y85-Y86)",Unintentional injuries,Kansas,1156,41.4
6132,2000,Diabetes mellitus (E10-E14),Diabetes,Louisiana,1694,41.4
6133,2016,Chronic lower respiratory diseases (J40-J47),CLRD,Alaska,238,41.5
6134,2015,Alzheimer's disease (G30),Alzheimer's disease,Arkansas,1457,41.5
6135,2012,Chronic lower respiratory diseases (J40-J47),CLRD,United States,143489,41.5
6136,2011,Alzheimer's disease (G30),Alzheimer's disease,North Dakota,410,41.5
6137,2011,Chronic lower respiratory diseases (J40-J47),CLRD,Louisiana,1904,41.5
6138,2010,Chronic lower respiratory diseases (J40-J47),CLRD,Alaska,176,41.5
6139,2006,"Accidents (unintentional injuries) (V01-X59,Y85-Y86)",Unintentional injuries,Washington,2679,41.5
6140,2006,Cerebrovascular diseases (I60-I69),Stroke,Maine,670,41.5
6141,2002,Chronic lower respiratory diseases (J40-J47),CLRD,Rhode Island,521,41.5
6142,2000,"Accidents (unintentional injuries) (V01-X59,Y85-Y86)",Unintentional injuries,Idaho,518,41.5
6143,1999,"Accidents (unintentional injuries) (V01-X59,Y85-Y86)",Unintentional injuries,Georgia,3078,41.5
6144,2016,Cerebrovascular diseases (I60-I69),Stroke,Delaware,506,41.6
6145,2015,Chronic lower respiratory diseases (J40-J47),CLRD,United States,155041,41.6
6146,2014,Cerebrovascular diseases (I60-I69),Stroke,Texas,9898,41.6
6147,2011,Cerebrovascular diseases (I60-I69),Stroke,Oregon,1913,41.6
6148,2009,Cerebrovascular diseases (I60-I69),Stroke,Idaho,627,41.6
6149,2009,Chronic lower respiratory diseases (J40-J47),CLRD,North Dakota,341,41.6
6150,2008,Cerebrovascular diseases (I60-I69),Stroke,Idaho,609,41.6
6151,2007,"Accidents (unintentional injuries) (V01-X59,Y85-Y86)",Unintentional injuries,Maine,584,41.6
6152,2006,"Accidents (unintentional injuries) (V01-X59,Y85-Y86)",Unintentional injuries,Texas,9140,41.6
6153,2004,Chronic lower respiratory diseases (J40-J47),CLRD,United States,121987,41.6
6154,2001,"Accidents (unintentional injuries) (V01-X59,Y85-Y86)",Unintentional injuries,Colorado,1720,41.6
6155,2001,Chronic lower respiratory diseases (J40-J47),CLRD,Wisconsin,2375,41.6
6156,1999,Chronic lower respiratory diseases (J40-J47),CLRD,Maryland,1943,41.6
6157,1999,Chronic lower respiratory diseases (J40-J47),CLRD,Massachusetts,2862,41.6
6158,2016,Cerebrovascular diseases (I60-I69),Stroke,West Virginia,1039,41.7
6159,2014,"Accidents (unintentional injuries) (V01-X59,Y85-Y86)",Unintentional injuries,Michigan,4422,41.7
6160,2014,Cerebrovascular diseases (I60-I69),Stroke,Indiana,3107,41.7
6161,2013,"Accidents (unintentional injuries) (V01-X59,Y85-Y86)",Unintentional injuries,North Dakota,326,41.7
6162,2013,Cerebrovascular diseases (I60-I69),Stroke,Kentucky,1990,41.7
6163,2011,Cerebrovascular diseases (I60-I69),Stroke,Virginia,3347,41.7
6164,2010,Chronic lower respiratory diseases (J40-J47),CLRD,New Hampshire,609,41.7
6165,2008,"Accidents (unintentional injuries) (V01-X59,Y85-Y86)",Unintentional injuries,Oregon,1674,41.7
6166,2006,"Accidents (unintentional injuries) (V01-X59,Y85-Y86)",Unintentional injuries,Kansas,1198,41.7
6167,2006,Cerebrovascular diseases (I60-I69),Stroke,Montana,461,41.7
6168,2005,"Accidents (unintentional injuries) (V01-X59,Y85-Y86)",Unintentional injuries,Maine,579,41.7
6169,2002,"Accidents (unintentional injuries) (V01-X59,Y85-Y86)",Unintentional injuries,Nebraska,762,41.7
6170,2002,"Accidents (unintentional injuries) (V01-X59,Y85-Y86)",Unintentional injuries,Nevada,860,41.7
6171,2001,Chronic lower respiratory diseases (J40-J47),CLRD,South Dakota,362,41.7
6172,2000,Chronic lower respiratory diseases (J40-J47),CLRD,Louisiana,1684,41.7
6173,2017,Cerebrovascular diseases (I60-I69),Stroke,West Virginia,1058,41.8
6174,2016,Cerebrovascular diseases (I60-I69),Stroke,Oklahoma,1859,41.8
6175,2015,Alzheimer's disease (G30),Alzheimer's disease,Alabama,2282,41.8
6176,2014,Cerebrovascular diseases (I60-I69),Stroke,Kentucky,2050,41.8
6177,2012,Cerebrovascular diseases (I60-I69),Stroke,Georgia,3636,41.8
6178,2012,Cerebrovascular diseases (I60-I69),Stroke,Texas,9305,41.8
6179,2011,Chronic lower respiratory diseases (J40-J47),CLRD,Alaska,194,41.8
6180,2010,Cerebrovascular diseases (I60-I69),Stroke,Montana,494,41.8
6181,2009,Cerebrovascular diseases (I60-I69),Stroke,Alaska,162,41.8
6182,2009,Cerebrovascular diseases (I60-I69),Stroke,Ohio,5576,41.8
6183,2007,"Accidents (unintentional injuries) (V01-X59,Y85-Y86)",Unintentional injuries,Oregon,1646,41.8
6184,2007,Alzheimer's disease (G30),Alzheimer's disease,Washington,2689,41.8
6185,2005,Chronic lower respiratory diseases (J40-J47),CLRD,California,13188,41.8
6186,2005,Chronic lower respiratory diseases (J40-J47),CLRD,Virginia,2897,41.8
6187,2004,Cerebrovascular diseases (I60-I69),Stroke,Delaware,350,41.8
6188,2004,Chronic lower respiratory diseases (J40-J47),CLRD,Michigan,4252,41.8
6189,2002,Chronic lower respiratory diseases (J40-J47),CLRD,North Dakota,322,41.8
6190,1999,Diabetes mellitus (E10-E14),Diabetes,Louisiana,1687,41.8
6191,2015,"Accidents (unintentional injuries) (V01-X59,Y85-Y86)",Unintentional injuries,Washington,3192,41.9
6192,2015,Chronic lower respiratory diseases (J40-J47),CLRD,New Hampshire,705,41.9
6193,2013,"Accidents (unintentional injuries) (V01-X59,Y85-Y86)",Unintentional injuries,Nevada,1184,41.9
6194,2011,Cerebrovascular diseases (I60-I69),Stroke,Texas,9065,41.9
6195,2008,Cerebrovascular diseases (I60-I69),Stroke,Pennsylvania,6942,41.9
6196,2007,Cerebrovascular diseases (I60-I69),Stroke,Hawaii,643,41.9
6197,2004,Chronic lower respiratory diseases (J40-J47),CLRD,Texas,7402,41.9
6198,2003,"Accidents (unintentional injuries) (V01-X59,Y85-Y86)",Unintentional injuries,Nevada,911,41.9
6199,2001,Diabetes mellitus (E10-E14),Diabetes,Louisiana,1734,41.9
6200,2000,"Accidents (unintentional injuries) (V01-X59,Y85-Y86)",Unintentional injuries,Missouri,2398,41.9
6201,2016,Cerebrovascular diseases (I60-I69),Stroke,Texas,10673,42.0
6202,2015,"Accidents (unintentional injuries) (V01-X59,Y85-Y86)",Unintentional injuries,Minnesota,2574,42.0
6203,2013,Chronic lower respiratory diseases (J40-J47),CLRD,New Hampshire,668,42.0
6204,2011,"Accidents (unintentional injuries) (V01-X59,Y85-Y86)",Unintentional injuries,Florida,8901,42.0
6205,2010,Cerebrovascular diseases (I60-I69),Stroke,Idaho,642,42.0
6206,2008,"Accidents (unintentional injuries) (V01-X59,Y85-Y86)",Unintentional injuries,Georgia,3774,42.0
6207,2008,Chronic lower respiratory diseases (J40-J47),CLRD,Pennsylvania,6767,42.0
6208,2007,"Accidents (unintentional injuries) (V01-X59,Y85-Y86)",Unintentional injuries,Texas,9392,42.0
6209,2007,Alzheimer's disease (G30),Alzheimer's disease,North Dakota,395,42.0
6210,2004,Chronic lower respiratory diseases (J40-J47),CLRD,New Mexico,753,42.0
6211,2002,"Accidents (unintentional injuries) (V01-X59,Y85-Y86)",Unintentional injuries,Florida,7396,42.0
6212,1999,"Accidents (unintentional injuries) (V01-X59,Y85-Y86)",Unintentional injuries,West Virginia,798,42.0
6213,2017,Alzheimer's disease (G30),Alzheimer's disease,Utah,991,42.1
6214,2015,"Accidents (unintentional injuries) (V01-X59,Y85-Y86)",Unintentional injuries,Iowa,1537,42.1
6215,2014,"Accidents (unintentional injuries) (V01-X59,Y85-Y86)",Unintentional injuries,Iowa,1517,42.1
6216,2013,Chronic lower respiratory diseases (J40-J47),CLRD,United States,149205,42.1
6217,2010,"Accidents (unintentional injuries) (V01-X59,Y85-Y86)",Unintentional injuries,Idaho,654,42.1
6218,2010,Cerebrovascular diseases (I60-I69),Stroke,Virginia,3293,42.1
6219,2009,"Accidents (unintentional injuries) (V01-X59,Y85-Y86)",Unintentional injuries,Georgia,3812,42.1
6220,2008,"Accidents (unintentional injuries) (V01-X59,Y85-Y86)",Unintentional injuries,Pennsylvania,5787,42.1
6221,2008,Cerebrovascular diseases (I60-I69),Stroke,United States,134148,42.1
6222,2007,Cerebrovascular diseases (I60-I69),Stroke,Washington,2692,42.1
6223,2005,"Accidents (unintentional injuries) (V01-X59,Y85-Y86)",Unintentional injuries,Vermont,272,42.1
6224,2004,"Accidents (unintentional injuries) (V01-X59,Y85-Y86)",Unintentional injuries,Colorado,1810,42.1
6225,2000,Chronic lower respiratory diseases (J40-J47),CLRD,Massachusetts,2925,42.1
6226,1999,"Accidents (unintentional injuries) (V01-X59,Y85-Y86)",Unintentional injuries,North Carolina,3290,42.1
6227,2014,Chronic lower respiratory diseases (J40-J47),CLRD,Arizona,3396,42.2
6228,2012,Cerebrovascular diseases (I60-I69),Stroke,Missouri,2989,42.2
6229,2012,Chronic lower respiratory diseases (J40-J47),CLRD,Oregon,1915,42.2
6230,2010,Chronic lower respiratory diseases (J40-J47),CLRD,United States,138080,42.2
6231,2007,Chronic lower respiratory diseases (J40-J47),CLRD,Texas,8107,42.2
6232,2004,Chronic lower respiratory diseases (J40-J47),CLRD,Nebraska,815,42.2
6233,2002,Cerebrovascular diseases (I60-I69),Stroke,New Mexico,715,42.2
6234,2002,Chronic lower respiratory diseases (J40-J47),CLRD,Virginia,2752,42.2
6235,1999,Cerebrovascular diseases (I60-I69),Stroke,New York,8124,42.2
6236,2015,Chronic lower respiratory diseases (J40-J47),CLRD,Vermont,357,42.3
6237,2011,Cerebrovascular diseases (I60-I69),Stroke,South Dakota,444,42.3
6238,2011,Chronic lower respiratory diseases (J40-J47),CLRD,Texas,9097,42.3
6239,2008,"Accidents (unintentional injuries) (V01-X59,Y85-Y86)",Unintentional injuries,Ohio,5093,42.3
6240,2008,Cerebrovascular diseases (I60-I69),Stroke,Washington,2773,42.3
6241,2002,"Accidents (unintentional injuries) (V01-X59,Y85-Y86)",Unintentional injuries,Georgia,3333,42.3
6242,2002,Diabetes mellitus (E10-E14),Diabetes,Louisiana,1774,42.3
6243,2016,"Accidents (unintentional injuries) (V01-X59,Y85-Y86)",Unintentional injuries,Virginia,3710,42.4
6244,2015,Alzheimer's disease (G30),Alzheimer's disease,Georgia,3714,42.4
6245,2015,Chronic lower respiratory diseases (J40-J47),CLRD,Oregon,2119,42.4
6246,2013,Cerebrovascular diseases (I60-I69),Stroke,North Carolina,4503,42.4
6247,2013,Chronic lower respiratory diseases (J40-J47),CLRD,Texas,9800,42.4
6248,2012,"Accidents (unintentional injuries) (V01-X59,Y85-Y86)",Unintentional injuries,Nevada,1177,42.4
6249,2011,"Accidents (unintentional injuries) (V01-X59,Y85-Y86)",Unintentional injuries,Vermont,301,42.4
6250,2010,"Accidents (unintentional injuries) (V01-X59,Y85-Y86)",Unintentional injuries,Ohio,5124,42.4
6251,2003,"Accidents (unintentional injuries) (V01-X59,Y85-Y86)",Unintentional injuries,Colorado,1806,42.4
6252,2015,Alzheimer's disease (G30),Alzheimer's disease,Louisiana,2018,42.5
6253,2015,Chronic lower respiratory diseases (J40-J47),CLRD,Delaware,510,42.5
6254,2013,"Accidents (unintentional injuries) (V01-X59,Y85-Y86)",Unintentional injuries,New Hampshire,619,42.5
6255,2012,Cerebrovascular diseases (I60-I69),Stroke,Alaska,188,42.5
6256,2012,Chronic lower respiratory diseases (J40-J47),CLRD,New Mexico,965,42.5
6257,2011,Chronic lower respiratory diseases (J40-J47),CLRD,United States,142943,42.5
6258,2009,Cerebrovascular diseases (I60-I69),Stroke,Delaware,415,42.5
6259,2009,Cerebrovascular diseases (I60-I69),Stroke,Virginia,3244,42.5
6260,2007,"Accidents (unintentional injuries) (V01-X59,Y85-Y86)",Unintentional injuries,South Dakota,366,42.5
6261,2006,"Accidents (unintentional injuries) (V01-X59,Y85-Y86)",Unintentional injuries,Colorado,1917,42.5
6262,2001,"Accidents (unintentional injuries) (V01-X59,Y85-Y86)",Unintentional injuries,Missouri,2455,42.5
6263,2001,Chronic lower respiratory diseases (J40-J47),CLRD,Michigan,4148,42.5
6264,2014,Cerebrovascular diseases (I60-I69),Stroke,Georgia,3948,42.6
6265,2013,"Accidents (unintentional injuries) (V01-X59,Y85-Y86)",Unintentional injuries,Maine,644,42.6
6266,2010,Cerebrovascular diseases (I60-I69),Stroke,Ohio,5755,42.6
6267,2009,Cerebrovascular diseases (I60-I69),Stroke,Wyoming,233,42.6
6268,2009,Chronic lower respiratory diseases (J40-J47),CLRD,Texas,8649,42.6
6269,2007,Cerebrovascular diseases (I60-I69),Stroke,Wisconsin,2738,42.6
6270,2005,Cerebrovascular diseases (I60-I69),Stroke,Colorado,1599,42.6
6271,2002,Chronic lower respiratory diseases (J40-J47),CLRD,California,12684,42.6
6272,2001,"Accidents (unintentional injuries) (V01-X59,Y85-Y86)",Unintentional injuries,North Carolina,3438,42.6
6273,2000,"Accidents (unintentional injuries) (V01-X59,Y85-Y86)",Unintentional injuries,Colorado,1702,42.6
6274,2017,Chronic lower respiratory diseases (J40-J47),CLRD,Arizona,3802,42.7
6275,2015,Cerebrovascular diseases (I60-I69),Stroke,Texas,10485,42.7
6276,2013,"Accidents (unintentional injuries) (V01-X59,Y85-Y86)",Unintentional injuries,North Carolina,4324,42.7
6277,2012,Cerebrovascular diseases (I60-I69),Stroke,Indiana,3073,42.7
6278,2012,Chronic lower respiratory diseases (J40-J47),CLRD,Texas,9524,42.7
6279,2011,Cerebrovascular diseases (I60-I69),Stroke,Georgia,3564,42.7
6280,2010,"Accidents (unintentional injuries) (V01-X59,Y85-Y86)",Unintentional injuries,Vermont,298,42.7
6281,2009,Chronic lower respiratory diseases (J40-J47),CLRD,Arizona,2839,42.7
6282,2009,Chronic lower respiratory diseases (J40-J47),CLRD,Louisiana,1878,42.7
6283,2009,Chronic lower respiratory diseases (J40-J47),CLRD,United States,137353,42.7
6284,2006,"Accidents (unintentional injuries) (V01-X59,Y85-Y86)",Unintentional injuries,Wisconsin,2524,42.7
6285,2005,Chronic lower respiratory diseases (J40-J47),CLRD,Alaska,158,42.7
6286,2004,Chronic lower respiratory diseases (J40-J47),CLRD,Iowa,1547,42.7
6287,1999,Chronic lower respiratory diseases (J40-J47),CLRD,Delaware,327,42.7
6288,2017,"Accidents (unintentional injuries) (V01-X59,Y85-Y86)",Unintentional injuries,Iowa,1536,42.8
6289,2017,Cerebrovascular diseases (I60-I69),Stroke,Ohio,6425,42.8
6290,2012,Cerebrovascular diseases (I60-I69),Stroke,North Carolina,4410,42.8
6291,2011,"Accidents (unintentional injuries) (V01-X59,Y85-Y86)",Unintentional injuries,Nevada,1155,42.8
6292,2011,"Accidents (unintentional injuries) (V01-X59,Y85-Y86)",Unintentional injuries,Wisconsin,2680,42.8
6293,2007,Cerebrovascular diseases (I60-I69),Stroke,Iowa,1686,42.8
6294,2007,Chronic lower respiratory diseases (J40-J47),CLRD,Washington,2684,42.8
6295,2006,Chronic lower respiratory diseases (J40-J47),CLRD,Michigan,4474,42.8
6296,2005,"Accidents (unintentional injuries) (V01-X59,Y85-Y86)",Unintentional injuries,Wisconsin,2490,42.8
6297,2004,Cerebrovascular diseases (I60-I69),Stroke,Florida,9715,42.8
6298,2003,Chronic lower respiratory diseases (J40-J47),CLRD,New Hampshire,531,42.8
6299,2017,Alzheimer's disease (G30),Alzheimer's disease,Vermont,370,42.9
6300,2013,"Accidents (unintentional injuries) (V01-X59,Y85-Y86)",Unintentional injuries,Delaware,412,42.9
6301,2011,"Accidents (unintentional injuries) (V01-X59,Y85-Y86)",Unintentional injuries,Utah,1058,42.9
6302,2010,Cerebrovascular diseases (I60-I69),Stroke,North Dakota,382,42.9
6303,2009,"Accidents (unintentional injuries) (V01-X59,Y85-Y86)",Unintentional injuries,Kansas,1273,42.9
6304,2007,Cerebrovascular diseases (I60-I69),Stroke,Maryland,2364,42.9
6305,2007,Chronic lower respiratory diseases (J40-J47),CLRD,Arizona,2686,42.9
6306,2006,Cerebrovascular diseases (I60-I69),Stroke,Delaware,384,42.9
6307,2004,Chronic lower respiratory diseases (J40-J47),CLRD,Arizona,2416,42.9
6308,2004,Chronic lower respiratory diseases (J40-J47),CLRD,South Dakota,391,42.9
6309,2003,Cerebrovascular diseases (I60-I69),Stroke,Rhode Island,565,42.9
6310,2003,Chronic lower respiratory diseases (J40-J47),CLRD,South Dakota,379,42.9
6311,2000,Chronic lower respiratory diseases (J40-J47),CLRD,Iowa,1512,42.9
6312,2017,Cerebrovascular diseases (I60-I69),Stroke,North Carolina,5098,43.0
6313,2017,Chronic lower respiratory diseases (J40-J47),CLRD,New Hampshire,755,43.0
6314,2017,Chronic lower respiratory diseases (J40-J47),CLRD,Vermont,375,43.0
6315,2016,Cerebrovascular diseases (I60-I69),Stroke,North Carolina,4940,43.0
6316,2016,Chronic lower respiratory diseases (J40-J47),CLRD,Louisiana,2221,43.0
6317,2015,Cerebrovascular diseases (I60-I69),Stroke,Oklahoma,1881,43.0
6318,2014,Cerebrovascular diseases (I60-I69),Stroke,North Carolina,4702,43.0
6319,2014,Cerebrovascular diseases (I60-I69),Stroke,Oklahoma,1847,43.0
6320,2013,Chronic lower respiratory diseases (J40-J47),CLRD,Oregon,2029,43.0
6321,2012,"Accidents (unintentional injuries) (V01-X59,Y85-Y86)",Unintentional injuries,North Carolina,4281,43.0
6322,2010,Chronic lower respiratory diseases (J40-J47),CLRD,Texas,8921,43.0
6323,2005,Cerebrovascular diseases (I60-I69),Stroke,North Dakota,368,43.0
6324,2003,Cerebrovascular diseases (I60-I69),Stroke,New Hampshire,536,43.0
6325,2013,"Accidents (unintentional injuries) (V01-X59,Y85-Y86)",Unintentional injuries,Indiana,2898,43.1
6326,2011,Chronic lower respiratory diseases (J40-J47),CLRD,New Hampshire,650,43.1
6327,2010,"Accidents (unintentional injuries) (V01-X59,Y85-Y86)",Unintentional injuries,Florida,8875,43.1
6328,2010,Chronic lower respiratory diseases (J40-J47),CLRD,Arizona,2926,43.1
6329,2010,Chronic lower respiratory diseases (J40-J47),CLRD,North Dakota,356,43.1
6330,2003,Cerebrovascular diseases (I60-I69),Stroke,New Jersey,3966,43.1
6331,2002,"Accidents (unintentional injuries) (V01-X59,Y85-Y86)",Unintentional injuries,Colorado,1812,43.1
6332,2002,Chronic lower respiratory diseases (J40-J47),CLRD,Vermont,276,43.1
6333,2001,Chronic lower respiratory diseases (J40-J47),CLRD,Virginia,2744,43.1
6334,1999,Chronic lower respiratory diseases (J40-J47),CLRD,Florida,9131,43.1
6335,2015,"Accidents (unintentional injuries) (V01-X59,Y85-Y86)",Unintentional injuries,Georgia,4344,43.2
6336,2015,"Accidents (unintentional injuries) (V01-X59,Y85-Y86)",Unintentional injuries,United States,146571,43.2
6337,2015,Chronic lower respiratory diseases (J40-J47),CLRD,Louisiana,2178,43.2
6338,2011,Cerebrovascular diseases (I60-I69),Stroke,North Carolina,4299,43.2
6339,2010,"Accidents (unintentional injuries) (V01-X59,Y85-Y86)",Unintentional injuries,North Carolina,4144,43.2
6340,2009,Cerebrovascular diseases (I60-I69),Stroke,Kansas,1416,43.2
6341,2008,"Accidents (unintentional injuries) (V01-X59,Y85-Y86)",Unintentional injuries,Idaho,649,43.2
6342,2008,Chronic lower respiratory diseases (J40-J47),CLRD,Illinois,5602,43.2
6343,2002,Chronic lower respiratory diseases (J40-J47),CLRD,South Dakota,383,43.2
6344,2001,Chronic lower respiratory diseases (J40-J47),CLRD,Louisiana,1763,43.2
6345,2000,"Accidents (unintentional injuries) (V01-X59,Y85-Y86)",Unintentional injuries,West Virginia,817,43.2
6346,1999,"Accidents (unintentional injuries) (V01-X59,Y85-Y86)",Unintentional injuries,Missouri,2465,43.2
6347,1999,Chronic lower respiratory diseases (J40-J47),CLRD,Illinois,5155,43.2
6348,2017,Cerebrovascular diseases (I60-I69),Stroke,Oklahoma,1947,43.3
6349,2014,"Accidents (unintentional injuries) (V01-X59,Y85-Y86)",Unintentional injuries,North Dakota,349,43.3
6350,2002,Chronic lower respiratory diseases (J40-J47),CLRD,Delaware,350,43.3
6351,1999,"Accidents (unintentional injuries) (V01-X59,Y85-Y86)",Unintentional injuries,Kentucky,1730,43.3
6352,2015,Alzheimer's disease (G30),Alzheimer's disease,Tennessee,3122,43.4
6353,2013,"Accidents (unintentional injuries) (V01-X59,Y85-Y86)",Unintentional injuries,Utah,1103,43.4
6354,2011,"Accidents (unintentional injuries) (V01-X59,Y85-Y86)",Unintentional injuries,Ohio,5275,43.4
6355,2011,Alzheimer's disease (G30),Alzheimer's disease,Washington,3138,43.4
6356,2011,Cerebrovascular diseases (I60-I69),Stroke,Missouri,3033,43.4
6357,2009,"Accidents (unintentional injuries) (V01-X59,Y85-Y86)",Unintentional injuries,Florida,8746,43.4
6358,2009,Chronic lower respiratory diseases (J40-J47),CLRD,Delaware,428,43.4
6359,2008,"Accidents (unintentional injuries) (V01-X59,Y85-Y86)",Unintentional injuries,Maine,628,43.4
6360,2008,"Accidents (unintentional injuries) (V01-X59,Y85-Y86)",Unintentional injuries,South Dakota,381,43.4
6361,2008,Cerebrovascular diseases (I60-I69),Stroke,Illinois,5788,43.4
6362,2008,Cerebrovascular diseases (I60-I69),Stroke,Michigan,4769,43.4
6363,2008,Chronic lower respiratory diseases (J40-J47),CLRD,North Dakota,355,43.4
6364,2007,"Accidents (unintentional injuries) (V01-X59,Y85-Y86)",Unintentional injuries,Idaho,641,43.4
6365,2007,Cerebrovascular diseases (I60-I69),Stroke,Pennsylvania,7152,43.4
6366,2007,Chronic lower respiratory diseases (J40-J47),CLRD,Michigan,4624,43.4
6367,2005,Chronic lower respiratory diseases (J40-J47),CLRD,Michigan,4466,43.4
6368,2017,Cerebrovascular diseases (I60-I69),Stroke,Georgia,4399,43.5
6369,2016,Chronic lower respiratory diseases (J40-J47),CLRD,Arizona,3800,43.5
6370,2013,Chronic lower respiratory diseases (J40-J47),CLRD,Arizona,3345,43.5
6371,2013,Chronic lower respiratory diseases (J40-J47),CLRD,Delaware,482,43.5
6372,2012,Chronic lower respiratory diseases (J40-J47),CLRD,New Hampshire,674,43.5
6373,2010,"Accidents (unintentional injuries) (V01-X59,Y85-Y86)",Unintentional injuries,Colorado,2106,43.5
6374,2009,"Accidents (unintentional injuries) (V01-X59,Y85-Y86)",Unintentional injuries,Vermont,308,43.5
6375,2009,Cerebrovascular diseases (I60-I69),Stroke,Oregon,1912,43.5
6376,2007,Cerebrovascular diseases (I60-I69),Stroke,United States,135952,43.5
6377,2006,Chronic lower respiratory diseases (J40-J47),CLRD,Washington,2662,43.5
6378,2005,Cerebrovascular diseases (I60-I69),Stroke,Minnesota,2379,43.5
6379,2004,Chronic lower respiratory diseases (J40-J47),CLRD,South Carolina,1792,43.5
6380,2002,"Accidents (unintentional injuries) (V01-X59,Y85-Y86)",Unintentional injuries,South Dakota,348,43.5
6381,2014,Alzheimer's disease (G30),Alzheimer's disease,Washington,3344,43.6
6382,2013,Alzheimer's disease (G30),Alzheimer's disease,Washington,3277,43.6
6383,2012,"Accidents (unintentional injuries) (V01-X59,Y85-Y86)",Unintentional injuries,Kansas,1319,43.6
6384,2012,Chronic lower respiratory diseases (J40-J47),CLRD,Arizona,3221,43.6
6385,2010,Alzheimer's disease (G30),Alzheimer's disease,Washington,3025,43.6
6386,2010,Chronic lower respiratory diseases (J40-J47),CLRD,Louisiana,1939,43.6
6387,2009,"Accidents (unintentional injuries) (V01-X59,Y85-Y86)",Unintentional injuries,North Carolina,4136,43.6
6388,2008,Cerebrovascular diseases (I60-I69),Stroke,Iowa,1732,43.6
6389,2006,Cerebrovascular diseases (I60-I69),Stroke,Iowa,1718,43.6
6390,2006,Cerebrovascular diseases (I60-I69),Stroke,Washington,2725,43.6
6391,2004,"Accidents (unintentional injuries) (V01-X59,Y85-Y86)",Unintentional injuries,Idaho,593,43.6
6392,2001,Chronic lower respiratory diseases (J40-J47),CLRD,Iowa,1552,43.6
6393,2000,Chronic lower respiratory diseases (J40-J47),CLRD,South Dakota,383,43.6
6394,2017,Alzheimer's disease (G30),Alzheimer's disease,Louisiana,2188,43.7
6395,2016,Chronic lower respiratory diseases (J40-J47),CLRD,Delaware,544,43.7
6396,2014,"Accidents (unintentional injuries) (V01-X59,Y85-Y86)",Unintentional injuries,Delaware,425,43.7
6397,2012,"Accidents (unintentional injuries) (V01-X59,Y85-Y86)",Unintentional injuries,Idaho,699,43.7
6398,2007,Cerebrovascular diseases (I60-I69),Stroke,California,14557,43.7
6399,2007,Cerebrovascular diseases (I60-I69),Stroke,Oregon,1835,43.7
6400,2005,"Accidents (unintentional injuries) (V01-X59,Y85-Y86)",Unintentional injuries,Idaho,606,43.7
6401,2003,Chronic lower respiratory diseases (J40-J47),CLRD,United States,126382,43.7
6402,2017,Cerebrovascular diseases (I60-I69),Stroke,Arkansas,1612,43.8
6403,2016,"Accidents (unintentional injuries) (V01-X59,Y85-Y86)",Unintentional injuries,Minnesota,2697,43.8
6404,2016,"Accidents (unintentional injuries) (V01-X59,Y85-Y86)",Unintentional injuries,Utah,1211,43.8
6405,2015,Cerebrovascular diseases (I60-I69),Stroke,West Virginia,1079,43.8
6406,2015,Chronic lower respiratory diseases (J40-J47),CLRD,Arizona,3681,43.8
6407,2012,Alzheimer's disease (G30),Alzheimer's disease,Washington,3219,43.8
6408,2011,"Accidents (unintentional injuries) (V01-X59,Y85-Y86)",Unintentional injuries,Kansas,1333,43.8
6409,2011,"Accidents (unintentional injuries) (V01-X59,Y85-Y86)",Unintentional injuries,North Carolina,4297,43.8
6410,2007,Cerebrovascular diseases (I60-I69),Stroke,Nebraska,921,43.8
6411,2006,Cerebrovascular diseases (I60-I69),Stroke,Maryland,2365,43.8
6412,2005,Cerebrovascular diseases (I60-I69),Stroke,Maine,693,43.8
6413,2004,Chronic lower respiratory diseases (J40-J47),CLRD,Washington,2549,43.8
6414,2003,Chronic lower respiratory diseases (J40-J47),CLRD,Texas,7567,43.8
6415,2001,"Accidents (unintentional injuries) (V01-X59,Y85-Y86)",Unintentional injuries,Georgia,3396,43.8
6416,1999,Chronic lower respiratory diseases (J40-J47),CLRD,Virginia,2699,43.8
6417,2015,"Accidents (unintentional injuries) (V01-X59,Y85-Y86)",Unintentional injuries,Michigan,4647,43.9
6418,2014,"Accidents (unintentional injuries) (V01-X59,Y85-Y86)",Unintentional injuries,Indiana,2974,43.9
6419,2012,Cerebrovascular diseases (I60-I69),Stroke,Louisiana,2039,43.9
6420,2005,Chronic lower respiratory diseases (J40-J47),CLRD,United States,130933,43.9
6421,2004,Chronic lower respiratory diseases (J40-J47),CLRD,North Carolina,3625,43.9
6422,2002,Chronic lower respiratory diseases (J40-J47),CLRD,United States,124816,43.9
6423,2001,Chronic lower respiratory diseases (J40-J47),CLRD,United States,123013,43.9
6424,2017,"Accidents (unintentional injuries) (V01-X59,Y85-Y86)",Unintentional injuries,Virginia,3922,44.0
6425,2017,"Accidents (unintentional injuries) (V01-X59,Y85-Y86)",Unintentional injuries,Washington,3455,44.0
6426,2015,"Accidents (unintentional injuries) (V01-X59,Y85-Y86)",Unintentional injuries,Massachusetts,3229,44.0
6427,2013,Cerebrovascular diseases (I60-I69),Stroke,Louisiana,2098,44.0
6428,2011,Chronic lower respiratory diseases (J40-J47),CLRD,Washington,3080,44.0
6429,2010,"Accidents (unintentional injuries) (V01-X59,Y85-Y86)",Unintentional injuries,Kansas,1317,44.0
6430,2010,Cerebrovascular diseases (I60-I69),Stroke,Missouri,3001,44.0
6431,2010,Chronic lower respiratory diseases (J40-J47),CLRD,Delaware,441,44.0
6432,2009,"Accidents (unintentional injuries) (V01-X59,Y85-Y86)",Unintentional injuries,Idaho,670,44.0
6433,2009,Cerebrovascular diseases (I60-I69),Stroke,Indiana,3004,44.0
6434,2008,"Accidents (unintentional injuries) (V01-X59,Y85-Y86)",Unintentional injuries,Nevada,1134,44.0
6435,2008,Chronic lower respiratory diseases (J40-J47),CLRD,Louisiana,1896,44.0
6436,2007,"Accidents (unintentional injuries) (V01-X59,Y85-Y86)",Unintentional injuries,Wisconsin,2619,44.0
6437,2006,Cerebrovascular diseases (I60-I69),Stroke,South Dakota,442,44.0
6438,2006,Chronic lower respiratory diseases (J40-J47),CLRD,South Carolina,1935,44.0
6439,2003,Cerebrovascular diseases (I60-I69),Stroke,Connecticut,1828,44.0
6440,2000,Chronic lower respiratory diseases (J40-J47),CLRD,Delaware,341,44.0
6441,2015,"Accidents (unintentional injuries) (V01-X59,Y85-Y86)",Unintentional injuries,North Dakota,368,44.1
6442,2015,Alzheimer's disease (G30),Alzheimer's disease,Mississippi,1402,44.1
6443,2014,"Accidents (unintentional injuries) (V01-X59,Y85-Y86)",Unintentional injuries,Kansas,1377,44.1
6444,2013,Chronic lower respiratory diseases (J40-J47),CLRD,Vermont,353,44.1
6445,2012,"Accidents (unintentional injuries) (V01-X59,Y85-Y86)",Unintentional injuries,Rhode Island,525,44.1
6446,2010,Cerebrovascular diseases (I60-I69),Stroke,Kentucky,1992,44.1
6447,2009,"Accidents (unintentional injuries) (V01-X59,Y85-Y86)",Unintentional injuries,North Dakota,324,44.1
6448,2008,Cerebrovascular diseases (I60-I69),Stroke,Oregon,1899,44.1
6449,2005,"Accidents (unintentional injuries) (V01-X59,Y85-Y86)",Unintentional injuries,Colorado,1947,44.1
6450,2005,Chronic lower respiratory diseases (J40-J47),CLRD,Texas,7988,44.1
6451,2004,Cerebrovascular diseases (I60-I69),Stroke,Massachusetts,3254,44.1
6452,2004,Chronic lower respiratory diseases (J40-J47),CLRD,Missouri,2731,44.1
6453,2017,"Accidents (unintentional injuries) (V01-X59,Y85-Y86)",Unintentional injuries,Utah,1238,44.2
6454,2017,Chronic lower respiratory diseases (J40-J47),CLRD,New Mexico,1143,44.2
6455,2016,Alzheimer's disease (G30),Alzheimer's disease,Tennessee,3250,44.2
6456,2014,Cerebrovascular diseases (I60-I69),Stroke,South Carolina,2393,44.2
6457,2014,Chronic lower respiratory diseases (J40-J47),CLRD,Michigan,5345,44.2
6458,2011,Cerebrovascular diseases (I60-I69),Stroke,Indiana,3127,44.2
6459,2007,Chronic lower respiratory diseases (J40-J47),CLRD,New Hampshire,611,44.2
6460,2006,Cerebrovascular diseases (I60-I69),Stroke,Pennsylvania,7151,44.2
6461,2004,Cerebrovascular diseases (I60-I69),Stroke,Wyoming,214,44.2
6462,2003,"Accidents (unintentional injuries) (V01-X59,Y85-Y86)",Unintentional injuries,Florida,7919,44.2
6463,2003,"Accidents (unintentional injuries) (V01-X59,Y85-Y86)",Unintentional injuries,Georgia,3528,44.2
6464,2003,Chronic lower respiratory diseases (J40-J47),CLRD,California,13448,44.2
6465,2001,"Accidents (unintentional injuries) (V01-X59,Y85-Y86)",Unintentional injuries,Idaho,568,44.2
6466,2000,Chronic lower respiratory diseases (J40-J47),CLRD,United States,122009,44.2
6467,2017,Chronic lower respiratory diseases (J40-J47),CLRD,Michigan,5688,44.3
6468,2016,Cerebrovascular diseases (I60-I69),Stroke,Georgia,4349,44.3
6469,2012,Cerebrovascular diseases (I60-I69),Stroke,Kentucky,2073,44.3
6470,2009,Chronic lower respiratory diseases (J40-J47),CLRD,Washington,2933,44.3
6471,2006,"Accidents (unintentional injuries) (V01-X59,Y85-Y86)",Unintentional injuries,Nevada,1091,44.3
6472,2005,Cerebrovascular diseases (I60-I69),Stroke,Delaware,384,44.3
6473,2002,Cerebrovascular diseases (I60-I69),Stroke,New Jersey,4016,44.3
6474,2017,"Accidents (unintentional injuries) (V01-X59,Y85-Y86)",Unintentional injuries,Illinois,6019,44.4
6475,2016,Chronic lower respiratory diseases (J40-J47),CLRD,Michigan,5572,44.4
6476,2016,Chronic lower respiratory diseases (J40-J47),CLRD,New Mexico,1131,44.4
6477,2015,Alzheimer's disease (G30),Alzheimer's disease,Washington,3490,44.4
6478,2014,"Accidents (unintentional injuries) (V01-X59,Y85-Y86)",Unintentional injuries,North Carolina,4557,44.4
6479,2014,"Accidents (unintentional injuries) (V01-X59,Y85-Y86)",Unintentional injuries,Vermont,322,44.4
6480,2013,"Accidents (unintentional injuries) (V01-X59,Y85-Y86)",Unintentional injuries,Kansas,1359,44.4
6481,2013,Cerebrovascular diseases (I60-I69),Stroke,Tennessee,3157,44.4
6482,2011,"Accidents (unintentional injuries) (V01-X59,Y85-Y86)",Unintentional injuries,Pennsylvania,6216,44.4
6483,2010,"Accidents (unintentional injuries) (V01-X59,Y85-Y86)",Unintentional injuries,Louisiana,1999,44.4
6484,2010,Cerebrovascular diseases (I60-I69),Stroke,Texas,9180,44.4
6485,2008,Cerebrovascular diseases (I60-I69),Stroke,Wyoming,234,44.4
6486,2006,Chronic lower respiratory diseases (J40-J47),CLRD,Nebraska,878,44.4
6487,2003,Cerebrovascular diseases (I60-I69),Stroke,Florida,9899,44.4
6488,2002,Chronic lower respiratory diseases (J40-J47),CLRD,Iowa,1580,44.4
6489,2001,Chronic lower respiratory diseases (J40-J47),CLRD,California,12965,44.4
6490,2000,Cerebrovascular diseases (I60-I69),Stroke,District of Columbia,252,44.4
6491,2015,"Accidents (unintentional injuries) (V01-X59,Y85-Y86)",Unintentional injuries,Oregon,1999,44.5
6492,2013,Cerebrovascular diseases (I60-I69),Stroke,Oklahoma,1880,44.5
6493,2012,"Accidents (unintentional injuries) (V01-X59,Y85-Y86)",Unintentional injuries,Utah,1097,44.5
6494,2012,Chronic lower respiratory diseases (J40-J47),CLRD,Louisiana,2074,44.5
6495,2011,Chronic lower respiratory diseases (J40-J47),CLRD,Arizona,3166,44.5
6496,2010,"Accidents (unintentional injuries) (V01-X59,Y85-Y86)",Unintentional injuries,South Dakota,393,44.5
6497,2010,Cerebrovascular diseases (I60-I69),Stroke,Indiana,3082,44.5
6498,2009,"Accidents (unintentional injuries) (V01-X59,Y85-Y86)",Unintentional injuries,Colorado,2144,44.5
6499,2008,"Accidents (unintentional injuries) (V01-X59,Y85-Y86)",Unintentional injuries,Vermont,306,44.5
6500,2008,Cerebrovascular diseases (I60-I69),Stroke,Alaska,172,44.5
6501,2008,Cerebrovascular diseases (I60-I69),Stroke,Virginia,3301,44.5
6502,2007,Cerebrovascular diseases (I60-I69),Stroke,Michigan,4798,44.5
6503,2007,Chronic lower respiratory diseases (J40-J47),CLRD,Maine,728,44.5
6504,2004,Chronic lower respiratory diseases (J40-J47),CLRD,Idaho,572,44.5
6505,2017,"Accidents (unintentional injuries) (V01-X59,Y85-Y86)",Unintentional injuries,Minnesota,2788,44.6
6506,2011,"Accidents (unintentional injuries) (V01-X59,Y85-Y86)",Unintentional injuries,Rhode Island,541,44.6
6507,2009,Alzheimer's disease (G30),Alzheimer's disease,Washington,3010,44.6
6508,2008,Chronic lower respiratory diseases (J40-J47),CLRD,Alaska,181,44.6
6509,2007,Cerebrovascular diseases (I60-I69),Stroke,Idaho,640,44.6
6510,2007,Chronic lower respiratory diseases (J40-J47),CLRD,Iowa,1660,44.6
6511,2006,Cerebrovascular diseases (I60-I69),Stroke,Wisconsin,2829,44.6
6512,2005,Chronic lower respiratory diseases (J40-J47),CLRD,Louisiana,1906,44.6
6513,2004,Cerebrovascular diseases (I60-I69),Stroke,Arizona,2446,44.6
6514,2003,Cerebrovascular diseases (I60-I69),Stroke,New Mexico,770,44.6
6515,2003,Chronic lower respiratory diseases (J40-J47),CLRD,Michigan,4472,44.6
6516,2000,Chronic lower respiratory diseases (J40-J47),CLRD,California,12756,44.6
6517,2015,"Accidents (unintentional injuries) (V01-X59,Y85-Y86)",Unintentional injuries,Idaho,746,44.7
6518,2015,Cerebrovascular diseases (I60-I69),Stroke,North Carolina,5033,44.7
6519,2015,Chronic lower respiratory diseases (J40-J47),CLRD,New Mexico,1109,44.7
6520,2013,Chronic lower respiratory diseases (J40-J47),CLRD,New Mexico,1052,44.7
6521,2012,"Accidents (unintentional injuries) (V01-X59,Y85-Y86)",Unintentional injuries,Ohio,5420,44.7
6522,2012,"Accidents (unintentional injuries) (V01-X59,Y85-Y86)",Unintentional injuries,Wisconsin,2825,44.7
6523,2011,"Accidents (unintentional injuries) (V01-X59,Y85-Y86)",Unintentional injuries,Idaho,710,44.7
6524,2010,Cerebrovascular diseases (I60-I69),Stroke,North Carolina,4298,44.7
6525,2010,Chronic lower respiratory diseases (J40-J47),CLRD,Iowa,1698,44.7
6526,2008,Chronic lower respiratory diseases (J40-J47),CLRD,United States,141090,44.7
6527,2007,Cerebrovascular diseases (I60-I69),Stroke,Illinois,5864,44.7
6528,2006,Cerebrovascular diseases (I60-I69),Stroke,Hawaii,665,44.7
6529,2006,Cerebrovascular diseases (I60-I69),Stroke,Nebraska,922,44.7
6530,2004,"Accidents (unintentional injuries) (V01-X59,Y85-Y86)",Unintentional injuries,Florida,8229,44.7
6531,2001,"Accidents (unintentional injuries) (V01-X59,Y85-Y86)",Unintentional injuries,West Virginia,834,44.7
6532,2000,"Accidents (unintentional injuries) (V01-X59,Y85-Y86)",Unintentional injuries,North Carolina,3525,44.7
6533,2000,Chronic lower respiratory diseases (J40-J47),CLRD,Texas,7286,44.7
6534,1999,"Accidents (unintentional injuries) (V01-X59,Y85-Y86)",Unintentional injuries,Louisiana,1940,44.7
6535,2017,"Accidents (unintentional injuries) (V01-X59,Y85-Y86)",Unintentional injuries,Oregon,2076,44.8
6536,2016,Alzheimer's disease (G30),Alzheimer's disease,Georgia,4021,44.8
6537,2016,Chronic lower respiratory diseases (J40-J47),CLRD,North Carolina,5311,44.8
6538,2015,"Accidents (unintentional injuries) (V01-X59,Y85-Y86)",Unintentional injuries,Connecticut,1799,44.8
6539,2013,"Accidents (unintentional injuries) (V01-X59,Y85-Y86)",Unintentional injuries,Arkansas,1373,44.8
6540,2011,Cerebrovascular diseases (I60-I69),Stroke,Kentucky,2064,44.8
6541,2011,Cerebrovascular diseases (I60-I69),Stroke,West Virginia,1049,44.8
6542,2011,Chronic lower respiratory diseases (J40-J47),CLRD,Delaware,460,44.8
6543,2007,"Accidents (unintentional injuries) (V01-X59,Y85-Y86)",Unintentional injuries,Colorado,2056,44.8
6544,2006,Cerebrovascular diseases (I60-I69),Stroke,United States,137119,44.8
6545,2002,Chronic lower respiratory diseases (J40-J47),CLRD,Michigan,4431,44.8
6546,2001,Cerebrovascular diseases (I60-I69),Stroke,New Jersey,4007,44.8
6547,2001,Chronic lower respiratory diseases (J40-J47),CLRD,South Carolina,1731,44.8
6548,1999,"Accidents (unintentional injuries) (V01-X59,Y85-Y86)",Unintentional injuries,Arizona,2214,44.8
6549,1999,"Accidents (unintentional injuries) (V01-X59,Y85-Y86)",Unintentional injuries,South Dakota,351,44.8
6550,2017,Cerebrovascular diseases (I60-I69),Stroke,South Carolina,2691,44.9
6551,2013,"Accidents (unintentional injuries) (V01-X59,Y85-Y86)",Unintentional injuries,Pennsylvania,6359,44.9
6552,2012,Cerebrovascular diseases (I60-I69),Stroke,Tennessee,3120,44.9
6553,2010,Cerebrovascular diseases (I60-I69),Stroke,Louisiana,1977,44.9
6554,2009,Cerebrovascular diseases (I60-I69),Stroke,Missouri,3017,44.9
6555,2009,Chronic lower respiratory diseases (J40-J47),CLRD,South Dakota,440,44.9
6556,2007,"Accidents (unintentional injuries) (V01-X59,Y85-Y86)",Unintentional injuries,Vermont,303,44.9
6557,2007,Chronic lower respiratory diseases (J40-J47),CLRD,South Carolina,2036,44.9
6558,2006,Cerebrovascular diseases (I60-I69),Stroke,Michigan,4752,44.9
6559,2006,Chronic lower respiratory diseases (J40-J47),CLRD,New Hampshire,603,44.9
6560,2004,Cerebrovascular diseases (I60-I69),Stroke,Colorado,1638,44.9
6561,2004,Chronic lower respiratory diseases (J40-J47),CLRD,Kansas,1316,44.9
6562,2002,"Accidents (unintentional injuries) (V01-X59,Y85-Y86)",Unintentional injuries,Oklahoma,1580,44.9
6563,2000,"Accidents (unintentional injuries) (V01-X59,Y85-Y86)",Unintentional injuries,Oklahoma,1566,44.9
6564,2017,Alzheimer's disease (G30),Alzheimer's disease,South Carolina,2549,45.0
6565,2017,Cerebrovascular diseases (I60-I69),Stroke,Tennessee,3519,45.0
6566,2016,Alzheimer's disease (G30),Alzheimer's disease,Alabama,2507,45.0
6567,2016,Alzheimer's disease (G30),Alzheimer's disease,Louisiana,2195,45.0
6568,2013,"Accidents (unintentional injuries) (V01-X59,Y85-Y86)",Unintentional injuries,Ohio,5497,45.0
6569,2012,"Accidents (unintentional injuries) (V01-X59,Y85-Y86)",Unintentional injuries,Pennsylvania,6334,45.0
6570,2012,Chronic lower respiratory diseases (J40-J47),CLRD,Georgia,3977,45.0
6571,2011,"Accidents (unintentional injuries) (V01-X59,Y85-Y86)",Unintentional injuries,South Dakota,411,45.0
6572,2009,Chronic lower respiratory diseases (J40-J47),CLRD,Michigan,4961,45.0
6573,2007,Chronic lower respiratory diseases (J40-J47),CLRD,Vermont,316,45.0
6574,2005,"Accidents (unintentional injuries) (V01-X59,Y85-Y86)",Unintentional injuries,Georgia,3762,45.0
6575,2004,"Accidents (unintentional injuries) (V01-X59,Y85-Y86)",Unintentional injuries,Georgia,3667,45.0
6576,2004,Cerebrovascular diseases (I60-I69),Stroke,Vermont,302,45.0
6577,2004,Chronic lower respiratory diseases (J40-J47),CLRD,Vermont,296,45.0
6578,2003,Chronic lower respiratory diseases (J40-J47),CLRD,Virginia,2983,45.0
6579,2000,Chronic lower respiratory diseases (J40-J47),CLRD,Nebraska,838,45.0
6580,2014,Chronic lower respiratory diseases (J40-J47),CLRD,North Carolina,5023,45.1
6581,2012,"Accidents (unintentional injuries) (V01-X59,Y85-Y86)",Unintentional injuries,Arizona,3029,45.1
6582,2011,Chronic lower respiratory diseases (J40-J47),CLRD,Oregon,2023,45.1
6583,2008,Chronic lower respiratory diseases (J40-J47),CLRD,Texas,8874,45.1
6584,2007,Chronic lower respiratory diseases (J40-J47),CLRD,Georgia,3384,45.1
6585,2007,Chronic lower respiratory diseases (J40-J47),CLRD,New Mexico,884,45.1
6586,2006,"Accidents (unintentional injuries) (V01-X59,Y85-Y86)",Unintentional injuries,Georgia,3879,45.1
6587,2005,Cerebrovascular diseases (I60-I69),Stroke,Wyoming,221,45.1
6588,2000,Chronic lower respiratory diseases (J40-J47),CLRD,Virginia,2820,45.1
6589,2017,"Accidents (unintentional injuries) (V01-X59,Y85-Y86)",Unintentional injuries,Georgia,4712,45.2
6590,2017,Alzheimer's disease (G30),Alzheimer's disease,Alabama,2563,45.2
6591,2012,Chronic lower respiratory diseases (J40-J47),CLRD,Michigan,5251,45.2
6592,2009,Cerebrovascular diseases (I60-I69),Stroke,Texas,9137,45.2
6593,2008,Cerebrovascular diseases (I60-I69),Stroke,Ohio,5951,45.2
6594,2006,Chronic lower respiratory diseases (J40-J47),CLRD,Iowa,1655,45.2
6595,2004,"Accidents (unintentional injuries) (V01-X59,Y85-Y86)",Unintentional injuries,Nevada,1021,45.2
6596,2017,Chronic lower respiratory diseases (J40-J47),CLRD,North Carolina,5540,45.3
6597,2017,Chronic lower respiratory diseases (J40-J47),CLRD,South Dakota,505,45.3
6598,2016,Alzheimer's disease (G30),Alzheimer's disease,South Carolina,2481,45.3
6599,2015,Cerebrovascular diseases (I60-I69),Stroke,Georgia,4335,45.3
6600,2015,Chronic lower respiratory diseases (J40-J47),CLRD,South Dakota,502,45.3
6601,2014,Cerebrovascular diseases (I60-I69),Stroke,West Virginia,1103,45.3
6602,2013,"Accidents (unintentional injuries) (V01-X59,Y85-Y86)",Unintentional injuries,Rhode Island,537,45.3
6603,2011,Chronic lower respiratory diseases (J40-J47),CLRD,Georgia,3837,45.3
6604,2010,Chronic lower respiratory diseases (J40-J47),CLRD,Oregon,1971,45.3
6605,2010,Chronic lower respiratory diseases (J40-J47),CLRD,Vermont,335,45.3
6606,2009,Chronic lower respiratory diseases (J40-J47),CLRD,Oregon,1943,45.3
6607,2008,"Accidents (unintentional injuries) (V01-X59,Y85-Y86)",Unintentional injuries,Florida,8939,45.3
6608,2002,"Accidents (unintentional injuries) (V01-X59,Y85-Y86)",Unintentional injuries,North Carolina,3700,45.3
6609,2000,Chronic lower respiratory diseases (J40-J47),CLRD,Michigan,4352,45.3
6610,1999,Chronic lower respiratory diseases (J40-J47),CLRD,Michigan,4316,45.3
6611,2016,"Accidents (unintentional injuries) (V01-X59,Y85-Y86)",Unintentional injuries,North Dakota,371,45.4
6612,2015,"Accidents (unintentional injuries) (V01-X59,Y85-Y86)",Unintentional injuries,Nevada,1340,45.4
6613,2014,Cerebrovascular diseases (I60-I69),Stroke,Arkansas,1583,45.4
6614,2013,Chronic lower respiratory diseases (J40-J47),CLRD,Georgia,4172,45.4
6615,2012,Chronic lower respiratory diseases (J40-J47),CLRD,Maine,817,45.4
6616,2009,Chronic lower respiratory diseases (J40-J47),CLRD,North Carolina,4329,45.4
6617,2007,"Accidents (unintentional injuries) (V01-X59,Y85-Y86)",Unintentional injuries,Georgia,4012,45.4
6618,2005,Chronic lower respiratory diseases (J40-J47),CLRD,Washington,2699,45.4
6619,1999,Chronic lower respiratory diseases (J40-J47),CLRD,United States,124181,45.4
6620,2016,Cerebrovascular diseases (I60-I69),Stroke,South Carolina,2627,45.5
6621,2015,Chronic lower respiratory diseases (J40-J47),CLRD,North Carolina,5221,45.5
6622,2014,"Accidents (unintentional injuries) (V01-X59,Y85-Y86)",Unintentional injuries,Utah,1167,45.5
6623,2014,Chronic lower respiratory diseases (J40-J47),CLRD,Louisiana,2237,45.5
6624,2011,Chronic lower respiratory diseases (J40-J47),CLRD,Michigan,5192,45.5
6625,2011,Chronic lower respiratory diseases (J40-J47),CLRD,Vermont,349,45.5
6626,2009,"Accidents (unintentional injuries) (V01-X59,Y85-Y86)",Unintentional injuries,Arizona,2919,45.5
6627,2008,Chronic lower respiratory diseases (J40-J47),CLRD,Arizona,2939,45.5
6628,2008,Chronic lower respiratory diseases (J40-J47),CLRD,Georgia,3546,45.5
6629,2007,Cerebrovascular diseases (I60-I69),Stroke,Ohio,5905,45.5
6630,2007,Chronic lower respiratory diseases (J40-J47),CLRD,Alaska,175,45.5
6631,2003,Cerebrovascular diseases (I60-I69),Stroke,Arizona,2428,45.5
6632,2000,Chronic lower respiratory diseases (J40-J47),CLRD,Alabama,2057,45.5
6633,2017,Chronic lower respiratory diseases (J40-J47),CLRD,Colorado,2604,45.6
6634,2016,Cerebrovascular diseases (I60-I69),Stroke,Arkansas,1643,45.6
6635,2015,"Accidents (unintentional injuries) (V01-X59,Y85-Y86)",Unintentional injuries,Utah,1223,45.6
6636,2014,Cerebrovascular diseases (I60-I69),Stroke,Louisiana,2230,45.6
6637,2014,Chronic lower respiratory diseases (J40-J47),CLRD,Georgia,4332,45.6
6638,2010,Chronic lower respiratory diseases (J40-J47),CLRD,Michigan,5079,45.6
6639,2009,Chronic lower respiratory diseases (J40-J47),CLRD,New Hampshire,652,45.6
6640,2008,Chronic lower respiratory diseases (J40-J47),CLRD,Washington,2930,45.6
6641,2006,Chronic lower respiratory diseases (J40-J47),CLRD,Oregon,1828,45.6
6642,2004,Cerebrovascular diseases (I60-I69),Stroke,New Hampshire,586,45.6
6643,2003,"Accidents (unintentional injuries) (V01-X59,Y85-Y86)",Unintentional injuries,Idaho,605,45.6
6644,2002,"Accidents (unintentional injuries) (V01-X59,Y85-Y86)",Unintentional injuries,Missouri,2641,45.6
6645,2001,Chronic lower respiratory diseases (J40-J47),CLRD,North Carolina,3514,45.6
6646,2000,Cerebrovascular diseases (I60-I69),Stroke,Rhode Island,577,45.6
6647,2016,"Accidents (unintentional injuries) (V01-X59,Y85-Y86)",Unintentional injuries,Kansas,1444,45.7
6648,2016,Chronic lower respiratory diseases (J40-J47),CLRD,Idaho,865,45.7
6649,2012,Cerebrovascular diseases (I60-I69),Stroke,Oklahoma,1893,45.7
6650,2012,Chronic lower respiratory diseases (J40-J47),CLRD,South Dakota,481,45.7
6651,2011,Cerebrovascular diseases (I60-I69),Stroke,Louisiana,2071,45.7
6652,2007,Cerebrovascular diseases (I60-I69),Stroke,Virginia,3313,45.7
6653,2006,Cerebrovascular diseases (I60-I69),Stroke,Ohio,5828,45.7
6654,2004,Chronic lower respiratory diseases (J40-J47),CLRD,Georgia,3125,45.7
6655,2002,Chronic lower respiratory diseases (J40-J47),CLRD,Texas,7720,45.7
6656,2000,"Accidents (unintentional injuries) (V01-X59,Y85-Y86)",Unintentional injuries,Kentucky,1838,45.7
6657,2016,"Accidents (unintentional injuries) (V01-X59,Y85-Y86)",Unintentional injuries,Georgia,4701,45.8
6658,2016,"Accidents (unintentional injuries) (V01-X59,Y85-Y86)",Unintentional injuries,Iowa,1608,45.8
6659,2016,Alzheimer's disease (G30),Alzheimer's disease,Mississippi,1485,45.8
6660,2014,"Accidents (unintentional injuries) (V01-X59,Y85-Y86)",Unintentional injuries,Maine,690,45.8
6661,2014,Cerebrovascular diseases (I60-I69),Stroke,Tennessee,3326,45.8
6662,2014,Chronic lower respiratory diseases (J40-J47),CLRD,Idaho,819,45.8
6663,2011,"Accidents (unintentional injuries) (V01-X59,Y85-Y86)",Unintentional injuries,Louisiana,2091,45.8
6664,2011,Cerebrovascular diseases (I60-I69),Stroke,Oklahoma,1864,45.8
6665,2006,"Accidents (unintentional injuries) (V01-X59,Y85-Y86)",Unintentional injuries,Vermont,301,45.8
6666,2006,Chronic lower respiratory diseases (J40-J47),CLRD,North Carolina,4017,45.8
6667,2001,Chronic lower respiratory diseases (J40-J47),CLRD,New Mexico,775,45.8
6668,2000,Chronic lower respiratory diseases (J40-J47),CLRD,South Carolina,1730,45.8
6669,2013,Chronic lower respiratory diseases (J40-J47),CLRD,Colorado,2297,45.9
6670,2012,Cerebrovascular diseases (I60-I69),Stroke,South Carolina,2349,45.9
6671,2007,Chronic lower respiratory diseases (J40-J47),CLRD,Nebraska,919,45.9
6672,2000,"Accidents (unintentional injuries) (V01-X59,Y85-Y86)",Unintentional injuries,Louisiana,2006,45.9
6673,2017,Alzheimer's disease (G30),Alzheimer's disease,Georgia,4290,46.0
6674,2017,Alzheimer's disease (G30),Alzheimer's disease,Washington,3710,46.0
6675,2016,"Accidents (unintentional injuries) (V01-X59,Y85-Y86)",Unintentional injuries,Nevada,1395,46.0
6676,2016,"Accidents (unintentional injuries) (V01-X59,Y85-Y86)",Unintentional injuries,Oregon,2105,46.0
6677,2016,Cerebrovascular diseases (I60-I69),Stroke,Louisiana,2322,46.0
6678,2016,Cerebrovascular diseases (I60-I69),Stroke,Tennessee,3508,46.0
6679,2015,"Accidents (unintentional injuries) (V01-X59,Y85-Y86)",Unintentional injuries,Delaware,449,46.0
6680,2015,Cerebrovascular diseases (I60-I69),Stroke,Louisiana,2280,46.0
6681,2015,Cerebrovascular diseases (I60-I69),Stroke,Tennessee,3447,46.0
6682,2012,Chronic lower respiratory diseases (J40-J47),CLRD,Idaho,754,46.0
6683,2010,Chronic lower respiratory diseases (J40-J47),CLRD,South Dakota,451,46.0
6684,2006,Chronic lower respiratory diseases (J40-J47),CLRD,Arizona,2799,46.0
6685,2003,Cerebrovascular diseases (I60-I69),Stroke,District of Columbia,257,46.0
6686,2002,Cerebrovascular diseases (I60-I69),Stroke,Connecticut,1861,46.0
6687,2010,Chronic lower respiratory diseases (J40-J47),CLRD,North Carolina,4495,46.1
6688,2007,Chronic lower respiratory diseases (J40-J47),CLRD,Oregon,1892,46.1
6689,2004,Cerebrovascular diseases (I60-I69),Stroke,Montana,484,46.1
6690,2017,Cerebrovascular diseases (I60-I69),Stroke,Delaware,571,46.2
6691,2017,Chronic lower respiratory diseases (J40-J47),CLRD,Georgia,4866,46.2
6692,2015,"Accidents (unintentional injuries) (V01-X59,Y85-Y86)",Unintentional injuries,Florida,10578,46.2
6693,2015,Alzheimer's disease (G30),Alzheimer's disease,South Carolina,2453,46.2
6694,2011,Chronic lower respiratory diseases (J40-J47),CLRD,New Mexico,1024,46.2
6695,2008,Cerebrovascular diseases (I60-I69),Stroke,Indiana,3114,46.2
6696,2005,Chronic lower respiratory diseases (J40-J47),CLRD,New Mexico,855,46.2
6697,2003,Cerebrovascular diseases (I60-I69),Stroke,Vermont,306,46.2
6698,2003,Chronic lower respiratory diseases (J40-J47),CLRD,Vermont,301,46.2
6699,2015,Chronic lower respiratory diseases (J40-J47),CLRD,Idaho,843,46.3
6700,2013,Chronic lower respiratory diseases (J40-J47),CLRD,North Carolina,4987,46.3
6701,2012,Chronic lower respiratory diseases (J40-J47),CLRD,Vermont,364,46.3
6702,2011,Cerebrovascular diseases (I60-I69),Stroke,South Carolina,2287,46.3
6703,2010,Cerebrovascular diseases (I60-I69),Stroke,Georgia,3762,46.3
6704,2010,Chronic lower respiratory diseases (J40-J47),CLRD,South Carolina,2264,46.3
6705,2008,"Accidents (unintentional injuries) (V01-X59,Y85-Y86)",Unintentional injuries,Colorado,2172,46.3
6706,2006,Cerebrovascular diseases (I60-I69),Stroke,Illinois,5989,46.3
6707,2006,Chronic lower respiratory diseases (J40-J47),CLRD,Georgia,3387,46.3
6708,2003,"Accidents (unintentional injuries) (V01-X59,Y85-Y86)",Unintentional injuries,North Carolina,3835,46.3
6709,2000,"Accidents (unintentional injuries) (V01-X59,Y85-Y86)",Unintentional injuries,Arizona,2326,46.3
6710,1999,"Accidents (unintentional injuries) (V01-X59,Y85-Y86)",Unintentional injuries,Oklahoma,1609,46.3
6711,2016,Chronic lower respiratory diseases (J40-J47),CLRD,Colorado,2575,46.4
6712,2014,Chronic lower respiratory diseases (J40-J47),CLRD,New Mexico,1127,46.4
6713,2013,"Accidents (unintentional injuries) (V01-X59,Y85-Y86)",Unintentional injuries,Colorado,2422,46.4
6714,2012,Chronic lower respiratory diseases (J40-J47),CLRD,North Carolina,4844,46.4
6715,2011,Chronic lower respiratory diseases (J40-J47),CLRD,Colorado,2151,46.4
6716,2009,Cerebrovascular diseases (I60-I69),Stroke,Kentucky,2064,46.4
6717,2008,"Accidents (unintentional injuries) (V01-X59,Y85-Y86)",Unintentional injuries,North Carolina,4313,46.4
6718,2006,Cerebrovascular diseases (I60-I69),Stroke,California,15039,46.4
6719,2004,"Accidents (unintentional injuries) (V01-X59,Y85-Y86)",Unintentional injuries,Missouri,2728,46.4
6720,2017,Chronic lower respiratory diseases (J40-J47),CLRD,Iowa,1939,46.5
6721,2014,"Accidents (unintentional injuries) (V01-X59,Y85-Y86)",Unintentional injuries,Idaho,765,46.5
6722,2011,"Accidents (unintentional injuries) (V01-X59,Y85-Y86)",Unintentional injuries,Colorado,2330,46.5
6723,2006,"Accidents (unintentional injuries) (V01-X59,Y85-Y86)",Unintentional injuries,Florida,8917,46.5
6724,2006,Cerebrovascular diseases (I60-I69),Stroke,Wyoming,236,46.5
6725,2006,Chronic lower respiratory diseases (J40-J47),CLRD,New Mexico,888,46.5
6726,2006,Chronic lower respiratory diseases (J40-J47),CLRD,Vermont,320,46.5
6727,2003,Cerebrovascular diseases (I60-I69),Stroke,Massachusetts,3407,46.5
6728,2003,Chronic lower respiratory diseases (J40-J47),CLRD,Arizona,2560,46.5
6729,2001,"Accidents (unintentional injuries) (V01-X59,Y85-Y86)",Unintentional injuries,Arkansas,1277,46.5
6730,2001,"Accidents (unintentional injuries) (V01-X59,Y85-Y86)",Unintentional injuries,Louisiana,2029,46.5
6731,2001,Chronic lower respiratory diseases (J40-J47),CLRD,Arkansas,1368,46.5
6732,2000,"Accidents (unintentional injuries) (V01-X59,Y85-Y86)",Unintentional injuries,Arkansas,1267,46.5
6733,2000,Chronic lower respiratory diseases (J40-J47),CLRD,Mississippi,1257,46.5
6734,2017,Chronic lower respiratory diseases (J40-J47),CLRD,Louisiana,2467,46.6
6735,2013,"Accidents (unintentional injuries) (V01-X59,Y85-Y86)",Unintentional injuries,South Carolina,2287,46.6
6736,2012,"Accidents (unintentional injuries) (V01-X59,Y85-Y86)",Unintentional injuries,Alabama,2283,46.6
6737,2008,Chronic lower respiratory diseases (J40-J47),CLRD,Oregon,1951,46.6
6738,2007,Cerebrovascular diseases (I60-I69),Stroke,Indiana,3083,46.6
6739,2003,Chronic lower respiratory diseases (J40-J47),CLRD,Iowa,1674,46.6
6740,2003,Chronic lower respiratory diseases (J40-J47),CLRD,Washington,2652,46.6
6741,2002,Chronic lower respiratory diseases (J40-J47),CLRD,North Carolina,3674,46.6
6742,2001,Chronic lower respiratory diseases (J40-J47),CLRD,Nebraska,882,46.6
6743,2017,Alzheimer's disease (G30),Alzheimer's disease,Tennessee,3522,46.7
6744,2015,Cerebrovascular diseases (I60-I69),Stroke,South Carolina,2600,46.7
6745,2015,Chronic lower respiratory diseases (J40-J47),CLRD,Georgia,4607,46.7
6746,2013,"Accidents (unintentional injuries) (V01-X59,Y85-Y86)",Unintentional injuries,South Dakota,425,46.7
6747,2013,Chronic lower respiratory diseases (J40-J47),CLRD,Idaho,808,46.7
6748,2013,Chronic lower respiratory diseases (J40-J47),CLRD,Michigan,5539,46.7
6749,2012,Chronic lower respiratory diseases (J40-J47),CLRD,Colorado,2239,46.7
6750,2011,Chronic lower respiratory diseases (J40-J47),CLRD,North Carolina,4708,46.7
6751,2010,"Accidents (unintentional injuries) (V01-X59,Y85-Y86)",Unintentional injuries,Arizona,3018,46.7
6752,2010,Chronic lower respiratory diseases (J40-J47),CLRD,Georgia,3816,46.7
6753,2009,Cerebrovascular diseases (I60-I69),Stroke,West Virginia,1073,46.7
6754,2009,Chronic lower respiratory diseases (J40-J47),CLRD,Georgia,3736,46.7
6755,2007,Cerebrovascular diseases (I60-I69),Stroke,Kansas,1498,46.7
6756,2005,Chronic lower respiratory diseases (J40-J47),CLRD,South Carolina,1977,46.7
6757,2004,Chronic lower respiratory diseases (J40-J47),CLRD,New Hampshire,600,46.7
6758,2004,Chronic lower respiratory diseases (J40-J47),CLRD,Oregon,1778,46.7
6759,2002,Cerebrovascular diseases (I60-I69),Stroke,Rhode Island,605,46.7
6760,2001,Chronic lower respiratory diseases (J40-J47),CLRD,Texas,7739,46.7
6761,2015,Cerebrovascular diseases (I60-I69),Stroke,Arkansas,1653,46.8
6762,2014,"Accidents (unintentional injuries) (V01-X59,Y85-Y86)",Unintentional injuries,Pennsylvania,6640,46.8
6763,2013,"Accidents (unintentional injuries) (V01-X59,Y85-Y86)",Unintentional injuries,Wisconsin,2969,46.8
6764,2012,Chronic lower respiratory diseases (J40-J47),CLRD,Iowa,1824,46.8
6765,2011,"Accidents (unintentional injuries) (V01-X59,Y85-Y86)",Unintentional injuries,Arizona,3096,46.8
6766,2005,Chronic lower respiratory diseases (J40-J47),CLRD,Delaware,411,46.8
6767,1999,Chronic lower respiratory diseases (J40-J47),CLRD,Arkansas,1358,46.8
6768,1999,Chronic lower respiratory diseases (J40-J47),CLRD,Iowa,1643,46.8
6769,1999,Chronic lower respiratory diseases (J40-J47),CLRD,Texas,7518,46.8
6770,2014,"Accidents (unintentional injuries) (V01-X59,Y85-Y86)",Unintentional injuries,Wisconsin,3015,46.9
6771,2012,Chronic lower respiratory diseases (J40-J47),CLRD,South Carolina,2467,46.9
6772,2009,Cerebrovascular diseases (I60-I69),Stroke,Georgia,3732,46.9
6773,2007,"Accidents (unintentional injuries) (V01-X59,Y85-Y86)",Unintentional injuries,Florida,9113,46.9
6774,2007,Chronic lower respiratory diseases (J40-J47),CLRD,North Carolina,4231,46.9
6775,2006,"Accidents (unintentional injuries) (V01-X59,Y85-Y86)",Unintentional injuries,North Carolina,4156,46.9
6776,2006,Chronic lower respiratory diseases (J40-J47),CLRD,Idaho,644,46.9
6777,2005,Cerebrovascular diseases (I60-I69),Stroke,Utah,794,46.9
6778,2003,"Accidents (unintentional injuries) (V01-X59,Y85-Y86)",Unintentional injuries,Arkansas,1304,46.9
6779,2003,Chronic lower respiratory diseases (J40-J47),CLRD,Alaska,147,46.9
6780,2002,Cerebrovascular diseases (I60-I69),Stroke,Florida,10269,46.9
6781,2000,Chronic lower respiratory diseases (J40-J47),CLRD,Missouri,2802,46.9
6782,2000,Chronic lower respiratory diseases (J40-J47),CLRD,New Mexico,767,46.9
6783,1999,Chronic lower respiratory diseases (J40-J47),CLRD,California,13165,46.9
6784,2014,"Accidents (unintentional injuries) (V01-X59,Y85-Y86)",Unintentional injuries,Arizona,3322,47.0
6785,2013,"Accidents (unintentional injuries) (V01-X59,Y85-Y86)",Unintentional injuries,Missouri,2981,47.0
6786,2010,Chronic lower respiratory diseases (J40-J47),CLRD,Idaho,727,47.0
6787,2007,Cerebrovascular diseases (I60-I69),Stroke,Alaska,157,47.0
6788,2005,"Accidents (unintentional injuries) (V01-X59,Y85-Y86)",Unintentional injuries,Arkansas,1329,47.0
6789,2005,"Accidents (unintentional injuries) (V01-X59,Y85-Y86)",Unintentional injuries,Nevada,1104,47.0
6790,2005,Chronic lower respiratory diseases (J40-J47),CLRD,Iowa,1703,47.0
6791,2005,Chronic lower respiratory diseases (J40-J47),CLRD,Oregon,1837,47.0
6792,2003,Chronic lower respiratory diseases (J40-J47),CLRD,Nebraska,894,47.0
6793,2000,"Accidents (unintentional injuries) (V01-X59,Y85-Y86)",Unintentional injuries,Alabama,2093,47.0
6794,1999,Chronic lower respiratory diseases (J40-J47),CLRD,South Carolina,1752,47.0
6795,2014,"Accidents (unintentional injuries) (V01-X59,Y85-Y86)",Unintentional injuries,Colorado,2517,47.1
6796,2012,"Accidents (unintentional injuries) (V01-X59,Y85-Y86)",Unintentional injuries,Colorado,2403,47.1
6797,2009,Chronic lower respiratory diseases (J40-J47),CLRD,New Mexico,984,47.1
6798,2008,Alzheimer's disease (G30),Alzheimer's disease,Washington,3105,47.1
6799,2007,Chronic lower respiratory diseases (J40-J47),CLRD,Idaho,666,47.1
6800,2005,"Accidents (unintentional injuries) (V01-X59,Y85-Y86)",Unintentional injuries,Florida,8868,47.1
6801,2005,Cerebrovascular diseases (I60-I69),Stroke,Maryland,2476,47.1
6802,2004,Cerebrovascular diseases (I60-I69),Stroke,Minnesota,2542,47.1
6803,2002,"Accidents (unintentional injuries) (V01-X59,Y85-Y86)",Unintentional injuries,Idaho,611,47.1
6804,2001,Cerebrovascular diseases (I60-I69),Stroke,District of Columbia,265,47.1
6805,2015,"Accidents (unintentional injuries) (V01-X59,Y85-Y86)",Unintentional injuries,Kansas,1475,47.2
6806,2014,Chronic lower respiratory diseases (J40-J47),CLRD,Colorado,2451,47.2
6807,2014,Chronic lower respiratory diseases (J40-J47),CLRD,Ohio,6765,47.2
6808,2013,"Accidents (unintentional injuries) (V01-X59,Y85-Y86)",Unintentional injuries,Alabama,2329,47.2
6809,2013,Cerebrovascular diseases (I60-I69),Stroke,Mississippi,1500,47.2
6810,2009,Cerebrovascular diseases (I60-I69),Stroke,North Carolina,4442,47.2
6811,2008,"Accidents (unintentional injuries) (V01-X59,Y85-Y86)",Unintentional injuries,North Dakota,342,47.2
6812,2004,"Accidents (unintentional injuries) (V01-X59,Y85-Y86)",Unintentional injuries,Wyoming,243,47.2
6813,2002,Chronic lower respiratory diseases (J40-J47),CLRD,Kansas,1367,47.2
6814,2002,Chronic lower respiratory diseases (J40-J47),CLRD,Missouri,2867,47.2
6815,1999,Chronic lower respiratory diseases (J40-J47),CLRD,Mississippi,1267,47.2
6816,2017,"Accidents (unintentional injuries) (V01-X59,Y85-Y86)",Unintentional injuries,New Jersey,4482,47.3
6817,2017,Chronic lower respiratory diseases (J40-J47),CLRD,Idaho,925,47.3
6818,2016,Chronic lower respiratory diseases (J40-J47),CLRD,Georgia,4805,47.3
6819,2013,Chronic lower respiratory diseases (J40-J47),CLRD,Louisiana,2274,47.3
6820,2008,"Accidents (unintentional injuries) (V01-X59,Y85-Y86)",Unintentional injuries,Arizona,2956,47.3
6821,2006,Cerebrovascular diseases (I60-I69),Stroke,Kansas,1489,47.3
6822,2001,"Accidents (unintentional injuries) (V01-X59,Y85-Y86)",Unintentional injuries,South Dakota,382,47.3
6823,2001,"Accidents (unintentional injuries) (V01-X59,Y85-Y86)",Unintentional injuries,Tennessee,2709,47.3
6824,2017,Cerebrovascular diseases (I60-I69),Stroke,Louisiana,2460,47.4
6825,2016,"Accidents (unintentional injuries) (V01-X59,Y85-Y86)",Unintentional injuries,United States,161374,47.4
6826,2016,Chronic lower respiratory diseases (J40-J47),CLRD,Maine,928,47.4
6827,2014,"Accidents (unintentional injuries) (V01-X59,Y85-Y86)",Unintentional injuries,Arkansas,1458,47.4
6828,2012,"Accidents (unintentional injuries) (V01-X59,Y85-Y86)",Unintentional injuries,South Dakota,426,47.4
6829,2012,"Accidents (unintentional injuries) (V01-X59,Y85-Y86)",Unintentional injuries,Vermont,333,47.4
6830,2011,Chronic lower respiratory diseases (J40-J47),CLRD,South Dakota,486,47.4
6831,2010,Chronic lower respiratory diseases (J40-J47),CLRD,Maine,809,47.4
6832,2009,Cerebrovascular diseases (I60-I69),Stroke,Louisiana,2061,47.4
6833,2006,Chronic lower respiratory diseases (J40-J47),CLRD,Missouri,3017,47.4
6834,2005,Cerebrovascular diseases (I60-I69),Stroke,Wisconsin,2960,47.4
6835,2004,Chronic lower respiratory diseases (J40-J47),CLRD,Arkansas,1428,47.4
6836,2003,Chronic lower respiratory diseases (J40-J47),CLRD,South Carolina,1913,47.4
6837,2002,Chronic lower respiratory diseases (J40-J47),CLRD,New Hampshire,577,47.4
6838,2016,Chronic lower respiratory diseases (J40-J47),CLRD,Ohio,7015,47.5
6839,2016,Chronic lower respiratory diseases (J40-J47),CLRD,South Carolina,2870,47.5
6840,2015,Chronic lower respiratory diseases (J40-J47),CLRD,Michigan,5848,47.5
6841,2011,Cerebrovascular diseases (I60-I69),Stroke,Tennessee,3218,47.5
6842,2009,"Accidents (unintentional injuries) (V01-X59,Y85-Y86)",Unintentional injuries,Missouri,2939,47.5
6843,2006,"Accidents (unintentional injuries) (V01-X59,Y85-Y86)",Unintentional injuries,Idaho,682,47.5
6844,2003,"Accidents (unintentional injuries) (V01-X59,Y85-Y86)",Unintentional injuries,South Carolina,1941,47.5
6845,2002,Chronic lower respiratory diseases (J40-J47),CLRD,Alaska,142,47.5
6846,2000,Chronic lower respiratory diseases (J40-J47),CLRD,Oregon,1677,47.5
6847,1999,Cerebrovascular diseases (I60-I69),Stroke,New Jersey,4122,47.5
6848,2013,Cerebrovascular diseases (I60-I69),Stroke,Arkansas,1637,47.6
6849,2013,Cerebrovascular diseases (I60-I69),Stroke,South Carolina,2508,47.6
6850,2011,Chronic lower respiratory diseases (J40-J47),CLRD,Iowa,1833,47.6
6851,2011,Chronic lower respiratory diseases (J40-J47),CLRD,South Carolina,2402,47.6
6852,2008,Chronic lower respiratory diseases (J40-J47),CLRD,Vermont,341,47.6
6853,2007,Chronic lower respiratory diseases (J40-J47),CLRD,Missouri,3081,47.6
6854,2006,Chronic lower respiratory diseases (J40-J47),CLRD,Alabama,2309,47.6
6855,2005,Cerebrovascular diseases (I60-I69),Stroke,Hawaii,688,47.6
6856,2003,"Accidents (unintentional injuries) (V01-X59,Y85-Y86)",Unintentional injuries,Missouri,2786,47.6
6857,2002,"Accidents (unintentional injuries) (V01-X59,Y85-Y86)",Unintentional injuries,Arkansas,1311,47.6
6858,2001,"Accidents (unintentional injuries) (V01-X59,Y85-Y86)",Unintentional injuries,Arizona,2475,47.6
6859,2000,Chronic lower respiratory diseases (J40-J47),CLRD,Alaska,132,47.6
6860,1999,"Accidents (unintentional injuries) (V01-X59,Y85-Y86)",Unintentional injuries,Arkansas,1287,47.6
6861,2015,"Accidents (unintentional injuries) (V01-X59,Y85-Y86)",Unintentional injuries,Indiana,3258,47.7
6862,2014,Chronic lower respiratory diseases (J40-J47),CLRD,Iowa,1915,47.7
6863,2013,"Accidents (unintentional injuries) (V01-X59,Y85-Y86)",Unintentional injuries,Idaho,776,47.7
6864,2013,Chronic lower respiratory diseases (J40-J47),CLRD,Nebraska,1032,47.7
6865,2010,Chronic lower respiratory diseases (J40-J47),CLRD,New Mexico,1022,47.7
6866,2004,"Accidents (unintentional injuries) (V01-X59,Y85-Y86)",Unintentional injuries,North Carolina,4019,47.7
6867,2002,"Accidents (unintentional injuries) (V01-X59,Y85-Y86)",Unintentional injuries,Tennessee,2744,47.7
6868,2001,Chronic lower respiratory diseases (J40-J47),CLRD,Arizona,2499,47.7
6869,2017,"Accidents (unintentional injuries) (V01-X59,Y85-Y86)",Unintentional injuries,Nevada,1496,47.8
6870,2015,Chronic lower respiratory diseases (J40-J47),CLRD,Colorado,2577,47.8
6871,2013,Chronic lower respiratory diseases (J40-J47),CLRD,Iowa,1892,47.8
6872,2012,"Accidents (unintentional injuries) (V01-X59,Y85-Y86)",Unintentional injuries,Missouri,3002,47.8
6873,2010,Cerebrovascular diseases (I60-I69),Stroke,West Virginia,1104,47.8
6874,2009,Chronic lower respiratory diseases (J40-J47),CLRD,Colorado,2073,47.8
6875,2008,Chronic lower respiratory diseases (J40-J47),CLRD,Maine,794,47.8
6876,2008,Chronic lower respiratory diseases (J40-J47),CLRD,Michigan,5185,47.8
6877,2007,"Accidents (unintentional injuries) (V01-X59,Y85-Y86)",Unintentional injuries,Arkansas,1391,47.8
6878,2005,"Accidents (unintentional injuries) (V01-X59,Y85-Y86)",Unintentional injuries,Missouri,2848,47.8
6879,2004,Chronic lower respiratory diseases (J40-J47),CLRD,Ohio,5896,47.8
6880,2001,Chronic lower respiratory diseases (J40-J47),CLRD,Missouri,2882,47.8
6881,1999,"Accidents (unintentional injuries) (V01-X59,Y85-Y86)",Unintentional injuries,Tennessee,2677,47.8
6882,2017,Chronic lower respiratory diseases (J40-J47),CLRD,South Carolina,2983,47.9
6883,2015,"Accidents (unintentional injuries) (V01-X59,Y85-Y86)",Unintentional injuries,North Carolina,4991,47.9
6884,2012,Cerebrovascular diseases (I60-I69),Stroke,West Virginia,1140,47.9
6885,2010,"Accidents (unintentional injuries) (V01-X59,Y85-Y86)",Unintentional injuries,Missouri,2975,47.9
6886,2010,Cerebrovascular diseases (I60-I69),Stroke,South Carolina,2293,47.9
6887,2008,Cerebrovascular diseases (I60-I69),Stroke,Kentucky,2098,47.9
6888,2006,Chronic lower respiratory diseases (J40-J47),CLRD,Ohio,6054,47.9
6889,2005,"Accidents (unintentional injuries) (V01-X59,Y85-Y86)",Unintentional injuries,North Carolina,4123,47.9
6890,2003,Cerebrovascular diseases (I60-I69),Stroke,Minnesota,2550,47.9
6891,2003,Chronic lower respiratory diseases (J40-J47),CLRD,Idaho,601,47.9
6892,2003,Chronic lower respiratory diseases (J40-J47),CLRD,Missouri,2939,47.9
6893,2001,Chronic lower respiratory diseases (J40-J47),CLRD,Oregon,1726,47.9
6894,2009,"Accidents (unintentional injuries) (V01-X59,Y85-Y86)",Unintentional injuries,Louisiana,2142,48.0
6895,2009,"Accidents (unintentional injuries) (V01-X59,Y85-Y86)",Unintentional injuries,South Carolina,2229,48.0
6896,2007,Chronic lower respiratory diseases (J40-J47),CLRD,South Dakota,457,48.0
6897,2005,Cerebrovascular diseases (I60-I69),Stroke,Pennsylvania,7650,48.0
6898,2005,Cerebrovascular diseases (I60-I69),Stroke,United States,143579,48.0
6899,2005,Chronic lower respiratory diseases (J40-J47),CLRD,Arizona,2821,48.0
6900,2000,Chronic lower respiratory diseases (J40-J47),CLRD,Arkansas,1405,48.0
6901,1999,Chronic lower respiratory diseases (J40-J47),CLRD,North Carolina,3591,48.0
6902,2014,Chronic lower respiratory diseases (J40-J47),CLRD,Maine,896,48.1
6903,2013,Cerebrovascular diseases (I60-I69),Stroke,Alabama,2604,48.1
6904,2007,"Accidents (unintentional injuries) (V01-X59,Y85-Y86)",Unintentional injuries,Nevada,1212,48.1
6905,2006,Chronic lower respiratory diseases (J40-J47),CLRD,Arkansas,1498,48.1
6906,2006,Chronic lower respiratory diseases (J40-J47),CLRD,Tennessee,2980,48.1
6907,2005,Cerebrovascular diseases (I60-I69),Stroke,Washington,2895,48.1
6908,2005,Chronic lower respiratory diseases (J40-J47),CLRD,South Dakota,440,48.1
6909,2002,"Accidents (unintentional injuries) (V01-X59,Y85-Y86)",Unintentional injuries,Louisiana,2115,48.1
6910,2002,Chronic lower respiratory diseases (J40-J47),CLRD,Georgia,3163,48.1
6911,2002,Chronic lower respiratory diseases (J40-J47),CLRD,South Carolina,1889,48.1
6912,2001,Chronic lower respiratory diseases (J40-J47),CLRD,Washington,2634,48.1
6913,2014,"Accidents (unintentional injuries) (V01-X59,Y85-Y86)",Unintentional injuries,South Carolina,2436,48.2
6914,2014,Chronic lower respiratory diseases (J40-J47),CLRD,South Carolina,2715,48.2
6915,2011,"Accidents (unintentional injuries) (V01-X59,Y85-Y86)",Unintentional injuries,South Carolina,2285,48.2
6916,2009,"Accidents (unintentional injuries) (V01-X59,Y85-Y86)",Unintentional injuries,West Virginia,942,48.2
6917,2009,Chronic lower respiratory diseases (J40-J47),CLRD,Idaho,725,48.2
6918,2009,Chronic lower respiratory diseases (J40-J47),CLRD,South Carolina,2317,48.2
6919,2008,Chronic lower respiratory diseases (J40-J47),CLRD,Idaho,703,48.2
6920,2006,Cerebrovascular diseases (I60-I69),Stroke,Alaska,177,48.2
6921,2006,Cerebrovascular diseases (I60-I69),Stroke,Oregon,1978,48.2
6922,2005,Cerebrovascular diseases (I60-I69),Stroke,Nevada,945,48.2
6923,2005,Chronic lower respiratory diseases (J40-J47),CLRD,New Hampshire,630,48.2
6924,2003,Chronic lower respiratory diseases (J40-J47),CLRD,North Carolina,3887,48.2
6925,2001,Cerebrovascular diseases (I60-I69),Stroke,Florida,10414,48.2
6926,2001,Cerebrovascular diseases (I60-I69),Stroke,Rhode Island,614,48.2
6927,2016,Chronic lower respiratory diseases (J40-J47),CLRD,Kansas,1654,48.3
6928,2014,Cerebrovascular diseases (I60-I69),Stroke,Alabama,2663,48.3
6929,2012,"Accidents (unintentional injuries) (V01-X59,Y85-Y86)",Unintentional injuries,South Carolina,2336,48.3
6930,2012,Cerebrovascular diseases (I60-I69),Stroke,Mississippi,1502,48.3
6931,2009,Chronic lower respiratory diseases (J40-J47),CLRD,Nebraska,987,48.3
6932,2008,Cerebrovascular diseases (I60-I69),Stroke,West Virginia,1096,48.3
6933,2007,"Accidents (unintentional injuries) (V01-X59,Y85-Y86)",Unintentional injuries,North Carolina,4389,48.3
6934,2004,Chronic lower respiratory diseases (J40-J47),CLRD,Mississippi,1350,48.3
6935,2003,"Accidents (unintentional injuries) (V01-X59,Y85-Y86)",Unintentional injuries,Alabama,2179,48.3
6936,2001,Chronic lower respiratory diseases (J40-J47),CLRD,Alabama,2204,48.3
6937,2001,Chronic lower respiratory diseases (J40-J47),CLRD,Georgia,3097,48.3
6938,1999,"Accidents (unintentional injuries) (V01-X59,Y85-Y86)",Unintentional injuries,Idaho,597,48.3
6939,2015,"Accidents (unintentional injuries) (V01-X59,Y85-Y86)",Unintentional injuries,Vermont,346,48.4
6940,2011,Chronic lower respiratory diseases (J40-J47),CLRD,Maine,842,48.4
6941,2006,Chronic lower respiratory diseases (J40-J47),CLRD,Mississippi,1378,48.4
6942,2005,Cerebrovascular diseases (I60-I69),Stroke,Nebraska,986,48.4
6943,2005,Chronic lower respiratory diseases (J40-J47),CLRD,Georgia,3411,48.4
6944,2002,Chronic lower respiratory diseases (J40-J47),CLRD,Arizona,2575,48.4
6945,2017,Chronic lower respiratory diseases (J40-J47),CLRD,Ohio,7312,48.5
6946,2008,Chronic lower respiratory diseases (J40-J47),CLRD,South Carolina,2266,48.5
6947,2006,Cerebrovascular diseases (I60-I69),Stroke,West Virginia,1072,48.5
6948,2004,Cerebrovascular diseases (I60-I69),Stroke,Nebraska,978,48.5
6949,2003,Chronic lower respiratory diseases (J40-J47),CLRD,Ohio,5927,48.5
6950,2003,Chronic lower respiratory diseases (J40-J47),CLRD,Oregon,1819,48.5
6951,2002,Chronic lower respiratory diseases (J40-J47),CLRD,Arkansas,1441,48.5
6952,2001,"Accidents (unintentional injuries) (V01-X59,Y85-Y86)",Unintentional injuries,Oklahoma,1700,48.5
6953,2001,Chronic lower respiratory diseases (J40-J47),CLRD,Vermont,305,48.5
6954,2000,"Accidents (unintentional injuries) (V01-X59,Y85-Y86)",Unintentional injuries,Tennessee,2743,48.5
6955,2016,Chronic lower respiratory diseases (J40-J47),CLRD,Iowa,2006,48.6
6956,2013,"Accidents (unintentional injuries) (V01-X59,Y85-Y86)",Unintentional injuries,Arizona,3349,48.6
6957,2012,Chronic lower respiratory diseases (J40-J47),CLRD,Montana,605,48.6
6958,2009,Chronic lower respiratory diseases (J40-J47),CLRD,Maine,821,48.6
6959,2008,Cerebrovascular diseases (I60-I69),Stroke,Kansas,1574,48.6
6960,2008,Cerebrovascular diseases (I60-I69),Stroke,Louisiana,2084,48.6
6961,2007,Chronic lower respiratory diseases (J40-J47),CLRD,Kansas,1476,48.6
6962,2005,Cerebrovascular diseases (I60-I69),Stroke,Montana,522,48.6
6963,2004,Cerebrovascular diseases (I60-I69),Stroke,Utah,790,48.6
6964,2002,"Accidents (unintentional injuries) (V01-X59,Y85-Y86)",Unintentional injuries,Arizona,2577,48.6
6965,2002,Chronic lower respiratory diseases (J40-J47),CLRD,Washington,2721,48.6
6966,2001,Chronic lower respiratory diseases (J40-J47),CLRD,Idaho,581,48.6
6967,1999,Chronic lower respiratory diseases (J40-J47),CLRD,Alabama,2179,48.6
6968,2017,Chronic lower respiratory diseases (J40-J47),CLRD,Maine,982,48.7
6969,2014,"Accidents (unintentional injuries) (V01-X59,Y85-Y86)",Unintentional injuries,Missouri,3110,48.7
6970,2010,Cerebrovascular diseases (I60-I69),Stroke,Tennessee,3205,48.7
6971,2009,Cerebrovascular diseases (I60-I69),Stroke,Tennessee,3156,48.7
6972,2009,Chronic lower respiratory diseases (J40-J47),CLRD,Iowa,1832,48.7
6973,2007,Chronic lower respiratory diseases (J40-J47),CLRD,Mississippi,1408,48.7
6974,2005,"Accidents (unintentional injuries) (V01-X59,Y85-Y86)",Unintentional injuries,South Dakota,402,48.7
6975,2005,Chronic lower respiratory diseases (J40-J47),CLRD,Nebraska,949,48.7
6976,2004,Cerebrovascular diseases (I60-I69),Stroke,South Dakota,469,48.7
6977,2003,Chronic lower respiratory diseases (J40-J47),CLRD,Georgia,3254,48.7
6978,2002,"Accidents (unintentional injuries) (V01-X59,Y85-Y86)",Unintentional injuries,South Carolina,1972,48.7
6979,2002,Chronic lower respiratory diseases (J40-J47),CLRD,Idaho,595,48.7
6980,2000,Chronic lower respiratory diseases (J40-J47),CLRD,Georgia,3067,48.7
6981,1999,Chronic lower respiratory diseases (J40-J47),CLRD,Kansas,1386,48.7
6982,2014,Cerebrovascular diseases (I60-I69),Stroke,Mississippi,1584,48.8
6983,2010,Chronic lower respiratory diseases (J40-J47),CLRD,Nebraska,1008,48.8
6984,2009,Cerebrovascular diseases (I60-I69),Stroke,Mississippi,1436,48.8
6985,2008,Chronic lower respiratory diseases (J40-J47),CLRD,New Hampshire,688,48.8
6986,2007,"Accidents (unintentional injuries) (V01-X59,Y85-Y86)",Unintentional injuries,Missouri,2975,48.8
6987,2000,Chronic lower respiratory diseases (J40-J47),CLRD,Idaho,569,48.8
6988,2016,Chronic lower respiratory diseases (J40-J47),CLRD,Nebraska,1117,48.9
6989,2016,Chronic lower respiratory diseases (J40-J47),CLRD,Wyoming,327,48.9
6990,2012,Chronic lower respiratory diseases (J40-J47),CLRD,Nebraska,1052,48.9
6991,2010,"Accidents (unintentional injuries) (V01-X59,Y85-Y86)",Unintentional injuries,South Carolina,2274,48.9
6992,2008,"Accidents (unintentional injuries) (V01-X59,Y85-Y86)",Unintentional injuries,Missouri,2997,48.9
6993,2008,Chronic lower respiratory diseases (J40-J47),CLRD,Delaware,472,48.9
6994,2007,Chronic lower respiratory diseases (J40-J47),CLRD,Nevada,1050,48.9
6995,2005,Cerebrovascular diseases (I60-I69),Stroke,Michigan,5057,48.9
6996,2000,Chronic lower respiratory diseases (J40-J47),CLRD,North Carolina,3699,48.9
6997,2009,"Accidents (unintentional injuries) (V01-X59,Y85-Y86)",Unintentional injuries,Alabama,2351,49.0
6998,2005,Cerebrovascular diseases (I60-I69),Stroke,California,15585,49.0
6999,2005,Cerebrovascular diseases (I60-I69),Stroke,Illinois,6252,49.0
7000,2001,"Accidents (unintentional injuries) (V01-X59,Y85-Y86)",Unintentional injuries,South Carolina,1960,49.0
7001,2001,Cerebrovascular diseases (I60-I69),Stroke,Arizona,2480,49.0
7002,2000,Cerebrovascular diseases (I60-I69),Stroke,New Jersey,4316,49.0
7003,2015,Chronic lower respiratory diseases (J40-J47),CLRD,Iowa,2011,49.1
7004,2013,Chronic lower respiratory diseases (J40-J47),CLRD,Maine,902,49.1
7005,2012,Cerebrovascular diseases (I60-I69),Stroke,Arkansas,1664,49.1
7006,2006,Chronic lower respiratory diseases (J40-J47),CLRD,Maine,783,49.1
7007,2002,Cerebrovascular diseases (I60-I69),Stroke,Arizona,2535,49.1
7008,2002,Chronic lower respiratory diseases (J40-J47),CLRD,Nebraska,934,49.1
7009,2001,"Accidents (unintentional injuries) (V01-X59,Y85-Y86)",Unintentional injuries,Kentucky,1990,49.1
7010,2001,Chronic lower respiratory diseases (J40-J47),CLRD,Mississippi,1333,49.1
7011,2000,Chronic lower respiratory diseases (J40-J47),CLRD,Kansas,1411,49.1
7012,1999,Chronic lower respiratory diseases (J40-J47),CLRD,Georgia,3056,49.1
7013,2015,"Accidents (unintentional injuries) (V01-X59,Y85-Y86)",Unintentional injuries,Arizona,3539,49.2
7014,2014,"Accidents (unintentional injuries) (V01-X59,Y85-Y86)",Unintentional injuries,Rhode Island,592,49.2
7015,2014,"Accidents (unintentional injuries) (V01-X59,Y85-Y86)",Unintentional injuries,South Dakota,462,49.2
7016,2014,Chronic lower respiratory diseases (J40-J47),CLRD,Kansas,1673,49.2
7017,2008,Cerebrovascular diseases (I60-I69),Stroke,Missouri,3261,49.2
7018,2008,Cerebrovascular diseases (I60-I69),Stroke,Texas,9629,49.2
7019,2005,Cerebrovascular diseases (I60-I69),Stroke,Iowa,1902,49.2
7020,2005,Chronic lower respiratory diseases (J40-J47),CLRD,Missouri,3085,49.2
7021,2005,Chronic lower respiratory diseases (J40-J47),CLRD,North Carolina,4149,49.2
7022,2002,Cerebrovascular diseases (I60-I69),Stroke,Massachusetts,3559,49.2
7023,1999,"Accidents (unintentional injuries) (V01-X59,Y85-Y86)",Unintentional injuries,South Carolina,1901,49.2
7024,1999,Chronic lower respiratory diseases (J40-J47),CLRD,Vermont,300,49.2
7025,2015,"Accidents (unintentional injuries) (V01-X59,Y85-Y86)",Unintentional injuries,Wisconsin,3206,49.3
7026,2014,"Accidents (unintentional injuries) (V01-X59,Y85-Y86)",Unintentional injuries,Alabama,2463,49.3
7027,2009,Chronic lower respiratory diseases (J40-J47),CLRD,Vermont,364,49.3
7028,2008,Chronic lower respiratory diseases (J40-J47),CLRD,North Carolina,4572,49.3
7029,2007,Chronic lower respiratory diseases (J40-J47),CLRD,Indiana,3227,49.3
7030,2006,Chronic lower respiratory diseases (J40-J47),CLRD,Colorado,1932,49.3
7031,2004,"Accidents (unintentional injuries) (V01-X59,Y85-Y86)",Unintentional injuries,Arizona,2770,49.3
7032,2001,Cerebrovascular diseases (I60-I69),Stroke,Massachusetts,3535,49.3
7033,2001,Chronic lower respiratory diseases (J40-J47),CLRD,Ohio,5881,49.3
7034,2000,Chronic lower respiratory diseases (J40-J47),CLRD,Arizona,2508,49.3
7035,2000,Chronic lower respiratory diseases (J40-J47),CLRD,Washington,2644,49.3
7036,1999,Chronic lower respiratory diseases (J40-J47),CLRD,Oklahoma,1751,49.3
7037,2017,"Accidents (unintentional injuries) (V01-X59,Y85-Y86)",Unintentional injuries,United States,169936,49.4
7038,2017,"Accidents (unintentional injuries) (V01-X59,Y85-Y86)",Unintentional injuries,Kansas,1567,49.4
7039,2011,Cerebrovascular diseases (I60-I69),Stroke,Alabama,2568,49.4
7040,2010,"Accidents (unintentional injuries) (V01-X59,Y85-Y86)",Unintentional injuries,Arkansas,1461,49.4
7041,2008,Chronic lower respiratory diseases (J40-J47),CLRD,Iowa,1848,49.4
7042,2007,Cerebrovascular diseases (I60-I69),Stroke,Missouri,3229,49.4
7043,2007,Chronic lower respiratory diseases (J40-J47),CLRD,Colorado,2002,49.4
7044,2006,"Accidents (unintentional injuries) (V01-X59,Y85-Y86)",Unintentional injuries,Arkansas,1415,49.4
7045,2000,Chronic lower respiratory diseases (J40-J47),CLRD,New Hampshire,581,49.4
7046,1999,Cerebrovascular diseases (I60-I69),Stroke,Delaware,365,49.4
7047,2016,"Accidents (unintentional injuries) (V01-X59,Y85-Y86)",Unintentional injuries,Idaho,849,49.5
7048,2015,"Accidents (unintentional injuries) (V01-X59,Y85-Y86)",Unintentional injuries,South Dakota,469,49.5
7049,2012,Cerebrovascular diseases (I60-I69),Stroke,Alabama,2628,49.5
7050,2010,Chronic lower respiratory diseases (J40-J47),CLRD,Nevada,1186,49.5
7051,2008,Cerebrovascular diseases (I60-I69),Stroke,Georgia,3805,49.5
7052,2003,Chronic lower respiratory diseases (J40-J47),CLRD,Kansas,1443,49.5
7053,2001,"Accidents (unintentional injuries) (V01-X59,Y85-Y86)",Unintentional injuries,Alabama,2211,49.5
7054,1999,Chronic lower respiratory diseases (J40-J47),CLRD,Idaho,568,49.5
7055,2017,Alzheimer's disease (G30),Alzheimer's disease,Mississippi,1626,49.6
7056,2015,"Accidents (unintentional injuries) (V01-X59,Y85-Y86)",Unintentional injuries,Arkansas,1538,49.6
7057,2015,Chronic lower respiratory diseases (J40-J47),CLRD,Ohio,7211,49.6
7058,2013,"Accidents (unintentional injuries) (V01-X59,Y85-Y86)",Unintentional injuries,Vermont,352,49.6
7059,2010,"Accidents (unintentional injuries) (V01-X59,Y85-Y86)",Unintentional injuries,Alabama,2394,49.6
7060,2006,Cerebrovascular diseases (I60-I69),Stroke,North Dakota,428,49.6
7061,2005,"Accidents (unintentional injuries) (V01-X59,Y85-Y86)",Unintentional injuries,West Virginia,940,49.6
7062,2004,Cerebrovascular diseases (I60-I69),Stroke,Pennsylvania,7792,49.6
7063,2002,"Accidents (unintentional injuries) (V01-X59,Y85-Y86)",Unintentional injuries,Alabama,2228,49.6
7064,2000,Cerebrovascular diseases (I60-I69),Stroke,Florida,10532,49.6
7065,2015,"Accidents (unintentional injuries) (V01-X59,Y85-Y86)",Unintentional injuries,Colorado,2725,49.7
7066,2015,Chronic lower respiratory diseases (J40-J47),CLRD,Kansas,1704,49.7
7067,2013,Chronic lower respiratory diseases (J40-J47),CLRD,Ohio,7007,49.7
7068,2010,Chronic lower respiratory diseases (J40-J47),CLRD,Colorado,2199,49.7
7069,2009,Chronic lower respiratory diseases (J40-J47),CLRD,Alaska,196,49.7
7070,2008,Chronic lower respiratory diseases (J40-J47),CLRD,New Mexico,1001,49.7
7071,2007,Cerebrovascular diseases (I60-I69),Stroke,West Virginia,1113,49.7
7072,2004,Chronic lower respiratory diseases (J40-J47),CLRD,Maine,766,49.7
7073,2002,Cerebrovascular diseases (I60-I69),Stroke,District of Columbia,279,49.7
7074,2002,Chronic lower respiratory diseases (J40-J47),CLRD,New Mexico,857,49.7
7075,2017,"Accidents (unintentional injuries) (V01-X59,Y85-Y86)",Unintentional injuries,Idaho,876,49.8
7076,2014,"Accidents (unintentional injuries) (V01-X59,Y85-Y86)",Unintentional injuries,Louisiana,2344,49.8
7077,2011,Chronic lower respiratory diseases (J40-J47),CLRD,Nevada,1243,49.8
7078,2007,Cerebrovascular diseases (I60-I69),Stroke,Kentucky,2144,49.8
7079,2003,"Accidents (unintentional injuries) (V01-X59,Y85-Y86)",Unintentional injuries,Arizona,2697,49.8
7080,2003,"Accidents (unintentional injuries) (V01-X59,Y85-Y86)",Unintentional injuries,Louisiana,2208,49.8
7081,2015,Chronic lower respiratory diseases (J40-J47),CLRD,South Carolina,2908,49.9
7082,2006,Cerebrovascular diseases (I60-I69),Stroke,Indiana,3238,49.9
7083,2006,Chronic lower respiratory diseases (J40-J47),CLRD,Kansas,1501,49.9
7084,2003,"Accidents (unintentional injuries) (V01-X59,Y85-Y86)",Unintentional injuries,Oklahoma,1748,49.9
7085,2003,Cerebrovascular diseases (I60-I69),Stroke,Delaware,407,49.9
7086,2001,Chronic lower respiratory diseases (J40-J47),CLRD,Alaska,147,49.9
7087,1999,Chronic lower respiratory diseases (J40-J47),CLRD,Ohio,5858,49.9
7088,1999,Chronic lower respiratory diseases (J40-J47),CLRD,Tennessee,2748,49.9
7089,2017,Cerebrovascular diseases (I60-I69),Stroke,Alabama,2931,50.0
7090,2017,Chronic lower respiratory diseases (J40-J47),CLRD,Nevada,1633,50.0
7091,2012,"Accidents (unintentional injuries) (V01-X59,Y85-Y86)",Unintentional injuries,Arkansas,1521,50.0
7092,2010,Cerebrovascular diseases (I60-I69),Stroke,Oklahoma,1980,50.0
7093,2010,Chronic lower respiratory diseases (J40-J47),CLRD,Kansas,1580,50.0
7094,2007,Chronic lower respiratory diseases (J40-J47),CLRD,Tennessee,3167,50.0
7095,2004,Cerebrovascular diseases (I60-I69),Stroke,Wisconsin,3071,50.0
7096,2000,"Accidents (unintentional injuries) (V01-X59,Y85-Y86)",Unintentional injuries,South Carolina,1974,50.0
7097,1999,Cerebrovascular diseases (I60-I69),Stroke,Connecticut,1933,50.0
7098,2009,Cerebrovascular diseases (I60-I69),Stroke,Oklahoma,1961,50.1
7099,2006,"Accidents (unintentional injuries) (V01-X59,Y85-Y86)",Unintentional injuries,Missouri,3009,50.1
7100,2006,Cerebrovascular diseases (I60-I69),Stroke,Virginia,3523,50.1
7101,2005,Chronic lower respiratory diseases (J40-J47),CLRD,Alabama,2382,50.1
7102,2004,"Accidents (unintentional injuries) (V01-X59,Y85-Y86)",Unintentional injuries,South Carolina,2094,50.1
7103,2003,Chronic lower respiratory diseases (J40-J47),CLRD,Arkansas,1500,50.1
7104,2001,"Accidents (unintentional injuries) (V01-X59,Y85-Y86)",Unintentional injuries,Montana,468,50.1
7105,2001,Cerebrovascular diseases (I60-I69),Stroke,Connecticut,2003,50.1
7106,2001,Cerebrovascular diseases (I60-I69),Stroke,Delaware,383,50.1
7107,2001,Cerebrovascular diseases (I60-I69),Stroke,New Mexico,824,50.1
7108,2001,Chronic lower respiratory diseases (J40-J47),CLRD,Kansas,1444,50.1
7109,2017,"Accidents (unintentional injuries) (V01-X59,Y85-Y86)",Unintentional injuries,Montana,579,50.2
7110,2015,Chronic lower respiratory diseases (J40-J47),CLRD,Montana,679,50.2
7111,2011,"Accidents (unintentional injuries) (V01-X59,Y85-Y86)",Unintentional injuries,Arkansas,1510,50.2
7112,2009,"Accidents (unintentional injuries) (V01-X59,Y85-Y86)",Unintentional injuries,Arkansas,1473,50.2
7113,2005,Cerebrovascular diseases (I60-I69),Stroke,Ohio,6279,50.2
7114,2004,Chronic lower respiratory diseases (J40-J47),CLRD,Alabama,2361,50.2
7115,2002,Chronic lower respiratory diseases (J40-J47),CLRD,Ohio,6063,50.2
7116,2002,Chronic lower respiratory diseases (J40-J47),CLRD,Oregon,1845,50.2
7117,2016,"Accidents (unintentional injuries) (V01-X59,Y85-Y86)",Unintentional injuries,Connecticut,1978,50.3
7118,2014,Chronic lower respiratory diseases (J40-J47),CLRD,Montana,668,50.3
7119,2013,Chronic lower respiratory diseases (J40-J47),CLRD,Kansas,1673,50.3
7120,2006,Chronic lower respiratory diseases (J40-J47),CLRD,Nevada,1066,50.3
7121,2005,Cerebrovascular diseases (I60-I69),Stroke,Kansas,1571,50.3
7122,2002,Chronic lower respiratory diseases (J40-J47),CLRD,Mississippi,1378,50.3
7123,1999,"Accidents (unintentional injuries) (V01-X59,Y85-Y86)",Unintentional injuries,Montana,461,50.3
7124,2009,Chronic lower respiratory diseases (J40-J47),CLRD,Ohio,6642,50.4
7125,2008,"Accidents (unintentional injuries) (V01-X59,Y85-Y86)",Unintentional injuries,South Carolina,2285,50.4
7126,2007,Chronic lower respiratory diseases (J40-J47),CLRD,Ohio,6454,50.4
7127,2006,Cerebrovascular diseases (I60-I69),Stroke,Texas,9366,50.4
7128,2004,Chronic lower respiratory diseases (J40-J47),CLRD,Indiana,3145,50.4
7129,2003,Cerebrovascular diseases (I60-I69),Stroke,South Dakota,476,50.4
7130,1999,Cerebrovascular diseases (I60-I69),Stroke,Massachusetts,3548,50.4
7131,1999,Cerebrovascular diseases (I60-I69),Stroke,Rhode Island,633,50.4
7132,1999,Chronic lower respiratory diseases (J40-J47),CLRD,Oregon,1765,50.4
7133,2016,"Accidents (unintentional injuries) (V01-X59,Y85-Y86)",Unintentional injuries,Michigan,5313,50.5
7134,2014,"Accidents (unintentional injuries) (V01-X59,Y85-Y86)",Unintentional injuries,New Hampshire,716,50.5
7135,2013,"Accidents (unintentional injuries) (V01-X59,Y85-Y86)",Unintentional injuries,Louisiana,2333,50.5
7136,2011,"Accidents (unintentional injuries) (V01-X59,Y85-Y86)",Unintentional injuries,Missouri,3169,50.5
7137,2011,Chronic lower respiratory diseases (J40-J47),CLRD,Missouri,3492,50.5
7138,2011,Chronic lower respiratory diseases (J40-J47),CLRD,Nebraska,1068,50.5
7139,2010,Chronic lower respiratory diseases (J40-J47),CLRD,Ohio,6717,50.5
7140,2006,Cerebrovascular diseases (I60-I69),Stroke,Missouri,3247,50.5
7141,2004,Cerebrovascular diseases (I60-I69),Stroke,Iowa,1960,50.5
7142,2003,"Accidents (unintentional injuries) (V01-X59,Y85-Y86)",Unintentional injuries,South Dakota,406,50.5
7143,2000,Chronic lower respiratory diseases (J40-J47),CLRD,Vermont,312,50.5
7144,1999,Cerebrovascular diseases (I60-I69),Stroke,Florida,10560,50.5
7145,2016,Cerebrovascular diseases (I60-I69),Stroke,Mississippi,1705,50.6
7146,2014,Chronic lower respiratory diseases (J40-J47),CLRD,Nebraska,1123,50.6
7147,2011,Cerebrovascular diseases (I60-I69),Stroke,Arkansas,1692,50.6
7148,2011,Cerebrovascular diseases (I60-I69),Stroke,Mississippi,1526,50.6
7149,2009,"Accidents (unintentional injuries) (V01-X59,Y85-Y86)",Unintentional injuries,Tennessee,3231,50.6
7150,2009,Chronic lower respiratory diseases (J40-J47),CLRD,Kansas,1580,50.6
7151,2008,"Accidents (unintentional injuries) (V01-X59,Y85-Y86)",Unintentional injuries,Arkansas,1477,50.6
7152,2004,"Accidents (unintentional injuries) (V01-X59,Y85-Y86)",Unintentional injuries,Arkansas,1406,50.6
7153,2000,Cerebrovascular diseases (I60-I69),Stroke,New Mexico,813,50.6
7154,2000,Chronic lower respiratory diseases (J40-J47),CLRD,Ohio,5983,50.6
7155,1999,Chronic lower respiratory diseases (J40-J47),CLRD,Nebraska,945,50.6
7156,2017,Chronic lower respiratory diseases (J40-J47),CLRD,Missouri,3940,50.7
7157,2013,Chronic lower respiratory diseases (J40-J47),CLRD,Montana,647,50.7
7158,2008,Chronic lower respiratory diseases (J40-J47),CLRD,South Dakota,491,50.7
7159,2004,Chronic lower respiratory diseases (J40-J47),CLRD,Tennessee,2987,50.7
7160,2003,Chronic lower respiratory diseases (J40-J47),CLRD,Mississippi,1394,50.7
7161,2002,Chronic lower respiratory diseases (J40-J47),CLRD,Alabama,2328,50.7
7162,2014,"Accidents (unintentional injuries) (V01-X59,Y85-Y86)",Unintentional injuries,Ohio,6178,50.8
7163,2013,Chronic lower respiratory diseases (J40-J47),CLRD,South Carolina,2756,50.8
7164,2008,Cerebrovascular diseases (I60-I69),Stroke,North Carolina,4637,50.8
7165,2005,"Accidents (unintentional injuries) (V01-X59,Y85-Y86)",Unintentional injuries,Alaska,313,50.8
7166,2000,"Accidents (unintentional injuries) (V01-X59,Y85-Y86)",Unintentional injuries,Wyoming,245,50.8
7167,2015,"Accidents (unintentional injuries) (V01-X59,Y85-Y86)",Unintentional injuries,Alabama,2552,50.9
7168,2015,"Accidents (unintentional injuries) (V01-X59,Y85-Y86)",Unintentional injuries,Missouri,3309,50.9
7169,2005,Chronic lower respiratory diseases (J40-J47),CLRD,Colorado,1914,50.9
7170,2004,"Accidents (unintentional injuries) (V01-X59,Y85-Y86)",Unintentional injuries,South Dakota,416,50.9
7171,2002,"Accidents (unintentional injuries) (V01-X59,Y85-Y86)",Unintentional injuries,West Virginia,956,50.9
7172,2001,Cerebrovascular diseases (I60-I69),Stroke,Vermont,323,50.9
7173,2006,Chronic lower respiratory diseases (J40-J47),CLRD,Indiana,3291,51.0
7174,2004,Cerebrovascular diseases (I60-I69),Stroke,Hawaii,714,51.0
7175,1999,Chronic lower respiratory diseases (J40-J47),CLRD,New Hampshire,592,51.0
7176,2017,Cerebrovascular diseases (I60-I69),Stroke,Mississippi,1723,51.1
7177,2012,"Accidents (unintentional injuries) (V01-X59,Y85-Y86)",Unintentional injuries,Louisiana,2362,51.1
7178,2007,Cerebrovascular diseases (I60-I69),Stroke,North Carolina,4530,51.1
7179,2005,Chronic lower respiratory diseases (J40-J47),CLRD,Arkansas,1559,51.1
7180,2016,"Accidents (unintentional injuries) (V01-X59,Y85-Y86)",Unintentional injuries,Colorado,2880,51.2
7181,2012,Chronic lower respiratory diseases (J40-J47),CLRD,Ohio,7070,51.2
7182,2010,Cerebrovascular diseases (I60-I69),Stroke,Mississippi,1520,51.2
7183,2004,Cerebrovascular diseases (I60-I69),Stroke,United States,150074,51.2
7184,2000,Chronic lower respiratory diseases (J40-J47),CLRD,Indiana,3052,51.2
7185,1999,Chronic lower respiratory diseases (J40-J47),CLRD,Arizona,2553,51.2
7186,1999,Chronic lower respiratory diseases (J40-J47),CLRD,Washington,2713,51.2
7187,2011,Chronic lower respiratory diseases (J40-J47),CLRD,Kansas,1647,51.3
7188,2010,Chronic lower respiratory diseases (J40-J47),CLRD,Montana,602,51.3
7189,2009,Cerebrovascular diseases (I60-I69),Stroke,South Carolina,2400,51.3
7190,2007,Cerebrovascular diseases (I60-I69),Stroke,Louisiana,2147,51.3
7191,2007,Chronic lower respiratory diseases (J40-J47),CLRD,Alabama,2530,51.3
7192,2003,Chronic lower respiratory diseases (J40-J47),CLRD,Maine,782,51.3
7193,2002,"Accidents (unintentional injuries) (V01-X59,Y85-Y86)",Unintentional injuries,Kentucky,2090,51.3
7194,2002,Cerebrovascular diseases (I60-I69),Stroke,New Hampshire,627,51.3
7195,2014,Chronic lower respiratory diseases (J40-J47),CLRD,Missouri,3762,51.4
7196,2004,"Accidents (unintentional injuries) (V01-X59,Y85-Y86)",Unintentional injuries,Louisiana,2300,51.4
7197,2002,Cerebrovascular diseases (I60-I69),Stroke,Delaware,405,51.4
7198,2001,Chronic lower respiratory diseases (J40-J47),CLRD,New Hampshire,616,51.4
7199,2000,Cerebrovascular diseases (I60-I69),Stroke,Connecticut,2011,51.4
7200,2017,"Accidents (unintentional injuries) (V01-X59,Y85-Y86)",Unintentional injuries,Massachusetts,3821,51.5
7201,2011,Chronic lower respiratory diseases (J40-J47),CLRD,Idaho,824,51.5
7202,2008,"Accidents (unintentional injuries) (V01-X59,Y85-Y86)",Unintentional injuries,Tennessee,3250,51.5
7203,2007,Cerebrovascular diseases (I60-I69),Stroke,Texas,9796,51.5
7204,2004,Cerebrovascular diseases (I60-I69),Stroke,Illinois,6489,51.5
7205,2004,Cerebrovascular diseases (I60-I69),Stroke,Maine,801,51.5
7206,2003,Cerebrovascular diseases (I60-I69),Stroke,Colorado,1813,51.5
7207,2002,Chronic lower respiratory diseases (J40-J47),CLRD,Indiana,3138,51.5
7208,2000,Cerebrovascular diseases (I60-I69),Stroke,Massachusetts,3669,51.5
7209,2016,"Accidents (unintentional injuries) (V01-X59,Y85-Y86)",Unintentional injuries,Indiana,3496,51.6
7210,2016,Cerebrovascular diseases (I60-I69),Stroke,Alabama,2967,51.6
7211,2010,Cerebrovascular diseases (I60-I69),Stroke,Alabama,2619,51.6
7212,2009,Chronic lower respiratory diseases (J40-J47),CLRD,Montana,598,51.6
7213,2008,Chronic lower respiratory diseases (J40-J47),CLRD,Mississippi,1520,51.6
7214,2008,Chronic lower respiratory diseases (J40-J47),CLRD,Nebraska,1047,51.6
7215,1999,Chronic lower respiratory diseases (J40-J47),CLRD,Indiana,3053,51.6
7216,2017,Chronic lower respiratory diseases (J40-J47),CLRD,Kansas,1832,51.7
7217,2012,Chronic lower respiratory diseases (J40-J47),CLRD,Missouri,3650,51.7
7218,2011,Chronic lower respiratory diseases (J40-J47),CLRD,Ohio,6996,51.7
7219,2002,Cerebrovascular diseases (I60-I69),Stroke,Minnesota,2706,51.7
7220,1999,Chronic lower respiratory diseases (J40-J47),CLRD,Missouri,3068,51.7
7221,2017,"Accidents (unintentional injuries) (V01-X59,Y85-Y86)",Unintentional injuries,Arkansas,1625,51.8
7222,2016,"Accidents (unintentional injuries) (V01-X59,Y85-Y86)",Unintentional injuries,Arkansas,1604,51.8
7223,2012,Chronic lower respiratory diseases (J40-J47),CLRD,Kansas,1687,51.8
7224,2012,Chronic lower respiratory diseases (J40-J47),CLRD,Tennessee,3695,51.8
7225,2004,Chronic lower respiratory diseases (J40-J47),CLRD,Colorado,1899,51.8
7226,2003,"Accidents (unintentional injuries) (V01-X59,Y85-Y86)",Unintentional injuries,Tennessee,3004,51.8
7227,2016,Chronic lower respiratory diseases (J40-J47),CLRD,Montana,722,51.9
7228,2009,Chronic lower respiratory diseases (J40-J47),CLRD,Missouri,3456,51.9
7229,2007,"Accidents (unintentional injuries) (V01-X59,Y85-Y86)",Unintentional injuries,Arizona,3161,51.9
7230,2006,Cerebrovascular diseases (I60-I69),Stroke,Kentucky,2197,51.9
7231,2005,"Accidents (unintentional injuries) (V01-X59,Y85-Y86)",Unintentional injuries,Alabama,2395,51.9
7232,2005,Cerebrovascular diseases (I60-I69),Stroke,Indiana,3296,51.9
7233,2015,"Accidents (unintentional injuries) (V01-X59,Y85-Y86)",Unintentional injuries,Pennsylvania,7324,52.0
7234,2012,Chronic lower respiratory diseases (J40-J47),CLRD,Nevada,1370,52.0
7235,2007,Cerebrovascular diseases (I60-I69),Stroke,Georgia,3894,52.0
7236,2005,Chronic lower respiratory diseases (J40-J47),CLRD,Mississippi,1473,52.0
7237,2004,Cerebrovascular diseases (I60-I69),Stroke,Michigan,5290,52.0
7238,2002,Cerebrovascular diseases (I60-I69),Stroke,Vermont,335,52.0
7239,2016,Chronic lower respiratory diseases (J40-J47),CLRD,Missouri,3961,52.1
7240,2001,Chronic lower respiratory diseases (J40-J47),CLRD,Indiana,3136,52.1
7241,2000,Chronic lower respiratory diseases (J40-J47),CLRD,Tennessee,2887,52.1
7242,2016,"Accidents (unintentional injuries) (V01-X59,Y85-Y86)",Unintentional injuries,North Carolina,5476,52.2
7243,2015,Cerebrovascular diseases (I60-I69),Stroke,Alabama,2937,52.2
7244,2015,Chronic lower respiratory diseases (J40-J47),CLRD,Nebraska,1174,52.2
7245,2014,Chronic lower respiratory diseases (J40-J47),CLRD,Mississippi,1738,52.2
7246,2004,Cerebrovascular diseases (I60-I69),Stroke,Kansas,1611,52.2
7247,2003,Cerebrovascular diseases (I60-I69),Stroke,Maine,802,52.2
7248,2001,Chronic lower respiratory diseases (J40-J47),CLRD,Tennessee,2941,52.2
7249,1999,"Accidents (unintentional injuries) (V01-X59,Y85-Y86)",Unintentional injuries,Alabama,2313,52.2
7250,2006,"Accidents (unintentional injuries) (V01-X59,Y85-Y86)",Unintentional injuries,Alaska,316,52.3
7251,2016,"Accidents (unintentional injuries) (V01-X59,Y85-Y86)",Unintentional injuries,Delaware,516,52.4
7252,2007,"Accidents (unintentional injuries) (V01-X59,Y85-Y86)",Unintentional injuries,Tennessee,3257,52.4
7253,2005,Cerebrovascular diseases (I60-I69),Stroke,Texas,9366,52.4
7254,2003,Chronic lower respiratory diseases (J40-J47),CLRD,Alabama,2434,52.4
7255,2014,Chronic lower respiratory diseases (J40-J47),CLRD,Tennessee,3969,52.5
7256,2013,"Accidents (unintentional injuries) (V01-X59,Y85-Y86)",Unintentional injuries,Alaska,353,52.5
7257,2008,"Accidents (unintentional injuries) (V01-X59,Y85-Y86)",Unintentional injuries,Alabama,2509,52.5
7258,2008,Chronic lower respiratory diseases (J40-J47),CLRD,Colorado,2188,52.5
7259,2005,Cerebrovascular diseases (I60-I69),Stroke,Kentucky,2168,52.5
7260,1999,Cerebrovascular diseases (I60-I69),Stroke,New Mexico,817,52.5
7261,2017,Chronic lower respiratory diseases (J40-J47),CLRD,Nebraska,1224,52.6
7262,2015,Cerebrovascular diseases (I60-I69),Stroke,Mississippi,1734,52.6
7263,2014,"Accidents (unintentional injuries) (V01-X59,Y85-Y86)",Unintentional injuries,Montana,581,52.6
7264,2010,Chronic lower respiratory diseases (J40-J47),CLRD,Missouri,3557,52.6
7265,2008,Cerebrovascular diseases (I60-I69),Stroke,South Carolina,2394,52.6
7266,2007,Chronic lower respiratory diseases (J40-J47),CLRD,Arkansas,1656,52.6
7267,2005,"Accidents (unintentional injuries) (V01-X59,Y85-Y86)",Unintentional injuries,Tennessee,3147,52.6
7268,1999,Chronic lower respiratory diseases (J40-J47),CLRD,Maine,751,52.6
7269,2013,"Accidents (unintentional injuries) (V01-X59,Y85-Y86)",Unintentional injuries,Tennessee,3540,52.7
7270,2011,Chronic lower respiratory diseases (J40-J47),CLRD,Tennessee,3658,52.7
7271,2010,Chronic lower respiratory diseases (J40-J47),CLRD,Tennessee,3551,52.7
7272,2009,Chronic lower respiratory diseases (J40-J47),CLRD,Mississippi,1556,52.7
7273,2006,Cerebrovascular diseases (I60-I69),Stroke,Idaho,725,52.7
7274,2005,Cerebrovascular diseases (I60-I69),Stroke,South Dakota,511,52.7
7275,2005,Chronic lower respiratory diseases (J40-J47),CLRD,Kansas,1567,52.7
7276,2002,Chronic lower respiratory diseases (J40-J47),CLRD,Tennessee,3011,52.7
7277,2016,"Accidents (unintentional injuries) (V01-X59,Y85-Y86)",Unintentional injuries,Massachusetts,3831,52.8
7278,2015,Chronic lower respiratory diseases (J40-J47),CLRD,Missouri,3935,52.8
7279,2012,"Accidents (unintentional injuries) (V01-X59,Y85-Y86)",Unintentional injuries,Montana,572,52.8
7280,2008,Chronic lower respiratory diseases (J40-J47),CLRD,Kansas,1626,52.8
7281,2005,Chronic lower respiratory diseases (J40-J47),CLRD,Ohio,6580,52.8
7282,2004,Cerebrovascular diseases (I60-I69),Stroke,Alaska,172,52.8
7283,2004,Cerebrovascular diseases (I60-I69),Stroke,Ohio,6501,52.8
7284,2003,Cerebrovascular diseases (I60-I69),Stroke,Pennsylvania,8261,52.8
7285,2003,Chronic lower respiratory diseases (J40-J47),CLRD,Indiana,3264,52.8
7286,2003,Chronic lower respiratory diseases (J40-J47),CLRD,Tennessee,3067,52.8
7287,2002,Cerebrovascular diseases (I60-I69),Stroke,Wyoming,243,52.8
7288,2001,Cerebrovascular diseases (I60-I69),Stroke,Minnesota,2727,52.8
7289,1999,"Accidents (unintentional injuries) (V01-X59,Y85-Y86)",Unintentional injuries,Wyoming,258,52.8
7290,2014,Chronic lower respiratory diseases (J40-J47),CLRD,Nevada,1522,52.9
7291,2013,Chronic lower respiratory diseases (J40-J47),CLRD,Missouri,3798,52.9
7292,2012,"Accidents (unintentional injuries) (V01-X59,Y85-Y86)",Unintentional injuries,Wyoming,308,52.9
7293,2011,Chronic lower respiratory diseases (J40-J47),CLRD,Montana,637,52.9
7294,2009,Cerebrovascular diseases (I60-I69),Stroke,Arkansas,1694,52.9
7295,2009,Chronic lower respiratory diseases (J40-J47),CLRD,Tennessee,3503,52.9
7296,2005,Cerebrovascular diseases (I60-I69),Stroke,Missouri,3347,52.9
7297,2005,Chronic lower respiratory diseases (J40-J47),CLRD,Tennessee,3185,52.9
7298,2002,Chronic lower respiratory diseases (J40-J47),CLRD,Maine,791,52.9
7299,2001,Cerebrovascular diseases (I60-I69),Stroke,New Hampshire,633,52.9
7300,2001,Cerebrovascular diseases (I60-I69),Stroke,South Dakota,490,52.9
7301,1999,Chronic lower respiratory diseases (J40-J47),CLRD,New Mexico,848,52.9
7302,2017,"Accidents (unintentional injuries) (V01-X59,Y85-Y86)",Unintentional injuries,Michigan,5623,53.0
7303,2004,"Accidents (unintentional injuries) (V01-X59,Y85-Y86)",Unintentional injuries,Alabama,2403,53.0
7304,2002,Chronic lower respiratory diseases (J40-J47),CLRD,Colorado,1848,53.0
7305,2000,Chronic lower respiratory diseases (J40-J47),CLRD,Maine,768,53.0
7306,2015,"Accidents (unintentional injuries) (V01-X59,Y85-Y86)",Unintentional injuries,Rhode Island,649,53.1
7307,2012,"Accidents (unintentional injuries) (V01-X59,Y85-Y86)",Unintentional injuries,Tennessee,3513,53.1
7308,2008,Cerebrovascular diseases (I60-I69),Stroke,Tennessee,3356,53.1
7309,2003,Cerebrovascular diseases (I60-I69),Stroke,Wisconsin,3216,53.1
7310,2017,"Accidents (unintentional injuries) (V01-X59,Y85-Y86)",Unintentional injuries,Connecticut,2078,53.2
7311,2013,Chronic lower respiratory diseases (J40-J47),CLRD,Tennessee,3904,53.2
7312,2010,"Accidents (unintentional injuries) (V01-X59,Y85-Y86)",Unintentional injuries,Montana,548,53.2
7313,2007,"Accidents (unintentional injuries) (V01-X59,Y85-Y86)",Unintentional injuries,South Carolina,2364,53.2
7314,2006,Cerebrovascular diseases (I60-I69),Stroke,North Carolina,4572,53.2
7315,2005,"Accidents (unintentional injuries) (V01-X59,Y85-Y86)",Unintentional injuries,Montana,524,53.2
7316,2005,Cerebrovascular diseases (I60-I69),Stroke,West Virginia,1151,53.2
7317,2005,Chronic lower respiratory diseases (J40-J47),CLRD,Maine,830,53.2
7318,2004,Cerebrovascular diseases (I60-I69),Stroke,Maryland,2718,53.2
7319,2011,"Accidents (unintentional injuries) (V01-X59,Y85-Y86)",Unintentional injuries,Tennessee,3485,53.3
7320,2009,"Accidents (unintentional injuries) (V01-X59,Y85-Y86)",Unintentional injuries,Alaska,340,53.3
7321,2009,Chronic lower respiratory diseases (J40-J47),CLRD,Nevada,1244,53.3
7322,2008,Chronic lower respiratory diseases (J40-J47),CLRD,Ohio,6928,53.3
7323,2006,"Accidents (unintentional injuries) (V01-X59,Y85-Y86)",Unintentional injuries,South Carolina,2315,53.3
7324,2006,Chronic lower respiratory diseases (J40-J47),CLRD,Montana,579,53.3
7325,2003,Chronic lower respiratory diseases (J40-J47),CLRD,New Mexico,936,53.3
7326,2001,Chronic lower respiratory diseases (J40-J47),CLRD,Oklahoma,1922,53.3
7327,1999,Cerebrovascular diseases (I60-I69),Stroke,District of Columbia,297,53.3
7328,2016,"Accidents (unintentional injuries) (V01-X59,Y85-Y86)",Unintentional injuries,South Dakota,505,53.4
7329,2006,"Accidents (unintentional injuries) (V01-X59,Y85-Y86)",Unintentional injuries,South Dakota,452,53.4
7330,2005,"Accidents (unintentional injuries) (V01-X59,Y85-Y86)",Unintentional injuries,South Carolina,2272,53.4
7331,2017,Chronic lower respiratory diseases (J40-J47),CLRD,Montana,752,53.5
7332,2010,Chronic lower respiratory diseases (J40-J47),CLRD,Arkansas,1773,53.5
7333,2006,Cerebrovascular diseases (I60-I69),Stroke,Georgia,3889,53.5
7334,2017,"Accidents (unintentional injuries) (V01-X59,Y85-Y86)",Unintentional injuries,Colorado,3037,53.6
7335,2015,Chronic lower respiratory diseases (J40-J47),CLRD,Maine,1025,53.6
7336,2014,Chronic lower respiratory diseases (J40-J47),CLRD,Alabama,3050,53.6
7337,2009,Cerebrovascular diseases (I60-I69),Stroke,Alabama,2675,53.6
7338,2004,"Accidents (unintentional injuries) (V01-X59,Y85-Y86)",Unintentional injuries,Tennessee,3156,53.6
7339,2000,Chronic lower respiratory diseases (J40-J47),CLRD,Montana,517,53.6
7340,2009,"Accidents (unintentional injuries) (V01-X59,Y85-Y86)",Unintentional injuries,Wyoming,299,53.7
7341,2005,Cerebrovascular diseases (I60-I69),Stroke,Virginia,3675,53.7
7342,2003,"Accidents (unintentional injuries) (V01-X59,Y85-Y86)",Unintentional injuries,West Virginia,1004,53.7
7343,2017,"Accidents (unintentional injuries) (V01-X59,Y85-Y86)",Unintentional injuries,Alabama,2703,53.8
7344,2017,Chronic lower respiratory diseases (J40-J47),CLRD,Wyoming,366,53.8
7345,2015,"Accidents (unintentional injuries) (V01-X59,Y85-Y86)",Unintentional injuries,Maine,802,53.8
7346,2010,Cerebrovascular diseases (I60-I69),Stroke,Arkansas,1741,53.8
7347,2007,"Accidents (unintentional injuries) (V01-X59,Y85-Y86)",Unintentional injuries,Alabama,2542,53.8
7348,2006,Cerebrovascular diseases (I60-I69),Stroke,South Carolina,2291,53.8
7349,2000,Cerebrovascular diseases (I60-I69),Stroke,Arizona,2648,53.8
7350,2006,Cerebrovascular diseases (I60-I69),Stroke,Louisiana,2195,53.9
7351,2005,Cerebrovascular diseases (I60-I69),Stroke,Idaho,718,53.9
7352,2004,Chronic lower respiratory diseases (J40-J47),CLRD,Oklahoma,1985,53.9
7353,2003,Cerebrovascular diseases (I60-I69),Stroke,Wyoming,253,53.9
7354,2001,Chronic lower respiratory diseases (J40-J47),CLRD,Colorado,1836,53.9
7355,2000,"Accidents (unintentional injuries) (V01-X59,Y85-Y86)",Unintentional injuries,Montana,495,53.9
7356,2000,Chronic lower respiratory diseases (J40-J47),CLRD,Colorado,1787,53.9
7357,2015,"Accidents (unintentional injuries) (V01-X59,Y85-Y86)",Unintentional injuries,South Carolina,2737,54.0
7358,2014,Chronic lower respiratory diseases (J40-J47),CLRD,Indiana,4029,54.0
7359,2008,Cerebrovascular diseases (I60-I69),Stroke,Oklahoma,2079,54.0
7360,2006,"Accidents (unintentional injuries) (V01-X59,Y85-Y86)",Unintentional injuries,Alabama,2506,54.0
7361,2003,Chronic lower respiratory diseases (J40-J47),CLRD,Colorado,1931,54.0
7362,2016,"Accidents (unintentional injuries) (V01-X59,Y85-Y86)",Unintentional injuries,Montana,626,54.1
7363,2015,Chronic lower respiratory diseases (J40-J47),CLRD,Nevada,1617,54.1
7364,2013,Chronic lower respiratory diseases (J40-J47),CLRD,Nevada,1482,54.1
7365,2012,"Accidents (unintentional injuries) (V01-X59,Y85-Y86)",Unintentional injuries,Alaska,368,54.1
7366,2008,"Accidents (unintentional injuries) (V01-X59,Y85-Y86)",Unintentional injuries,Alaska,332,54.1
7367,2005,Chronic lower respiratory diseases (J40-J47),CLRD,Idaho,717,54.1
7368,2016,"Accidents (unintentional injuries) (V01-X59,Y85-Y86)",Unintentional injuries,Arizona,4010,54.2
7369,2014,"Accidents (unintentional injuries) (V01-X59,Y85-Y86)",Unintentional injuries,Tennessee,3686,54.2
7370,2009,Chronic lower respiratory diseases (J40-J47),CLRD,Alabama,2770,54.2
7371,2008,Chronic lower respiratory diseases (J40-J47),CLRD,Alabama,2733,54.2
7372,2013,Chronic lower respiratory diseases (J40-J47),CLRD,Mississippi,1755,54.3
7373,2006,"Accidents (unintentional injuries) (V01-X59,Y85-Y86)",Unintentional injuries,Tennessee,3307,54.3
7374,2011,"Accidents (unintentional injuries) (V01-X59,Y85-Y86)",Unintentional injuries,Alabama,2662,54.4
7375,2008,Cerebrovascular diseases (I60-I69),Stroke,Arkansas,1722,54.4
7376,2001,Chronic lower respiratory diseases (J40-J47),CLRD,Maine,800,54.4
7377,1999,Cerebrovascular diseases (I60-I69),Stroke,Arizona,2600,54.4
7378,2012,"Accidents (unintentional injuries) (V01-X59,Y85-Y86)",Unintentional injuries,Mississippi,1627,54.5
7379,2003,Cerebrovascular diseases (I60-I69),Stroke,Iowa,2081,54.5
7380,2003,Cerebrovascular diseases (I60-I69),Stroke,Michigan,5470,54.5
7381,2002,Cerebrovascular diseases (I60-I69),Stroke,Maine,823,54.5
7382,2016,Chronic lower respiratory diseases (J40-J47),CLRD,Indiana,4214,54.6
7383,2004,Cerebrovascular diseases (I60-I69),Stroke,California,16882,54.6
7384,2004,Cerebrovascular diseases (I60-I69),Stroke,Nevada,1030,54.6
7385,2003,Cerebrovascular diseases (I60-I69),Stroke,United States,157689,54.6
7386,2016,Chronic lower respiratory diseases (J40-J47),CLRD,Tennessee,4318,54.7
7387,2015,"Accidents (unintentional injuries) (V01-X59,Y85-Y86)",Unintentional injuries,Louisiana,2578,54.7
7388,2012,Chronic lower respiratory diseases (J40-J47),CLRD,Mississippi,1729,54.7
7389,2008,Cerebrovascular diseases (I60-I69),Stroke,Mississippi,1592,54.7
7390,2008,Chronic lower respiratory diseases (J40-J47),CLRD,Tennessee,3545,54.7
7391,2007,Chronic lower respiratory diseases (J40-J47),CLRD,Montana,604,54.7
7392,2005,"Accidents (unintentional injuries) (V01-X59,Y85-Y86)",Unintentional injuries,Arizona,3150,54.7
7393,2003,Cerebrovascular diseases (I60-I69),Stroke,Maryland,2734,54.7
7394,2003,Cerebrovascular diseases (I60-I69),Stroke,Nebraska,1094,54.7
7395,2001,Cerebrovascular diseases (I60-I69),Stroke,Colorado,1825,54.7
7396,2016,"Accidents (unintentional injuries) (V01-X59,Y85-Y86)",Unintentional injuries,Vermont,372,54.8
7397,2013,Chronic lower respiratory diseases (J40-J47),CLRD,Alabama,3043,54.8
7398,2005,Chronic lower respiratory diseases (J40-J47),CLRD,Indiana,3471,54.8
7399,2004,"Accidents (unintentional injuries) (V01-X59,Y85-Y86)",Unintentional injuries,Kentucky,2260,54.8
7400,2004,Cerebrovascular diseases (I60-I69),Stroke,West Virginia,1178,54.8
7401,2004,Chronic lower respiratory diseases (J40-J47),CLRD,Kentucky,2265,54.8
7402,2003,"Accidents (unintentional injuries) (V01-X59,Y85-Y86)",Unintentional injuries,Montana,518,54.8
7403,2002,Chronic lower respiratory diseases (J40-J47),CLRD,Oklahoma,1988,54.8
7404,2000,Chronic lower respiratory diseases (J40-J47),CLRD,Kentucky,2170,54.8
7405,2016,"Accidents (unintentional injuries) (V01-X59,Y85-Y86)",Unintentional injuries,Florida,12561,54.9
7406,2015,Chronic lower respiratory diseases (J40-J47),CLRD,Tennessee,4239,54.9
7407,2010,"Accidents (unintentional injuries) (V01-X59,Y85-Y86)",Unintentional injuries,Tennessee,3539,54.9
7408,2008,"Accidents (unintentional injuries) (V01-X59,Y85-Y86)",Unintentional injuries,Louisiana,2409,54.9
7409,2005,Cerebrovascular diseases (I60-I69),Stroke,Alaska,178,54.9
7410,2005,Chronic lower respiratory diseases (J40-J47),CLRD,Montana,580,54.9
7411,2002,Cerebrovascular diseases (I60-I69),Stroke,South Dakota,518,54.9
7412,2000,Cerebrovascular diseases (I60-I69),Stroke,Vermont,343,54.9
7413,2014,"Accidents (unintentional injuries) (V01-X59,Y85-Y86)",Unintentional injuries,Alaska,379,55.0
7414,2014,Chronic lower respiratory diseases (J40-J47),CLRD,Wyoming,343,55.0
7415,2004,"Accidents (unintentional injuries) (V01-X59,Y85-Y86)",Unintentional injuries,Oklahoma,1947,55.0
7416,2011,Chronic lower respiratory diseases (J40-J47),CLRD,Mississippi,1694,55.1
7417,2009,"Accidents (unintentional injuries) (V01-X59,Y85-Y86)",Unintentional injuries,Kentucky,2394,55.1
7418,2004,Cerebrovascular diseases (I60-I69),Stroke,Washington,3243,55.1
7419,2003,"Accidents (unintentional injuries) (V01-X59,Y85-Y86)",Unintentional injuries,Wyoming,273,55.1
7420,2017,Chronic lower respiratory diseases (J40-J47),CLRD,Indiana,4375,55.2
7421,2013,"Accidents (unintentional injuries) (V01-X59,Y85-Y86)",Unintentional injuries,Wyoming,325,55.2
7422,2012,Chronic lower respiratory diseases (J40-J47),CLRD,Alabama,3015,55.2
7423,2011,Chronic lower respiratory diseases (J40-J47),CLRD,Alabama,2912,55.2
7424,2010,Chronic lower respiratory diseases (J40-J47),CLRD,Mississippi,1661,55.2
7425,2008,"Accidents (unintentional injuries) (V01-X59,Y85-Y86)",Unintentional injuries,Kentucky,2379,55.2
7426,2003,"Accidents (unintentional injuries) (V01-X59,Y85-Y86)",Unintentional injuries,Kentucky,2270,55.2
7427,2003,Cerebrovascular diseases (I60-I69),Stroke,Utah,876,55.2
7428,2002,Cerebrovascular diseases (I60-I69),Stroke,Nebraska,1103,55.2
7429,2001,Cerebrovascular diseases (I60-I69),Stroke,Maine,822,55.2
7430,2000,Chronic lower respiratory diseases (J40-J47),CLRD,Oklahoma,1980,55.2
7431,2010,Chronic lower respiratory diseases (J40-J47),CLRD,Indiana,3794,55.3
7432,2004,"Accidents (unintentional injuries) (V01-X59,Y85-Y86)",Unintentional injuries,Montana,535,55.3
7433,2004,Cerebrovascular diseases (I60-I69),Stroke,Idaho,712,55.3
7434,2004,Cerebrovascular diseases (I60-I69),Stroke,Indiana,3454,55.3
7435,2015,Chronic lower respiratory diseases (J40-J47),CLRD,Indiana,4212,55.4
7436,2010,Chronic lower respiratory diseases (J40-J47),CLRD,Alabama,2866,55.4
7437,2004,Cerebrovascular diseases (I60-I69),Stroke,North Dakota,475,55.4
7438,2003,"Accidents (unintentional injuries) (V01-X59,Y85-Y86)",Unintentional injuries,Alaska,321,55.4
7439,2003,Cerebrovascular diseases (I60-I69),Stroke,Illinois,6909,55.4
7440,2002,Cerebrovascular diseases (I60-I69),Stroke,North Dakota,469,55.4
7441,2001,Cerebrovascular diseases (I60-I69),Stroke,Nevada,913,55.4
7442,2016,"Accidents (unintentional injuries) (V01-X59,Y85-Y86)",Unintentional injuries,Alabama,2755,55.5
7443,2012,Chronic lower respiratory diseases (J40-J47),CLRD,Indiana,3962,55.5
7444,2009,Chronic lower respiratory diseases (J40-J47),CLRD,Indiana,3745,55.5
7445,2001,"Accidents (unintentional injuries) (V01-X59,Y85-Y86)",Unintentional injuries,Wyoming,272,55.5
7446,2016,"Accidents (unintentional injuries) (V01-X59,Y85-Y86)",Unintentional injuries,Wisconsin,3575,55.6
7447,2013,"Accidents (unintentional injuries) (V01-X59,Y85-Y86)",Unintentional injuries,Mississippi,1692,55.6
7448,2007,"Accidents (unintentional injuries) (V01-X59,Y85-Y86)",Unintentional injuries,Kentucky,2372,55.6
7449,2006,Chronic lower respiratory diseases (J40-J47),CLRD,Kentucky,2407,55.6
7450,2005,Cerebrovascular diseases (I60-I69),Stroke,Georgia,3854,55.6
7451,2004,Chronic lower respiratory diseases (J40-J47),CLRD,West Virginia,1225,55.6
7452,2002,"Accidents (unintentional injuries) (V01-X59,Y85-Y86)",Unintentional injuries,Montana,524,55.6
7453,2002,Cerebrovascular diseases (I60-I69),Stroke,Pennsylvania,8579,55.6
7454,2000,Cerebrovascular diseases (I60-I69),Stroke,North Dakota,456,55.6
7455,2013,"Accidents (unintentional injuries) (V01-X59,Y85-Y86)",Unintentional injuries,Kentucky,2513,55.7
7456,2007,Cerebrovascular diseases (I60-I69),Stroke,Mississippi,1589,55.7
7457,2006,"Accidents (unintentional injuries) (V01-X59,Y85-Y86)",Unintentional injuries,Montana,558,55.7
7458,2006,Cerebrovascular diseases (I60-I69),Stroke,Oklahoma,2085,55.7
7459,2003,Cerebrovascular diseases (I60-I69),Stroke,Hawaii,752,55.7
7460,2002,Cerebrovascular diseases (I60-I69),Stroke,Colorado,1915,55.7
7461,2012,Chronic lower respiratory diseases (J40-J47),CLRD,Arkansas,1910,55.8
7462,2012,Chronic lower respiratory diseases (J40-J47),CLRD,Wyoming,334,55.8
7463,2007,Cerebrovascular diseases (I60-I69),Stroke,South Carolina,2466,55.8
7464,2000,Cerebrovascular diseases (I60-I69),Stroke,Nebraska,1091,55.8
7465,1999,Cerebrovascular diseases (I60-I69),Stroke,Vermont,344,55.8
7466,2015,"Accidents (unintentional injuries) (V01-X59,Y85-Y86)",Unintentional injuries,Ohio,6756,55.9
7467,2007,Cerebrovascular diseases (I60-I69),Stroke,Tennessee,3450,55.9
7468,2004,Chronic lower respiratory diseases (J40-J47),CLRD,Montana,578,55.9
7469,2000,Cerebrovascular diseases (I60-I69),Stroke,Minnesota,2820,55.9
7470,1999,"Accidents (unintentional injuries) (V01-X59,Y85-Y86)",Unintentional injuries,Alaska,294,55.9
7471,1999,"Accidents (unintentional injuries) (V01-X59,Y85-Y86)",Unintentional injuries,New Mexico,969,55.9
7472,2006,"Accidents (unintentional injuries) (V01-X59,Y85-Y86)",Unintentional injuries,Arizona,3352,56.0
7473,2004,"Accidents (unintentional injuries) (V01-X59,Y85-Y86)",Unintentional injuries,Alaska,326,56.0
7474,2002,Cerebrovascular diseases (I60-I69),Stroke,Alaska,158,56.0
7475,2001,"Accidents (unintentional injuries) (V01-X59,Y85-Y86)",Unintentional injuries,Mississippi,1571,56.0
7476,2017,"Accidents (unintentional injuries) (V01-X59,Y85-Y86)",Unintentional injuries,Florida,13059,56.1
7477,2017,"Accidents (unintentional injuries) (V01-X59,Y85-Y86)",Unintentional injuries,South Dakota,537,56.1
7478,2006,Cerebrovascular diseases (I60-I69),Stroke,Mississippi,1585,56.1
7479,2005,"Accidents (unintentional injuries) (V01-X59,Y85-Y86)",Unintentional injuries,Oklahoma,2005,56.1
7480,2004,Cerebrovascular diseases (I60-I69),Stroke,Missouri,3503,56.1
7481,2003,Cerebrovascular diseases (I60-I69),Stroke,Montana,576,56.1
7482,2017,"Accidents (unintentional injuries) (V01-X59,Y85-Y86)",Unintentional injuries,Arizona,4184,56.2
7483,2016,Chronic lower respiratory diseases (J40-J47),CLRD,Alabama,3326,56.2
7484,2014,"Accidents (unintentional injuries) (V01-X59,Y85-Y86)",Unintentional injuries,Mississippi,1712,56.2
7485,2011,"Accidents (unintentional injuries) (V01-X59,Y85-Y86)",Unintentional injuries,Wyoming,317,56.2
7486,2009,Chronic lower respiratory diseases (J40-J47),CLRD,Arkansas,1831,56.2
7487,2007,Cerebrovascular diseases (I60-I69),Stroke,Oklahoma,2126,56.2
7488,2017,"Accidents (unintentional injuries) (V01-X59,Y85-Y86)",Unintentional injuries,Mississippi,1738,56.3
7489,2017,"Accidents (unintentional injuries) (V01-X59,Y85-Y86)",Unintentional injuries,North Carolina,5985,56.3
7490,2015,"Accidents (unintentional injuries) (V01-X59,Y85-Y86)",Unintentional injuries,Montana,637,56.3
7491,2006,Chronic lower respiratory diseases (J40-J47),CLRD,West Virginia,1267,56.3
7492,2015,"Accidents (unintentional injuries) (V01-X59,Y85-Y86)",Unintentional injuries,Tennessee,3873,56.4
7493,2015,Chronic lower respiratory diseases (J40-J47),CLRD,Alabama,3279,56.4
7494,2009,"Accidents (unintentional injuries) (V01-X59,Y85-Y86)",Unintentional injuries,Mississippi,1658,56.4
7495,2008,Chronic lower respiratory diseases (J40-J47),CLRD,Nevada,1257,56.4
7496,2007,"Accidents (unintentional injuries) (V01-X59,Y85-Y86)",Unintentional injuries,Alaska,354,56.4
7497,2006,Cerebrovascular diseases (I60-I69),Stroke,Tennessee,3407,56.4
7498,2001,Cerebrovascular diseases (I60-I69),Stroke,Pennsylvania,8619,56.4
7499,2000,Cerebrovascular diseases (I60-I69),Stroke,New Hampshire,662,56.4
7500,1999,Chronic lower respiratory diseases (J40-J47),CLRD,Alaska,146,56.4
7501,2007,"Accidents (unintentional injuries) (V01-X59,Y85-Y86)",Unintentional injuries,Wyoming,299,56.5
7502,2000,Cerebrovascular diseases (I60-I69),Stroke,Nevada,872,56.5
7503,2016,"Accidents (unintentional injuries) (V01-X59,Y85-Y86)",Unintentional injuries,Rhode Island,675,56.6
7504,2016,Chronic lower respiratory diseases (J40-J47),CLRD,Nevada,1778,56.6
7505,2006,"Accidents (unintentional injuries) (V01-X59,Y85-Y86)",Unintentional injuries,Oklahoma,2039,56.6
7506,2003,Cerebrovascular diseases (I60-I69),Stroke,Ohio,6910,56.6
7507,2002,Chronic lower respiratory diseases (J40-J47),CLRD,West Virginia,1228,56.6
7508,2001,Chronic lower respiratory diseases (J40-J47),CLRD,Kentucky,2265,56.6
7509,2007,Chronic lower respiratory diseases (J40-J47),CLRD,Wyoming,295,56.7
7510,2004,Cerebrovascular diseases (I60-I69),Stroke,Virginia,3788,56.7
7511,2003,Cerebrovascular diseases (I60-I69),Stroke,North Dakota,476,56.7
7512,2001,Cerebrovascular diseases (I60-I69),Stroke,Wyoming,260,56.7
7513,2011,"Accidents (unintentional injuries) (V01-X59,Y85-Y86)",Unintentional injuries,Montana,609,56.8
7514,2010,"Accidents (unintentional injuries) (V01-X59,Y85-Y86)",Unintentional injuries,Mississippi,1685,56.8
7515,2007,"Accidents (unintentional injuries) (V01-X59,Y85-Y86)",Unintentional injuries,Louisiana,2466,56.8
7516,2006,"Accidents (unintentional injuries) (V01-X59,Y85-Y86)",Unintentional injuries,Louisiana,2422,56.8
7517,2000,"Accidents (unintentional injuries) (V01-X59,Y85-Y86)",Unintentional injuries,New Mexico,995,56.8
7518,2017,"Accidents (unintentional injuries) (V01-X59,Y85-Y86)",Unintentional injuries,Vermont,394,56.9
7519,2017,"Accidents (unintentional injuries) (V01-X59,Y85-Y86)",Unintentional injuries,Wyoming,348,56.9
7520,2007,Cerebrovascular diseases (I60-I69),Stroke,Alabama,2747,56.9
7521,2004,Cerebrovascular diseases (I60-I69),Stroke,Texas,9853,56.9
7522,2016,"Accidents (unintentional injuries) (V01-X59,Y85-Y86)",Unintentional injuries,Missouri,3625,57.0
7523,2011,Chronic lower respiratory diseases (J40-J47),CLRD,Wyoming,327,57.0
7524,2000,Cerebrovascular diseases (I60-I69),Stroke,Maine,833,57.0
7525,2015,Chronic lower respiratory diseases (J40-J47),CLRD,Mississippi,1924,57.1
7526,2015,Chronic lower respiratory diseases (J40-J47),CLRD,Wyoming,368,57.1
7527,2005,Chronic lower respiratory diseases (J40-J47),CLRD,Vermont,381,57.1
7528,2009,Chronic lower respiratory diseases (J40-J47),CLRD,Wyoming,310,57.2
7529,2008,"Accidents (unintentional injuries) (V01-X59,Y85-Y86)",Unintentional injuries,Oklahoma,2119,57.2
7530,2005,Cerebrovascular diseases (I60-I69),Stroke,Oregon,2289,57.2
7531,2004,Chronic lower respiratory diseases (J40-J47),CLRD,Nevada,1124,57.2
7532,2002,Cerebrovascular diseases (I60-I69),Stroke,United States,162672,57.2
7533,2001,Cerebrovascular diseases (I60-I69),Stroke,Utah,870,57.2
7534,1999,Cerebrovascular diseases (I60-I69),Stroke,Colorado,1834,57.2
7535,2011,"Accidents (unintentional injuries) (V01-X59,Y85-Y86)",Unintentional injuries,Alaska,385,57.3
7536,2017,Chronic lower respiratory diseases (J40-J47),CLRD,Tennessee,4657,57.4
7537,2016,"Accidents (unintentional injuries) (V01-X59,Y85-Y86)",Unintentional injuries,Louisiana,2710,57.4
7538,2008,Chronic lower respiratory diseases (J40-J47),CLRD,Missouri,3765,57.4
7539,2005,"Accidents (unintentional injuries) (V01-X59,Y85-Y86)",Unintentional injuries,Kentucky,2405,57.4
7540,2003,Cerebrovascular diseases (I60-I69),Stroke,Kansas,1758,57.5
7541,2002,Cerebrovascular diseases (I60-I69),Stroke,Maryland,2811,57.5
7542,2001,Cerebrovascular diseases (I60-I69),Stroke,Nebraska,1130,57.5
7543,1999,Cerebrovascular diseases (I60-I69),Stroke,Pennsylvania,8600,57.5
7544,2006,Chronic lower respiratory diseases (J40-J47),CLRD,Oklahoma,2192,57.6
7545,2005,Chronic lower respiratory diseases (J40-J47),CLRD,Wyoming,291,57.6
7546,2003,Chronic lower respiratory diseases (J40-J47),CLRD,Wyoming,278,57.6
7547,2000,Cerebrovascular diseases (I60-I69),Stroke,Delaware,430,57.6
7548,2013,"Accidents (unintentional injuries) (V01-X59,Y85-Y86)",Unintentional injuries,Montana,623,57.7
7549,2003,Cerebrovascular diseases (I60-I69),Stroke,Missouri,3580,57.7
7550,2002,Cerebrovascular diseases (I60-I69),Stroke,Nevada,976,57.7
7551,2001,"Accidents (unintentional injuries) (V01-X59,Y85-Y86)",Unintentional injuries,New Mexico,1020,57.7
7552,2017,Chronic lower respiratory diseases (J40-J47),CLRD,Alabama,3484,57.8
7553,2008,"Accidents (unintentional injuries) (V01-X59,Y85-Y86)",Unintentional injuries,Mississippi,1693,57.8
7554,2006,Cerebrovascular diseases (I60-I69),Stroke,Alabama,2740,57.8
7555,2003,Cerebrovascular diseases (I60-I69),Stroke,Nevada,1028,57.8
7556,2002,Chronic lower respiratory diseases (J40-J47),CLRD,Montana,576,57.8
7557,2015,"Accidents (unintentional injuries) (V01-X59,Y85-Y86)",Unintentional injuries,Alaska,388,57.9
7558,2011,"Accidents (unintentional injuries) (V01-X59,Y85-Y86)",Unintentional injuries,Mississippi,1724,57.9
7559,2011,Chronic lower respiratory diseases (J40-J47),CLRD,Indiana,4064,57.9
7560,2006,"Accidents (unintentional injuries) (V01-X59,Y85-Y86)",Unintentional injuries,Kentucky,2446,57.9
7561,2001,Cerebrovascular diseases (I60-I69),Stroke,Alaska,158,57.9
7562,2001,Chronic lower respiratory diseases (J40-J47),CLRD,Wyoming,270,57.9
7563,1999,Cerebrovascular diseases (I60-I69),Stroke,New Hampshire,669,57.9
7564,1999,Chronic lower respiratory diseases (J40-J47),CLRD,West Virginia,1236,57.9
7565,2005,Cerebrovascular diseases (I60-I69),Stroke,Louisiana,2469,58.0
7566,2005,Cerebrovascular diseases (I60-I69),Stroke,Mississippi,1622,58.0
7567,2004,Cerebrovascular diseases (I60-I69),Stroke,Kentucky,2339,58.0
7568,2008,Chronic lower respiratory diseases (J40-J47),CLRD,Indiana,3878,58.1
7569,2002,"Accidents (unintentional injuries) (V01-X59,Y85-Y86)",Unintentional injuries,Wyoming,289,58.1
7570,2002,Cerebrovascular diseases (I60-I69),Stroke,Utah,903,58.1
7571,2001,Cerebrovascular diseases (I60-I69),Stroke,Montana,578,58.1
7572,2001,Cerebrovascular diseases (I60-I69),Stroke,Ohio,6891,58.1
7573,1999,Chronic lower respiratory diseases (J40-J47),CLRD,Colorado,1894,58.1
7574,2008,Cerebrovascular diseases (I60-I69),Stroke,Alabama,2863,58.2
7575,2003,Cerebrovascular diseases (I60-I69),Stroke,California,17692,58.2
7576,2017,"Accidents (unintentional injuries) (V01-X59,Y85-Y86)",Unintentional injuries,Wisconsin,3746,58.3
7577,2017,Chronic lower respiratory diseases (J40-J47),CLRD,Mississippi,2037,58.3
7578,2016,"Accidents (unintentional injuries) (V01-X59,Y85-Y86)",Unintentional injuries,District of Columbia,401,58.3
7579,2014,"Accidents (unintentional injuries) (V01-X59,Y85-Y86)",Unintentional injuries,Kentucky,2621,58.3
7580,2007,Chronic lower respiratory diseases (J40-J47),CLRD,West Virginia,1331,58.3
7581,2003,Chronic lower respiratory diseases (J40-J47),CLRD,Montana,588,58.3
7582,2002,Cerebrovascular diseases (I60-I69),Stroke,Illinois,7183,58.3
7583,2000,Cerebrovascular diseases (I60-I69),Stroke,Iowa,2187,58.3
7584,2000,Cerebrovascular diseases (I60-I69),Stroke,Wyoming,260,58.3
7585,2013,Chronic lower respiratory diseases (J40-J47),CLRD,Indiana,4266,58.4
7586,2003,Chronic lower respiratory diseases (J40-J47),CLRD,Kentucky,2391,58.4
7587,2002,Cerebrovascular diseases (I60-I69),Stroke,Wisconsin,3479,58.4
7588,2001,Cerebrovascular diseases (I60-I69),Stroke,United States,163538,58.4
7589,2008,Chronic lower respiratory diseases (J40-J47),CLRD,Wyoming,311,58.5
7590,2002,"Accidents (unintentional injuries) (V01-X59,Y85-Y86)",Unintentional injuries,Mississippi,1642,58.5
7591,2002,Cerebrovascular diseases (I60-I69),Stroke,Iowa,2226,58.5
7592,2017,"Accidents (unintentional injuries) (V01-X59,Y85-Y86)",Unintentional injuries,Indiana,3978,58.7
7593,2010,"Accidents (unintentional injuries) (V01-X59,Y85-Y86)",Unintentional injuries,Alaska,366,58.7
7594,2008,Chronic lower respiratory diseases (J40-J47),CLRD,Arkansas,1887,58.7
7595,2005,"Accidents (unintentional injuries) (V01-X59,Y85-Y86)",Unintentional injuries,Wyoming,302,58.7
7596,2003,Cerebrovascular diseases (I60-I69),Stroke,Indiana,3627,58.7
7597,2000,Cerebrovascular diseases (I60-I69),Stroke,Colorado,1907,58.7
7598,2017,"Accidents (unintentional injuries) (V01-X59,Y85-Y86)",Unintentional injuries,Missouri,3776,58.8
7599,2011,"Accidents (unintentional injuries) (V01-X59,Y85-Y86)",Unintentional injuries,Oklahoma,2261,58.8
7600,2007,"Accidents (unintentional injuries) (V01-X59,Y85-Y86)",Unintentional injuries,Oklahoma,2149,58.8
7601,2003,"Accidents (unintentional injuries) (V01-X59,Y85-Y86)",Unintentional injuries,Mississippi,1656,58.8
7602,2001,Cerebrovascular diseases (I60-I69),Stroke,Michigan,5701,58.8
7603,2017,"Accidents (unintentional injuries) (V01-X59,Y85-Y86)",Unintentional injuries,Louisiana,2780,58.9
7604,2016,"Accidents (unintentional injuries) (V01-X59,Y85-Y86)",Unintentional injuries,South Carolina,3012,58.9
7605,2014,Chronic lower respiratory diseases (J40-J47),CLRD,Arkansas,2092,58.9
7606,2011,Chronic lower respiratory diseases (J40-J47),CLRD,Arkansas,1985,58.9
7607,2006,"Accidents (unintentional injuries) (V01-X59,Y85-Y86)",Unintentional injuries,Wyoming,306,58.9
7608,2000,"Accidents (unintentional injuries) (V01-X59,Y85-Y86)",Unintentional injuries,Mississippi,1653,58.9
7609,1999,"Accidents (unintentional injuries) (V01-X59,Y85-Y86)",Unintentional injuries,Mississippi,1642,58.9
7610,2015,"Accidents (unintentional injuries) (V01-X59,Y85-Y86)",Unintentional injuries,New Hampshire,815,59.0
7611,2013,"Accidents (unintentional injuries) (V01-X59,Y85-Y86)",Unintentional injuries,New Mexico,1245,59.0
7612,2005,Cerebrovascular diseases (I60-I69),Stroke,North Carolina,4861,59.0
7613,2004,"Accidents (unintentional injuries) (V01-X59,Y85-Y86)",Unintentional injuries,West Virginia,1110,59.0
7614,2003,Chronic lower respiratory diseases (J40-J47),CLRD,Oklahoma,2160,59.0
7615,2002,Cerebrovascular diseases (I60-I69),Stroke,Michigan,5814,59.0
7616,2000,Cerebrovascular diseases (I60-I69),Stroke,Pennsylvania,8919,59.0
7617,1999,Chronic lower respiratory diseases (J40-J47),CLRD,Kentucky,2327,59.0
7618,2016,Chronic lower respiratory diseases (J40-J47),CLRD,Arkansas,2169,59.1
7619,2008,"Accidents (unintentional injuries) (V01-X59,Y85-Y86)",Unintentional injuries,Montana,592,59.1
7620,2001,Cerebrovascular diseases (I60-I69),Stroke,Illinois,7230,59.1
7621,2001,Cerebrovascular diseases (I60-I69),Stroke,Iowa,2218,59.1
7622,2016,"Accidents (unintentional injuries) (V01-X59,Y85-Y86)",Unintentional injuries,Mississippi,1803,59.2
7623,2003,Chronic lower respiratory diseases (J40-J47),CLRD,West Virginia,1296,59.2
7624,2002,"Accidents (unintentional injuries) (V01-X59,Y85-Y86)",Unintentional injuries,Alaska,346,59.2
7625,2001,Chronic lower respiratory diseases (J40-J47),CLRD,West Virginia,1273,59.2
7626,2002,Cerebrovascular diseases (I60-I69),Stroke,California,17626,59.3
7627,2002,Cerebrovascular diseases (I60-I69),Stroke,West Virginia,1260,59.3
7628,2002,Chronic lower respiratory diseases (J40-J47),CLRD,Kentucky,2401,59.3
7629,2001,Chronic lower respiratory diseases (J40-J47),CLRD,Montana,583,59.3
7630,1999,Cerebrovascular diseases (I60-I69),Stroke,Nevada,882,59.4
7631,1999,Chronic lower respiratory diseases (J40-J47),CLRD,Montana,566,59.4
7632,2011,"Accidents (unintentional injuries) (V01-X59,Y85-Y86)",Unintentional injuries,Kentucky,2608,59.5
7633,2010,Chronic lower respiratory diseases (J40-J47),CLRD,Wyoming,332,59.5
7634,2004,Cerebrovascular diseases (I60-I69),Stroke,Oregon,2328,59.5
7635,1999,Cerebrovascular diseases (I60-I69),Stroke,Minnesota,2997,59.6
7636,2015,"Accidents (unintentional injuries) (V01-X59,Y85-Y86)",Unintentional injuries,Mississippi,1814,59.8
7637,2010,"Accidents (unintentional injuries) (V01-X59,Y85-Y86)",Unintentional injuries,Wyoming,346,59.8
7638,2004,Cerebrovascular diseases (I60-I69),Stroke,Louisiana,2489,59.8
7639,2007,Chronic lower respiratory diseases (J40-J47),CLRD,Kentucky,2629,59.9
7640,2004,"Accidents (unintentional injuries) (V01-X59,Y85-Y86)",Unintentional injuries,Mississippi,1703,59.9
7641,2004,Cerebrovascular diseases (I60-I69),Stroke,Mississippi,1651,59.9
7642,2017,"Accidents (unintentional injuries) (V01-X59,Y85-Y86)",Unintentional injuries,Rhode Island,718,60.0
7643,2010,Chronic lower respiratory diseases (J40-J47),CLRD,Kentucky,2779,60.0
7644,1999,Cerebrovascular diseases (I60-I69),Stroke,South Dakota,547,60.0
7645,2015,"Accidents (unintentional injuries) (V01-X59,Y85-Y86)",Unintentional injuries,Oklahoma,2422,60.1
7646,2013,Chronic lower respiratory diseases (J40-J47),CLRD,Arkansas,2090,60.1
7647,2007,Cerebrovascular diseases (I60-I69),Stroke,Arkansas,1873,60.1
7648,2001,Cerebrovascular diseases (I60-I69),Stroke,West Virginia,1272,60.1
7649,2000,Cerebrovascular diseases (I60-I69),Stroke,Montana,583,60.1
7650,2017,"Accidents (unintentional injuries) (V01-X59,Y85-Y86)",Unintentional injuries,South Carolina,3147,60.2
7651,2005,Cerebrovascular diseases (I60-I69),Stroke,South Carolina,2458,60.2
7652,2002,Cerebrovascular diseases (I60-I69),Stroke,Idaho,736,60.2
7653,2001,Cerebrovascular diseases (I60-I69),Stroke,Maryland,2882,60.2
7654,1999,Cerebrovascular diseases (I60-I69),Stroke,Nebraska,1176,60.2
7655,1999,Cerebrovascular diseases (I60-I69),Stroke,Utah,869,60.2
7656,2010,"Accidents (unintentional injuries) (V01-X59,Y85-Y86)",Unintentional injuries,Oklahoma,2288,60.3
7657,2009,"Accidents (unintentional injuries) (V01-X59,Y85-Y86)",Unintentional injuries,Montana,619,60.3
7658,2007,"Accidents (unintentional injuries) (V01-X59,Y85-Y86)",Unintentional injuries,Montana,614,60.3
7659,2004,Cerebrovascular diseases (I60-I69),Stroke,Oklahoma,2183,60.3
7660,2002,Cerebrovascular diseases (I60-I69),Stroke,Ohio,7252,60.3
7661,2014,"Accidents (unintentional injuries) (V01-X59,Y85-Y86)",Unintentional injuries,Oklahoma,2421,60.4
7662,2005,Chronic lower respiratory diseases (J40-J47),CLRD,Nevada,1227,60.4
7663,2002,Cerebrovascular diseases (I60-I69),Stroke,Kansas,1845,60.4
7664,2010,"Accidents (unintentional injuries) (V01-X59,Y85-Y86)",Unintentional injuries,Kentucky,2632,60.5
7665,2005,Chronic lower respiratory diseases (J40-J47),CLRD,West Virginia,1350,60.5
7666,2003,Cerebrovascular diseases (I60-I69),Stroke,Idaho,762,60.5
7667,2001,"Accidents (unintentional injuries) (V01-X59,Y85-Y86)",Unintentional injuries,Alaska,345,60.5
7668,2003,Cerebrovascular diseases (I60-I69),Stroke,Virginia,3938,60.6
7669,2001,Cerebrovascular diseases (I60-I69),Stroke,Hawaii,766,60.6
7670,2000,Cerebrovascular diseases (I60-I69),Stroke,Kansas,1830,60.6
7671,2010,"Accidents (unintentional injuries) (V01-X59,Y85-Y86)",Unintentional injuries,New Mexico,1233,60.7
7672,1999,Cerebrovascular diseases (I60-I69),Stroke,Wyoming,265,60.7
7673,2004,Cerebrovascular diseases (I60-I69),Stroke,Georgia,4063,60.8
7674,2003,Cerebrovascular diseases (I60-I69),Stroke,Texas,10303,60.8
7675,2001,Cerebrovascular diseases (I60-I69),Stroke,North Dakota,507,60.8
7676,2014,"Accidents (unintentional injuries) (V01-X59,Y85-Y86)",Unintentional injuries,Wyoming,361,60.9
7677,2005,Cerebrovascular diseases (I60-I69),Stroke,Oklahoma,2235,60.9
7678,2001,Cerebrovascular diseases (I60-I69),Stroke,Kansas,1848,60.9
7679,2000,Cerebrovascular diseases (I60-I69),Stroke,United States,167661,60.9
7680,2017,"Accidents (unintentional injuries) (V01-X59,Y85-Y86)",Unintentional injuries,District of Columbia,427,61.0
7681,2008,Chronic lower respiratory diseases (J40-J47),CLRD,Montana,691,61.0
7682,2005,Chronic lower respiratory diseases (J40-J47),CLRD,Kentucky,2578,61.0
7683,2002,Cerebrovascular diseases (I60-I69),Stroke,Indiana,3717,61.0
7684,2016,"Accidents (unintentional injuries) (V01-X59,Y85-Y86)",Unintentional injuries,Tennessee,4238,61.1
7685,2009,"Accidents (unintentional injuries) (V01-X59,Y85-Y86)",Unintentional injuries,Oklahoma,2284,61.2
7686,2006,Cerebrovascular diseases (I60-I69),Stroke,Arkansas,1884,61.2
7687,2005,Cerebrovascular diseases (I60-I69),Stroke,Arkansas,1847,61.2
7688,2003,Cerebrovascular diseases (I60-I69),Stroke,West Virginia,1309,61.2
7689,2000,Cerebrovascular diseases (I60-I69),Stroke,Ohio,7175,61.2
7690,1999,Cerebrovascular diseases (I60-I69),Stroke,Maine,879,61.2
7691,2003,Cerebrovascular diseases (I60-I69),Stroke,Kentucky,2442,61.3
7692,2000,Cerebrovascular diseases (I60-I69),Stroke,Illinois,7429,61.3
7693,2000,Cerebrovascular diseases (I60-I69),Stroke,West Virginia,1296,61.3
7694,2000,Chronic lower respiratory diseases (J40-J47),CLRD,Nevada,989,61.3
7695,2016,Chronic lower respiratory diseases (J40-J47),CLRD,Oklahoma,2794,61.4
7696,2012,Chronic lower respiratory diseases (J40-J47),CLRD,Oklahoma,2585,61.4
7697,2003,Cerebrovascular diseases (I60-I69),Stroke,Louisiana,2526,61.4
7698,2002,"Accidents (unintentional injuries) (V01-X59,Y85-Y86)",Unintentional injuries,New Mexico,1105,61.4
7699,2000,Cerebrovascular diseases (I60-I69),Stroke,Hawaii,747,61.4
7700,2012,"Accidents (unintentional injuries) (V01-X59,Y85-Y86)",Unintentional injuries,Oklahoma,2388,61.6
7701,2000,Cerebrovascular diseases (I60-I69),Stroke,Michigan,5864,61.6
7702,2000,Cerebrovascular diseases (I60-I69),Stroke,South Dakota,560,61.6
7703,1999,Cerebrovascular diseases (I60-I69),Stroke,Kansas,1841,61.6
7704,1999,Cerebrovascular diseases (I60-I69),Stroke,United States,167366,61.6
7705,2004,Cerebrovascular diseases (I60-I69),Stroke,North Carolina,4955,61.7
7706,2016,"Accidents (unintentional injuries) (V01-X59,Y85-Y86)",Unintentional injuries,Pennsylvania,8410,61.8
7707,2000,Cerebrovascular diseases (I60-I69),Stroke,Idaho,720,61.8
7708,2017,"Accidents (unintentional injuries) (V01-X59,Y85-Y86)",Unintentional injuries,Delaware,608,61.9
7709,2016,"Accidents (unintentional injuries) (V01-X59,Y85-Y86)",Unintentional injuries,Wyoming,371,61.9
7710,2016,Chronic lower respiratory diseases (J40-J47),CLRD,Mississippi,2116,62.0
7711,2012,"Accidents (unintentional injuries) (V01-X59,Y85-Y86)",Unintentional injuries,Kentucky,2741,62.0
7712,2001,Cerebrovascular diseases (I60-I69),Stroke,Missouri,3796,62.0
7713,2016,Chronic lower respiratory diseases (J40-J47),CLRD,West Virginia,1599,62.1
7714,2007,Chronic lower respiratory diseases (J40-J47),CLRD,Oklahoma,2386,62.1
7715,2002,Cerebrovascular diseases (I60-I69),Stroke,Hawaii,812,62.1
7716,2001,Cerebrovascular diseases (I60-I69),Stroke,California,18088,62.1
7717,1999,Cerebrovascular diseases (I60-I69),Stroke,Iowa,2317,62.1
7718,2009,Chronic lower respiratory diseases (J40-J47),CLRD,Kentucky,2854,62.2
7719,2007,"Accidents (unintentional injuries) (V01-X59,Y85-Y86)",Unintentional injuries,Mississippi,1808,62.2
7720,2000,Cerebrovascular diseases (I60-I69),Stroke,Wisconsin,3598,62.2
7721,1999,Cerebrovascular diseases (I60-I69),Stroke,Montana,595,62.2
7722,2003,Cerebrovascular diseases (I60-I69),Stroke,Alaska,185,62.3
7723,1999,Cerebrovascular diseases (I60-I69),Stroke,Ohio,7235,62.3
7724,2016,"Accidents (unintentional injuries) (V01-X59,Y85-Y86)",Unintentional injuries,Maine,909,62.4
7725,2015,Chronic lower respiratory diseases (J40-J47),CLRD,Arkansas,2270,62.4
7726,2013,Chronic lower respiratory diseases (J40-J47),CLRD,Oklahoma,2680,62.4
7727,2012,Chronic lower respiratory diseases (J40-J47),CLRD,West Virginia,1524,62.4
7728,2006,"Accidents (unintentional injuries) (V01-X59,Y85-Y86)",Unintentional injuries,West Virginia,1177,62.4
7729,2003,Cerebrovascular diseases (I60-I69),Stroke,Washington,3595,62.4
7730,2002,Cerebrovascular diseases (I60-I69),Stroke,Virginia,3960,62.4
7731,2001,Cerebrovascular diseases (I60-I69),Stroke,Wisconsin,3658,62.4
7732,2000,Chronic lower respiratory diseases (J40-J47),CLRD,Wyoming,283,62.4
7733,2017,"Accidents (unintentional injuries) (V01-X59,Y85-Y86)",Unintentional injuries,Oklahoma,2563,62.5
7734,2013,"Accidents (unintentional injuries) (V01-X59,Y85-Y86)",Unintentional injuries,Oklahoma,2474,62.7
7735,2010,Chronic lower respiratory diseases (J40-J47),CLRD,West Virginia,1482,62.7
7736,2005,Cerebrovascular diseases (I60-I69),Stroke,Tennessee,3659,62.7
7737,2004,Chronic lower respiratory diseases (J40-J47),CLRD,Wyoming,308,62.8
7738,2017,"Accidents (unintentional injuries) (V01-X59,Y85-Y86)",Unintentional injuries,New Hampshire,907,62.9
7739,2003,Chronic lower respiratory diseases (J40-J47),CLRD,Nevada,1173,62.9
7740,2000,Chronic lower respiratory diseases (J40-J47),CLRD,West Virginia,1345,62.9
7741,2017,"Accidents (unintentional injuries) (V01-X59,Y85-Y86)",Unintentional injuries,Tennessee,4435,63.0
7742,2014,Chronic lower respiratory diseases (J40-J47),CLRD,West Virginia,1578,63.0
7743,2002,Cerebrovascular diseases (I60-I69),Stroke,Montana,639,63.0
7744,1999,Cerebrovascular diseases (I60-I69),Stroke,North Dakota,513,63.0
7745,2016,"Accidents (unintentional injuries) (V01-X59,Y85-Y86)",Unintentional injuries,Alaska,439,63.1
7746,2013,Chronic lower respiratory diseases (J40-J47),CLRD,Wyoming,387,63.1
7747,2002,Cerebrovascular diseases (I60-I69),Stroke,Missouri,3885,63.1
7748,1999,Cerebrovascular diseases (I60-I69),Stroke,West Virginia,1323,63.1
7749,2014,Chronic lower respiratory diseases (J40-J47),CLRD,Oklahoma,2772,63.3
7750,1999,Cerebrovascular diseases (I60-I69),Stroke,Maryland,2892,63.3
7751,2005,Cerebrovascular diseases (I60-I69),Stroke,Alabama,2952,63.4
7752,2000,Cerebrovascular diseases (I60-I69),Stroke,Maryland,2955,63.4
7753,2000,Cerebrovascular diseases (I60-I69),Stroke,Louisiana,2533,63.5
7754,2005,Chronic lower respiratory diseases (J40-J47),CLRD,Oklahoma,2368,63.6
7755,2003,Cerebrovascular diseases (I60-I69),Stroke,Mississippi,1736,63.6
7756,2002,Cerebrovascular diseases (I60-I69),Stroke,Texas,10548,63.6
7757,2017,"Accidents (unintentional injuries) (V01-X59,Y85-Y86)",Unintentional injuries,Alaska,436,63.7
7758,2010,"Accidents (unintentional injuries) (V01-X59,Y85-Y86)",Unintentional injuries,West Virginia,1234,63.7
7759,2014,Chronic lower respiratory diseases (J40-J47),CLRD,Kentucky,3214,63.8
7760,2011,Chronic lower respiratory diseases (J40-J47),CLRD,Oklahoma,2637,63.8
7761,2009,"Accidents (unintentional injuries) (V01-X59,Y85-Y86)",Unintentional injuries,New Mexico,1281,63.8
7762,2002,Cerebrovascular diseases (I60-I69),Stroke,Louisiana,2595,63.8
7763,2009,Chronic lower respiratory diseases (J40-J47),CLRD,West Virginia,1490,63.9
7764,2000,Cerebrovascular diseases (I60-I69),Stroke,California,18185,64.0
7765,2016,"Accidents (unintentional injuries) (V01-X59,Y85-Y86)",Unintentional injuries,Oklahoma,2592,64.1
7766,2011,Chronic lower respiratory diseases (J40-J47),CLRD,Kentucky,3020,64.1
7767,2012,Chronic lower respiratory diseases (J40-J47),CLRD,Kentucky,3100,64.2
7768,1999,Cerebrovascular diseases (I60-I69),Stroke,Hawaii,762,64.2
7769,2017,Chronic lower respiratory diseases (J40-J47),CLRD,West Virginia,1681,64.3
7770,2015,Chronic lower respiratory diseases (J40-J47),CLRD,Kentucky,3331,64.3
7771,2008,"Accidents (unintentional injuries) (V01-X59,Y85-Y86)",Unintentional injuries,Wyoming,351,64.3
7772,2001,Cerebrovascular diseases (I60-I69),Stroke,Indiana,3877,64.3
7773,1999,Cerebrovascular diseases (I60-I69),Stroke,Michigan,6041,64.3
7774,2011,"Accidents (unintentional injuries) (V01-X59,Y85-Y86)",Unintentional injuries,New Mexico,1336,64.4
7775,1999,Cerebrovascular diseases (I60-I69),Stroke,Illinois,7714,64.4
7776,2017,Chronic lower respiratory diseases (J40-J47),CLRD,Kentucky,3480,64.5
7777,2000,"Accidents (unintentional injuries) (V01-X59,Y85-Y86)",Unintentional injuries,Alaska,343,64.5
7778,1999,Cerebrovascular diseases (I60-I69),Stroke,California,17962,64.5
7779,2015,Chronic lower respiratory diseases (J40-J47),CLRD,West Virginia,1628,64.6
7780,2013,Chronic lower respiratory diseases (J40-J47),CLRD,Kentucky,3187,64.6
7781,2013,Chronic lower respiratory diseases (J40-J47),CLRD,West Virginia,1590,64.6
7782,2004,Cerebrovascular diseases (I60-I69),Stroke,Tennessee,3680,64.6
7783,2006,"Accidents (unintentional injuries) (V01-X59,Y85-Y86)",Unintentional injuries,Mississippi,1856,64.7
7784,1999,Chronic lower respiratory diseases (J40-J47),CLRD,Nevada,1029,64.7
7785,2002,Cerebrovascular diseases (I60-I69),Stroke,Kentucky,2554,64.9
7786,2012,"Accidents (unintentional injuries) (V01-X59,Y85-Y86)",Unintentional injuries,New Mexico,1351,65.0
7787,2001,Cerebrovascular diseases (I60-I69),Stroke,Texas,10612,65.0
7788,2009,Chronic lower respiratory diseases (J40-J47),CLRD,Oklahoma,2595,65.1
7789,2000,Cerebrovascular diseases (I60-I69),Stroke,Missouri,3940,65.1
7790,2008,Chronic lower respiratory diseases (J40-J47),CLRD,Kentucky,2926,65.2
7791,2001,Cerebrovascular diseases (I60-I69),Stroke,Kentucky,2557,65.2
7792,2004,Cerebrovascular diseases (I60-I69),Stroke,Arkansas,1948,65.3
7793,2001,Cerebrovascular diseases (I60-I69),Stroke,Idaho,781,65.4
7794,2001,Cerebrovascular diseases (I60-I69),Stroke,Louisiana,2638,65.4
7795,2008,"Accidents (unintentional injuries) (V01-X59,Y85-Y86)",Unintentional injuries,West Virginia,1253,65.5
7796,2004,Cerebrovascular diseases (I60-I69),Stroke,Alabama,2986,65.5
7797,2003,Cerebrovascular diseases (I60-I69),Stroke,Georgia,4301,65.6
7798,2001,Chronic lower respiratory diseases (J40-J47),CLRD,Nevada,1136,65.6
7799,1999,Cerebrovascular diseases (I60-I69),Stroke,Missouri,3950,65.6
7800,2015,"Accidents (unintentional injuries) (V01-X59,Y85-Y86)",Unintentional injuries,Wyoming,400,65.8
7801,2015,Chronic lower respiratory diseases (J40-J47),CLRD,Oklahoma,2924,65.8
7802,2007,"Accidents (unintentional injuries) (V01-X59,Y85-Y86)",Unintentional injuries,West Virginia,1241,65.8
7803,2017,Chronic lower respiratory diseases (J40-J47),CLRD,Oklahoma,3035,65.9
7804,2002,Chronic lower respiratory diseases (J40-J47),CLRD,Nevada,1174,65.9
7805,1999,Cerebrovascular diseases (I60-I69),Stroke,Texas,10414,65.9
7806,2015,"Accidents (unintentional injuries) (V01-X59,Y85-Y86)",Unintentional injuries,Kentucky,2962,66.0
7807,2004,"Accidents (unintentional injuries) (V01-X59,Y85-Y86)",Unintentional injuries,New Mexico,1223,66.0
7808,2000,Cerebrovascular diseases (I60-I69),Stroke,Utah,975,66.0
7809,2011,Chronic lower respiratory diseases (J40-J47),CLRD,West Virginia,1571,66.1
7810,2000,Cerebrovascular diseases (I60-I69),Stroke,Alaska,170,66.1
7811,2016,Chronic lower respiratory diseases (J40-J47),CLRD,Kentucky,3486,66.3
7812,2001,Cerebrovascular diseases (I60-I69),Stroke,Virginia,4129,66.3
7813,2003,Cerebrovascular diseases (I60-I69),Stroke,North Carolina,5203,66.4
7814,2001,Cerebrovascular diseases (I60-I69),Stroke,Oklahoma,2384,66.4
7815,2004,Cerebrovascular diseases (I60-I69),Stroke,South Carolina,2643,66.5
7816,2002,Cerebrovascular diseases (I60-I69),Stroke,Georgia,4261,66.5
7817,2000,Cerebrovascular diseases (I60-I69),Stroke,Texas,10684,66.5
7818,2016,"Accidents (unintentional injuries) (V01-X59,Y85-Y86)",Unintentional injuries,New Hampshire,924,66.6
7819,2016,"Accidents (unintentional injuries) (V01-X59,Y85-Y86)",Unintentional injuries,Ohio,7999,66.6
7820,2002,Cerebrovascular diseases (I60-I69),Stroke,Washington,3753,66.6
7821,2017,Chronic lower respiratory diseases (J40-J47),CLRD,Arkansas,2517,66.7
7822,2003,Cerebrovascular diseases (I60-I69),Stroke,Oregon,2554,66.7
7823,2001,Cerebrovascular diseases (I60-I69),Stroke,Alabama,2998,66.9
7824,2005,"Accidents (unintentional injuries) (V01-X59,Y85-Y86)",Unintentional injuries,New Mexico,1267,67.0
7825,2003,Cerebrovascular diseases (I60-I69),Stroke,Alabama,3028,67.0
7826,2005,"Accidents (unintentional injuries) (V01-X59,Y85-Y86)",Unintentional injuries,Mississippi,1936,67.1
7827,2015,"Accidents (unintentional injuries) (V01-X59,Y85-Y86)",Unintentional injuries,New Mexico,1430,67.3
7828,2003,"Accidents (unintentional injuries) (V01-X59,Y85-Y86)",Unintentional injuries,New Mexico,1227,67.3
7829,2010,Chronic lower respiratory diseases (J40-J47),CLRD,Oklahoma,2720,67.4
7830,2006,Chronic lower respiratory diseases (J40-J47),CLRD,Wyoming,345,67.4
7831,2000,Cerebrovascular diseases (I60-I69),Stroke,Virginia,4104,67.4
7832,2002,Cerebrovascular diseases (I60-I69),Stroke,Oklahoma,2427,67.5
7833,1999,Cerebrovascular diseases (I60-I69),Stroke,Idaho,771,67.5
7834,1999,Cerebrovascular diseases (I60-I69),Stroke,Wisconsin,3869,67.5
7835,2006,"Accidents (unintentional injuries) (V01-X59,Y85-Y86)",Unintentional injuries,New Mexico,1297,67.6
7836,2007,"Accidents (unintentional injuries) (V01-X59,Y85-Y86)",Unintentional injuries,New Mexico,1329,67.7
7837,2000,Cerebrovascular diseases (I60-I69),Stroke,Kentucky,2637,67.7
7838,2017,"Accidents (unintentional injuries) (V01-X59,Y85-Y86)",Unintentional injuries,Maine,990,68.0
7839,2001,Cerebrovascular diseases (I60-I69),Stroke,Washington,3765,68.1
7840,2017,"Accidents (unintentional injuries) (V01-X59,Y85-Y86)",Unintentional injuries,New Mexico,1460,68.3
7841,2001,Cerebrovascular diseases (I60-I69),Stroke,Georgia,4312,68.3
7842,1999,Cerebrovascular diseases (I60-I69),Stroke,Louisiana,2684,68.3
7843,2005,"Accidents (unintentional injuries) (V01-X59,Y85-Y86)",Unintentional injuries,Louisiana,3072,68.5
7844,2002,Chronic lower respiratory diseases (J40-J47),CLRD,Wyoming,324,68.7
7845,2000,Cerebrovascular diseases (I60-I69),Stroke,Washington,3714,68.7
7846,1999,Cerebrovascular diseases (I60-I69),Stroke,Virginia,4110,68.7
7847,2002,Cerebrovascular diseases (I60-I69),Stroke,North Carolina,5259,68.8
7848,2008,Chronic lower respiratory diseases (J40-J47),CLRD,Oklahoma,2694,68.9
7849,2008,Chronic lower respiratory diseases (J40-J47),CLRD,West Virginia,1590,68.9
7850,2003,Cerebrovascular diseases (I60-I69),Stroke,Oklahoma,2485,68.9
7851,1999,Cerebrovascular diseases (I60-I69),Stroke,Indiana,4057,69.0
7852,2003,Cerebrovascular diseases (I60-I69),Stroke,Tennessee,3883,69.2
7853,1999,Cerebrovascular diseases (I60-I69),Stroke,Mississippi,1854,69.2
7854,2008,"Accidents (unintentional injuries) (V01-X59,Y85-Y86)",Unintentional injuries,New Mexico,1366,69.3
7855,2016,"Accidents (unintentional injuries) (V01-X59,Y85-Y86)",Unintentional injuries,New Mexico,1487,69.5
7856,2000,Cerebrovascular diseases (I60-I69),Stroke,Oklahoma,2493,69.5
7857,1999,Cerebrovascular diseases (I60-I69),Stroke,Oklahoma,2481,69.6
7858,1999,Cerebrovascular diseases (I60-I69),Stroke,Washington,3718,69.9
7859,2017,"Accidents (unintentional injuries) (V01-X59,Y85-Y86)",Unintentional injuries,Pennsylvania,9527,70.2
7860,2001,Cerebrovascular diseases (I60-I69),Stroke,Oregon,2588,70.2
7861,2002,Cerebrovascular diseases (I60-I69),Stroke,Oregon,2645,70.4
7862,1999,Cerebrovascular diseases (I60-I69),Stroke,Kentucky,2710,70.4
7863,2012,"Accidents (unintentional injuries) (V01-X59,Y85-Y86)",Unintentional injuries,West Virginia,1371,70.8
7864,2002,Cerebrovascular diseases (I60-I69),Stroke,Mississippi,1926,70.9
7865,2016,"Accidents (unintentional injuries) (V01-X59,Y85-Y86)",Unintentional injuries,Kentucky,3194,71.0
7866,2014,"Accidents (unintentional injuries) (V01-X59,Y85-Y86)",Unintentional injuries,West Virginia,1380,71.0
7867,2003,Cerebrovascular diseases (I60-I69),Stroke,Arkansas,2107,71.1
7868,2003,Cerebrovascular diseases (I60-I69),Stroke,South Carolina,2748,71.2
7869,2002,Cerebrovascular diseases (I60-I69),Stroke,Alabama,3201,71.2
7870,1999,Cerebrovascular diseases (I60-I69),Stroke,Alaska,171,71.2
7871,2001,Cerebrovascular diseases (I60-I69),Stroke,Mississippi,1935,71.5
7872,2000,Cerebrovascular diseases (I60-I69),Stroke,Alabama,3183,71.5
7873,2000,Cerebrovascular diseases (I60-I69),Stroke,Indiana,4247,71.5
7874,1999,Cerebrovascular diseases (I60-I69),Stroke,Alabama,3148,71.5
7875,2002,Cerebrovascular diseases (I60-I69),Stroke,Tennessee,3980,71.6
7876,2000,Cerebrovascular diseases (I60-I69),Stroke,Oregon,2585,71.6
7877,2013,"Accidents (unintentional injuries) (V01-X59,Y85-Y86)",Unintentional injuries,West Virginia,1395,71.7
7878,2014,"Accidents (unintentional injuries) (V01-X59,Y85-Y86)",Unintentional injuries,New Mexico,1534,72.1
7879,2001,Cerebrovascular diseases (I60-I69),Stroke,North Carolina,5401,72.1
7880,1999,Cerebrovascular diseases (I60-I69),Stroke,Georgia,4416,72.3
7881,2017,"Accidents (unintentional injuries) (V01-X59,Y85-Y86)",Unintentional injuries,Kentucky,3264,72.9
7882,2001,Cerebrovascular diseases (I60-I69),Stroke,Tennessee,4037,73.1
7883,2000,Cerebrovascular diseases (I60-I69),Stroke,Mississippi,1999,74.1
7884,2002,Cerebrovascular diseases (I60-I69),Stroke,South Carolina,2822,74.4
7885,2011,"Accidents (unintentional injuries) (V01-X59,Y85-Y86)",Unintentional injuries,West Virginia,1432,74.8
7886,2000,Cerebrovascular diseases (I60-I69),Stroke,Georgia,4625,74.8
7887,2017,"Accidents (unintentional injuries) (V01-X59,Y85-Y86)",Unintentional injuries,Ohio,8971,75.1
7888,1999,Chronic lower respiratory diseases (J40-J47),CLRD,Wyoming,338,75.6
7889,2002,Cerebrovascular diseases (I60-I69),Stroke,Arkansas,2232,75.7
7890,2001,Cerebrovascular diseases (I60-I69),Stroke,South Carolina,2832,76.2
7891,1999,Cerebrovascular diseases (I60-I69),Stroke,Tennessee,4103,76.3
7892,2001,Cerebrovascular diseases (I60-I69),Stroke,Arkansas,2256,76.8
7893,2000,Cerebrovascular diseases (I60-I69),Stroke,Arkansas,2255,77.2
7894,1999,Cerebrovascular diseases (I60-I69),Stroke,Arkansas,2255,77.7
7895,2015,"Accidents (unintentional injuries) (V01-X59,Y85-Y86)",Unintentional injuries,West Virginia,1516,77.9
7896,1999,Cerebrovascular diseases (I60-I69),Stroke,North Carolina,5626,77.9
7897,2000,Cerebrovascular diseases (I60-I69),Stroke,North Carolina,5749,78.5
7898,2000,Cerebrovascular diseases (I60-I69),Stroke,Tennessee,4266,78.5
7899,1999,Cerebrovascular diseases (I60-I69),Stroke,Oregon,2799,78.6
7900,2000,Cerebrovascular diseases (I60-I69),Stroke,South Carolina,2956,81.4
7901,1999,Cerebrovascular diseases (I60-I69),Stroke,South Carolina,2974,83.4
7902,2016,"Accidents (unintentional injuries) (V01-X59,Y85-Y86)",Unintentional injuries,West Virginia,1705,89.7
7903,2017,"Accidents (unintentional injuries) (V01-X59,Y85-Y86)",Unintentional injuries,West Virginia,1892,100.3
7904,2016,"Diseases of heart (I00-I09,I11,I13,I20-I51)",Heart disease,Minnesota,7825,114.9
7905,2014,"Diseases of heart (I00-I09,I11,I13,I20-I51)",Heart disease,Minnesota,7659,116.5
7906,2015,"Diseases of heart (I00-I09,I11,I13,I20-I51)",Heart disease,Minnesota,7844,116.6
7907,2011,"Diseases of heart (I00-I09,I11,I13,I20-I51)",Heart disease,Minnesota,7240,117.0
7908,2017,"Diseases of heart (I00-I09,I11,I13,I20-I51)",Heart disease,Minnesota,8230,119.1
7909,2012,"Diseases of heart (I00-I09,I11,I13,I20-I51)",Heart disease,Minnesota,7496,119.2
7910,2010,"Diseases of heart (I00-I09,I11,I13,I20-I51)",Heart disease,Minnesota,7185,119.4
7911,2013,"Diseases of heart (I00-I09,I11,I13,I20-I51)",Heart disease,Minnesota,7714,119.6
7912,2017,Malignant neoplasms (C00-C97),Cancer,Utah,3161,120.3
7913,2009,"Diseases of heart (I00-I09,I11,I13,I20-I51)",Heart disease,Minnesota,7238,122.1
7914,2016,Malignant neoplasms (C00-C97),Cancer,Utah,3125,122.4
7915,2017,"Diseases of heart (I00-I09,I11,I13,I20-I51)",Heart disease,Colorado,7060,122.7
7916,2009,Malignant neoplasms (C00-C97),Cancer,Utah,2555,124.7
7917,2015,Malignant neoplasms (C00-C97),Cancer,Utah,3091,125.2
7918,2008,Malignant neoplasms (C00-C97),Cancer,Utah,2492,125.4
7919,2013,"Diseases of heart (I00-I09,I11,I13,I20-I51)",Heart disease,Colorado,6456,125.7
7920,2011,Malignant neoplasms (C00-C97),Cancer,Utah,2746,125.7
7921,2008,"Diseases of heart (I00-I09,I11,I13,I20-I51)",Heart disease,Minnesota,7367,126.6
7922,2016,"Diseases of heart (I00-I09,I11,I13,I20-I51)",Heart disease,Hawaii,2488,127.0
7923,2012,"Diseases of heart (I00-I09,I11,I13,I20-I51)",Heart disease,Colorado,6311,127.3
7924,2014,Malignant neoplasms (C00-C97),Cancer,Utah,3043,127.4
7925,2013,Malignant neoplasms (C00-C97),Cancer,Utah,2971,127.6
7926,2012,Malignant neoplasms (C00-C97),Cancer,Utah,2876,128.2
7927,2015,"Diseases of heart (I00-I09,I11,I13,I20-I51)",Heart disease,Colorado,7009,128.4
7928,2017,Malignant neoplasms (C00-C97),Cancer,Hawaii,2456,128.6
7929,2016,Malignant neoplasms (C00-C97),Cancer,Hawaii,2401,128.7
7930,2017,"Diseases of heart (I00-I09,I11,I13,I20-I51)",Heart disease,Hawaii,2575,129.8
7931,2016,"Diseases of heart (I00-I09,I11,I13,I20-I51)",Heart disease,Colorado,7277,129.8
7932,2011,"Diseases of heart (I00-I09,I11,I13,I20-I51)",Heart disease,Colorado,6177,129.8
7933,2014,"Diseases of heart (I00-I09,I11,I13,I20-I51)",Heart disease,Colorado,6900,130.3
7934,2012,"Diseases of heart (I00-I09,I11,I13,I20-I51)",Heart disease,Oregon,6180,130.3
7935,2007,"Diseases of heart (I00-I09,I11,I13,I20-I51)",Heart disease,Minnesota,7477,130.7
7936,2017,Malignant neoplasms (C00-C97),Cancer,Colorado,7829,131.0
7937,2014,"Diseases of heart (I00-I09,I11,I13,I20-I51)",Heart disease,Oregon,6524,132.1
7938,2010,"Diseases of heart (I00-I09,I11,I13,I20-I51)",Heart disease,Colorado,6038,132.8
7939,2011,"Diseases of heart (I00-I09,I11,I13,I20-I51)",Heart disease,Hawaii,2312,132.9
7940,2007,Malignant neoplasms (C00-C97),Cancer,Utah,2572,133.2
7941,2010,Malignant neoplasms (C00-C97),Cancer,Utah,2810,133.7
7942,2017,"Diseases of heart (I00-I09,I11,I13,I20-I51)",Heart disease,Oregon,6942,134.0
7943,2015,Malignant neoplasms (C00-C97),Cancer,Colorado,7604,134.4
7944,2012,Malignant neoplasms (C00-C97),Cancer,Hawaii,2284,134.5
7945,2017,"Diseases of heart (I00-I09,I11,I13,I20-I51)",Heart disease,Massachusetts,12140,134.7
7946,2010,"Diseases of heart (I00-I09,I11,I13,I20-I51)",Heart disease,Hawaii,2239,134.7
7947,2016,"Diseases of heart (I00-I09,I11,I13,I20-I51)",Heart disease,Massachusetts,11921,134.8
7948,2006,"Diseases of heart (I00-I09,I11,I13,I20-I51)",Heart disease,Minnesota,7525,134.9
7949,2017,"Diseases of heart (I00-I09,I11,I13,I20-I51)",Heart disease,Alaska,814,135.0
7950,2016,"Diseases of heart (I00-I09,I11,I13,I20-I51)",Heart disease,Oregon,6968,135.0
7951,2013,"Diseases of heart (I00-I09,I11,I13,I20-I51)",Heart disease,Alaska,706,135.0
7952,2013,"Diseases of heart (I00-I09,I11,I13,I20-I51)",Heart disease,Oregon,6523,135.1
7953,2012,"Diseases of heart (I00-I09,I11,I13,I20-I51)",Heart disease,Hawaii,2430,135.2
7954,2015,Malignant neoplasms (C00-C97),Cancer,Hawaii,2462,135.3
7955,2011,"Diseases of heart (I00-I09,I11,I13,I20-I51)",Heart disease,Oregon,6255,135.3
7956,2013,Malignant neoplasms (C00-C97),Cancer,Hawaii,2332,135.5
7957,2015,"Diseases of heart (I00-I09,I11,I13,I20-I51)",Heart disease,Hawaii,2605,135.6
7958,2017,Malignant neoplasms (C00-C97),Cancer,Arizona,12008,135.8
7959,2014,Malignant neoplasms (C00-C97),Cancer,Colorado,7405,136.0
7960,2017,Malignant neoplasms (C00-C97),Cancer,Wyoming,948,136.1
7961,2016,"Diseases of heart (I00-I09,I11,I13,I20-I51)",Heart disease,Washington,11161,136.1
7962,2015,"Diseases of heart (I00-I09,I11,I13,I20-I51)",Heart disease,Oregon,6859,136.1
7963,2014,"Diseases of heart (I00-I09,I11,I13,I20-I51)",Heart disease,Arizona,10805,136.4
7964,2012,"Diseases of heart (I00-I09,I11,I13,I20-I51)",Heart disease,Alaska,708,136.5
7965,2009,"Diseases of heart (I00-I09,I11,I13,I20-I51)",Heart disease,Colorado,6093,136.5
7966,2014,"Diseases of heart (I00-I09,I11,I13,I20-I51)",Heart disease,Hawaii,2528,136.7
7967,2017,Malignant neoplasms (C00-C97),Cancer,California,59516,136.8
7968,2016,Malignant neoplasms (C00-C97),Cancer,Arizona,11876,136.8
7969,2016,Malignant neoplasms (C00-C97),Cancer,Colorado,7928,137.1
7970,2014,"Diseases of heart (I00-I09,I11,I13,I20-I51)",Heart disease,Massachusetts,11817,137.1
7971,2014,"Diseases of heart (I00-I09,I11,I13,I20-I51)",Heart disease,Washington,10710,137.2
7972,2015,"Diseases of heart (I00-I09,I11,I13,I20-I51)",Heart disease,Washington,11025,137.6
7973,2017,"Diseases of heart (I00-I09,I11,I13,I20-I51)",Heart disease,North Dakota,1326,137.8
7974,2010,"Diseases of heart (I00-I09,I11,I13,I20-I51)",Heart disease,Oregon,6198,137.9
7975,2011,Malignant neoplasms (C00-C97),Cancer,Hawaii,2278,138.1
7976,2013,"Diseases of heart (I00-I09,I11,I13,I20-I51)",Heart disease,Washington,10524,138.2
7977,2017,Malignant neoplasms (C00-C97),Cancer,New Mexico,3620,138.3
7978,2015,"Diseases of heart (I00-I09,I11,I13,I20-I51)",Heart disease,Massachusetts,12130,138.5
7979,2017,"Diseases of heart (I00-I09,I11,I13,I20-I51)",Heart disease,Washington,11582,138.8
7980,2016,Malignant neoplasms (C00-C97),Cancer,New Mexico,3560,138.8
7981,2015,"Diseases of heart (I00-I09,I11,I13,I20-I51)",Heart disease,Arizona,11458,138.8
7982,2016,"Diseases of heart (I00-I09,I11,I13,I20-I51)",Heart disease,Arizona,11957,138.9
7983,2013,"Diseases of heart (I00-I09,I11,I13,I20-I51)",Heart disease,Hawaii,2521,139.0
7984,2012,"Diseases of heart (I00-I09,I11,I13,I20-I51)",Heart disease,Massachusetts,11602,139.1
7985,2017,Malignant neoplasms (C00-C97),Cancer,Alaska,926,139.2
7986,2013,Malignant neoplasms (C00-C97),Cancer,Colorado,7357,139.2
7987,2012,"Diseases of heart (I00-I09,I11,I13,I20-I51)",Heart disease,Washington,10360,139.3
7988,2015,Malignant neoplasms (C00-C97),Cancer,Wyoming,931,139.4
7989,2017,Malignant neoplasms (C00-C97),Cancer,Connecticut,6608,139.6
7990,2016,Malignant neoplasms (C00-C97),Cancer,California,59515,139.7
7991,2006,Malignant neoplasms (C00-C97),Cancer,Utah,2615,139.9
7992,2014,Malignant neoplasms (C00-C97),Cancer,Hawaii,2493,140.0
7993,2016,"Diseases of heart (I00-I09,I11,I13,I20-I51)",Heart disease,Nebraska,3322,140.3
7994,2014,Malignant neoplasms (C00-C97),Cancer,Wyoming,922,140.7
7995,2016,"Diseases of heart (I00-I09,I11,I13,I20-I51)",Heart disease,North Dakota,1338,140.9
7996,2016,Malignant neoplasms (C00-C97),Cancer,Wyoming,962,140.9
7997,2010,Malignant neoplasms (C00-C97),Cancer,Hawaii,2266,140.9
7998,2005,Malignant neoplasms (C00-C97),Cancer,Utah,2520,140.9
7999,2016,"Diseases of heart (I00-I09,I11,I13,I20-I51)",Heart disease,Alaska,831,141.0
8000,2013,"Diseases of heart (I00-I09,I11,I13,I20-I51)",Heart disease,Arizona,10755,141.1
8001,2004,Malignant neoplasms (C00-C97),Cancer,Utah,2445,141.1
8002,2017,Malignant neoplasms (C00-C97),Cancer,New York,34956,141.2
8003,2009,"Diseases of heart (I00-I09,I11,I13,I20-I51)",Heart disease,Oregon,6262,141.2
8004,2015,Malignant neoplasms (C00-C97),Cancer,Arizona,11776,141.3
8005,2009,Malignant neoplasms (C00-C97),Cancer,Hawaii,2244,141.3
8006,2013,"Diseases of heart (I00-I09,I11,I13,I20-I51)",Heart disease,Massachusetts,12023,141.5
8007,2017,"Diseases of heart (I00-I09,I11,I13,I20-I51)",Heart disease,Connecticut,7138,141.6
8008,2017,"Diseases of heart (I00-I09,I11,I13,I20-I51)",Heart disease,Arizona,12398,141.9
8009,2014,"Diseases of heart (I00-I09,I11,I13,I20-I51)",Heart disease,California,58189,142.2
8010,2009,"Diseases of heart (I00-I09,I11,I13,I20-I51)",Heart disease,Utah,2813,142.2
8011,2015,"Diseases of heart (I00-I09,I11,I13,I20-I51)",Heart disease,New Mexico,3508,142.4
8012,2015,"Diseases of heart (I00-I09,I11,I13,I20-I51)",Heart disease,North Dakota,1323,142.4
8013,2014,Malignant neoplasms (C00-C97),Cancer,New Mexico,3478,142.4
8014,2012,"Diseases of heart (I00-I09,I11,I13,I20-I51)",Heart disease,Utah,3091,142.4
8015,2008,"Diseases of heart (I00-I09,I11,I13,I20-I51)",Heart disease,Colorado,6118,142.5
8016,2008,Malignant neoplasms (C00-C97),Cancer,Hawaii,2194,142.5
8017,2017,Malignant neoplasms (C00-C97),Cancer,North Dakota,1280,142.6
8018,2016,Malignant neoplasms (C00-C97),Cancer,North Dakota,1253,142.7
8019,2014,Malignant neoplasms (C00-C97),Cancer,Arizona,11455,142.7
8020,2015,Malignant neoplasms (C00-C97),Cancer,California,59629,142.8
8021,2017,"Diseases of heart (I00-I09,I11,I13,I20-I51)",Heart disease,California,62797,142.9
8022,2014,"Diseases of heart (I00-I09,I11,I13,I20-I51)",Heart disease,Nebraska,3296,143.0
8023,2016,"Diseases of heart (I00-I09,I11,I13,I20-I51)",Heart disease,California,61573,143.1
8024,2012,Malignant neoplasms (C00-C97),Cancer,Colorado,7306,143.1
8025,2010,"Diseases of heart (I00-I09,I11,I13,I20-I51)",Heart disease,Utah,2889,143.2
8026,2015,Malignant neoplasms (C00-C97),Cancer,New Mexico,3591,143.3
8027,2014,"Diseases of heart (I00-I09,I11,I13,I20-I51)",Heart disease,New Mexico,3424,143.3
8028,2017,"Diseases of heart (I00-I09,I11,I13,I20-I51)",Heart disease,Maine,2844,143.5
8029,2011,"Diseases of heart (I00-I09,I11,I13,I20-I51)",Heart disease,Massachusetts,11765,143.8
8030,2011,"Diseases of heart (I00-I09,I11,I13,I20-I51)",Heart disease,Washington,10439,143.8
8031,2011,Malignant neoplasms (C00-C97),Cancer,Colorado,7051,143.9
8032,2014,Malignant neoplasms (C00-C97),Cancer,California,58412,144.1
8033,2016,"Diseases of heart (I00-I09,I11,I13,I20-I51)",Heart disease,Connecticut,7051,144.3
8034,2001,Malignant neoplasms (C00-C97),Cancer,Utah,2313,144.3
8035,2011,"Diseases of heart (I00-I09,I11,I13,I20-I51)",Heart disease,Utah,3036,144.4
8036,2002,Malignant neoplasms (C00-C97),Cancer,Utah,2376,144.4
8037,2017,Malignant neoplasms (C00-C97),Cancer,New Jersey,16264,144.6
8038,2011,"Diseases of heart (I00-I09,I11,I13,I20-I51)",Heart disease,North Dakota,1290,144.6
8039,2003,Malignant neoplasms (C00-C97),Cancer,Utah,2444,144.6
8040,2016,Malignant neoplasms (C00-C97),Cancer,Connecticut,6696,144.9
8041,2013,"Diseases of heart (I00-I09,I11,I13,I20-I51)",Heart disease,Idaho,2495,145.4
8042,2013,Malignant neoplasms (C00-C97),Cancer,New Mexico,3482,145.4
8043,2005,"Diseases of heart (I00-I09,I11,I13,I20-I51)",Heart disease,Minnesota,7926,145.4
8044,2012,"Diseases of heart (I00-I09,I11,I13,I20-I51)",Heart disease,Arizona,10689,145.5
8045,2015,"Diseases of heart (I00-I09,I11,I13,I20-I51)",Heart disease,California,61289,145.6
8046,2014,"Diseases of heart (I00-I09,I11,I13,I20-I51)",Heart disease,Connecticut,7018,145.6
8047,2017,"Diseases of heart (I00-I09,I11,I13,I20-I51)",Heart disease,Florida,46440,145.8
8048,2017,Malignant neoplasms (C00-C97),Cancer,Florida,45131,145.9
8049,2016,Malignant neoplasms (C00-C97),Cancer,Montana,2031,145.9
8050,2012,"Diseases of heart (I00-I09,I11,I13,I20-I51)",Heart disease,Maine,2623,145.9
8051,2012,"Diseases of heart (I00-I09,I11,I13,I20-I51)",Heart disease,New Hampshire,2324,146.1
8052,2016,"Diseases of heart (I00-I09,I11,I13,I20-I51)",Heart disease,Florida,45659,146.2
8053,2015,Malignant neoplasms (C00-C97),Cancer,Connecticut,6666,146.2
8054,2017,Malignant neoplasms (C00-C97),Cancer,Texas,40668,146.5
8055,2014,"Diseases of heart (I00-I09,I11,I13,I20-I51)",Heart disease,Alaska,782,146.6
8056,2009,"Diseases of heart (I00-I09,I11,I13,I20-I51)",Heart disease,Hawaii,2363,146.6
8057,2014,Malignant neoplasms (C00-C97),Cancer,Connecticut,6621,146.7
8058,2010,"Diseases of heart (I00-I09,I11,I13,I20-I51)",Heart disease,Arizona,9954,146.7
8059,2007,"Diseases of heart (I00-I09,I11,I13,I20-I51)",Heart disease,Hawaii,2227,146.7
8060,2004,"Diseases of heart (I00-I09,I11,I13,I20-I51)",Heart disease,Minnesota,7891,146.7
8061,2017,Malignant neoplasms (C00-C97),Cancer,Minnesota,9896,146.8
8062,2016,Malignant neoplasms (C00-C97),Cancer,Florida,44266,146.9
8063,2012,"Diseases of heart (I00-I09,I11,I13,I20-I51)",Heart disease,Nebraska,3307,146.9
8064,2011,"Diseases of heart (I00-I09,I11,I13,I20-I51)",Heart disease,Nebraska,3265,146.9
8065,2011,Malignant neoplasms (C00-C97),Cancer,New Mexico,3328,146.9
8066,2013,Malignant neoplasms (C00-C97),Cancer,Arizona,11347,147.0
8067,2013,Malignant neoplasms (C00-C97),Cancer,California,57714,147.0
8068,2007,"Diseases of heart (I00-I09,I11,I13,I20-I51)",Heart disease,Colorado,6106,147.0
8069,2013,"Diseases of heart (I00-I09,I11,I13,I20-I51)",Heart disease,New Mexico,3425,147.1
8070,2002,Malignant neoplasms (C00-C97),Cancer,Hawaii,1945,147.2
8071,2016,Malignant neoplasms (C00-C97),Cancer,New York,35368,147.5
8072,2008,"Diseases of heart (I00-I09,I11,I13,I20-I51)",Heart disease,Hawaii,2313,147.7
8073,2015,"Diseases of heart (I00-I09,I11,I13,I20-I51)",Heart disease,Connecticut,7205,147.8
8074,2014,"Diseases of heart (I00-I09,I11,I13,I20-I51)",Heart disease,Montana,1957,147.8
8075,2012,"Diseases of heart (I00-I09,I11,I13,I20-I51)",Heart disease,New Mexico,3352,147.8
8076,2006,Malignant neoplasms (C00-C97),Cancer,Hawaii,2171,147.8
8077,2014,"Diseases of heart (I00-I09,I11,I13,I20-I51)",Heart disease,Maine,2776,147.9
8078,2014,"Diseases of heart (I00-I09,I11,I13,I20-I51)",Heart disease,New Hampshire,2464,147.9
8079,2013,"Diseases of heart (I00-I09,I11,I13,I20-I51)",Heart disease,Nebraska,3381,147.9
8080,2007,Malignant neoplasms (C00-C97),Cancer,Hawaii,2214,148.0
8081,2012,Malignant neoplasms (C00-C97),Cancer,New Mexico,3462,148.1
8082,2013,Malignant neoplasms (C00-C97),Cancer,Wyoming,946,148.2
8083,2017,Malignant neoplasms (C00-C97),Cancer,Washington,12664,148.4
8084,2015,Malignant neoplasms (C00-C97),Cancer,New York,35089,148.4
8085,2013,Malignant neoplasms (C00-C97),Cancer,Connecticut,6619,148.4
8086,2016,Malignant neoplasms (C00-C97),Cancer,Texas,40195,148.5
8087,2011,Malignant neoplasms (C00-C97),Cancer,Arizona,10690,148.5
8088,2016,Malignant neoplasms (C00-C97),Cancer,Minnesota,9857,148.6
8089,2012,Malignant neoplasms (C00-C97),Cancer,Arizona,11085,148.6
8090,2008,"Diseases of heart (I00-I09,I11,I13,I20-I51)",Heart disease,Utah,2844,148.7
8091,2017,"Diseases of heart (I00-I09,I11,I13,I20-I51)",Heart disease,Wyoming,1001,148.9
8092,2013,"Diseases of heart (I00-I09,I11,I13,I20-I51)",Heart disease,Connecticut,7090,148.9
8093,2013,"Diseases of heart (I00-I09,I11,I13,I20-I51)",Heart disease,New Hampshire,2434,148.9
8094,2015,"Diseases of heart (I00-I09,I11,I13,I20-I51)",Heart disease,New Hampshire,2571,149.0
8095,2013,"Diseases of heart (I00-I09,I11,I13,I20-I51)",Heart disease,Utah,3323,149.0
8096,2009,Malignant neoplasms (C00-C97),Cancer,New Mexico,3202,149.0
8097,2015,Malignant neoplasms (C00-C97),Cancer,Texas,39121,149.2
8098,2014,"Diseases of heart (I00-I09,I11,I13,I20-I51)",Heart disease,North Dakota,1381,149.2
8099,2017,"Diseases of heart (I00-I09,I11,I13,I20-I51)",Heart disease,Nebraska,3581,149.3
8100,2017,Malignant neoplasms (C00-C97),Cancer,Massachusetts,12934,149.3
8101,2016,"Diseases of heart (I00-I09,I11,I13,I20-I51)",Heart disease,Maine,2907,149.5
8102,2011,"Diseases of heart (I00-I09,I11,I13,I20-I51)",Heart disease,Maine,2648,149.5
8103,2010,Malignant neoplasms (C00-C97),Cancer,Colorado,7035,149.5
8104,2013,"Diseases of heart (I00-I09,I11,I13,I20-I51)",Heart disease,Vermont,1220,149.6
8105,2011,"Diseases of heart (I00-I09,I11,I13,I20-I51)",Heart disease,Alaska,739,149.6
8106,2017,"Diseases of heart (I00-I09,I11,I13,I20-I51)",Heart disease,New Hampshire,2721,149.7
8107,2016,Malignant neoplasms (C00-C97),Cancer,New Jersey,16377,149.7
8108,2015,"Diseases of heart (I00-I09,I11,I13,I20-I51)",Heart disease,Florida,45441,149.8
8109,2013,"Diseases of heart (I00-I09,I11,I13,I20-I51)",Heart disease,Florida,42656,149.8
8110,2016,"Diseases of heart (I00-I09,I11,I13,I20-I51)",Heart disease,Utah,3636,150.0
8111,2010,"Diseases of heart (I00-I09,I11,I13,I20-I51)",Heart disease,Massachusetts,12043,150.0
8112,2017,"Diseases of heart (I00-I09,I11,I13,I20-I51)",Heart disease,South Dakota,1710,150.1
8113,2013,"Diseases of heart (I00-I09,I11,I13,I20-I51)",Heart disease,South Dakota,1630,150.1
8114,2008,"Diseases of heart (I00-I09,I11,I13,I20-I51)",Heart disease,Alaska,634,150.1
8115,2017,"Diseases of heart (I00-I09,I11,I13,I20-I51)",Heart disease,Utah,3749,150.2
8116,2016,Malignant neoplasms (C00-C97),Cancer,Massachusetts,12717,150.2
8117,2011,"Diseases of heart (I00-I09,I11,I13,I20-I51)",Heart disease,Arizona,10662,150.3
8118,2011,"Diseases of heart (I00-I09,I11,I13,I20-I51)",Heart disease,New Mexico,3333,150.3
8119,2004,Malignant neoplasms (C00-C97),Cancer,Hawaii,2088,150.5
8120,2016,"Diseases of heart (I00-I09,I11,I13,I20-I51)",Heart disease,New Mexico,3800,150.6
8121,2015,Malignant neoplasms (C00-C97),Cancer,Florida,44027,150.6
8122,2012,"Diseases of heart (I00-I09,I11,I13,I20-I51)",Heart disease,Vermont,1206,150.6
8123,2016,"Diseases of heart (I00-I09,I11,I13,I20-I51)",Heart disease,Virginia,14124,150.7
8124,2013,"Diseases of heart (I00-I09,I11,I13,I20-I51)",Heart disease,North Dakota,1382,150.7
8125,2012,Malignant neoplasms (C00-C97),Cancer,North Dakota,1253,150.7
8126,2015,Malignant neoplasms (C00-C97),Cancer,New Jersey,16270,150.8
8127,2008,"Diseases of heart (I00-I09,I11,I13,I20-I51)",Heart disease,Oregon,6519,150.8
8128,2016,Malignant neoplasms (C00-C97),Cancer,Idaho,2884,150.9
8129,2016,Malignant neoplasms (C00-C97),Cancer,Washington,12594,150.9
8130,2015,"Diseases of heart (I00-I09,I11,I13,I20-I51)",Heart disease,South Dakota,1711,150.9
8131,2012,"Diseases of heart (I00-I09,I11,I13,I20-I51)",Heart disease,Idaho,2515,150.9
8132,2012,Malignant neoplasms (C00-C97),Cancer,California,57676,150.9
8133,2008,Malignant neoplasms (C00-C97),Cancer,Colorado,6719,150.9
8134,2014,"Diseases of heart (I00-I09,I11,I13,I20-I51)",Heart disease,Utah,3431,151.0
8135,2011,"Diseases of heart (I00-I09,I11,I13,I20-I51)",Heart disease,New Hampshire,2333,151.0
8136,2016,"Diseases of heart (I00-I09,I11,I13,I20-I51)",Heart disease,New Hampshire,2631,151.1
8137,2012,"Diseases of heart (I00-I09,I11,I13,I20-I51)",Heart disease,Montana,1903,151.1
8138,2010,"Diseases of heart (I00-I09,I11,I13,I20-I51)",Heart disease,Maine,2628,151.1
8139,2010,"Diseases of heart (I00-I09,I11,I13,I20-I51)",Heart disease,New Mexico,3224,151.2
8140,2000,Malignant neoplasms (C00-C97),Cancer,Utah,2359,151.2
8141,2014,"Diseases of heart (I00-I09,I11,I13,I20-I51)",Heart disease,Florida,44511,151.3
8142,2005,Malignant neoplasms (C00-C97),Cancer,Hawaii,2169,151.3
8143,2017,"Diseases of heart (I00-I09,I11,I13,I20-I51)",Heart disease,New Mexico,3896,151.4
8144,2009,Malignant neoplasms (C00-C97),Cancer,Colorado,6950,151.4
8145,2006,"Diseases of heart (I00-I09,I11,I13,I20-I51)",Heart disease,Hawaii,2244,151.4
8146,2017,Malignant neoplasms (C00-C97),Cancer,Maryland,10796,151.5
8147,2010,"Diseases of heart (I00-I09,I11,I13,I20-I51)",Heart disease,Alaska,707,151.5
8148,2010,"Diseases of heart (I00-I09,I11,I13,I20-I51)",Heart disease,Washington,10602,151.5
8149,2012,"Diseases of heart (I00-I09,I11,I13,I20-I51)",Heart disease,North Dakota,1368,151.6
8150,2011,"Diseases of heart (I00-I09,I11,I13,I20-I51)",Heart disease,Vermont,1187,151.7
8151,2014,Malignant neoplasms (C00-C97),Cancer,New York,35392,151.8
8152,2013,"Diseases of heart (I00-I09,I11,I13,I20-I51)",Heart disease,California,60299,151.8
8153,2013,Malignant neoplasms (C00-C97),Cancer,North Dakota,1286,151.8
8154,2012,Malignant neoplasms (C00-C97),Cancer,Connecticut,6681,152.0
8155,2012,Malignant neoplasms (C00-C97),Cancer,Idaho,2572,152.0
8156,2011,Malignant neoplasms (C00-C97),Cancer,California,56449,152.0
8157,2009,Malignant neoplasms (C00-C97),Cancer,Arizona,10271,152.0
8158,2014,Malignant neoplasms (C00-C97),Cancer,North Dakota,1304,152.3
8159,2013,"Diseases of heart (I00-I09,I11,I13,I20-I51)",Heart disease,Maine,2807,152.3
8160,2016,"Diseases of heart (I00-I09,I11,I13,I20-I51)",Heart disease,Rhode Island,2256,152.4
8161,2013,"Diseases of heart (I00-I09,I11,I13,I20-I51)",Heart disease,Wyoming,939,152.4
8162,2010,Malignant neoplasms (C00-C97),Cancer,New Mexico,3358,152.4
8163,2017,"Diseases of heart (I00-I09,I11,I13,I20-I51)",Heart disease,Vermont,1332,152.5
8164,2017,Malignant neoplasms (C00-C97),Cancer,United States,599108,152.5
8165,2015,"Diseases of heart (I00-I09,I11,I13,I20-I51)",Heart disease,Vermont,1311,152.5
8166,2017,Malignant neoplasms (C00-C97),Cancer,Montana,2145,152.6
8167,2017,Malignant neoplasms (C00-C97),Cancer,Nebraska,3502,152.6
8168,2017,Malignant neoplasms (C00-C97),Cancer,Virginia,15064,152.6
8169,2014,Malignant neoplasms (C00-C97),Cancer,Minnesota,9649,152.6
8170,2010,"Diseases of heart (I00-I09,I11,I13,I20-I51)",Heart disease,New Hampshire,2290,152.7
8171,2006,"Diseases of heart (I00-I09,I11,I13,I20-I51)",Heart disease,Colorado,6124,152.7
8172,2017,Malignant neoplasms (C00-C97),Cancer,District of Columbia,1031,152.8
8173,2014,"Diseases of heart (I00-I09,I11,I13,I20-I51)",Heart disease,Idaho,2676,152.8
8174,2015,"Diseases of heart (I00-I09,I11,I13,I20-I51)",Heart disease,Utah,3598,152.9
8175,2015,Malignant neoplasms (C00-C97),Cancer,Massachusetts,12750,152.9
8176,2015,Malignant neoplasms (C00-C97),Cancer,North Dakota,1320,152.9
8177,2014,Malignant neoplasms (C00-C97),Cancer,Florida,43212,152.9
8178,2014,Malignant neoplasms (C00-C97),Cancer,Texas,38847,152.9
8179,2015,Malignant neoplasms (C00-C97),Cancer,Minnesota,9925,153.0
8180,2012,"Diseases of heart (I00-I09,I11,I13,I20-I51)",Heart disease,Florida,42125,153.0
8181,2011,"Diseases of heart (I00-I09,I11,I13,I20-I51)",Heart disease,Florida,40919,153.1
8182,2017,Malignant neoplasms (C00-C97),Cancer,Idaho,3020,153.2
8183,2017,Malignant neoplasms (C00-C97),Cancer,Wisconsin,11318,153.2
8184,2009,"Diseases of heart (I00-I09,I11,I13,I20-I51)",Heart disease,Nebraska,3277,153.2
8185,2008,Malignant neoplasms (C00-C97),Cancer,Arizona,10081,153.2
8186,2012,"Diseases of heart (I00-I09,I11,I13,I20-I51)",Heart disease,California,59371,153.3
8187,2016,"Diseases of heart (I00-I09,I11,I13,I20-I51)",Heart disease,South Dakota,1729,153.4
8188,2009,"Diseases of heart (I00-I09,I11,I13,I20-I51)",Heart disease,New Hampshire,2268,153.4
8189,2017,Malignant neoplasms (C00-C97),Cancer,New Hampshire,2760,153.5
8190,2016,Malignant neoplasms (C00-C97),Cancer,Nebraska,3477,153.6
8191,2015,Malignant neoplasms (C00-C97),Cancer,Idaho,2849,153.6
8192,2010,"Diseases of heart (I00-I09,I11,I13,I20-I51)",Heart disease,Vermont,1172,153.6
8193,2009,"Diseases of heart (I00-I09,I11,I13,I20-I51)",Heart disease,New Mexico,3214,153.6
8194,2009,"Diseases of heart (I00-I09,I11,I13,I20-I51)",Heart disease,Washington,10561,153.9
8195,2015,Malignant neoplasms (C00-C97),Cancer,South Dakota,1640,154.0
8196,2011,"Diseases of heart (I00-I09,I11,I13,I20-I51)",Heart disease,South Dakota,1625,154.0
8197,2015,"Diseases of heart (I00-I09,I11,I13,I20-I51)",Heart disease,Alaska,846,154.1
8198,2013,Malignant neoplasms (C00-C97),Cancer,Montana,1997,154.1
8199,2007,Malignant neoplasms (C00-C97),Cancer,Colorado,6617,154.1
8200,2003,"Diseases of heart (I00-I09,I11,I13,I20-I51)",Heart disease,Minnesota,8144,154.1
8201,2017,Malignant neoplasms (C00-C97),Cancer,Oregon,8083,154.2
8202,2017,Malignant neoplasms (C00-C97),Cancer,Rhode Island,2154,154.2
8203,2015,"Diseases of heart (I00-I09,I11,I13,I20-I51)",Heart disease,Virginia,14077,154.2
8204,2012,Malignant neoplasms (C00-C97),Cancer,Wyoming,955,154.2
8205,2010,"Diseases of heart (I00-I09,I11,I13,I20-I51)",Heart disease,Montana,1849,154.2
8206,2010,"Diseases of heart (I00-I09,I11,I13,I20-I51)",Heart disease,Nebraska,3355,154.2
8207,2010,Malignant neoplasms (C00-C97),Cancer,Arizona,10678,154.2
8208,2007,"Diseases of heart (I00-I09,I11,I13,I20-I51)",Heart disease,Alaska,613,154.2
8209,2013,"Diseases of heart (I00-I09,I11,I13,I20-I51)",Heart disease,Montana,2004,154.3
8210,2009,"Diseases of heart (I00-I09,I11,I13,I20-I51)",Heart disease,Montana,1832,154.3
8211,2016,"Diseases of heart (I00-I09,I11,I13,I20-I51)",Heart disease,Montana,2138,154.4
8212,2017,"Diseases of heart (I00-I09,I11,I13,I20-I51)",Heart disease,Virginia,14861,154.5
8213,2015,"Diseases of heart (I00-I09,I11,I13,I20-I51)",Heart disease,Nebraska,3591,154.5
8214,2013,Malignant neoplasms (C00-C97),Cancer,South Dakota,1577,154.5
8215,2014,"Diseases of heart (I00-I09,I11,I13,I20-I51)",Heart disease,South Dakota,1704,154.6
8216,2017,Malignant neoplasms (C00-C97),Cancer,Georgia,17135,154.9
8217,2016,"Diseases of heart (I00-I09,I11,I13,I20-I51)",Heart disease,Wisconsin,11526,154.9
8218,2017,"Diseases of heart (I00-I09,I11,I13,I20-I51)",Heart disease,Montana,2164,155.0
8219,2015,Malignant neoplasms (C00-C97),Cancer,Maryland,10568,155.0
8220,2014,"Diseases of heart (I00-I09,I11,I13,I20-I51)",Heart disease,Wisconsin,11229,155.1
8221,2012,Malignant neoplasms (C00-C97),Cancer,Montana,1954,155.1
8222,2011,"Diseases of heart (I00-I09,I11,I13,I20-I51)",Heart disease,Connecticut,7206,155.2
8223,2010,"Diseases of heart (I00-I09,I11,I13,I20-I51)",Heart disease,South Dakota,1616,155.2
8224,2017,Malignant neoplasms (C00-C97),Cancer,Nevada,5283,155.3
8225,2012,"Diseases of heart (I00-I09,I11,I13,I20-I51)",Heart disease,Connecticut,7282,155.3
8226,2014,Malignant neoplasms (C00-C97),Cancer,Idaho,2795,155.4
8227,2013,Malignant neoplasms (C00-C97),Cancer,Minnesota,9601,155.4
8228,2012,"Diseases of heart (I00-I09,I11,I13,I20-I51)",Heart disease,South Dakota,1668,155.4
8229,2014,Malignant neoplasms (C00-C97),Cancer,Massachusetts,12787,155.5
8230,2014,Malignant neoplasms (C00-C97),Cancer,Washington,12205,155.5
8231,2017,"Diseases of heart (I00-I09,I11,I13,I20-I51)",Heart disease,Rhode Island,2339,155.7
8232,2010,"Diseases of heart (I00-I09,I11,I13,I20-I51)",Heart disease,Connecticut,7127,155.7
8233,2009,"Diseases of heart (I00-I09,I11,I13,I20-I51)",Heart disease,Arizona,10273,155.7
8234,2009,"Diseases of heart (I00-I09,I11,I13,I20-I51)",Heart disease,Idaho,2398,155.7
8235,2000,Malignant neoplasms (C00-C97),Cancer,Hawaii,1943,155.7
8236,1999,Malignant neoplasms (C00-C97),Cancer,Utah,2393,155.7
8237,2016,"Diseases of heart (I00-I09,I11,I13,I20-I51)",Heart disease,North Carolina,18266,155.8
8238,2016,Malignant neoplasms (C00-C97),Cancer,United States,598038,155.8
8239,2015,"Diseases of heart (I00-I09,I11,I13,I20-I51)",Heart disease,Montana,2104,155.8
8240,2016,Malignant neoplasms (C00-C97),Cancer,Oregon,8078,155.9
8241,2013,Malignant neoplasms (C00-C97),Cancer,Florida,42735,155.9
8242,2013,Malignant neoplasms (C00-C97),Cancer,New York,35738,155.9
8243,2012,Malignant neoplasms (C00-C97),Cancer,Minnesota,9424,155.9
8244,2011,"Diseases of heart (I00-I09,I11,I13,I20-I51)",Heart disease,Idaho,2522,155.9
8245,2015,"Diseases of heart (I00-I09,I11,I13,I20-I51)",Heart disease,Wisconsin,11473,156.0
8246,2011,Malignant neoplasms (C00-C97),Cancer,Wyoming,936,156.0
8247,2016,Malignant neoplasms (C00-C97),Cancer,Virginia,15027,156.1
8248,2014,"Diseases of heart (I00-I09,I11,I13,I20-I51)",Heart disease,Virginia,13874,156.1
8249,2014,Malignant neoplasms (C00-C97),Cancer,New Jersey,16591,156.1
8250,2013,"Diseases of heart (I00-I09,I11,I13,I20-I51)",Heart disease,Kansas,5364,156.1
8251,2013,Malignant neoplasms (C00-C97),Cancer,Washington,11928,156.1
8252,2009,"Diseases of heart (I00-I09,I11,I13,I20-I51)",Heart disease,Massachusetts,12322,156.1
8253,2009,"Diseases of heart (I00-I09,I11,I13,I20-I51)",Heart disease,Vermont,1171,156.1
8254,2013,Malignant neoplasms (C00-C97),Cancer,Idaho,2707,156.2
8255,2013,Malignant neoplasms (C00-C97),Cancer,New Jersey,16315,156.2
8256,2014,Malignant neoplasms (C00-C97),Cancer,Montana,2066,156.3
8257,2009,Malignant neoplasms (C00-C97),Cancer,North Dakota,1243,156.3
8258,2015,"Diseases of heart (I00-I09,I11,I13,I20-I51)",Heart disease,Idaho,2825,156.4
8259,2015,Malignant neoplasms (C00-C97),Cancer,Washington,12687,156.4
8260,2009,"Diseases of heart (I00-I09,I11,I13,I20-I51)",Heart disease,Maine,2674,156.4
8261,2017,"Diseases of heart (I00-I09,I11,I13,I20-I51)",Heart disease,North Carolina,18808,156.5
8262,2016,Malignant neoplasms (C00-C97),Cancer,Maryland,10911,156.5
8263,2014,"Diseases of heart (I00-I09,I11,I13,I20-I51)",Heart disease,Vermont,1311,156.6
8264,1999,Malignant neoplasms (C00-C97),Cancer,Hawaii,1916,156.6
8265,2016,Malignant neoplasms (C00-C97),Cancer,South Dakota,1694,156.7
8266,2008,Malignant neoplasms (C00-C97),Cancer,Wyoming,874,156.7
8267,2017,Malignant neoplasms (C00-C97),Cancer,South Dakota,1715,156.9
8268,2015,Malignant neoplasms (C00-C97),Cancer,Montana,2130,156.9
8269,2013,Malignant neoplasms (C00-C97),Cancer,Texas,38412,156.9
8270,2011,"Diseases of heart (I00-I09,I11,I13,I20-I51)",Heart disease,Montana,1921,156.9
8271,2010,Malignant neoplasms (C00-C97),Cancer,California,56453,156.9
8272,2017,Malignant neoplasms (C00-C97),Cancer,North Carolina,19474,157.1
8273,2010,Malignant neoplasms (C00-C97),Cancer,North Dakota,1269,157.1
8274,2008,"Diseases of heart (I00-I09,I11,I13,I20-I51)",Heart disease,Idaho,2330,157.1
8275,2017,Malignant neoplasms (C00-C97),Cancer,Kansas,5494,157.2
8276,2015,Malignant neoplasms (C00-C97),Cancer,Nevada,5015,157.2
8277,2001,Malignant neoplasms (C00-C97),Cancer,Hawaii,2024,157.2
8278,2016,Malignant neoplasms (C00-C97),Cancer,Nevada,5214,157.3
8279,2015,"Diseases of heart (I00-I09,I11,I13,I20-I51)",Heart disease,Maine,3009,157.3
8280,2014,"Diseases of heart (I00-I09,I11,I13,I20-I51)",Heart disease,Iowa,6615,157.3
8281,2013,"Diseases of heart (I00-I09,I11,I13,I20-I51)",Heart disease,Virginia,13663,157.3
8282,2014,"Diseases of heart (I00-I09,I11,I13,I20-I51)",Heart disease,Kansas,5479,157.4
8283,2011,Malignant neoplasms (C00-C97),Cancer,Idaho,2573,157.4
8284,2003,Malignant neoplasms (C00-C97),Cancer,Hawaii,2133,157.4
8285,2006,Malignant neoplasms (C00-C97),Cancer,Colorado,6550,157.5
8286,2017,"Diseases of heart (I00-I09,I11,I13,I20-I51)",Heart disease,Wisconsin,11860,157.6
8287,2007,"Diseases of heart (I00-I09,I11,I13,I20-I51)",Heart disease,Oregon,6655,157.6
8288,2009,"Diseases of heart (I00-I09,I11,I13,I20-I51)",Heart disease,Connecticut,7105,157.7
8289,2016,"Diseases of heart (I00-I09,I11,I13,I20-I51)",Heart disease,Wyoming,1051,157.8
8290,2015,Malignant neoplasms (C00-C97),Cancer,Nebraska,3514,157.8
8291,2017,Malignant neoplasms (C00-C97),Cancer,Illinois,24150,157.9
8292,2017,"Diseases of heart (I00-I09,I11,I13,I20-I51)",Heart disease,Kansas,5723,158.0
8293,2017,Malignant neoplasms (C00-C97),Cancer,Iowa,6449,158.0
8294,2016,Malignant neoplasms (C00-C97),Cancer,Rhode Island,2171,158.0
8295,2016,Malignant neoplasms (C00-C97),Cancer,Wisconsin,11498,158.0
8296,2013,Malignant neoplasms (C00-C97),Cancer,New Hampshire,2584,158.0
8297,2010,"Diseases of heart (I00-I09,I11,I13,I20-I51)",Heart disease,North Dakota,1395,158.0
8298,2007,Malignant neoplasms (C00-C97),Cancer,New Mexico,3238,158.1
8299,2012,"Diseases of heart (I00-I09,I11,I13,I20-I51)",Heart disease,Kansas,5366,158.2
8300,2011,"Diseases of heart (I00-I09,I11,I13,I20-I51)",Heart disease,Kansas,5327,158.3
8301,2017,"Diseases of heart (I00-I09,I11,I13,I20-I51)",Heart disease,Delaware,1990,158.4
8302,2016,Malignant neoplasms (C00-C97),Cancer,Vermont,1356,158.4
8303,2011,Malignant neoplasms (C00-C97),Cancer,Connecticut,6837,158.4
8304,2015,"Diseases of heart (I00-I09,I11,I13,I20-I51)",Heart disease,Kansas,5624,158.5
8305,2015,Malignant neoplasms (C00-C97),Cancer,United States,595930,158.5
8306,2006,Malignant neoplasms (C00-C97),Cancer,New Mexico,3147,158.5
8307,2016,Malignant neoplasms (C00-C97),Cancer,Kansas,5484,158.6
8308,2012,"Diseases of heart (I00-I09,I11,I13,I20-I51)",Heart disease,Virginia,13386,158.6
8309,2016,Malignant neoplasms (C00-C97),Cancer,Alaska,995,158.7
8310,2014,"Diseases of heart (I00-I09,I11,I13,I20-I51)",Heart disease,North Carolina,17592,158.7
8311,2009,Malignant neoplasms (C00-C97),Cancer,South Dakota,1503,158.7
8312,2016,"Diseases of heart (I00-I09,I11,I13,I20-I51)",Heart disease,Vermont,1366,158.8
8313,2012,Malignant neoplasms (C00-C97),Cancer,Florida,42188,158.8
8314,2009,Malignant neoplasms (C00-C97),Cancer,California,55991,158.8
8315,2008,Malignant neoplasms (C00-C97),Cancer,California,54686,158.8
8316,2011,"Diseases of heart (I00-I09,I11,I13,I20-I51)",Heart disease,Wyoming,926,158.9
8317,2009,"Diseases of heart (I00-I09,I11,I13,I20-I51)",Heart disease,Alaska,714,158.9
8318,2009,Malignant neoplasms (C00-C97),Cancer,Idaho,2458,158.9
8319,2007,Malignant neoplasms (C00-C97),Cancer,Arizona,10134,158.9
8320,2011,"Diseases of heart (I00-I09,I11,I13,I20-I51)",Heart disease,California,59772,159.0
8321,2016,"Diseases of heart (I00-I09,I11,I13,I20-I51)",Heart disease,Kansas,5672,159.2
8322,2015,Malignant neoplasms (C00-C97),Cancer,Wisconsin,11423,159.3
8323,2013,"Diseases of heart (I00-I09,I11,I13,I20-I51)",Heart disease,Wisconsin,11362,159.3
8324,2010,"Diseases of heart (I00-I09,I11,I13,I20-I51)",Heart disease,Idaho,2495,159.3
8325,2015,"Diseases of heart (I00-I09,I11,I13,I20-I51)",Heart disease,Wyoming,1030,159.4
8326,2012,Malignant neoplasms (C00-C97),Cancer,New York,35882,159.4
8327,2004,Malignant neoplasms (C00-C97),Cancer,Colorado,6196,159.4
8328,2015,Malignant neoplasms (C00-C97),Cancer,Virginia,14947,159.5
8329,2014,Malignant neoplasms (C00-C97),Cancer,Nebraska,3459,159.6
8330,2013,Malignant neoplasms (C00-C97),Cancer,Massachusetts,12858,159.6
8331,2005,Malignant neoplasms (C00-C97),Cancer,Colorado,6395,159.7
8332,2016,Malignant neoplasms (C00-C97),Cancer,Iowa,6432,159.8
8333,2015,Malignant neoplasms (C00-C97),Cancer,Alaska,978,159.8
8334,2010,Malignant neoplasms (C00-C97),Cancer,Idaho,2530,159.9
8335,2016,"Diseases of heart (I00-I09,I11,I13,I20-I51)",Heart disease,Idaho,2969,160.0
8336,2006,Malignant neoplasms (C00-C97),Cancer,Arizona,9919,160.0
8337,2016,Malignant neoplasms (C00-C97),Cancer,District of Columbia,1044,160.1
8338,2004,"Diseases of heart (I00-I09,I11,I13,I20-I51)",Heart disease,Alaska,589,160.1
8339,2016,Malignant neoplasms (C00-C97),Cancer,Georgia,17184,160.2
8340,2015,Malignant neoplasms (C00-C97),Cancer,Oregon,8093,160.2
8341,2014,Malignant neoplasms (C00-C97),Cancer,Oregon,7863,160.2
8342,2012,Malignant neoplasms (C00-C97),Cancer,New Jersey,16485,160.3
8343,2012,Malignant neoplasms (C00-C97),Cancer,Texas,38142,160.3
8344,2008,Malignant neoplasms (C00-C97),Cancer,New Mexico,3355,160.3
8345,2017,Malignant neoplasms (C00-C97),Cancer,Delaware,2085,160.4
8346,2015,"Diseases of heart (I00-I09,I11,I13,I20-I51)",Heart disease,Rhode Island,2371,160.4
8347,2014,Malignant neoplasms (C00-C97),Cancer,New Hampshire,2698,160.4
8348,2011,Malignant neoplasms (C00-C97),Cancer,New York,35469,160.6
8349,2012,"Diseases of heart (I00-I09,I11,I13,I20-I51)",Heart disease,Wisconsin,11282,160.7
8350,2014,"Diseases of heart (I00-I09,I11,I13,I20-I51)",Heart disease,Rhode Island,2341,160.8
8351,2011,Malignant neoplasms (C00-C97),Cancer,Minnesota,9489,160.8
8352,2008,"Diseases of heart (I00-I09,I11,I13,I20-I51)",Heart disease,North Dakota,1391,160.8
8353,2015,"Diseases of heart (I00-I09,I11,I13,I20-I51)",Heart disease,Iowa,6813,160.9
8354,2006,"Diseases of heart (I00-I09,I11,I13,I20-I51)",Heart disease,Oregon,6620,160.9
8355,2005,"Diseases of heart (I00-I09,I11,I13,I20-I51)",Heart disease,Hawaii,2319,160.9
8356,2017,Malignant neoplasms (C00-C97),Cancer,Pennsylvania,28387,161.0
8357,2011,Malignant neoplasms (C00-C97),Cancer,North Dakota,1321,161.0
8358,2010,Malignant neoplasms (C00-C97),Cancer,Montana,1923,161.0
8359,2007,"Diseases of heart (I00-I09,I11,I13,I20-I51)",Heart disease,Utah,2980,161.0
8360,2014,Malignant neoplasms (C00-C97),Cancer,United States,591700,161.2
8361,2011,Malignant neoplasms (C00-C97),Cancer,Florida,41681,161.2
8362,2017,Malignant neoplasms (C00-C97),Cancer,Michigan,20671,161.3
8363,2015,Malignant neoplasms (C00-C97),Cancer,New Hampshire,2773,161.3
8364,2013,Malignant neoplasms (C00-C97),Cancer,Nebraska,3459,161.3
8365,2008,"Diseases of heart (I00-I09,I11,I13,I20-I51)",Heart disease,New Mexico,3275,161.3
8366,2008,Malignant neoplasms (C00-C97),Cancer,Montana,1862,161.3
8367,2012,Malignant neoplasms (C00-C97),Cancer,Washington,11952,161.4
8368,2014,Malignant neoplasms (C00-C97),Cancer,Virginia,14749,161.5
8369,2016,Malignant neoplasms (C00-C97),Cancer,North Carolina,19523,161.6
8370,2014,Malignant neoplasms (C00-C97),Cancer,Maryland,10759,161.7
8371,2014,Malignant neoplasms (C00-C97),Cancer,Wisconsin,11393,161.8
8372,2010,"Diseases of heart (I00-I09,I11,I13,I20-I51)",Heart disease,California,58641,161.9
8373,2013,Malignant neoplasms (C00-C97),Cancer,Virginia,14414,162.0
8374,2014,"Diseases of heart (I00-I09,I11,I13,I20-I51)",Heart disease,Wyoming,1035,162.2
8375,2011,"Diseases of heart (I00-I09,I11,I13,I20-I51)",Heart disease,Virginia,13272,162.2
8376,2017,"Diseases of heart (I00-I09,I11,I13,I20-I51)",Heart disease,New Jersey,18840,162.3
8377,2011,Malignant neoplasms (C00-C97),Cancer,Texas,37351,162.3
8378,2010,"Diseases of heart (I00-I09,I11,I13,I20-I51)",Heart disease,Florida,41737,162.3
8379,2008,"Diseases of heart (I00-I09,I11,I13,I20-I51)",Heart disease,Arizona,10385,162.3
8380,2015,"Diseases of heart (I00-I09,I11,I13,I20-I51)",Heart disease,North Carolina,18474,162.4
8381,2007,"Diseases of heart (I00-I09,I11,I13,I20-I51)",Heart disease,Vermont,1166,162.4
8382,2017,"Diseases of heart (I00-I09,I11,I13,I20-I51)",Heart disease,Idaho,3084,162.5
8383,2004,Malignant neoplasms (C00-C97),Cancer,New Mexico,3036,162.5
8384,2007,Malignant neoplasms (C00-C97),Cancer,North Dakota,1264,162.6
8385,2017,Malignant neoplasms (C00-C97),Cancer,South Carolina,10356,162.7
8386,2016,"Diseases of heart (I00-I09,I11,I13,I20-I51)",Heart disease,Iowa,6937,162.8
8387,2009,Malignant neoplasms (C00-C97),Cancer,Connecticut,6819,162.8
8388,2013,Malignant neoplasms (C00-C97),Cancer,Maryland,10609,162.9
8389,2005,Malignant neoplasms (C00-C97),Cancer,New Mexico,3141,162.9
8390,2015,Malignant neoplasms (C00-C97),Cancer,Georgia,16945,163.0
8391,2012,Malignant neoplasms (C00-C97),Cancer,South Dakota,1630,163.0
8392,2009,"Diseases of heart (I00-I09,I11,I13,I20-I51)",Heart disease,Kansas,5294,163.0
8393,2009,Malignant neoplasms (C00-C97),Cancer,Montana,1914,163.0
8394,2015,Malignant neoplasms (C00-C97),Cancer,Rhode Island,2226,163.1
8395,2013,Malignant neoplasms (C00-C97),Cancer,Kansas,5379,163.1
8396,2010,Malignant neoplasms (C00-C97),Cancer,New York,35431,163.1
8397,2009,"Diseases of heart (I00-I09,I11,I13,I20-I51)",Heart disease,Wisconsin,10834,163.1
8398,2016,"Diseases of heart (I00-I09,I11,I13,I20-I51)",Heart disease,Delaware,1974,163.2
8399,2013,Malignant neoplasms (C00-C97),Cancer,United States,584881,163.2
8400,2008,"Diseases of heart (I00-I09,I11,I13,I20-I51)",Heart disease,Nebraska,3459,163.2
8401,2006,Malignant neoplasms (C00-C97),Cancer,Idaho,2306,163.2
8402,2017,"Diseases of heart (I00-I09,I11,I13,I20-I51)",Heart disease,Illinois,25394,163.3
8403,2012,Malignant neoplasms (C00-C97),Cancer,Massachusetts,12864,163.3
8404,2014,Malignant neoplasms (C00-C97),Cancer,South Dakota,1698,163.4
8405,2013,"Diseases of heart (I00-I09,I11,I13,I20-I51)",Heart disease,Rhode Island,2364,163.4
8406,2013,Malignant neoplasms (C00-C97),Cancer,Oregon,7799,163.4
8407,2013,Malignant neoplasms (C00-C97),Cancer,Vermont,1318,163.4
8408,2010,Malignant neoplasms (C00-C97),Cancer,Connecticut,6954,163.4
8409,2016,Malignant neoplasms (C00-C97),Cancer,Illinois,24389,163.5
8410,2012,Malignant neoplasms (C00-C97),Cancer,Rhode Island,2148,163.5
8411,2012,Malignant neoplasms (C00-C97),Cancer,Nevada,4610,163.6
8412,2004,"Diseases of heart (I00-I09,I11,I13,I20-I51)",Heart disease,Colorado,6079,163.6
8413,2006,"Diseases of heart (I00-I09,I11,I13,I20-I51)",Heart disease,Utah,2932,163.7
8414,2011,"Diseases of heart (I00-I09,I11,I13,I20-I51)",Heart disease,Wisconsin,11266,163.8
8415,2009,"Diseases of heart (I00-I09,I11,I13,I20-I51)",Heart disease,Florida,41274,163.8
8416,2007,Malignant neoplasms (C00-C97),Cancer,California,55011,163.8
8417,2008,"Diseases of heart (I00-I09,I11,I13,I20-I51)",Heart disease,Washington,10916,164.0
8418,2016,Malignant neoplasms (C00-C97),Cancer,New Hampshire,2875,164.1
8419,2015,Malignant neoplasms (C00-C97),Cancer,Iowa,6513,164.1
8420,2011,Malignant neoplasms (C00-C97),Cancer,Nebraska,3410,164.1
8421,2008,"Diseases of heart (I00-I09,I11,I13,I20-I51)",Heart disease,Massachusetts,12776,164.1
8422,2014,Malignant neoplasms (C00-C97),Cancer,Alaska,972,164.2
8423,2009,Malignant neoplasms (C00-C97),Cancer,New York,35216,164.2
8424,2005,Malignant neoplasms (C00-C97),Cancer,Arizona,9820,164.2
8425,2016,"Diseases of heart (I00-I09,I11,I13,I20-I51)",Heart disease,Maryland,11390,164.3
8426,2009,Malignant neoplasms (C00-C97),Cancer,Texas,35591,164.4
8427,2017,"Diseases of heart (I00-I09,I11,I13,I20-I51)",Heart disease,Maryland,11653,164.5
8428,2017,Malignant neoplasms (C00-C97),Cancer,Vermont,1434,164.5
8429,2014,Malignant neoplasms (C00-C97),Cancer,Nevada,5015,164.5
8430,2007,"Diseases of heart (I00-I09,I11,I13,I20-I51)",Heart disease,Montana,1870,164.5
8431,2006,Malignant neoplasms (C00-C97),Cancer,California,54140,164.5
8432,2015,Malignant neoplasms (C00-C97),Cancer,Kansas,5604,164.6
8433,2008,"Diseases of heart (I00-I09,I11,I13,I20-I51)",Heart disease,Maine,2785,164.6
8434,2016,"Diseases of heart (I00-I09,I11,I13,I20-I51)",Heart disease,New Jersey,18597,164.7
8435,2016,Malignant neoplasms (C00-C97),Cancer,Pennsylvania,28492,164.7
8436,2015,Malignant neoplasms (C00-C97),Cancer,North Carolina,19322,164.7
8437,2012,Malignant neoplasms (C00-C97),Cancer,Nebraska,3479,164.7
8438,2009,Malignant neoplasms (C00-C97),Cancer,Wyoming,936,164.7
8439,2013,Malignant neoplasms (C00-C97),Cancer,Nevada,4817,164.8
8440,2011,Malignant neoplasms (C00-C97),Cancer,Montana,2022,164.8
8441,2008,Malignant neoplasms (C00-C97),Cancer,Connecticut,6830,164.8
8442,2005,"Diseases of heart (I00-I09,I11,I13,I20-I51)",Heart disease,Colorado,6307,164.8
8443,2010,"Diseases of heart (I00-I09,I11,I13,I20-I51)",Heart disease,Kansas,5433,164.9
8444,2007,"Diseases of heart (I00-I09,I11,I13,I20-I51)",Heart disease,South Dakota,1633,164.9
8445,2017,"Diseases of heart (I00-I09,I11,I13,I20-I51)",Heart disease,United States,647457,165.0
8446,2012,Malignant neoplasms (C00-C97),Cancer,Vermont,1325,165.0
8447,2012,Malignant neoplasms (C00-C97),Cancer,Virginia,14294,165.0
8448,2010,"Diseases of heart (I00-I09,I11,I13,I20-I51)",Heart disease,Wisconsin,11115,165.1
8449,2009,Malignant neoplasms (C00-C97),Cancer,Nebraska,3336,165.1
8450,2015,"Diseases of heart (I00-I09,I11,I13,I20-I51)",Heart disease,Delaware,1940,165.2
8451,2013,Malignant neoplasms (C00-C97),Cancer,Wisconsin,11425,165.2
8452,2012,"Diseases of heart (I00-I09,I11,I13,I20-I51)",Heart disease,Rhode Island,2360,165.2
8453,2015,Malignant neoplasms (C00-C97),Cancer,Vermont,1399,165.3
8454,2013,"Diseases of heart (I00-I09,I11,I13,I20-I51)",Heart disease,North Carolina,17830,165.3
8455,2016,"Diseases of heart (I00-I09,I11,I13,I20-I51)",Heart disease,United States,635260,165.5
8456,2014,Malignant neoplasms (C00-C97),Cancer,Georgia,16684,165.5
8457,2015,Malignant neoplasms (C00-C97),Cancer,Delaware,2010,165.6
8458,2012,Malignant neoplasms (C00-C97),Cancer,Maryland,10525,165.6
8459,2010,Malignant neoplasms (C00-C97),Cancer,Florida,41467,165.6
8460,2008,"Diseases of heart (I00-I09,I11,I13,I20-I51)",Heart disease,Connecticut,7355,165.6
8461,2016,"Diseases of heart (I00-I09,I11,I13,I20-I51)",Heart disease,Illinois,25013,165.7
8462,2009,"Diseases of heart (I00-I09,I11,I13,I20-I51)",Heart disease,North Dakota,1431,165.8
8463,2010,Malignant neoplasms (C00-C97),Cancer,Texas,36717,165.9
8464,2007,"Diseases of heart (I00-I09,I11,I13,I20-I51)",Heart disease,North Dakota,1414,165.9
8465,2002,"Diseases of heart (I00-I09,I11,I13,I20-I51)",Heart disease,Minnesota,8602,165.9
8466,2014,Malignant neoplasms (C00-C97),Cancer,Iowa,6504,166.0
8467,2011,"Diseases of heart (I00-I09,I11,I13,I20-I51)",Heart disease,Iowa,6736,166.0
8468,2011,Malignant neoplasms (C00-C97),Cancer,New Jersey,16708,166.0
8469,2008,"Diseases of heart (I00-I09,I11,I13,I20-I51)",Heart disease,New Hampshire,2409,166.0
8470,2007,"Diseases of heart (I00-I09,I11,I13,I20-I51)",Heart disease,Arizona,10302,166.0
8471,2012,"Diseases of heart (I00-I09,I11,I13,I20-I51)",Heart disease,North Carolina,17348,166.1
8472,2011,Malignant neoplasms (C00-C97),Cancer,Maryland,10249,166.1
8473,2011,Malignant neoplasms (C00-C97),Cancer,Washington,12002,166.1
8474,2005,"Diseases of heart (I00-I09,I11,I13,I20-I51)",Heart disease,Alaska,627,166.1
8475,2008,"Diseases of heart (I00-I09,I11,I13,I20-I51)",Heart disease,Vermont,1216,166.2
8476,2014,"Diseases of heart (I00-I09,I11,I13,I20-I51)",Heart disease,New Jersey,18319,166.3
8477,2012,Malignant neoplasms (C00-C97),Cancer,Wisconsin,11252,166.3
8478,2007,Malignant neoplasms (C00-C97),Cancer,Idaho,2405,166.3
8479,2016,Malignant neoplasms (C00-C97),Cancer,Michigan,20870,166.4
8480,2007,"Diseases of heart (I00-I09,I11,I13,I20-I51)",Heart disease,Massachusetts,12710,166.4
8481,2012,Malignant neoplasms (C00-C97),Cancer,Alaska,925,166.5
8482,2012,Malignant neoplasms (C00-C97),Cancer,United States,582623,166.5
8483,2015,Malignant neoplasms (C00-C97),Cancer,South Carolina,9950,166.6
8484,2009,Malignant neoplasms (C00-C97),Cancer,Florida,40932,166.6
8485,2015,"Diseases of heart (I00-I09,I11,I13,I20-I51)",Heart disease,New Jersey,18647,166.7
8486,2008,Malignant neoplasms (C00-C97),Cancer,Idaho,2511,166.7
8487,2014,Malignant neoplasms (C00-C97),Cancer,Kansas,5587,166.8
8488,2004,Malignant neoplasms (C00-C97),Cancer,North Dakota,1265,166.8
8489,2011,Malignant neoplasms (C00-C97),Cancer,Massachusetts,12895,166.9
8490,2009,"Diseases of heart (I00-I09,I11,I13,I20-I51)",Heart disease,California,59206,166.9
8491,2008,Malignant neoplasms (C00-C97),Cancer,New York,35351,166.9
8492,2016,Malignant neoplasms (C00-C97),Cancer,Missouri,12696,167.0
8493,2014,"Diseases of heart (I00-I09,I11,I13,I20-I51)",Heart disease,United States,614348,167.0
8494,2014,Malignant neoplasms (C00-C97),Cancer,Rhode Island,2242,167.0
8495,2010,"Diseases of heart (I00-I09,I11,I13,I20-I51)",Heart disease,Rhode Island,2322,167.1
8496,2015,Malignant neoplasms (C00-C97),Cancer,Pennsylvania,28697,167.2
8497,2012,"Diseases of heart (I00-I09,I11,I13,I20-I51)",Heart disease,Wyoming,1005,167.2
8498,2010,Malignant neoplasms (C00-C97),Cancer,Minnesota,9612,167.2
8499,2007,"Diseases of heart (I00-I09,I11,I13,I20-I51)",Heart disease,New Mexico,3305,167.2
8500,2007,Malignant neoplasms (C00-C97),Cancer,Connecticut,6827,167.2
8501,2017,Malignant neoplasms (C00-C97),Cancer,Missouri,12971,167.3
8502,2014,Malignant neoplasms (C00-C97),Cancer,Delaware,1972,167.3
8503,2001,Malignant neoplasms (C00-C97),Cancer,New Mexico,2900,167.3
8504,2017,"Diseases of heart (I00-I09,I11,I13,I20-I51)",Heart disease,Iowa,7180,167.4
8505,2010,Malignant neoplasms (C00-C97),Cancer,Nebraska,3438,167.4
8506,2008,"Diseases of heart (I00-I09,I11,I13,I20-I51)",Heart disease,South Dakota,1681,167.4
8507,2007,"Diseases of heart (I00-I09,I11,I13,I20-I51)",Heart disease,Connecticut,7289,167.4
8508,2015,Malignant neoplasms (C00-C97),Cancer,District of Columbia,1072,167.5
8509,2004,Malignant neoplasms (C00-C97),Cancer,Arizona,9618,167.5
8510,2015,Malignant neoplasms (C00-C97),Cancer,Illinois,24713,167.6
8511,2013,Malignant neoplasms (C00-C97),Cancer,Delaware,1905,167.6
8512,2013,Malignant neoplasms (C00-C97),Cancer,North Carolina,18589,167.6
8513,2011,Malignant neoplasms (C00-C97),Cancer,Rhode Island,2170,167.6
8514,2016,"Diseases of heart (I00-I09,I11,I13,I20-I51)",Heart disease,Texas,43772,167.7
8515,2016,Malignant neoplasms (C00-C97),Cancer,South Carolina,10356,167.7
8516,2013,Malignant neoplasms (C00-C97),Cancer,Georgia,16417,167.7
8517,2011,"Diseases of heart (I00-I09,I11,I13,I20-I51)",Heart disease,Rhode Island,2390,167.7
8518,2014,"Diseases of heart (I00-I09,I11,I13,I20-I51)",Heart disease,Maryland,11135,167.8
8519,2012,Malignant neoplasms (C00-C97),Cancer,New Hampshire,2660,167.8
8520,2014,Malignant neoplasms (C00-C97),Cancer,Vermont,1379,167.9
8521,2011,"Diseases of heart (I00-I09,I11,I13,I20-I51)",Heart disease,North Carolina,17003,167.9
8522,2010,Malignant neoplasms (C00-C97),Cancer,New Hampshire,2525,167.9
8523,2007,"Diseases of heart (I00-I09,I11,I13,I20-I51)",Heart disease,Idaho,2433,167.9
8524,2005,"Diseases of heart (I00-I09,I11,I13,I20-I51)",Heart disease,Utah,2872,167.9
8525,2015,Malignant neoplasms (C00-C97),Cancer,Michigan,20732,168.0
8526,2013,"Diseases of heart (I00-I09,I11,I13,I20-I51)",Heart disease,Delaware,1861,168.0
8527,2012,Malignant neoplasms (C00-C97),Cancer,Oregon,7832,168.0
8528,2006,"Diseases of heart (I00-I09,I11,I13,I20-I51)",Heart disease,Nebraska,3445,168.0
8529,2007,"Diseases of heart (I00-I09,I11,I13,I20-I51)",Heart disease,Nebraska,3520,168.1
8530,2012,Malignant neoplasms (C00-C97),Cancer,Kansas,5429,168.2
8531,2013,Malignant neoplasms (C00-C97),Cancer,Iowa,6509,168.4
8532,2008,Malignant neoplasms (C00-C97),Cancer,South Dakota,1570,168.4
8533,2006,"Diseases of heart (I00-I09,I11,I13,I20-I51)",Heart disease,Washington,10604,168.4
8534,2015,"Diseases of heart (I00-I09,I11,I13,I20-I51)",Heart disease,United States,633842,168.5
8535,2010,"Diseases of heart (I00-I09,I11,I13,I20-I51)",Heart disease,Virginia,13404,168.5
8536,2012,Malignant neoplasms (C00-C97),Cancer,Iowa,6438,168.6
8537,2014,"Diseases of heart (I00-I09,I11,I13,I20-I51)",Heart disease,Delaware,1921,168.7
8538,2009,Malignant neoplasms (C00-C97),Cancer,Minnesota,9580,168.7
8539,2007,Malignant neoplasms (C00-C97),Cancer,Minnesota,9176,168.7
8540,2012,"Diseases of heart (I00-I09,I11,I13,I20-I51)",Heart disease,Delaware,1790,168.8
8541,2016,Malignant neoplasms (C00-C97),Cancer,Maine,3275,168.9
8542,2014,Malignant neoplasms (C00-C97),Cancer,Illinois,24501,168.9
8543,2013,"Diseases of heart (I00-I09,I11,I13,I20-I51)",Heart disease,Iowa,6995,168.9
8544,2005,Malignant neoplasms (C00-C97),Cancer,California,54732,168.9
8545,2011,Malignant neoplasms (C00-C97),Cancer,United States,576691,169.0
8546,2009,Malignant neoplasms (C00-C97),Cancer,New Jersey,16541,169.0
8547,2005,Malignant neoplasms (C00-C97),Cancer,Minnesota,8823,169.0
8548,2012,Malignant neoplasms (C00-C97),Cancer,Georgia,16021,169.1
8549,2017,"Diseases of heart (I00-I09,I11,I13,I20-I51)",Heart disease,Texas,45346,169.2
8550,2009,Malignant neoplasms (C00-C97),Cancer,Vermont,1254,169.2
8551,2005,Malignant neoplasms (C00-C97),Cancer,Wyoming,886,169.2
8552,2004,Malignant neoplasms (C00-C97),Cancer,California,53700,169.2
8553,2015,"Diseases of heart (I00-I09,I11,I13,I20-I51)",Heart disease,Maryland,11481,169.3
8554,2014,Malignant neoplasms (C00-C97),Cancer,North Carolina,19342,169.3
8555,2002,"Diseases of heart (I00-I09,I11,I13,I20-I51)",Heart disease,Alaska,567,169.3
8556,2006,"Diseases of heart (I00-I09,I11,I13,I20-I51)",Heart disease,Montana,1869,169.4
8557,2003,Malignant neoplasms (C00-C97),Cancer,Colorado,6417,169.4
8558,2010,Malignant neoplasms (C00-C97),Cancer,New Jersey,16815,169.5
8559,2009,Malignant neoplasms (C00-C97),Cancer,Wisconsin,10866,169.5
8560,2008,Malignant neoplasms (C00-C97),Cancer,Florida,40814,169.5
8561,2014,Malignant neoplasms (C00-C97),Cancer,Pennsylvania,28692,169.6
8562,2004,Malignant neoplasms (C00-C97),Cancer,Idaho,2227,169.6
8563,2014,"Diseases of heart (I00-I09,I11,I13,I20-I51)",Heart disease,Illinois,25024,169.7
8564,2011,Malignant neoplasms (C00-C97),Cancer,South Dakota,1665,169.7
8565,2008,Malignant neoplasms (C00-C97),Cancer,Nebraska,3376,169.7
8566,2005,"Diseases of heart (I00-I09,I11,I13,I20-I51)",Heart disease,Oregon,6791,169.7
8567,2013,"Diseases of heart (I00-I09,I11,I13,I20-I51)",Heart disease,United States,611105,169.8
8568,2010,"Diseases of heart (I00-I09,I11,I13,I20-I51)",Heart disease,Wyoming,962,169.8
8569,2007,Malignant neoplasms (C00-C97),Cancer,Florida,40088,169.8
8570,2007,Malignant neoplasms (C00-C97),Cancer,New York,35485,169.8
8571,2014,"Diseases of heart (I00-I09,I11,I13,I20-I51)",Heart disease,Texas,41479,169.9
8572,2008,Malignant neoplasms (C00-C97),Cancer,Texas,35713,169.9
8573,2017,Malignant neoplasms (C00-C97),Cancer,Alabama,10410,170.0
8574,2017,Malignant neoplasms (C00-C97),Cancer,Indiana,13462,170.0
8575,2000,Malignant neoplasms (C00-C97),Cancer,Colorado,5922,170.0
8576,2013,"Diseases of heart (I00-I09,I11,I13,I20-I51)",Heart disease,New Jersey,18460,170.1
8577,2007,"Diseases of heart (I00-I09,I11,I13,I20-I51)",Heart disease,Washington,11037,170.1
8578,2003,Malignant neoplasms (C00-C97),Cancer,New Mexico,3103,170.1
8579,2012,Malignant neoplasms (C00-C97),Cancer,North Carolina,18405,170.2
8580,2011,Malignant neoplasms (C00-C97),Cancer,Nevada,4606,170.2
8581,2008,Malignant neoplasms (C00-C97),Cancer,Minnesota,9446,170.2
8582,2014,Malignant neoplasms (C00-C97),Cancer,Maine,3209,170.3
8583,2011,Malignant neoplasms (C00-C97),Cancer,Georgia,15602,170.3
8584,2011,Malignant neoplasms (C00-C97),Cancer,Kansas,5440,170.3
8585,2012,"Diseases of heart (I00-I09,I11,I13,I20-I51)",Heart disease,Iowa,7005,170.4
8586,2009,Malignant neoplasms (C00-C97),Cancer,Iowa,6249,170.4
8587,2013,Malignant neoplasms (C00-C97),Cancer,Michigan,20367,170.5
8588,2012,"Diseases of heart (I00-I09,I11,I13,I20-I51)",Heart disease,United States,599711,170.5
8589,2010,Malignant neoplasms (C00-C97),Cancer,Washington,11874,170.5
8590,2005,Malignant neoplasms (C00-C97),Cancer,North Dakota,1302,170.5
8591,2013,Malignant neoplasms (C00-C97),Cancer,Pennsylvania,28512,170.6
8592,2008,"Diseases of heart (I00-I09,I11,I13,I20-I51)",Heart disease,Montana,1975,170.6
8593,2006,"Diseases of heart (I00-I09,I11,I13,I20-I51)",Heart disease,Alaska,645,170.6
8594,2013,"Diseases of heart (I00-I09,I11,I13,I20-I51)",Heart disease,Texas,40203,170.7
8595,2007,Malignant neoplasms (C00-C97),Cancer,Montana,1921,170.7
8596,2006,Malignant neoplasms (C00-C97),Cancer,Minnesota,9079,170.7
8597,2017,Malignant neoplasms (C00-C97),Cancer,Maine,3391,170.8
8598,2016,Malignant neoplasms (C00-C97),Cancer,Delaware,2124,170.8
8599,2011,Malignant neoplasms (C00-C97),Cancer,Virginia,14376,170.8
8600,2008,"Diseases of heart (I00-I09,I11,I13,I20-I51)",Heart disease,Florida,42067,170.8
8601,2013,"Diseases of heart (I00-I09,I11,I13,I20-I51)",Heart disease,Illinois,24839,170.9
8602,2006,Malignant neoplasms (C00-C97),Cancer,New York,35284,170.9
8603,2001,Malignant neoplasms (C00-C97),Cancer,Colorado,6145,170.9
8604,2010,Malignant neoplasms (C00-C97),Cancer,South Dakota,1655,171.0
8605,2005,Malignant neoplasms (C00-C97),Cancer,Alaska,732,171.0
8606,1999,Malignant neoplasms (C00-C97),Cancer,Colorado,5863,171.1
8607,2017,"Diseases of heart (I00-I09,I11,I13,I20-I51)",Heart disease,New York,44092,171.2
8608,2017,Malignant neoplasms (C00-C97),Cancer,Ohio,25643,171.2
8609,2011,"Diseases of heart (I00-I09,I11,I13,I20-I51)",Heart disease,Maryland,10557,171.2
8610,2010,Malignant neoplasms (C00-C97),Cancer,Maryland,10269,171.2
8611,2012,"Diseases of heart (I00-I09,I11,I13,I20-I51)",Heart disease,Texas,39061,171.3
8612,2010,Malignant neoplasms (C00-C97),Cancer,Kansas,5377,171.3
8613,2010,Malignant neoplasms (C00-C97),Cancer,Massachusetts,12993,171.3
8614,2006,"Diseases of heart (I00-I09,I11,I13,I20-I51)",Heart disease,Idaho,2399,171.3
8615,2014,Malignant neoplasms (C00-C97),Cancer,South Carolina,9930,171.4
8616,2008,Malignant neoplasms (C00-C97),Cancer,North Dakota,1354,171.4
8617,2015,"Diseases of heart (I00-I09,I11,I13,I20-I51)",Heart disease,Illinois,25652,171.5
8618,2012,"Diseases of heart (I00-I09,I11,I13,I20-I51)",Heart disease,New Jersey,18340,171.5
8619,2015,"Diseases of heart (I00-I09,I11,I13,I20-I51)",Heart disease,Texas,43298,171.6
8620,2006,"Diseases of heart (I00-I09,I11,I13,I20-I51)",Heart disease,Massachusetts,12947,171.7
8621,2004,Malignant neoplasms (C00-C97),Cancer,Wyoming,875,171.7
8622,2016,Malignant neoplasms (C00-C97),Cancer,Louisiana,9149,171.9
8623,2013,Malignant neoplasms (C00-C97),Cancer,Illinois,24491,171.9
8624,2010,Malignant neoplasms (C00-C97),Cancer,Iowa,6358,171.9
8625,2009,Malignant neoplasms (C00-C97),Cancer,Kansas,5319,171.9
8626,2008,"Diseases of heart (I00-I09,I11,I13,I20-I51)",Heart disease,Wyoming,937,171.9
8627,2007,Malignant neoplasms (C00-C97),Cancer,Texas,35074,171.9
8628,2017,"Diseases of heart (I00-I09,I11,I13,I20-I51)",Heart disease,South Carolina,10418,172.0
8629,2013,Malignant neoplasms (C00-C97),Cancer,Alaska,1016,172.0
8630,2009,"Diseases of heart (I00-I09,I11,I13,I20-I51)",Heart disease,Virginia,13397,172.0
8631,2001,"Diseases of heart (I00-I09,I11,I13,I20-I51)",Heart disease,Minnesota,8760,172.0
8632,2009,"Diseases of heart (I00-I09,I11,I13,I20-I51)",Heart disease,Wyoming,964,172.1
8633,2008,"Diseases of heart (I00-I09,I11,I13,I20-I51)",Heart disease,Wisconsin,11275,172.2
8634,2005,"Diseases of heart (I00-I09,I11,I13,I20-I51)",Heart disease,Montana,1855,172.2
8635,2002,Malignant neoplasms (C00-C97),Cancer,Idaho,2138,172.3
8636,2000,Malignant neoplasms (C00-C97),Cancer,New Mexico,2906,172.3
8637,2010,Malignant neoplasms (C00-C97),Cancer,Virginia,14080,172.4
8638,2004,"Diseases of heart (I00-I09,I11,I13,I20-I51)",Heart disease,Oregon,6725,172.4
8639,2016,Malignant neoplasms (C00-C97),Cancer,Indiana,13424,172.5
8640,2011,"Diseases of heart (I00-I09,I11,I13,I20-I51)",Heart disease,Texas,38094,172.5
8641,2011,Malignant neoplasms (C00-C97),Cancer,Oregon,7802,172.6
8642,2010,Malignant neoplasms (C00-C97),Cancer,Wyoming,1016,172.6
8643,2006,Malignant neoplasms (C00-C97),Cancer,Vermont,1214,172.6
8644,2013,"Diseases of heart (I00-I09,I11,I13,I20-I51)",Heart disease,Maryland,11244,172.7
8645,2012,"Diseases of heart (I00-I09,I11,I13,I20-I51)",Heart disease,Illinois,24667,172.7
8646,2009,Malignant neoplasms (C00-C97),Cancer,Oregon,7487,172.7
8647,2007,"Diseases of heart (I00-I09,I11,I13,I20-I51)",Heart disease,Wisconsin,11110,172.7
8648,2010,Malignant neoplasms (C00-C97),Cancer,United States,574743,172.8
8649,2001,Malignant neoplasms (C00-C97),Cancer,Idaho,2093,172.8
8650,2007,Malignant neoplasms (C00-C97),Cancer,Wyoming,940,172.9
8651,2007,"Diseases of heart (I00-I09,I11,I13,I20-I51)",Heart disease,Maine,2852,173.0
8652,2003,Malignant neoplasms (C00-C97),Cancer,Arizona,9627,173.0
8653,2011,Malignant neoplasms (C00-C97),Cancer,Iowa,6481,173.1
8654,2008,Malignant neoplasms (C00-C97),Cancer,Kansas,5294,173.1
8655,2006,Malignant neoplasms (C00-C97),Cancer,South Dakota,1570,173.1
8656,2002,Malignant neoplasms (C00-C97),Cancer,Arizona,9359,173.2
8657,2002,Malignant neoplasms (C00-C97),Cancer,New Mexico,3067,173.2
8658,2010,"Diseases of heart (I00-I09,I11,I13,I20-I51)",Heart disease,Iowa,6880,173.3
8659,2009,"Diseases of heart (I00-I09,I11,I13,I20-I51)",Heart disease,South Dakota,1778,173.3
8660,2009,Malignant neoplasms (C00-C97),Cancer,New Hampshire,2562,173.3
8661,1999,Malignant neoplasms (C00-C97),Cancer,New Mexico,2857,173.3
8662,2017,Malignant neoplasms (C00-C97),Cancer,Tennessee,14302,173.4
8663,2016,Malignant neoplasms (C00-C97),Cancer,Ohio,25509,173.4
8664,2015,Malignant neoplasms (C00-C97),Cancer,Missouri,12965,173.4
8665,2005,Malignant neoplasms (C00-C97),Cancer,New York,35556,173.4
8666,2009,Malignant neoplasms (C00-C97),Cancer,United States,567628,173.5
8667,2017,Malignant neoplasms (C00-C97),Cancer,Arkansas,6517,173.6
8668,2011,"Diseases of heart (I00-I09,I11,I13,I20-I51)",Heart disease,United States,596577,173.7
8669,2004,Malignant neoplasms (C00-C97),Cancer,Nebraska,3270,173.7
8670,2002,Malignant neoplasms (C00-C97),Cancer,Colorado,6384,173.7
8671,2016,"Diseases of heart (I00-I09,I11,I13,I20-I51)",Heart disease,South Carolina,10195,173.8
8672,2009,"Diseases of heart (I00-I09,I11,I13,I20-I51)",Heart disease,Rhode Island,2411,173.8
8673,2001,Malignant neoplasms (C00-C97),Cancer,Arizona,9143,173.8
8674,2010,Malignant neoplasms (C00-C97),Cancer,Oregon,7638,173.9
8675,2016,Malignant neoplasms (C00-C97),Cancer,Alabama,10419,174.0
8676,2013,Malignant neoplasms (C00-C97),Cancer,South Carolina,9745,174.0
8677,2003,Malignant neoplasms (C00-C97),Cancer,California,54319,174.0
8678,2014,Malignant neoplasms (C00-C97),Cancer,Michigan,21169,174.1
8679,2010,Malignant neoplasms (C00-C97),Cancer,Nevada,4529,174.2
8680,2007,Malignant neoplasms (C00-C97),Cancer,South Dakota,1612,174.3
8681,2006,"Diseases of heart (I00-I09,I11,I13,I20-I51)",Heart disease,Maine,2815,174.3
8682,2012,"Diseases of heart (I00-I09,I11,I13,I20-I51)",Heart disease,Maryland,11023,174.4
8683,2010,Malignant neoplasms (C00-C97),Cancer,Wisconsin,11279,174.5
8684,2013,Malignant neoplasms (C00-C97),Cancer,Rhode Island,2326,174.6
8685,2006,Malignant neoplasms (C00-C97),Cancer,Florida,40415,174.6
8686,2006,Malignant neoplasms (C00-C97),Cancer,Wyoming,927,174.6
8687,2005,Malignant neoplasms (C00-C97),Cancer,Idaho,2368,174.6
8688,2006,"Diseases of heart (I00-I09,I11,I13,I20-I51)",Heart disease,Connecticut,7490,174.7
8689,2012,Malignant neoplasms (C00-C97),Cancer,Michigan,20496,174.8
8690,2010,Malignant neoplasms (C00-C97),Cancer,Georgia,15435,174.8
8691,2017,Malignant neoplasms (C00-C97),Cancer,Louisiana,9513,174.9
8692,2011,"Diseases of heart (I00-I09,I11,I13,I20-I51)",Heart disease,New Jersey,18330,174.9
8693,2010,"Diseases of heart (I00-I09,I11,I13,I20-I51)",Heart disease,North Carolina,17154,174.9
8694,2009,Malignant neoplasms (C00-C97),Cancer,Rhode Island,2220,174.9
8695,2009,Malignant neoplasms (C00-C97),Cancer,Washington,11922,174.9
8696,2011,Malignant neoplasms (C00-C97),Cancer,Illinois,24007,175.0
8697,2011,Malignant neoplasms (C00-C97),Cancer,North Carolina,18284,175.0
8698,2008,Malignant neoplasms (C00-C97),Cancer,New Jersey,16876,175.0
8699,2015,Malignant neoplasms (C00-C97),Cancer,Ohio,25396,175.1
8700,2008,Malignant neoplasms (C00-C97),Cancer,Georgia,14621,175.1
8701,2004,"Diseases of heart (I00-I09,I11,I13,I20-I51)",Heart disease,Montana,1838,175.1
8702,2013,Malignant neoplasms (C00-C97),Cancer,Maine,3227,175.2
8703,2011,"Diseases of heart (I00-I09,I11,I13,I20-I51)",Heart disease,Delaware,1809,175.2
8704,2009,Malignant neoplasms (C00-C97),Cancer,Nevada,4461,175.3
8705,2006,Malignant neoplasms (C00-C97),Cancer,Washington,11055,175.3
8706,2008,"Diseases of heart (I00-I09,I11,I13,I20-I51)",Heart disease,Kansas,5643,175.4
8707,2012,Malignant neoplasms (C00-C97),Cancer,Pennsylvania,28909,175.5
8708,2011,Malignant neoplasms (C00-C97),Cancer,Alaska,935,175.5
8709,2011,Malignant neoplasms (C00-C97),Cancer,Wisconsin,11608,175.5
8710,2009,Malignant neoplasms (C00-C97),Cancer,Massachusetts,13112,175.5
8711,2008,Malignant neoplasms (C00-C97),Cancer,Washington,11618,175.5
8712,2006,Malignant neoplasms (C00-C97),Cancer,Connecticut,7044,175.5
8713,2005,Malignant neoplasms (C00-C97),Cancer,Nebraska,3355,175.5
8714,2002,Malignant neoplasms (C00-C97),Cancer,North Dakota,1293,175.5
8715,2015,Malignant neoplasms (C00-C97),Cancer,Alabama,10354,175.6
8716,2012,Malignant neoplasms (C00-C97),Cancer,Illinois,24562,175.6
8717,2009,Malignant neoplasms (C00-C97),Cancer,Georgia,15143,175.6
8718,2010,"Diseases of heart (I00-I09,I11,I13,I20-I51)",Heart disease,Delaware,1776,175.7
8719,2017,"Diseases of heart (I00-I09,I11,I13,I20-I51)",Heart disease,Georgia,18389,175.8
8720,2014,"Diseases of heart (I00-I09,I11,I13,I20-I51)",Heart disease,Pennsylvania,31353,175.8
8721,2007,"Diseases of heart (I00-I09,I11,I13,I20-I51)",Heart disease,Florida,42254,175.8
8722,2011,Malignant neoplasms (C00-C97),Cancer,Vermont,1347,175.9
8723,2005,Malignant neoplasms (C00-C97),Cancer,Vermont,1202,175.9
8724,2017,"Diseases of heart (I00-I09,I11,I13,I20-I51)",Heart disease,Pennsylvania,32312,176.0
8725,2009,"Diseases of heart (I00-I09,I11,I13,I20-I51)",Heart disease,Iowa,6938,176.1
8726,2006,Malignant neoplasms (C00-C97),Cancer,Texas,34939,176.1
8727,2016,"Diseases of heart (I00-I09,I11,I13,I20-I51)",Heart disease,Pennsylvania,31990,176.2
8728,2009,Malignant neoplasms (C00-C97),Cancer,Virginia,14122,176.2
8729,2008,"Diseases of heart (I00-I09,I11,I13,I20-I51)",Heart disease,California,60709,176.2
8730,2015,Malignant neoplasms (C00-C97),Cancer,Indiana,13511,176.3
8731,2008,Malignant neoplasms (C00-C97),Cancer,Vermont,1279,176.3
8732,2008,Malignant neoplasms (C00-C97),Cancer,United States,565469,176.4
8733,2006,"Diseases of heart (I00-I09,I11,I13,I20-I51)",Heart disease,Arizona,10607,176.5
8734,2007,Malignant neoplasms (C00-C97),Cancer,Nebraska,3479,176.6
8735,2006,Malignant neoplasms (C00-C97),Cancer,Nebraska,3430,176.6
8736,2004,"Diseases of heart (I00-I09,I11,I13,I20-I51)",Heart disease,Hawaii,2457,176.6
8737,2009,Malignant neoplasms (C00-C97),Cancer,Maryland,10412,176.7
8738,2007,Malignant neoplasms (C00-C97),Cancer,Iowa,6376,176.8
8739,2005,Malignant neoplasms (C00-C97),Cancer,Connecticut,7052,176.8
8740,2010,Malignant neoplasms (C00-C97),Cancer,Alaska,884,176.9
8741,2009,Malignant neoplasms (C00-C97),Cancer,North Carolina,17513,176.9
8742,2007,"Diseases of heart (I00-I09,I11,I13,I20-I51)",Heart disease,New Hampshire,2511,176.9
8743,2012,Malignant neoplasms (C00-C97),Cancer,Delaware,1935,177.0
8744,2008,Malignant neoplasms (C00-C97),Cancer,Oregon,7479,177.0
8745,2004,Malignant neoplasms (C00-C97),Cancer,Minnesota,9093,177.0
8746,2008,Malignant neoplasms (C00-C97),Cancer,Iowa,6424,177.1
8747,2002,Malignant neoplasms (C00-C97),Cancer,Wyoming,859,177.1
8748,2008,Malignant neoplasms (C00-C97),Cancer,Massachusetts,13031,177.2
8749,2007,"Diseases of heart (I00-I09,I11,I13,I20-I51)",Heart disease,Iowa,6880,177.2
8750,2007,Malignant neoplasms (C00-C97),Cancer,Wisconsin,10963,177.2
8751,2006,"Diseases of heart (I00-I09,I11,I13,I20-I51)",Heart disease,Vermont,1244,177.2
8752,2017,Malignant neoplasms (C00-C97),Cancer,Oklahoma,8203,177.3
8753,2008,Malignant neoplasms (C00-C97),Cancer,New Hampshire,2576,177.3
8754,2002,Malignant neoplasms (C00-C97),Cancer,California,54143,177.3
8755,2011,Malignant neoplasms (C00-C97),Cancer,New Hampshire,2740,177.5
8756,2004,Malignant neoplasms (C00-C97),Cancer,South Dakota,1555,177.5
8757,2014,Malignant neoplasms (C00-C97),Cancer,Alabama,10286,177.6
8758,2013,Malignant neoplasms (C00-C97),Cancer,Ohio,24986,177.6
8759,2012,"Diseases of heart (I00-I09,I11,I13,I20-I51)",Heart disease,Georgia,15825,177.6
8760,2014,Malignant neoplasms (C00-C97),Cancer,Missouri,13067,177.7
8761,2012,"Diseases of heart (I00-I09,I11,I13,I20-I51)",Heart disease,Pennsylvania,30952,177.7
8762,2000,"Diseases of heart (I00-I09,I11,I13,I20-I51)",Heart disease,Minnesota,8885,177.7
8763,2016,"Diseases of heart (I00-I09,I11,I13,I20-I51)",Heart disease,New York,44076,177.8
8764,2016,Malignant neoplasms (C00-C97),Cancer,Oklahoma,8115,177.8
8765,2015,"Diseases of heart (I00-I09,I11,I13,I20-I51)",Heart disease,Pennsylvania,32042,177.8
8766,2015,"Diseases of heart (I00-I09,I11,I13,I20-I51)",Heart disease,South Carolina,10092,177.8
8767,2014,Malignant neoplasms (C00-C97),Cancer,Ohio,25433,177.8
8768,2011,Malignant neoplasms (C00-C97),Cancer,Michigan,20420,177.8
8769,2008,Malignant neoplasms (C00-C97),Cancer,Wisconsin,11185,177.8
8770,2006,Malignant neoplasms (C00-C97),Cancer,Alaska,790,177.8
8771,2004,Malignant neoplasms (C00-C97),Cancer,New York,36100,177.8
8772,2006,Malignant neoplasms (C00-C97),Cancer,Montana,1943,177.9
8773,2000,Malignant neoplasms (C00-C97),Cancer,Arizona,9073,177.9
8774,2015,Malignant neoplasms (C00-C97),Cancer,Maine,3398,178.0
8775,2011,Malignant neoplasms (C00-C97),Cancer,Pennsylvania,28895,178.0
8776,2004,"Diseases of heart (I00-I09,I11,I13,I20-I51)",Heart disease,North Dakota,1470,178.0
8777,2011,"Diseases of heart (I00-I09,I11,I13,I20-I51)",Heart disease,Illinois,24987,178.1
8778,2008,Malignant neoplasms (C00-C97),Cancer,Rhode Island,2227,178.1
8779,2004,"Diseases of heart (I00-I09,I11,I13,I20-I51)",Heart disease,Utah,2942,178.1
8780,2013,Malignant neoplasms (C00-C97),Cancer,District of Columbia,1095,178.2
8781,2014,"Diseases of heart (I00-I09,I11,I13,I20-I51)",Heart disease,New York,43116,178.3
8782,2010,Malignant neoplasms (C00-C97),Cancer,District of Columbia,1041,178.3
8783,2010,Malignant neoplasms (C00-C97),Cancer,Rhode Island,2266,178.3
8784,2007,Malignant neoplasms (C00-C97),Cancer,Rhode Island,2213,178.4
8785,2005,Malignant neoplasms (C00-C97),Cancer,Florida,40592,178.4
8786,2014,Malignant neoplasms (C00-C97),Cancer,District of Columbia,1116,178.6
8787,2010,Malignant neoplasms (C00-C97),Cancer,Illinois,24070,178.6
8788,2009,"Diseases of heart (I00-I09,I11,I13,I20-I51)",Heart disease,New Jersey,18086,178.6
8789,2013,"Diseases of heart (I00-I09,I11,I13,I20-I51)",Heart disease,Georgia,16550,178.7
8790,2009,Malignant neoplasms (C00-C97),Cancer,Delaware,1813,178.7
8791,2016,Malignant neoplasms (C00-C97),Cancer,Arkansas,6612,178.8
8792,2012,Malignant neoplasms (C00-C97),Cancer,District of Columbia,1081,178.8
8793,2012,Malignant neoplasms (C00-C97),Cancer,South Carolina,9728,178.8
8794,2007,Malignant neoplasms (C00-C97),Cancer,Oregon,7393,178.8
8795,2005,Malignant neoplasms (C00-C97),Cancer,Texas,34291,178.9
8796,2016,"Diseases of heart (I00-I09,I11,I13,I20-I51)",Heart disease,Georgia,18143,179.0
8797,2013,"Diseases of heart (I00-I09,I11,I13,I20-I51)",Heart disease,Pennsylvania,31629,179.0
8798,2010,Malignant neoplasms (C00-C97),Cancer,North Carolina,18061,179.0
8799,2007,Malignant neoplasms (C00-C97),Cancer,Washington,11568,179.0
8800,2006,Malignant neoplasms (C00-C97),Cancer,Iowa,6359,179.0
8801,2005,"Diseases of heart (I00-I09,I11,I13,I20-I51)",Heart disease,Massachusetts,13280,179.0
8802,2003,Malignant neoplasms (C00-C97),Cancer,Nebraska,3339,179.0
8803,2010,"Diseases of heart (I00-I09,I11,I13,I20-I51)",Heart disease,United States,597689,179.1
8804,2008,Malignant neoplasms (C00-C97),Cancer,Virginia,13983,179.1
8805,2007,Malignant neoplasms (C00-C97),Cancer,Kansas,5406,179.2
8806,2003,Malignant neoplasms (C00-C97),Cancer,North Dakota,1334,179.2
8807,2012,Malignant neoplasms (C00-C97),Cancer,Maine,3226,179.3
8808,2007,Malignant neoplasms (C00-C97),Cancer,United States,562875,179.3
8809,2004,"Diseases of heart (I00-I09,I11,I13,I20-I51)",Heart disease,Washington,10644,179.3
8810,2017,Malignant neoplasms (C00-C97),Cancer,West Virginia,4654,179.4
8811,2013,Malignant neoplasms (C00-C97),Cancer,Missouri,12955,179.4
8812,2011,Malignant neoplasms (C00-C97),Cancer,Missouri,12473,179.4
8813,2008,Malignant neoplasms (C00-C97),Cancer,Nevada,4404,179.4
8814,2005,"Diseases of heart (I00-I09,I11,I13,I20-I51)",Heart disease,Nebraska,3640,179.4
8815,2004,Malignant neoplasms (C00-C97),Cancer,Florida,39840,179.4
8816,2013,Malignant neoplasms (C00-C97),Cancer,Indiana,13258,179.5
8817,2007,Malignant neoplasms (C00-C97),Cancer,Massachusetts,13003,179.5
8818,2006,"Diseases of heart (I00-I09,I11,I13,I20-I51)",Heart disease,New Mexico,3411,179.5
8819,2004,Malignant neoplasms (C00-C97),Cancer,Vermont,1212,179.5
8820,2004,Malignant neoplasms (C00-C97),Cancer,Montana,1867,179.6
8821,2014,"Diseases of heart (I00-I09,I11,I13,I20-I51)",Heart disease,Georgia,17107,179.7
8822,2014,Malignant neoplasms (C00-C97),Cancer,Indiana,13519,179.7
8823,2009,"Diseases of heart (I00-I09,I11,I13,I20-I51)",Heart disease,North Carolina,17203,179.7
8824,2011,Malignant neoplasms (C00-C97),Cancer,Delaware,1906,179.8
8825,2016,Malignant neoplasms (C00-C97),Cancer,Tennessee,14450,179.9
8826,2014,Malignant neoplasms (C00-C97),Cancer,Oklahoma,7934,179.9
8827,2006,Malignant neoplasms (C00-C97),Cancer,Wisconsin,10925,179.9
8828,1999,Malignant neoplasms (C00-C97),Cancer,Arizona,9006,179.9
8829,2013,"Diseases of heart (I00-I09,I11,I13,I20-I51)",Heart disease,South Carolina,9648,180.0
8830,2008,Malignant neoplasms (C00-C97),Cancer,Maryland,10360,180.1
8831,2007,Malignant neoplasms (C00-C97),Cancer,New Jersey,17096,180.1
8832,2006,Malignant neoplasms (C00-C97),Cancer,Kansas,5343,180.1
8833,2015,"Diseases of heart (I00-I09,I11,I13,I20-I51)",Heart disease,Georgia,17769,180.2
8834,2015,Malignant neoplasms (C00-C97),Cancer,Louisiana,9397,180.2
8835,2012,"Diseases of heart (I00-I09,I11,I13,I20-I51)",Heart disease,South Carolina,9364,180.2
8836,2006,Malignant neoplasms (C00-C97),Cancer,North Dakota,1387,180.2
8837,2003,Malignant neoplasms (C00-C97),Cancer,New York,36238,180.2
8838,2001,Malignant neoplasms (C00-C97),Cancer,California,53924,180.2
8839,2003,"Diseases of heart (I00-I09,I11,I13,I20-I51)",Heart disease,Colorado,6499,180.3
8840,2007,"Diseases of heart (I00-I09,I11,I13,I20-I51)",Heart disease,Wyoming,957,180.4
8841,2015,Malignant neoplasms (C00-C97),Cancer,Tennessee,14214,180.5
8842,2007,Malignant neoplasms (C00-C97),Cancer,Maryland,10179,180.5
8843,2005,"Diseases of heart (I00-I09,I11,I13,I20-I51)",Heart disease,Vermont,1234,180.5
8844,2005,"Diseases of heart (I00-I09,I11,I13,I20-I51)",Heart disease,Washington,10985,180.5
8845,2016,"Diseases of heart (I00-I09,I11,I13,I20-I51)",Heart disease,Indiana,13952,180.6
8846,2008,"Diseases of heart (I00-I09,I11,I13,I20-I51)",Heart disease,Virginia,13675,180.6
8847,2006,"Diseases of heart (I00-I09,I11,I13,I20-I51)",Heart disease,South Dakota,1757,180.6
8848,2000,Malignant neoplasms (C00-C97),Cancer,Idaho,2128,180.6
8849,2011,Malignant neoplasms (C00-C97),Cancer,District of Columbia,1070,180.7
8850,2005,"Diseases of heart (I00-I09,I11,I13,I20-I51)",Heart disease,Connecticut,7650,180.7
8851,2007,"Diseases of heart (I00-I09,I11,I13,I20-I51)",Heart disease,Kansas,5749,180.8
8852,2007,Malignant neoplasms (C00-C97),Cancer,Nevada,4331,180.8
8853,2006,Malignant neoplasms (C00-C97),Cancer,Oregon,7309,180.9
8854,2005,Malignant neoplasms (C00-C97),Cancer,Washington,11048,181.0
8855,2014,"Diseases of heart (I00-I09,I11,I13,I20-I51)",Heart disease,South Carolina,9964,181.1
8856,2010,"Diseases of heart (I00-I09,I11,I13,I20-I51)",Heart disease,Texas,38253,181.1
8857,2008,Malignant neoplasms (C00-C97),Cancer,Alaska,867,181.1
8858,2006,"Diseases of heart (I00-I09,I11,I13,I20-I51)",Heart disease,New Hampshire,2501,181.1
8859,2006,"Diseases of heart (I00-I09,I11,I13,I20-I51)",Heart disease,Wisconsin,11451,181.1
8860,2008,Malignant neoplasms (C00-C97),Cancer,North Carolina,17453,181.3
8861,2005,"Diseases of heart (I00-I09,I11,I13,I20-I51)",Heart disease,North Dakota,1512,181.3
8862,2006,Malignant neoplasms (C00-C97),Cancer,Rhode Island,2250,181.4
8863,2015,"Diseases of heart (I00-I09,I11,I13,I20-I51)",Heart disease,New York,44450,181.6
8864,2010,Malignant neoplasms (C00-C97),Cancer,Pennsylvania,29055,181.6
8865,2010,"Diseases of heart (I00-I09,I11,I13,I20-I51)",Heart disease,Illinois,24959,181.7
8866,2003,Malignant neoplasms (C00-C97),Cancer,Florida,39404,181.7
8867,2003,Malignant neoplasms (C00-C97),Cancer,Minnesota,9183,181.7
8868,2003,Malignant neoplasms (C00-C97),Cancer,Montana,1847,181.7
8869,2001,"Diseases of heart (I00-I09,I11,I13,I20-I51)",Heart disease,Hawaii,2310,181.7
8870,2009,Malignant neoplasms (C00-C97),Cancer,Illinois,24185,181.8
8871,2006,Malignant neoplasms (C00-C97),Cancer,United States,559888,181.8
8872,2003,Malignant neoplasms (C00-C97),Cancer,Idaho,2321,181.8
8873,2011,Malignant neoplasms (C00-C97),Cancer,South Carolina,9543,182.0
8874,2010,"Diseases of heart (I00-I09,I11,I13,I20-I51)",Heart disease,New Jersey,18730,182.0
8875,2006,"Diseases of heart (I00-I09,I11,I13,I20-I51)",Heart disease,North Dakota,1527,182.0
8876,2004,Malignant neoplasms (C00-C97),Cancer,Texas,33937,182.1
8877,2000,Malignant neoplasms (C00-C97),Cancer,California,53158,182.1
8878,2016,Malignant neoplasms (C00-C97),Cancer,West Virginia,4659,182.2
8879,2013,Malignant neoplasms (C00-C97),Cancer,Alabama,10328,182.2
8880,2011,Malignant neoplasms (C00-C97),Cancer,Maine,3201,182.2
8881,2010,"Diseases of heart (I00-I09,I11,I13,I20-I51)",Heart disease,Maryland,10915,182.2
8882,2009,Malignant neoplasms (C00-C97),Cancer,Michigan,20257,182.2
8883,2003,"Diseases of heart (I00-I09,I11,I13,I20-I51)",Heart disease,Hawaii,2461,182.2
8884,2015,"Diseases of heart (I00-I09,I11,I13,I20-I51)",Heart disease,Indiana,13948,182.3
8885,2012,Malignant neoplasms (C00-C97),Cancer,Missouri,12919,182.3
8886,2009,"Diseases of heart (I00-I09,I11,I13,I20-I51)",Heart disease,Delaware,1796,182.3
8887,2004,Malignant neoplasms (C00-C97),Cancer,Iowa,6340,182.3
8888,2004,Malignant neoplasms (C00-C97),Cancer,Connecticut,7175,182.4
8889,2011,"Diseases of heart (I00-I09,I11,I13,I20-I51)",Heart disease,Georgia,15773,182.5
8890,2009,Malignant neoplasms (C00-C97),Cancer,Pennsylvania,28881,182.5
8891,2007,Malignant neoplasms (C00-C97),Cancer,Alaska,839,182.6
8892,2005,"Diseases of heart (I00-I09,I11,I13,I20-I51)",Heart disease,Idaho,2450,182.6
8893,2005,Malignant neoplasms (C00-C97),Cancer,South Dakota,1612,182.6
8894,2014,"Diseases of heart (I00-I09,I11,I13,I20-I51)",Heart disease,Indiana,13764,182.7
8895,2012,Malignant neoplasms (C00-C97),Cancer,Ohio,25261,182.7
8896,2002,"Diseases of heart (I00-I09,I11,I13,I20-I51)",Heart disease,Colorado,6425,182.7
8897,2009,"Diseases of heart (I00-I09,I11,I13,I20-I51)",Heart disease,United States,599413,182.8
8898,2009,Malignant neoplasms (C00-C97),Cancer,South Carolina,9123,182.8
8899,2005,Malignant neoplasms (C00-C97),Cancer,Wisconsin,10943,182.8
8900,2010,Malignant neoplasms (C00-C97),Cancer,Michigan,20620,182.9
8901,2009,Malignant neoplasms (C00-C97),Cancer,Alaska,895,183.0
8902,2006,Malignant neoplasms (C00-C97),Cancer,New Jersey,17180,183.0
8903,2003,Malignant neoplasms (C00-C97),Cancer,Connecticut,7131,183.0
8904,2017,Malignant neoplasms (C00-C97),Cancer,Mississippi,6526,183.1
8905,2014,Malignant neoplasms (C00-C97),Cancer,Arkansas,6546,183.1
8906,2004,"Diseases of heart (I00-I09,I11,I13,I20-I51)",Heart disease,New Mexico,3264,183.1
8907,2004,Malignant neoplasms (C00-C97),Cancer,Kansas,5312,183.1
8908,2017,"Diseases of heart (I00-I09,I11,I13,I20-I51)",Heart disease,Indiana,14445,183.2
8909,2010,Malignant neoplasms (C00-C97),Cancer,Vermont,1392,183.3
8910,2002,Malignant neoplasms (C00-C97),Cancer,South Dakota,1562,183.3
8911,2001,"Diseases of heart (I00-I09,I11,I13,I20-I51)",Heart disease,Colorado,6293,183.3
8912,2003,Malignant neoplasms (C00-C97),Cancer,Wisconsin,10648,183.4
8913,2010,Malignant neoplasms (C00-C97),Cancer,South Carolina,9356,183.6
8914,2003,Malignant neoplasms (C00-C97),Cancer,Vermont,1210,183.6
8915,2005,Malignant neoplasms (C00-C97),Cancer,Iowa,6453,183.7
8916,2000,Malignant neoplasms (C00-C97),Cancer,North Dakota,1346,183.7
8917,2002,Malignant neoplasms (C00-C97),Cancer,Florida,39140,183.8
8918,2001,Malignant neoplasms (C00-C97),Cancer,Minnesota,8967,183.8
8919,2007,"Diseases of heart (I00-I09,I11,I13,I20-I51)",Heart disease,California,61690,183.9
8920,2006,Malignant neoplasms (C00-C97),Cancer,New Hampshire,2534,183.9
8921,2009,"Diseases of heart (I00-I09,I11,I13,I20-I51)",Heart disease,Illinois,24931,184.0
8922,2007,Malignant neoplasms (C00-C97),Cancer,Virginia,14009,184.0
8923,2006,Malignant neoplasms (C00-C97),Cancer,Georgia,14474,184.0
8924,2009,"Diseases of heart (I00-I09,I11,I13,I20-I51)",Heart disease,Texas,38077,184.1
8925,2014,Malignant neoplasms (C00-C97),Cancer,Tennessee,14173,184.2
8926,2005,Malignant neoplasms (C00-C97),Cancer,Montana,1956,184.2
8927,2004,Malignant neoplasms (C00-C97),Cancer,Alaska,728,184.2
8928,2015,Malignant neoplasms (C00-C97),Cancer,Oklahoma,8280,184.3
8929,2008,"Diseases of heart (I00-I09,I11,I13,I20-I51)",Heart disease,Delaware,1777,184.3
8930,2012,Malignant neoplasms (C00-C97),Cancer,Indiana,13368,184.4
8931,2008,Malignant neoplasms (C00-C97),Cancer,Michigan,20211,184.4
8932,2003,"Diseases of heart (I00-I09,I11,I13,I20-I51)",Heart disease,Oregon,7049,184.4
8933,2002,Malignant neoplasms (C00-C97),Cancer,New York,36661,184.4
8934,2011,"Diseases of heart (I00-I09,I11,I13,I20-I51)",Heart disease,South Carolina,9295,184.5
8935,2006,Malignant neoplasms (C00-C97),Cancer,Nevada,4226,184.5
8936,2004,Malignant neoplasms (C00-C97),Cancer,Washington,10989,184.6
8937,2008,Malignant neoplasms (C00-C97),Cancer,Pennsylvania,28964,184.7
8938,2007,Malignant neoplasms (C00-C97),Cancer,New Hampshire,2609,184.7
8939,2004,Malignant neoplasms (C00-C97),Cancer,Wisconsin,10861,184.7
8940,2013,"Diseases of heart (I00-I09,I11,I13,I20-I51)",Heart disease,New York,44039,184.8
8941,2011,Malignant neoplasms (C00-C97),Cancer,Ohio,25140,184.9
8942,1999,Malignant neoplasms (C00-C97),Cancer,California,53067,184.9
8943,2008,Malignant neoplasms (C00-C97),Cancer,Illinois,24300,185.0
8944,2008,Malignant neoplasms (C00-C97),Cancer,Maine,3093,185.0
8945,2005,Malignant neoplasms (C00-C97),Cancer,New Jersey,17171,185.0
8946,2016,"Diseases of heart (I00-I09,I11,I13,I20-I51)",Heart disease,Ohio,27410,185.1
8947,2005,Malignant neoplasms (C00-C97),Cancer,United States,559312,185.1
8948,2012,Malignant neoplasms (C00-C97),Cancer,Alabama,10276,185.2
8949,2009,Malignant neoplasms (C00-C97),Cancer,Maine,3133,185.2
8950,2006,Malignant neoplasms (C00-C97),Cancer,Virginia,13829,185.3
8951,2002,Malignant neoplasms (C00-C97),Cancer,Minnesota,9210,185.3
8952,2000,"Diseases of heart (I00-I09,I11,I13,I20-I51)",Heart disease,Colorado,6184,185.3
8953,2015,Malignant neoplasms (C00-C97),Cancer,Arkansas,6727,185.4
8954,2011,Malignant neoplasms (C00-C97),Cancer,Indiana,13180,185.4
8955,2013,Malignant neoplasms (C00-C97),Cancer,Tennessee,13953,185.5
8956,2008,"Diseases of heart (I00-I09,I11,I13,I20-I51)",Heart disease,Iowa,7284,185.5
8957,2007,Malignant neoplasms (C00-C97),Cancer,Georgia,14983,185.5
8958,2003,"Diseases of heart (I00-I09,I11,I13,I20-I51)",Heart disease,Alaska,626,185.5
8959,2001,Malignant neoplasms (C00-C97),Cancer,Nebraska,3389,185.5
8960,2000,Malignant neoplasms (C00-C97),Cancer,Wyoming,868,185.5
8961,2010,Malignant neoplasms (C00-C97),Cancer,Missouri,12626,185.6
8962,2005,Malignant neoplasms (C00-C97),Cancer,Kansas,5428,185.6
8963,2017,Malignant neoplasms (C00-C97),Cancer,Kentucky,10145,185.7
8964,2013,Malignant neoplasms (C00-C97),Cancer,Oklahoma,8039,185.7
8965,2010,Malignant neoplasms (C00-C97),Cancer,Delaware,1909,185.7
8966,2009,Malignant neoplasms (C00-C97),Cancer,Missouri,12472,185.7
8967,2011,"Diseases of heart (I00-I09,I11,I13,I20-I51)",Heart disease,Pennsylvania,31934,185.9
8968,2003,Malignant neoplasms (C00-C97),Cancer,Kansas,5332,185.9
8969,2014,Malignant neoplasms (C00-C97),Cancer,Louisiana,9455,186.1
8970,2003,Malignant neoplasms (C00-C97),Cancer,Texas,33867,186.1
8971,2002,Malignant neoplasms (C00-C97),Cancer,Nebraska,3433,186.1
8972,2017,"Diseases of heart (I00-I09,I11,I13,I20-I51)",Heart disease,Ohio,28008,186.2
8973,2013,"Diseases of heart (I00-I09,I11,I13,I20-I51)",Heart disease,Indiana,13773,186.2
8974,2000,Malignant neoplasms (C00-C97),Cancer,Nebraska,3382,186.2
8975,2006,"Diseases of heart (I00-I09,I11,I13,I20-I51)",Heart disease,Kansas,5849,186.3
8976,2005,"Diseases of heart (I00-I09,I11,I13,I20-I51)",Heart disease,New Mexico,3435,186.3
8977,2005,"Diseases of heart (I00-I09,I11,I13,I20-I51)",Heart disease,South Dakota,1776,186.3
8978,2005,Malignant neoplasms (C00-C97),Cancer,Massachusetts,13182,186.3
8979,2002,Malignant neoplasms (C00-C97),Cancer,Connecticut,7163,186.3
8980,2014,"Diseases of heart (I00-I09,I11,I13,I20-I51)",Heart disease,Ohio,27000,186.4
8981,2008,"Diseases of heart (I00-I09,I11,I13,I20-I51)",Heart disease,North Carolina,17335,186.4
8982,2007,Malignant neoplasms (C00-C97),Cancer,Michigan,20087,186.4
8983,1999,Malignant neoplasms (C00-C97),Cancer,Idaho,2162,186.4
8984,2012,"Diseases of heart (I00-I09,I11,I13,I20-I51)",Heart disease,New York,43795,186.5
8985,2005,"Diseases of heart (I00-I09,I11,I13,I20-I51)",Heart disease,Maine,2941,186.5
8986,2005,Malignant neoplasms (C00-C97),Cancer,Oregon,7326,186.5
8987,2007,Malignant neoplasms (C00-C97),Cancer,Illinois,24115,186.6
8988,2007,"Diseases of heart (I00-I09,I11,I13,I20-I51)",Heart disease,Virginia,13750,186.7
8989,1999,Malignant neoplasms (C00-C97),Cancer,North Dakota,1366,186.7
8990,2005,Malignant neoplasms (C00-C97),Cancer,Rhode Island,2292,186.8
8991,2004,Malignant neoplasms (C00-C97),Cancer,United States,553888,186.8
8992,2007,Malignant neoplasms (C00-C97),Cancer,Pennsylvania,29014,186.9
8993,2010,"Diseases of heart (I00-I09,I11,I13,I20-I51)",Heart disease,Pennsylvania,31556,187.0
8994,2006,Malignant neoplasms (C00-C97),Cancer,Maryland,10350,187.0
8995,2000,Malignant neoplasms (C00-C97),Cancer,Kansas,5223,187.0
8996,1999,Malignant neoplasms (C00-C97),Cancer,Minnesota,8892,187.0
8997,2007,Malignant neoplasms (C00-C97),Cancer,North Carolina,17478,187.1
8998,2006,"Diseases of heart (I00-I09,I11,I13,I20-I51)",Heart disease,Iowa,7172,187.1
8999,2004,Malignant neoplasms (C00-C97),Cancer,New Jersey,17208,187.1
9000,2011,"Diseases of heart (I00-I09,I11,I13,I20-I51)",Heart disease,Indiana,13372,187.2
9001,2004,"Diseases of heart (I00-I09,I11,I13,I20-I51)",Heart disease,Nebraska,3738,187.2
9002,2003,"Diseases of heart (I00-I09,I11,I13,I20-I51)",Heart disease,Utah,3018,187.4
9003,2001,Malignant neoplasms (C00-C97),Cancer,Florida,39090,187.4
9004,2006,Malignant neoplasms (C00-C97),Cancer,Massachusetts,13407,187.5
9005,2015,"Diseases of heart (I00-I09,I11,I13,I20-I51)",Heart disease,District of Columbia,1217,187.6
9006,2012,Malignant neoplasms (C00-C97),Cancer,Tennessee,13765,187.6
9007,2001,Malignant neoplasms (C00-C97),Cancer,Connecticut,7093,187.6
9008,2016,Malignant neoplasms (C00-C97),Cancer,Mississippi,6568,187.7
9009,2012,"Diseases of heart (I00-I09,I11,I13,I20-I51)",Heart disease,Ohio,26426,187.7
9010,2010,Malignant neoplasms (C00-C97),Cancer,Ohio,25083,187.7
9011,2001,"Diseases of heart (I00-I09,I11,I13,I20-I51)",Heart disease,Utah,2896,187.7
9012,2011,Malignant neoplasms (C00-C97),Cancer,Alabama,10233,187.8
9013,2003,Malignant neoplasms (C00-C97),Cancer,Iowa,6469,187.8
9014,2013,"Diseases of heart (I00-I09,I11,I13,I20-I51)",Heart disease,Ohio,26878,187.9
9015,2010,Malignant neoplasms (C00-C97),Cancer,Maine,3248,187.9
9016,2006,"Diseases of heart (I00-I09,I11,I13,I20-I51)",Heart disease,Florida,44305,187.9
9017,2005,"Diseases of heart (I00-I09,I11,I13,I20-I51)",Heart disease,Wyoming,952,188.3
9018,2002,Malignant neoplasms (C00-C97),Cancer,Vermont,1224,188.3
9019,2015,Malignant neoplasms (C00-C97),Cancer,Mississippi,6485,188.4
9020,2012,"Diseases of heart (I00-I09,I11,I13,I20-I51)",Heart disease,Indiana,13675,188.4
9021,2003,Malignant neoplasms (C00-C97),Cancer,Alaska,735,188.4
9022,2001,Malignant neoplasms (C00-C97),Cancer,New York,36975,188.4
9023,2013,Malignant neoplasms (C00-C97),Cancer,Louisiana,9419,188.5
9024,2007,Malignant neoplasms (C00-C97),Cancer,South Carolina,8867,188.5
9025,2004,Malignant neoplasms (C00-C97),Cancer,Virginia,13385,188.5
9026,2001,Malignant neoplasms (C00-C97),Cancer,South Dakota,1590,188.5
9027,2010,Malignant neoplasms (C00-C97),Cancer,Indiana,13164,188.6
9028,2007,Malignant neoplasms (C00-C97),Cancer,Vermont,1346,188.6
9029,2004,"Diseases of heart (I00-I09,I11,I13,I20-I51)",Heart disease,Idaho,2450,188.6
9030,2002,"Diseases of heart (I00-I09,I11,I13,I20-I51)",Heart disease,Utah,2977,188.6
9031,2006,Malignant neoplasms (C00-C97),Cancer,Illinois,24084,188.7
9032,2002,Malignant neoplasms (C00-C97),Cancer,Kansas,5362,188.7
9033,2004,Malignant neoplasms (C00-C97),Cancer,Oregon,7236,188.8
9034,2004,"Diseases of heart (I00-I09,I11,I13,I20-I51)",Heart disease,Massachusetts,13824,188.9
9035,2003,Malignant neoplasms (C00-C97),Cancer,Wyoming,943,188.9
9036,2001,Malignant neoplasms (C00-C97),Cancer,Iowa,6404,188.9
9037,2011,Malignant neoplasms (C00-C97),Cancer,Tennessee,13562,189.0
9038,1999,Malignant neoplasms (C00-C97),Cancer,Nebraska,3410,189.0
9039,2012,Malignant neoplasms (C00-C97),Cancer,Arkansas,6540,189.1
9040,2001,"Diseases of heart (I00-I09,I11,I13,I20-I51)",Heart disease,Alaska,603,189.1
9041,1999,Malignant neoplasms (C00-C97),Cancer,Iowa,6346,189.1
9042,2009,Malignant neoplasms (C00-C97),Cancer,Oklahoma,7639,189.2
9043,2004,"Diseases of heart (I00-I09,I11,I13,I20-I51)",Heart disease,South Dakota,1783,189.2
9044,2001,Malignant neoplasms (C00-C97),Cancer,North Dakota,1391,189.2
9045,2002,Malignant neoplasms (C00-C97),Cancer,Iowa,6473,189.3
9046,2009,"Diseases of heart (I00-I09,I11,I13,I20-I51)",Heart disease,South Carolina,9068,189.5
9047,2008,Malignant neoplasms (C00-C97),Cancer,Missouri,12523,189.5
9048,2004,"Diseases of heart (I00-I09,I11,I13,I20-I51)",Heart disease,Connecticut,7868,189.5
9049,2000,Malignant neoplasms (C00-C97),Cancer,Connecticut,7065,189.5
9050,2002,Malignant neoplasms (C00-C97),Cancer,Wisconsin,10828,189.6
9051,2017,"Diseases of heart (I00-I09,I11,I13,I20-I51)",Heart disease,District of Columbia,1284,189.8
9052,2005,"Diseases of heart (I00-I09,I11,I13,I20-I51)",Heart disease,Arizona,10966,189.8
9053,2005,"Diseases of heart (I00-I09,I11,I13,I20-I51)",Heart disease,New Hampshire,2530,189.8
9054,2005,Malignant neoplasms (C00-C97),Cancer,New Hampshire,2549,189.8
9055,2002,Malignant neoplasms (C00-C97),Cancer,Alaska,715,189.8
9056,2012,Malignant neoplasms (C00-C97),Cancer,Oklahoma,8040,189.9
9057,2010,"Diseases of heart (I00-I09,I11,I13,I20-I51)",Heart disease,South Carolina,9295,189.9
9058,2007,Malignant neoplasms (C00-C97),Cancer,Maine,3112,189.9
9059,2005,Malignant neoplasms (C00-C97),Cancer,Georgia,14358,189.9
9060,2004,"Diseases of heart (I00-I09,I11,I13,I20-I51)",Heart disease,Maine,2948,189.9
9061,2013,Malignant neoplasms (C00-C97),Cancer,Arkansas,6688,190.0
9062,2011,"Diseases of heart (I00-I09,I11,I13,I20-I51)",Heart disease,Ohio,26298,190.0
9063,2009,"Diseases of heart (I00-I09,I11,I13,I20-I51)",Heart disease,Ohio,25453,190.0
9064,2008,Malignant neoplasms (C00-C97),Cancer,South Carolina,9199,190.0
9065,2005,Malignant neoplasms (C00-C97),Cancer,Virginia,13877,190.0
9066,2004,"Diseases of heart (I00-I09,I11,I13,I20-I51)",Heart disease,Arizona,10539,190.0
9067,2004,Malignant neoplasms (C00-C97),Cancer,Massachusetts,13337,190.1
9068,1999,"Diseases of heart (I00-I09,I11,I13,I20-I51)",Heart disease,Utah,2786,190.1
9069,2003,Malignant neoplasms (C00-C97),Cancer,South Dakota,1636,190.3
9070,2015,Malignant neoplasms (C00-C97),Cancer,West Virginia,4839,190.4
9071,2009,Malignant neoplasms (C00-C97),Cancer,Indiana,13093,190.4
9072,2005,Malignant neoplasms (C00-C97),Cancer,Maryland,10371,190.4
9073,2003,Malignant neoplasms (C00-C97),Cancer,Washington,11064,190.4
9074,2009,Malignant neoplasms (C00-C97),Cancer,Ohio,25149,190.5
9075,2006,Malignant neoplasms (C00-C97),Cancer,Michigan,20192,190.5
9076,2006,Malignant neoplasms (C00-C97),Cancer,Pennsylvania,29172,190.5
9077,2004,Malignant neoplasms (C00-C97),Cancer,Maryland,10168,190.5
9078,2000,Malignant neoplasms (C00-C97),Cancer,South Dakota,1597,190.5
9079,1999,Malignant neoplasms (C00-C97),Cancer,Alaska,633,190.5
9080,2005,"Diseases of heart (I00-I09,I11,I13,I20-I51)",Heart disease,Wisconsin,11842,190.6
9081,2002,Malignant neoplasms (C00-C97),Cancer,Washington,10858,190.6
9082,1999,Malignant neoplasms (C00-C97),Cancer,Florida,38478,190.6
9083,2012,Malignant neoplasms (C00-C97),Cancer,Louisiana,9308,190.7
9084,2006,Malignant neoplasms (C00-C97),Cancer,Delaware,1780,190.7
9085,2013,Malignant neoplasms (C00-C97),Cancer,West Virginia,4718,190.8
9086,2009,"Diseases of heart (I00-I09,I11,I13,I20-I51)",Heart disease,Maryland,11210,190.8
9087,2007,Malignant neoplasms (C00-C97),Cancer,Missouri,12380,190.9
9088,2004,Malignant neoplasms (C00-C97),Cancer,Michigan,19653,190.9
9089,2003,Malignant neoplasms (C00-C97),Cancer,United States,556902,190.9
9090,2016,"Diseases of heart (I00-I09,I11,I13,I20-I51)",Heart disease,West Virginia,4767,191.0
9091,2005,Malignant neoplasms (C00-C97),Cancer,Nevada,4238,191.0
9092,1999,Malignant neoplasms (C00-C97),Cancer,Connecticut,7054,191.0
9093,2017,"Diseases of heart (I00-I09,I11,I13,I20-I51)",Heart disease,Missouri,14820,191.1
9094,2011,Malignant neoplasms (C00-C97),Cancer,Arkansas,6497,191.1
9095,2011,Malignant neoplasms (C00-C97),Cancer,Oklahoma,7997,191.1
9096,2002,Malignant neoplasms (C00-C97),Cancer,Montana,1911,191.1
9097,2005,Malignant neoplasms (C00-C97),Cancer,North Carolina,16724,191.2
9098,2015,"Diseases of heart (I00-I09,I11,I13,I20-I51)",Heart disease,West Virginia,4727,191.3
9099,2010,Malignant neoplasms (C00-C97),Cancer,Oklahoma,7831,191.3
9100,2006,Malignant neoplasms (C00-C97),Cancer,North Carolina,17318,191.4
9101,2008,"Diseases of heart (I00-I09,I11,I13,I20-I51)",Heart disease,New Jersey,19056,191.6
9102,2001,Malignant neoplasms (C00-C97),Cancer,Wisconsin,10777,191.6
9103,2000,Malignant neoplasms (C00-C97),Cancer,Florida,39183,191.6
9104,2015,"Diseases of heart (I00-I09,I11,I13,I20-I51)",Heart disease,Ohio,28069,191.7
9105,2010,Malignant neoplasms (C00-C97),Cancer,Alabama,10196,191.7
9106,2008,"Diseases of heart (I00-I09,I11,I13,I20-I51)",Heart disease,Texas,38384,191.7
9107,2000,Malignant neoplasms (C00-C97),Cancer,Iowa,6448,191.7
9108,2000,Malignant neoplasms (C00-C97),Cancer,Wisconsin,10638,191.7
9109,2012,Malignant neoplasms (C00-C97),Cancer,West Virginia,4684,191.8
9110,2010,"Diseases of heart (I00-I09,I11,I13,I20-I51)",Heart disease,Indiana,13388,191.8
9111,2002,"Diseases of heart (I00-I09,I11,I13,I20-I51)",Heart disease,Hawaii,2512,191.8
9112,2000,Malignant neoplasms (C00-C97),Cancer,Minnesota,9215,191.8
9113,2008,Malignant neoplasms (C00-C97),Cancer,Ohio,24998,191.9
9114,2004,Malignant neoplasms (C00-C97),Cancer,Nevada,4119,191.9
9115,2017,"Diseases of heart (I00-I09,I11,I13,I20-I51)",Heart disease,West Virginia,4849,192.0
9116,2016,"Diseases of heart (I00-I09,I11,I13,I20-I51)",Heart disease,Missouri,14579,192.1
9117,2008,"Diseases of heart (I00-I09,I11,I13,I20-I51)",Heart disease,United States,616828,192.1
9118,2005,Malignant neoplasms (C00-C97),Cancer,Illinois,24250,192.1
9119,2003,Malignant neoplasms (C00-C97),Cancer,Rhode Island,2328,192.1
9120,2002,Malignant neoplasms (C00-C97),Cancer,Texas,34164,192.2
9121,2000,Malignant neoplasms (C00-C97),Cancer,New York,37198,192.2
9122,2004,"Diseases of heart (I00-I09,I11,I13,I20-I51)",Heart disease,Vermont,1289,192.3
9123,2010,"Diseases of heart (I00-I09,I11,I13,I20-I51)",Heart disease,Ohio,26164,192.4
9124,1999,"Diseases of heart (I00-I09,I11,I13,I20-I51)",Heart disease,Minnesota,9533,192.4
9125,1999,Malignant neoplasms (C00-C97),Cancer,Kansas,5334,192.4
9126,2012,"Diseases of heart (I00-I09,I11,I13,I20-I51)",Heart disease,Nevada,5166,192.5
9127,2004,"Diseases of heart (I00-I09,I11,I13,I20-I51)",Heart disease,Wyoming,950,192.5
9128,2003,Malignant neoplasms (C00-C97),Cancer,Oregon,7232,192.5
9129,2010,"Diseases of heart (I00-I09,I11,I13,I20-I51)",Heart disease,Georgia,15987,192.6
9130,2007,Malignant neoplasms (C00-C97),Cancer,Indiana,12778,192.6
9131,2005,"Diseases of heart (I00-I09,I11,I13,I20-I51)",Heart disease,Kansas,5960,192.6
9132,2005,Malignant neoplasms (C00-C97),Cancer,Michigan,20094,192.6
9133,2001,Malignant neoplasms (C00-C97),Cancer,Texas,33488,192.6
9134,2006,Malignant neoplasms (C00-C97),Cancer,Maine,3089,192.7
9135,2003,"Diseases of heart (I00-I09,I11,I13,I20-I51)",Heart disease,Washington,11185,192.8
9136,2002,"Diseases of heart (I00-I09,I11,I13,I20-I51)",Heart disease,Montana,1944,192.8
9137,2014,"Diseases of heart (I00-I09,I11,I13,I20-I51)",Heart disease,West Virginia,4692,192.9
9138,2006,"Diseases of heart (I00-I09,I11,I13,I20-I51)",Heart disease,Wyoming,994,192.9
9139,2007,"Diseases of heart (I00-I09,I11,I13,I20-I51)",Heart disease,New Jersey,18831,193.0
9140,2007,"Diseases of heart (I00-I09,I11,I13,I20-I51)",Heart disease,North Carolina,17395,193.0
9141,2014,Malignant neoplasms (C00-C97),Cancer,Mississippi,6534,193.1
9142,2008,Malignant neoplasms (C00-C97),Cancer,Oklahoma,7657,193.1
9143,2001,"Diseases of heart (I00-I09,I11,I13,I20-I51)",Heart disease,Oregon,7075,193.2
9144,2008,Malignant neoplasms (C00-C97),Cancer,Delaware,1912,193.3
9145,2003,"Diseases of heart (I00-I09,I11,I13,I20-I51)",Heart disease,Montana,1984,193.3
9146,2012,"Diseases of heart (I00-I09,I11,I13,I20-I51)",Heart disease,Missouri,13742,193.4
9147,2008,"Diseases of heart (I00-I09,I11,I13,I20-I51)",Heart disease,South Carolina,8996,193.4
9148,2007,Malignant neoplasms (C00-C97),Cancer,Delaware,1853,193.5
9149,2008,"Diseases of heart (I00-I09,I11,I13,I20-I51)",Heart disease,Rhode Island,2657,193.6
9150,2013,"Diseases of heart (I00-I09,I11,I13,I20-I51)",Heart disease,West Virginia,4666,193.7
9151,2011,Malignant neoplasms (C00-C97),Cancer,Louisiana,9233,193.7
9152,2004,Malignant neoplasms (C00-C97),Cancer,North Carolina,16477,193.7
9153,2003,Malignant neoplasms (C00-C97),Cancer,New Hampshire,2485,193.7
9154,2001,Malignant neoplasms (C00-C97),Cancer,Alaska,689,193.7
9155,2016,Malignant neoplasms (C00-C97),Cancer,Kentucky,10363,193.8
9156,2011,"Diseases of heart (I00-I09,I11,I13,I20-I51)",Heart disease,New York,44501,193.8
9157,2009,"Diseases of heart (I00-I09,I11,I13,I20-I51)",Heart disease,Pennsylvania,32297,193.8
9158,2001,Malignant neoplasms (C00-C97),Cancer,Kansas,5448,193.8
9159,2003,Malignant neoplasms (C00-C97),Cancer,North Carolina,16145,193.9
9160,2001,Malignant neoplasms (C00-C97),Cancer,Wyoming,923,194.0
9161,2000,"Diseases of heart (I00-I09,I11,I13,I20-I51)",Heart disease,Utah,2909,194.0
9162,2000,Malignant neoplasms (C00-C97),Cancer,Montana,1867,194.0
9163,2003,Malignant neoplasms (C00-C97),Cancer,Michigan,19713,194.1
9164,2002,"Diseases of heart (I00-I09,I11,I13,I20-I51)",Heart disease,Oregon,7262,194.2
9165,2001,Malignant neoplasms (C00-C97),Cancer,Washington,10802,194.2
9166,2008,Malignant neoplasms (C00-C97),Cancer,Indiana,13137,194.3
9167,2002,Malignant neoplasms (C00-C97),Cancer,United States,557271,194.3
9168,2011,"Diseases of heart (I00-I09,I11,I13,I20-I51)",Heart disease,District of Columbia,1171,194.4
9169,2003,Malignant neoplasms (C00-C97),Cancer,Massachusetts,13551,194.6
9170,2014,"Diseases of heart (I00-I09,I11,I13,I20-I51)",Heart disease,Missouri,14338,194.7
9171,2013,"Diseases of heart (I00-I09,I11,I13,I20-I51)",Heart disease,Missouri,14095,194.7
9172,2010,Malignant neoplasms (C00-C97),Cancer,Arkansas,6475,194.7
9173,2009,"Diseases of heart (I00-I09,I11,I13,I20-I51)",Heart disease,Nevada,4687,194.7
9174,2006,Malignant neoplasms (C00-C97),Cancer,South Carolina,8853,194.7
9175,2004,Malignant neoplasms (C00-C97),Cancer,Illinois,24289,194.8
9176,2004,Malignant neoplasms (C00-C97),Cancer,New Hampshire,2554,194.8
9177,2003,"Diseases of heart (I00-I09,I11,I13,I20-I51)",Heart disease,New Mexico,3402,194.8
9178,2002,Malignant neoplasms (C00-C97),Cancer,Delaware,1621,194.8
9179,2004,"Diseases of heart (I00-I09,I11,I13,I20-I51)",Heart disease,Iowa,7299,195.0
9180,2000,"Diseases of heart (I00-I09,I11,I13,I20-I51)",Heart disease,Hawaii,2390,195.0
9181,2014,Malignant neoplasms (C00-C97),Cancer,West Virginia,4880,195.1
9182,2013,"Diseases of heart (I00-I09,I11,I13,I20-I51)",Heart disease,Nevada,5434,195.1
9183,2008,"Diseases of heart (I00-I09,I11,I13,I20-I51)",Heart disease,Illinois,26078,195.1
9184,2008,"Diseases of heart (I00-I09,I11,I13,I20-I51)",Heart disease,Maryland,11157,195.1
9185,1999,Malignant neoplasms (C00-C97),Cancer,Montana,1854,195.1
9186,1999,Malignant neoplasms (C00-C97),Cancer,Wyoming,899,195.1
9187,2006,"Diseases of heart (I00-I09,I11,I13,I20-I51)",Heart disease,Virginia,14021,195.2
9188,2006,Malignant neoplasms (C00-C97),Cancer,Oklahoma,7491,195.2
9189,2004,"Diseases of heart (I00-I09,I11,I13,I20-I51)",Heart disease,Wisconsin,11909,195.4
9190,2004,Malignant neoplasms (C00-C97),Cancer,Georgia,14313,195.5
9191,1999,Malignant neoplasms (C00-C97),Cancer,Wisconsin,10755,195.5
9192,2005,Malignant neoplasms (C00-C97),Cancer,Pennsylvania,29616,195.6
9193,2010,Malignant neoplasms (C00-C97),Cancer,Tennessee,13593,195.7
9194,2006,Malignant neoplasms (C00-C97),Cancer,Missouri,12519,195.8
9195,2004,Malignant neoplasms (C00-C97),Cancer,South Carolina,8348,195.8
9196,2000,Malignant neoplasms (C00-C97),Cancer,Washington,10668,195.8
9197,2017,"Diseases of heart (I00-I09,I11,I13,I20-I51)",Heart disease,Kentucky,10343,195.9
9198,2015,Malignant neoplasms (C00-C97),Cancer,Kentucky,10312,195.9
9199,2001,Malignant neoplasms (C00-C97),Cancer,New Hampshire,2398,195.9
9200,2007,"Diseases of heart (I00-I09,I11,I13,I20-I51)",Heart disease,Illinois,25813,196.0
9201,2004,Malignant neoplasms (C00-C97),Cancer,Oklahoma,7269,196.0
9202,2017,"Diseases of heart (I00-I09,I11,I13,I20-I51)",Heart disease,Michigan,25187,196.1
9203,2007,"Diseases of heart (I00-I09,I11,I13,I20-I51)",Heart disease,United States,616067,196.1
9204,2004,Malignant neoplasms (C00-C97),Cancer,Pennsylvania,29424,196.1
9205,1999,Malignant neoplasms (C00-C97),Cancer,Texas,32755,196.1
9206,2011,"Diseases of heart (I00-I09,I11,I13,I20-I51)",Heart disease,Nevada,5043,196.3
9207,2009,Malignant neoplasms (C00-C97),Cancer,Alabama,10289,196.3
9208,2007,Malignant neoplasms (C00-C97),Cancer,Ohio,25230,196.3
9209,2003,Malignant neoplasms (C00-C97),Cancer,Georgia,14032,196.3
9210,2000,Malignant neoplasms (C00-C97),Cancer,Texas,33300,196.3
9211,1999,"Diseases of heart (I00-I09,I11,I13,I20-I51)",Heart disease,Colorado,6420,196.3
9212,2003,Malignant neoplasms (C00-C97),Cancer,Maryland,10292,196.4
9213,2002,"Diseases of heart (I00-I09,I11,I13,I20-I51)",Heart disease,New Mexico,3360,196.4
9214,2002,"Diseases of heart (I00-I09,I11,I13,I20-I51)",Heart disease,Washington,11141,196.4
9215,2001,Malignant neoplasms (C00-C97),Cancer,Vermont,1249,196.4
9216,2001,Malignant neoplasms (C00-C97),Cancer,Oregon,7057,196.5
9217,2001,Malignant neoplasms (C00-C97),Cancer,United States,553768,196.5
9218,2005,"Diseases of heart (I00-I09,I11,I13,I20-I51)",Heart disease,Iowa,7437,196.6
9219,2000,"Diseases of heart (I00-I09,I11,I13,I20-I51)",Heart disease,New Mexico,3191,196.6
9220,1999,Malignant neoplasms (C00-C97),Cancer,New York,37609,196.6
9221,2009,"Diseases of heart (I00-I09,I11,I13,I20-I51)",Heart disease,Indiana,13509,196.7
9222,2006,Malignant neoplasms (C00-C97),Cancer,Arkansas,6177,196.7
9223,2004,Malignant neoplasms (C00-C97),Cancer,Rhode Island,2418,196.8
9224,2013,Malignant neoplasms (C00-C97),Cancer,Mississippi,6527,197.0
9225,2014,"Diseases of heart (I00-I09,I11,I13,I20-I51)",Heart disease,Nevada,5761,197.2
9226,2008,Malignant neoplasms (C00-C97),Cancer,Tennessee,13162,197.2
9227,2010,"Diseases of heart (I00-I09,I11,I13,I20-I51)",Heart disease,Nevada,4811,197.3
9228,2006,Malignant neoplasms (C00-C97),Cancer,Ohio,24975,197.3
9229,2003,Malignant neoplasms (C00-C97),Cancer,New Jersey,17957,197.3
9230,2002,Malignant neoplasms (C00-C97),Cancer,Oregon,7249,197.3
9231,2000,Malignant neoplasms (C00-C97),Cancer,Oregon,6951,197.3
9232,2011,"Diseases of heart (I00-I09,I11,I13,I20-I51)",Heart disease,Missouri,13810,197.4
9233,2011,Malignant neoplasms (C00-C97),Cancer,Mississippi,6278,197.4
9234,2009,Malignant neoplasms (C00-C97),Cancer,District of Columbia,1131,197.4
9235,1999,Malignant neoplasms (C00-C97),Cancer,South Dakota,1632,197.4
9236,2009,Malignant neoplasms (C00-C97),Cancer,Tennessee,13482,197.5
9237,2008,Malignant neoplasms (C00-C97),Cancer,Alabama,10182,197.5
9238,2006,Malignant neoplasms (C00-C97),Cancer,Indiana,12903,197.5
9239,2010,Malignant neoplasms (C00-C97),Cancer,Louisiana,9203,197.6
9240,2006,"Diseases of heart (I00-I09,I11,I13,I20-I51)",Heart disease,North Carolina,17271,197.6
9241,2015,"Diseases of heart (I00-I09,I11,I13,I20-I51)",Heart disease,Kentucky,10077,197.8
9242,2015,"Diseases of heart (I00-I09,I11,I13,I20-I51)",Heart disease,Missouri,14808,197.9
9243,2012,"Diseases of heart (I00-I09,I11,I13,I20-I51)",Heart disease,Michigan,23520,197.9
9244,2010,Malignant neoplasms (C00-C97),Cancer,West Virginia,4685,198.0
9245,2005,Malignant neoplasms (C00-C97),Cancer,Missouri,12419,198.0
9246,2005,Malignant neoplasms (C00-C97),Cancer,Oklahoma,7446,198.0
9247,2000,Malignant neoplasms (C00-C97),Cancer,Vermont,1240,198.0
9248,1999,"Diseases of heart (I00-I09,I11,I13,I20-I51)",Heart disease,Alaska,563,198.0
9249,2005,Malignant neoplasms (C00-C97),Cancer,Ohio,24702,198.1
9250,2003,Malignant neoplasms (C00-C97),Cancer,Virginia,13781,198.1
9251,2002,Malignant neoplasms (C00-C97),Cancer,New Jersey,17827,198.1
9252,2000,"Diseases of heart (I00-I09,I11,I13,I20-I51)",Heart disease,Oregon,7094,198.1
9253,2005,Malignant neoplasms (C00-C97),Cancer,South Carolina,8652,198.2
9254,2003,Malignant neoplasms (C00-C97),Cancer,Illinois,24464,198.2
9255,1999,Malignant neoplasms (C00-C97),Cancer,Oregon,6905,198.2
9256,2009,Malignant neoplasms (C00-C97),Cancer,Arkansas,6513,198.3
9257,1999,Malignant neoplasms (C00-C97),Cancer,Washington,10653,198.3
9258,2009,"Diseases of heart (I00-I09,I11,I13,I20-I51)",Heart disease,Georgia,16165,198.5
9259,2008,Malignant neoplasms (C00-C97),Cancer,West Virginia,4605,198.5
9260,2007,Malignant neoplasms (C00-C97),Cancer,Oklahoma,7727,198.5
9261,2009,Malignant neoplasms (C00-C97),Cancer,Louisiana,9098,198.6
9262,2007,Malignant neoplasms (C00-C97),Cancer,Alabama,10025,198.7
9263,2016,"Diseases of heart (I00-I09,I11,I13,I20-I51)",Heart disease,Tennessee,15429,198.8
9264,2014,Malignant neoplasms (C00-C97),Cancer,Kentucky,10263,198.8
9265,2006,"Diseases of heart (I00-I09,I11,I13,I20-I51)",Heart disease,California,64871,198.8
9266,2015,"Diseases of heart (I00-I09,I11,I13,I20-I51)",Heart disease,Michigan,24794,198.9
9267,2004,"Diseases of heart (I00-I09,I11,I13,I20-I51)",Heart disease,Kansas,6048,198.9
9268,2001,"Diseases of heart (I00-I09,I11,I13,I20-I51)",Heart disease,Montana,1970,199.0
9269,2008,"Diseases of heart (I00-I09,I11,I13,I20-I51)",Heart disease,Georgia,15721,199.1
9270,2005,Malignant neoplasms (C00-C97),Cancer,Delaware,1799,199.1
9271,2004,Malignant neoplasms (C00-C97),Cancer,Indiana,12552,199.1
9272,2017,"Diseases of heart (I00-I09,I11,I13,I20-I51)",Heart disease,Nevada,6417,199.3
9273,2013,Malignant neoplasms (C00-C97),Cancer,Kentucky,10085,199.3
9274,2007,Malignant neoplasms (C00-C97),Cancer,Louisiana,8736,199.3
9275,2002,Malignant neoplasms (C00-C97),Cancer,Rhode Island,2404,199.3
9276,2006,Malignant neoplasms (C00-C97),Cancer,Alabama,9899,199.4
9277,2001,Malignant neoplasms (C00-C97),Cancer,Montana,1956,199.4
9278,2003,"Diseases of heart (I00-I09,I11,I13,I20-I51)",Heart disease,Nebraska,3954,199.6
9279,2000,Malignant neoplasms (C00-C97),Cancer,United States,553091,199.6
9280,2013,"Diseases of heart (I00-I09,I11,I13,I20-I51)",Heart disease,Michigan,24156,199.8
9281,2009,Malignant neoplasms (C00-C97),Cancer,Mississippi,6131,199.8
9282,2005,Malignant neoplasms (C00-C97),Cancer,Indiana,12796,199.8
9283,2003,Malignant neoplasms (C00-C97),Cancer,Oklahoma,7338,199.8
9284,2007,"Diseases of heart (I00-I09,I11,I13,I20-I51)",Heart disease,South Carolina,8992,199.9
9285,2002,Malignant neoplasms (C00-C97),Cancer,Michigan,19985,199.9
9286,2002,Malignant neoplasms (C00-C97),Cancer,North Carolina,16210,199.9
9287,2001,Malignant neoplasms (C00-C97),Cancer,Michigan,19689,199.9
9288,2010,"Diseases of heart (I00-I09,I11,I13,I20-I51)",Heart disease,New York,44981,200.0
9289,2005,"Diseases of heart (I00-I09,I11,I13,I20-I51)",Heart disease,Florida,46279,200.0
9290,2003,Malignant neoplasms (C00-C97),Cancer,Pennsylvania,29841,200.0
9291,2002,Malignant neoplasms (C00-C97),Cancer,Georgia,13975,200.0
9292,2002,Malignant neoplasms (C00-C97),Cancer,Virginia,13602,200.0
9293,2011,"Diseases of heart (I00-I09,I11,I13,I20-I51)",Heart disease,Michigan,23358,200.1
9294,2011,Malignant neoplasms (C00-C97),Cancer,West Virginia,4782,200.1
9295,2007,"Diseases of heart (I00-I09,I11,I13,I20-I51)",Heart disease,Texas,38912,200.1
9296,2003,Malignant neoplasms (C00-C97),Cancer,Nevada,4138,200.2
9297,2012,Malignant neoplasms (C00-C97),Cancer,Mississippi,6499,200.4
9298,2014,"Diseases of heart (I00-I09,I11,I13,I20-I51)",Heart disease,Kentucky,10013,200.5
9299,2001,Malignant neoplasms (C00-C97),Cancer,Virginia,13345,200.5
9300,2016,"Diseases of heart (I00-I09,I11,I13,I20-I51)",Heart disease,Michigan,25304,200.6
9301,2011,Malignant neoplasms (C00-C97),Cancer,Kentucky,9733,200.8
9302,1999,Malignant neoplasms (C00-C97),Cancer,United States,549838,200.8
9303,2015,"Diseases of heart (I00-I09,I11,I13,I20-I51)",Heart disease,Nevada,6114,200.9
9304,2014,"Diseases of heart (I00-I09,I11,I13,I20-I51)",Heart disease,Michigan,24692,200.9
9305,2003,Malignant neoplasms (C00-C97),Cancer,District of Columbia,1122,200.9
9306,2004,Malignant neoplasms (C00-C97),Cancer,Missouri,12450,201.1
9307,2001,Malignant neoplasms (C00-C97),Cancer,Massachusetts,13750,201.2
9308,2007,"Diseases of heart (I00-I09,I11,I13,I20-I51)",Heart disease,Pennsylvania,32862,201.3
9309,2007,Malignant neoplasms (C00-C97),Cancer,Arkansas,6388,201.3
9310,2002,Malignant neoplasms (C00-C97),Cancer,Nevada,3937,201.3
9311,2010,Malignant neoplasms (C00-C97),Cancer,Mississippi,6271,201.4
9312,2008,Malignant neoplasms (C00-C97),Cancer,Arkansas,6526,201.4
9313,2002,Malignant neoplasms (C00-C97),Cancer,Massachusetts,13914,201.4
9314,2012,Malignant neoplasms (C00-C97),Cancer,Kentucky,10012,201.5
9315,2006,"Diseases of heart (I00-I09,I11,I13,I20-I51)",Heart disease,Rhode Island,2718,201.5
9316,2003,"Diseases of heart (I00-I09,I11,I13,I20-I51)",Heart disease,Massachusetts,14634,201.5
9317,2003,Malignant neoplasms (C00-C97),Cancer,Delaware,1719,201.5
9318,2008,"Diseases of heart (I00-I09,I11,I13,I20-I51)",Heart disease,Indiana,13663,201.6
9319,2008,Malignant neoplasms (C00-C97),Cancer,District of Columbia,1143,201.6
9320,2007,Malignant neoplasms (C00-C97),Cancer,Tennessee,13161,201.6
9321,1999,"Diseases of heart (I00-I09,I11,I13,I20-I51)",Heart disease,Hawaii,2410,201.7
9322,2010,"Diseases of heart (I00-I09,I11,I13,I20-I51)",Heart disease,Missouri,13840,201.8
9323,2008,"Diseases of heart (I00-I09,I11,I13,I20-I51)",Heart disease,Pennsylvania,33308,201.8
9324,2007,Malignant neoplasms (C00-C97),Cancer,Mississippi,6002,201.8
9325,2003,"Diseases of heart (I00-I09,I11,I13,I20-I51)",Heart disease,North Dakota,1632,201.8
9326,2002,Malignant neoplasms (C00-C97),Cancer,New Hampshire,2529,201.8
9327,2002,Malignant neoplasms (C00-C97),Cancer,Pennsylvania,29849,201.9
9328,2008,"Diseases of heart (I00-I09,I11,I13,I20-I51)",Heart disease,Nevada,4646,202.0
9329,2004,Malignant neoplasms (C00-C97),Cancer,Ohio,24940,202.1
9330,2003,"Diseases of heart (I00-I09,I11,I13,I20-I51)",Heart disease,Idaho,2566,202.1
9331,2003,"Diseases of heart (I00-I09,I11,I13,I20-I51)",Heart disease,Wyoming,975,202.1
9332,2003,Malignant neoplasms (C00-C97),Cancer,Missouri,12354,202.1
9333,2017,"Diseases of heart (I00-I09,I11,I13,I20-I51)",Heart disease,Tennessee,16019,202.2
9334,2004,Malignant neoplasms (C00-C97),Cancer,Maine,3124,202.2
9335,2003,"Diseases of heart (I00-I09,I11,I13,I20-I51)",Heart disease,Arizona,10887,202.2
9336,2002,Malignant neoplasms (C00-C97),Cancer,Maryland,10395,202.2
9337,1999,Malignant neoplasms (C00-C97),Cancer,Georgia,13225,202.3
9338,2001,Malignant neoplasms (C00-C97),Cancer,Rhode Island,2398,202.5
9339,2001,Malignant neoplasms (C00-C97),Cancer,North Carolina,16065,202.7
9340,2002,Malignant neoplasms (C00-C97),Cancer,Illinois,24737,202.8
9341,2001,Malignant neoplasms (C00-C97),Cancer,Georgia,13818,202.8
9342,2008,Malignant neoplasms (C00-C97),Cancer,Mississippi,6166,202.9
9343,2016,"Diseases of heart (I00-I09,I11,I13,I20-I51)",Heart disease,Kentucky,10519,203.0
9344,2007,"Diseases of heart (I00-I09,I11,I13,I20-I51)",Heart disease,Maryland,11314,203.0
9345,2007,"Diseases of heart (I00-I09,I11,I13,I20-I51)",Heart disease,Rhode Island,2751,203.0
9346,2005,"Diseases of heart (I00-I09,I11,I13,I20-I51)",Heart disease,California,64916,203.0
9347,2005,"Diseases of heart (I00-I09,I11,I13,I20-I51)",Heart disease,Virginia,14192,203.0
9348,2003,"Diseases of heart (I00-I09,I11,I13,I20-I51)",Heart disease,Maine,3106,203.0
9349,2002,"Diseases of heart (I00-I09,I11,I13,I20-I51)",Heart disease,North Dakota,1623,203.1
9350,2001,"Diseases of heart (I00-I09,I11,I13,I20-I51)",Heart disease,Washington,11281,203.3
9351,2000,Malignant neoplasms (C00-C97),Cancer,Delaware,1609,203.3
9352,2013,"Diseases of heart (I00-I09,I11,I13,I20-I51)",Heart disease,Kentucky,9971,203.4
9353,2004,"Diseases of heart (I00-I09,I11,I13,I20-I51)",Heart disease,New Hampshire,2639,203.4
9354,2006,Malignant neoplasms (C00-C97),Cancer,West Virginia,4613,203.6
9355,1999,Malignant neoplasms (C00-C97),Cancer,New Hampshire,2408,203.6
9356,2012,"Diseases of heart (I00-I09,I11,I13,I20-I51)",Heart disease,Tennessee,14454,203.7
9357,1999,Malignant neoplasms (C00-C97),Cancer,Vermont,1255,203.7
9358,2006,"Diseases of heart (I00-I09,I11,I13,I20-I51)",Heart disease,New Jersey,19548,203.9
9359,2000,Malignant neoplasms (C00-C97),Cancer,Michigan,19798,204.0
9360,2013,"Diseases of heart (I00-I09,I11,I13,I20-I51)",Heart disease,Tennessee,14803,204.1
9361,2003,"Diseases of heart (I00-I09,I11,I13,I20-I51)",Heart disease,Connecticut,8389,204.1
9362,2003,"Diseases of heart (I00-I09,I11,I13,I20-I51)",Heart disease,Vermont,1349,204.1
9363,2002,Malignant neoplasms (C00-C97),Cancer,Missouri,12322,204.1
9364,2009,Malignant neoplasms (C00-C97),Cancer,West Virginia,4786,204.2
9365,2000,Malignant neoplasms (C00-C97),Cancer,North Carolina,15786,204.2
9366,2010,"Diseases of heart (I00-I09,I11,I13,I20-I51)",Heart disease,Michigan,23326,204.3
9367,2007,Malignant neoplasms (C00-C97),Cancer,West Virginia,4690,204.3
9368,2005,Malignant neoplasms (C00-C97),Cancer,Alabama,9913,204.4
9369,2003,Malignant neoplasms (C00-C97),Cancer,South Carolina,8512,204.4
9370,2001,Malignant neoplasms (C00-C97),Cancer,New Jersey,18165,204.4
9371,2001,Malignant neoplasms (C00-C97),Cancer,Pennsylvania,29914,204.4
9372,2004,Malignant neoplasms (C00-C97),Cancer,Alabama,9756,204.5
9373,2006,Malignant neoplasms (C00-C97),Cancer,Tennessee,13051,204.6
9374,2005,Malignant neoplasms (C00-C97),Cancer,Maine,3218,204.8
9375,2001,"Diseases of heart (I00-I09,I11,I13,I20-I51)",Heart disease,New Mexico,3423,204.8
9376,2009,Malignant neoplasms (C00-C97),Cancer,Kentucky,9634,204.9
9377,2007,"Diseases of heart (I00-I09,I11,I13,I20-I51)",Heart disease,Delaware,1914,205.1
9378,2003,Malignant neoplasms (C00-C97),Cancer,Arkansas,6119,205.1
9379,2001,Malignant neoplasms (C00-C97),Cancer,Illinois,24778,205.1
9380,2001,Malignant neoplasms (C00-C97),Cancer,Nevada,3815,205.1
9381,2006,"Diseases of heart (I00-I09,I11,I13,I20-I51)",Heart disease,Texas,38782,205.2
9382,2002,"Diseases of heart (I00-I09,I11,I13,I20-I51)",Heart disease,Idaho,2532,205.2
9383,1999,Malignant neoplasms (C00-C97),Cancer,Michigan,19744,205.2
9384,2005,Malignant neoplasms (C00-C97),Cancer,District of Columbia,1151,205.3
9385,2003,Malignant neoplasms (C00-C97),Cancer,Ohio,25076,205.3
9386,2011,"Diseases of heart (I00-I09,I11,I13,I20-I51)",Heart disease,Tennessee,14235,205.4
9387,2003,Malignant neoplasms (C00-C97),Cancer,Maine,3120,205.4
9388,2001,Malignant neoplasms (C00-C97),Cancer,Maryland,10322,205.4
9389,2009,"Diseases of heart (I00-I09,I11,I13,I20-I51)",Heart disease,Michigan,23099,205.5
9390,2006,"Diseases of heart (I00-I09,I11,I13,I20-I51)",Heart disease,United States,631636,205.5
9391,2002,"Diseases of heart (I00-I09,I11,I13,I20-I51)",Heart disease,Massachusetts,14736,205.5
9392,2014,"Diseases of heart (I00-I09,I11,I13,I20-I51)",Heart disease,Tennessee,15223,205.6
9393,2007,"Diseases of heart (I00-I09,I11,I13,I20-I51)",Heart disease,Nevada,4591,205.6
9394,2008,Malignant neoplasms (C00-C97),Cancer,Louisiana,9197,205.7
9395,2007,"Diseases of heart (I00-I09,I11,I13,I20-I51)",Heart disease,Ohio,26757,205.7
9396,2002,Malignant neoplasms (C00-C97),Cancer,Oklahoma,7474,205.7
9397,2000,"Diseases of heart (I00-I09,I11,I13,I20-I51)",Heart disease,Montana,1995,205.7
9398,1999,"Diseases of heart (I00-I09,I11,I13,I20-I51)",Heart disease,Oregon,7263,205.7
9399,2002,Malignant neoplasms (C00-C97),Cancer,South Carolina,8333,205.8
9400,2016,"Diseases of heart (I00-I09,I11,I13,I20-I51)",Heart disease,Nevada,6457,205.9
9401,2007,"Diseases of heart (I00-I09,I11,I13,I20-I51)",Heart disease,Indiana,13682,205.9
9402,2000,Malignant neoplasms (C00-C97),Cancer,Missouri,12144,205.9
9403,2000,Malignant neoplasms (C00-C97),Cancer,New Jersey,18073,205.9
9404,2006,"Diseases of heart (I00-I09,I11,I13,I20-I51)",Heart disease,Delaware,1866,206.0
9405,2009,"Diseases of heart (I00-I09,I11,I13,I20-I51)",Heart disease,Missouri,13916,206.1
9406,2006,Malignant neoplasms (C00-C97),Cancer,Louisiana,8853,206.1
9407,2001,Malignant neoplasms (C00-C97),Cancer,Oklahoma,7411,206.3
9408,2004,Malignant neoplasms (C00-C97),Cancer,District of Columbia,1152,206.4
9409,2000,Malignant neoplasms (C00-C97),Cancer,Rhode Island,2433,206.4
9410,1999,Malignant neoplasms (C00-C97),Cancer,Massachusetts,13853,206.4
9411,2006,"Diseases of heart (I00-I09,I11,I13,I20-I51)",Heart disease,Maryland,11268,206.6
9412,2000,Malignant neoplasms (C00-C97),Cancer,Georgia,13690,206.7
9413,1999,Malignant neoplasms (C00-C97),Cancer,Nevada,3556,206.7
9414,1999,Malignant neoplasms (C00-C97),Cancer,Oklahoma,7312,206.7
9415,2006,"Diseases of heart (I00-I09,I11,I13,I20-I51)",Heart disease,South Carolina,9030,206.8
9416,2008,"Diseases of heart (I00-I09,I11,I13,I20-I51)",Heart disease,Ohio,27324,206.9
9417,2000,Malignant neoplasms (C00-C97),Cancer,New Hampshire,2484,206.9
9418,2001,"Diseases of heart (I00-I09,I11,I13,I20-I51)",Heart disease,Idaho,2489,207.0
9419,2000,Malignant neoplasms (C00-C97),Cancer,Pennsylvania,30161,207.0
9420,2001,Malignant neoplasms (C00-C97),Cancer,Missouri,12365,207.1
9421,1999,Malignant neoplasms (C00-C97),Cancer,North Carolina,15815,207.1
9422,2000,Malignant neoplasms (C00-C97),Cancer,Massachusetts,14027,207.2
9423,2015,"Diseases of heart (I00-I09,I11,I13,I20-I51)",Heart disease,Tennessee,15730,207.3
9424,2001,"Diseases of heart (I00-I09,I11,I13,I20-I51)",Heart disease,Arizona,10588,207.3
9425,2005,Malignant neoplasms (C00-C97),Cancer,West Virginia,4617,207.4
9426,2000,Malignant neoplasms (C00-C97),Cancer,Oklahoma,7402,207.4
9427,2003,Malignant neoplasms (C00-C97),Cancer,Indiana,12933,207.5
9428,2005,Malignant neoplasms (C00-C97),Cancer,Arkansas,6361,207.7
9429,2014,"Diseases of heart (I00-I09,I11,I13,I20-I51)",Heart disease,District of Columbia,1324,207.8
9430,2008,Malignant neoplasms (C00-C97),Cancer,Kentucky,9589,207.8
9431,2003,"Diseases of heart (I00-I09,I11,I13,I20-I51)",Heart disease,Wisconsin,12479,207.9
9432,2002,"Diseases of heart (I00-I09,I11,I13,I20-I51)",Heart disease,Arizona,10852,207.9
9433,1999,Malignant neoplasms (C00-C97),Cancer,Missouri,12186,207.9
9434,2012,"Diseases of heart (I00-I09,I11,I13,I20-I51)",Heart disease,West Virginia,4942,208.1
9435,2004,Malignant neoplasms (C00-C97),Cancer,Tennessee,12586,208.1
9436,2012,"Diseases of heart (I00-I09,I11,I13,I20-I51)",Heart disease,Kentucky,10024,208.2
9437,2007,Malignant neoplasms (C00-C97),Cancer,District of Columbia,1169,208.2
9438,2003,Malignant neoplasms (C00-C97),Cancer,Alabama,9812,208.2
9439,2000,Malignant neoplasms (C00-C97),Cancer,Alaska,704,208.2
9440,2010,Malignant neoplasms (C00-C97),Cancer,Kentucky,9930,208.3
9441,2004,Malignant neoplasms (C00-C97),Cancer,Delaware,1827,208.3
9442,2002,Malignant neoplasms (C00-C97),Cancer,Alabama,9698,208.3
9443,2001,Malignant neoplasms (C00-C97),Cancer,Maine,3045,208.3
9444,2001,Malignant neoplasms (C00-C97),Cancer,South Carolina,8272,208.3
9445,2001,Malignant neoplasms (C00-C97),Cancer,Ohio,24804,208.4
9446,2006,"Diseases of heart (I00-I09,I11,I13,I20-I51)",Heart disease,Illinois,27007,208.5
9447,2005,Malignant neoplasms (C00-C97),Cancer,Louisiana,9249,208.6
9448,2004,Malignant neoplasms (C00-C97),Cancer,Arkansas,6304,208.6
9449,2000,Malignant neoplasms (C00-C97),Cancer,Virginia,13528,208.6
9450,2004,"Diseases of heart (I00-I09,I11,I13,I20-I51)",Heart disease,Florida,47160,208.7
9451,2001,Malignant neoplasms (C00-C97),Cancer,Arkansas,6092,208.8
9452,2005,Malignant neoplasms (C00-C97),Cancer,Mississippi,6065,208.9
9453,2004,"Diseases of heart (I00-I09,I11,I13,I20-I51)",Heart disease,California,64999,209.0
9454,2002,Malignant neoplasms (C00-C97),Cancer,Ohio,25173,209.0
9455,1999,Malignant neoplasms (C00-C97),Cancer,Virginia,13365,209.1
9456,1999,Malignant neoplasms (C00-C97),Cancer,New Jersey,18178,209.3
9457,1999,Malignant neoplasms (C00-C97),Cancer,Maryland,10143,209.5
9458,1999,Malignant neoplasms (C00-C97),Cancer,Pennsylvania,30312,209.5
9459,2002,Malignant neoplasms (C00-C97),Cancer,Indiana,12865,209.7
9460,2000,"Diseases of heart (I00-I09,I11,I13,I20-I51)",Heart disease,Washington,11370,209.7
9461,2000,Malignant neoplasms (C00-C97),Cancer,Maryland,10290,209.7
9462,2004,Malignant neoplasms (C00-C97),Cancer,Mississippi,5983,209.8
9463,2011,"Diseases of heart (I00-I09,I11,I13,I20-I51)",Heart disease,Kentucky,9905,210.0
9464,2011,"Diseases of heart (I00-I09,I11,I13,I20-I51)",Heart disease,West Virginia,4914,210.1
9465,2010,"Diseases of heart (I00-I09,I11,I13,I20-I51)",Heart disease,Kentucky,9662,210.1
9466,2003,"Diseases of heart (I00-I09,I11,I13,I20-I51)",Heart disease,South Dakota,1943,210.2
9467,2005,Malignant neoplasms (C00-C97),Cancer,Tennessee,12995,210.3
9468,1999,Malignant neoplasms (C00-C97),Cancer,Rhode Island,2463,210.3
9469,2006,"Diseases of heart (I00-I09,I11,I13,I20-I51)",Heart disease,Pennsylvania,33744,210.4
9470,2004,"Diseases of heart (I00-I09,I11,I13,I20-I51)",Heart disease,Virginia,14284,210.4
9471,1999,Malignant neoplasms (C00-C97),Cancer,Illinois,25024,210.4
9472,2006,Malignant neoplasms (C00-C97),Cancer,District of Columbia,1178,210.5
9473,2000,Malignant neoplasms (C00-C97),Cancer,Arkansas,6090,210.5
9474,2002,"Diseases of heart (I00-I09,I11,I13,I20-I51)",Heart disease,Maine,3170,210.6
9475,2003,"Diseases of heart (I00-I09,I11,I13,I20-I51)",Heart disease,Iowa,7840,210.9
9476,1999,Malignant neoplasms (C00-C97),Cancer,Alabama,9506,210.9
9477,2010,"Diseases of heart (I00-I09,I11,I13,I20-I51)",Heart disease,West Virginia,4897,211.2
9478,2003,Malignant neoplasms (C00-C97),Cancer,West Virginia,4610,211.6
9479,2016,"Diseases of heart (I00-I09,I11,I13,I20-I51)",Heart disease,District of Columbia,1375,211.7
9480,2005,"Diseases of heart (I00-I09,I11,I13,I20-I51)",Heart disease,North Carolina,17765,211.7
9481,2000,"Diseases of heart (I00-I09,I11,I13,I20-I51)",Heart disease,Alaska,607,211.7
9482,1999,Malignant neoplasms (C00-C97),Cancer,South Carolina,8089,211.7
9483,2001,"Diseases of heart (I00-I09,I11,I13,I20-I51)",Heart disease,Wyoming,985,211.9
9484,2001,Malignant neoplasms (C00-C97),Cancer,Indiana,12831,211.9
9485,2007,"Diseases of heart (I00-I09,I11,I13,I20-I51)",Heart disease,Georgia,16184,212.0
9486,2006,Malignant neoplasms (C00-C97),Cancer,Kentucky,9394,212.0
9487,2002,"Diseases of heart (I00-I09,I11,I13,I20-I51)",Heart disease,Vermont,1370,212.0
9488,2001,"Diseases of heart (I00-I09,I11,I13,I20-I51)",Heart disease,Nebraska,4150,212.0
9489,2000,Malignant neoplasms (C00-C97),Cancer,Illinois,25365,212.0
9490,2000,Malignant neoplasms (C00-C97),Cancer,Ohio,24988,212.0
9491,2015,"Diseases of heart (I00-I09,I11,I13,I20-I51)",Heart disease,Louisiana,10665,212.1
9492,2002,"Diseases of heart (I00-I09,I11,I13,I20-I51)",Heart disease,South Dakota,1937,212.1
9493,2004,Malignant neoplasms (C00-C97),Cancer,West Virginia,4694,212.2
9494,2003,Malignant neoplasms (C00-C97),Cancer,Mississippi,5960,212.2
9495,2001,"Diseases of heart (I00-I09,I11,I13,I20-I51)",Heart disease,North Dakota,1700,212.3
9496,2011,"Diseases of heart (I00-I09,I11,I13,I20-I51)",Heart disease,Louisiana,9781,212.4
9497,2000,Malignant neoplasms (C00-C97),Cancer,South Carolina,8250,212.6
9498,2006,Malignant neoplasms (C00-C97),Cancer,Mississippi,6236,212.7
9499,2003,Malignant neoplasms (C00-C97),Cancer,Tennessee,12613,212.7
9500,2002,Malignant neoplasms (C00-C97),Cancer,Arkansas,6282,212.8
9501,2000,"Diseases of heart (I00-I09,I11,I13,I20-I51)",Heart disease,North Dakota,1679,212.8
9502,2012,"Diseases of heart (I00-I09,I11,I13,I20-I51)",Heart disease,District of Columbia,1298,213.0
9503,2001,Malignant neoplasms (C00-C97),Cancer,Alabama,9801,213.0
9504,2016,"Diseases of heart (I00-I09,I11,I13,I20-I51)",Heart disease,Louisiana,10943,213.1
9505,2012,"Diseases of heart (I00-I09,I11,I13,I20-I51)",Heart disease,Louisiana,10074,213.1
9506,2001,Malignant neoplasms (C00-C97),Cancer,Tennessee,12229,213.1
9507,2009,"Diseases of heart (I00-I09,I11,I13,I20-I51)",Heart disease,New York,47283,213.2
9508,2013,"Diseases of heart (I00-I09,I11,I13,I20-I51)",Heart disease,District of Columbia,1340,213.5
9509,2001,"Diseases of heart (I00-I09,I11,I13,I20-I51)",Heart disease,Massachusetts,15144,213.5
9510,2000,Malignant neoplasms (C00-C97),Cancer,Maine,3070,213.6
9511,2000,Malignant neoplasms (C00-C97),Cancer,Nevada,3763,213.6
9512,2011,"Diseases of heart (I00-I09,I11,I13,I20-I51)",Heart disease,Arkansas,7168,213.8
9513,1999,Malignant neoplasms (C00-C97),Cancer,Tennessee,11943,213.9
9514,2000,"Diseases of heart (I00-I09,I11,I13,I20-I51)",Heart disease,Arizona,10584,214.0
9515,2013,"Diseases of heart (I00-I09,I11,I13,I20-I51)",Heart disease,Arkansas,7377,214.1
9516,2013,"Diseases of heart (I00-I09,I11,I13,I20-I51)",Heart disease,Louisiana,10346,214.1
9517,1999,Malignant neoplasms (C00-C97),Cancer,Arkansas,6137,214.1
9518,2009,"Diseases of heart (I00-I09,I11,I13,I20-I51)",Heart disease,Kentucky,9728,214.3
9519,2017,"Diseases of heart (I00-I09,I11,I13,I20-I51)",Heart disease,Louisiana,11260,214.4
9520,2002,"Diseases of heart (I00-I09,I11,I13,I20-I51)",Heart disease,Wyoming,1005,214.5
9521,2002,Malignant neoplasms (C00-C97),Cancer,Tennessee,12518,214.6
9522,1999,"Diseases of heart (I00-I09,I11,I13,I20-I51)",Heart disease,Montana,2049,214.6
9523,1999,Malignant neoplasms (C00-C97),Cancer,Maine,3035,214.6
9524,2007,Malignant neoplasms (C00-C97),Cancer,Kentucky,9692,214.7
9525,2003,"Diseases of heart (I00-I09,I11,I13,I20-I51)",Heart disease,Kansas,6491,214.7
9526,2000,Malignant neoplasms (C00-C97),Cancer,Indiana,12842,214.7
9527,2002,Malignant neoplasms (C00-C97),Cancer,Maine,3206,214.9
9528,2004,"Diseases of heart (I00-I09,I11,I13,I20-I51)",Heart disease,North Carolina,17607,215.2
9529,2002,Malignant neoplasms (C00-C97),Cancer,West Virginia,4652,215.2
9530,2000,"Diseases of heart (I00-I09,I11,I13,I20-I51)",Heart disease,Idaho,2519,215.2
9531,2000,Malignant neoplasms (C00-C97),Cancer,Alabama,9807,215.4
9532,1999,Malignant neoplasms (C00-C97),Cancer,Ohio,25233,215.4
9533,2004,Malignant neoplasms (C00-C97),Cancer,Kentucky,9159,215.5
9534,2002,"Diseases of heart (I00-I09,I11,I13,I20-I51)",Heart disease,Nebraska,4242,215.5
9535,1999,"Diseases of heart (I00-I09,I11,I13,I20-I51)",Heart disease,Washington,11515,215.7
9536,2014,"Diseases of heart (I00-I09,I11,I13,I20-I51)",Heart disease,Louisiana,10647,216.3
9537,2004,Malignant neoplasms (C00-C97),Cancer,Louisiana,9434,216.3
9538,2009,"Diseases of heart (I00-I09,I11,I13,I20-I51)",Heart disease,Tennessee,14257,216.5
9539,2003,"Diseases of heart (I00-I09,I11,I13,I20-I51)",Heart disease,New Hampshire,2725,216.7
9540,2005,"Diseases of heart (I00-I09,I11,I13,I20-I51)",Heart disease,United States,652091,216.8
9541,2001,Malignant neoplasms (C00-C97),Cancer,Mississippi,5958,217.1
9542,2000,"Diseases of heart (I00-I09,I11,I13,I20-I51)",Heart disease,Nebraska,4197,217.1
9543,2003,"Diseases of heart (I00-I09,I11,I13,I20-I51)",Heart disease,Florida,48141,217.3
9544,2010,"Diseases of heart (I00-I09,I11,I13,I20-I51)",Heart disease,Tennessee,14582,217.4
9545,2000,"Diseases of heart (I00-I09,I11,I13,I20-I51)",Heart disease,Wyoming,992,217.4
9546,1999,"Diseases of heart (I00-I09,I11,I13,I20-I51)",Heart disease,Vermont,1342,217.4
9547,1999,Malignant neoplasms (C00-C97),Cancer,Indiana,12898,217.4
9548,2014,"Diseases of heart (I00-I09,I11,I13,I20-I51)",Heart disease,Arkansas,7581,217.5
9549,2005,"Diseases of heart (I00-I09,I11,I13,I20-I51)",Heart disease,Maryland,11594,217.9
9550,2000,"Diseases of heart (I00-I09,I11,I13,I20-I51)",Heart disease,Massachusetts,15314,217.9
9551,2001,"Diseases of heart (I00-I09,I11,I13,I20-I51)",Heart disease,Connecticut,8582,218.0
9552,1999,"Diseases of heart (I00-I09,I11,I13,I20-I51)",Heart disease,New Mexico,3452,218.0
9553,2006,"Diseases of heart (I00-I09,I11,I13,I20-I51)",Heart disease,Ohio,27886,218.5
9554,2004,"Diseases of heart (I00-I09,I11,I13,I20-I51)",Heart disease,Maryland,11346,218.5
9555,2012,"Diseases of heart (I00-I09,I11,I13,I20-I51)",Heart disease,Arkansas,7407,218.6
9556,2002,"Diseases of heart (I00-I09,I11,I13,I20-I51)",Heart disease,Wisconsin,12923,218.8
9557,2002,Malignant neoplasms (C00-C97),Cancer,Mississippi,6069,218.8
9558,2000,Malignant neoplasms (C00-C97),Cancer,Tennessee,12339,218.8
9559,2007,"Diseases of heart (I00-I09,I11,I13,I20-I51)",Heart disease,Missouri,14338,218.9
9560,2005,"Diseases of heart (I00-I09,I11,I13,I20-I51)",Heart disease,New Jersey,20655,219.1
9561,2005,Malignant neoplasms (C00-C97),Cancer,Kentucky,9505,219.1
9562,2001,Malignant neoplasms (C00-C97),Cancer,West Virginia,4685,219.2
9563,2002,"Diseases of heart (I00-I09,I11,I13,I20-I51)",Heart disease,Connecticut,8815,219.3
9564,2009,"Diseases of heart (I00-I09,I11,I13,I20-I51)",Heart disease,West Virginia,5038,219.6
9565,2008,"Diseases of heart (I00-I09,I11,I13,I20-I51)",Heart disease,Missouri,14644,219.8
9566,2001,"Diseases of heart (I00-I09,I11,I13,I20-I51)",Heart disease,South Dakota,1985,219.9
9567,2012,"Diseases of heart (I00-I09,I11,I13,I20-I51)",Heart disease,Oklahoma,9198,220.4
9568,2005,"Diseases of heart (I00-I09,I11,I13,I20-I51)",Heart disease,Texas,40152,220.4
9569,1999,"Diseases of heart (I00-I09,I11,I13,I20-I51)",Heart disease,Idaho,2532,220.5
9570,2008,"Diseases of heart (I00-I09,I11,I13,I20-I51)",Heart disease,Michigan,24344,220.6
9571,2005,"Diseases of heart (I00-I09,I11,I13,I20-I51)",Heart disease,Illinois,28226,220.7
9572,2001,"Diseases of heart (I00-I09,I11,I13,I20-I51)",Heart disease,Maine,3272,220.7
9573,2006,"Diseases of heart (I00-I09,I11,I13,I20-I51)",Heart disease,Indiana,14375,220.8
9574,2001,Malignant neoplasms (C00-C97),Cancer,Delaware,1786,221.0
9575,2002,"Diseases of heart (I00-I09,I11,I13,I20-I51)",Heart disease,Iowa,8181,221.5
9576,2004,"Diseases of heart (I00-I09,I11,I13,I20-I51)",Heart disease,United States,652486,221.6
9577,2004,"Diseases of heart (I00-I09,I11,I13,I20-I51)",Heart disease,New Jersey,20560,221.8
9578,2003,Malignant neoplasms (C00-C97),Cancer,Louisiana,9533,221.8
9579,2003,"Diseases of heart (I00-I09,I11,I13,I20-I51)",Heart disease,Virginia,14756,222.1
9580,2006,"Diseases of heart (I00-I09,I11,I13,I20-I51)",Heart disease,Georgia,16478,222.2
9581,2010,"Diseases of heart (I00-I09,I11,I13,I20-I51)",Heart disease,District of Columbia,1306,222.4
9582,2016,"Diseases of heart (I00-I09,I11,I13,I20-I51)",Heart disease,Alabama,12832,222.5
9583,2010,"Diseases of heart (I00-I09,I11,I13,I20-I51)",Heart disease,Arkansas,7274,222.5
9584,2007,"Diseases of heart (I00-I09,I11,I13,I20-I51)",Heart disease,Michigan,24149,222.5
9585,2002,Malignant neoplasms (C00-C97),Cancer,Louisiana,9441,222.8
9586,1999,"Diseases of heart (I00-I09,I11,I13,I20-I51)",Heart disease,Arizona,10800,223.1
9587,2017,"Diseases of heart (I00-I09,I11,I13,I20-I51)",Heart disease,Alabama,13110,223.2
9588,2015,"Diseases of heart (I00-I09,I11,I13,I20-I51)",Heart disease,Arkansas,7938,223.2
9589,2002,"Diseases of heart (I00-I09,I11,I13,I20-I51)",Heart disease,Kansas,6680,223.2
9590,1999,Malignant neoplasms (C00-C97),Cancer,Delaware,1737,223.3
9591,2000,Malignant neoplasms (C00-C97),Cancer,Mississippi,6075,223.6
9592,2016,"Diseases of heart (I00-I09,I11,I13,I20-I51)",Heart disease,Arkansas,8090,223.7
9593,2003,Malignant neoplasms (C00-C97),Cancer,Kentucky,9378,223.7
9594,2017,"Diseases of heart (I00-I09,I11,I13,I20-I51)",Heart disease,Arkansas,8270,223.8
9595,2005,"Diseases of heart (I00-I09,I11,I13,I20-I51)",Heart disease,South Carolina,9359,223.9
9596,2000,Malignant neoplasms (C00-C97),Cancer,West Virginia,4753,223.9
9597,2014,"Diseases of heart (I00-I09,I11,I13,I20-I51)",Heart disease,Alabama,12461,224.0
9598,2009,"Diseases of heart (I00-I09,I11,I13,I20-I51)",Heart disease,District of Columbia,1288,224.1
9599,2001,"Diseases of heart (I00-I09,I11,I13,I20-I51)",Heart disease,Vermont,1429,224.1
9600,1999,Malignant neoplasms (C00-C97),Cancer,Kentucky,8925,224.2
9601,2004,"Diseases of heart (I00-I09,I11,I13,I20-I51)",Heart disease,Illinois,28284,224.3
9602,2001,"Diseases of heart (I00-I09,I11,I13,I20-I51)",Heart disease,Wisconsin,13023,224.3
9603,2002,"Diseases of heart (I00-I09,I11,I13,I20-I51)",Heart disease,New Hampshire,2776,225.0
9604,2012,"Diseases of heart (I00-I09,I11,I13,I20-I51)",Heart disease,Alabama,12036,225.1
9605,2003,"Diseases of heart (I00-I09,I11,I13,I20-I51)",Heart disease,California,68864,225.1
9606,2001,"Diseases of heart (I00-I09,I11,I13,I20-I51)",Heart disease,Iowa,8250,225.1
9607,1999,Malignant neoplasms (C00-C97),Cancer,West Virginia,4762,225.1
9608,2008,"Diseases of heart (I00-I09,I11,I13,I20-I51)",Heart disease,Kentucky,10061,225.5
9609,2004,"Diseases of heart (I00-I09,I11,I13,I20-I51)",Heart disease,South Carolina,9182,225.6
9610,2001,"Diseases of heart (I00-I09,I11,I13,I20-I51)",Heart disease,Kansas,6716,225.6
9611,2008,"Diseases of heart (I00-I09,I11,I13,I20-I51)",Heart disease,New York,49324,225.8
9612,2004,"Diseases of heart (I00-I09,I11,I13,I20-I51)",Heart disease,Rhode Island,2969,225.9
9613,2009,"Diseases of heart (I00-I09,I11,I13,I20-I51)",Heart disease,Arkansas,7295,226.1
9614,2002,"Diseases of heart (I00-I09,I11,I13,I20-I51)",Heart disease,Florida,49235,226.1
9615,2005,"Diseases of heart (I00-I09,I11,I13,I20-I51)",Heart disease,Rhode Island,3005,226.9
9616,2004,"Diseases of heart (I00-I09,I11,I13,I20-I51)",Heart disease,Texas,40196,226.9
9617,2007,"Diseases of heart (I00-I09,I11,I13,I20-I51)",Heart disease,Kentucky,9916,227.0
9618,2007,"Diseases of heart (I00-I09,I11,I13,I20-I51)",Heart disease,Tennessee,14280,227.2
9619,1999,"Diseases of heart (I00-I09,I11,I13,I20-I51)",Heart disease,Wyoming,1009,227.8
9620,2005,"Diseases of heart (I00-I09,I11,I13,I20-I51)",Heart disease,Indiana,14542,227.9
9621,2000,Malignant neoplasms (C00-C97),Cancer,Louisiana,9400,227.9
9622,1999,Malignant neoplasms (C00-C97),Cancer,Mississippi,6143,227.9
9623,2001,Malignant neoplasms (C00-C97),Cancer,Louisiana,9517,228.0
9624,2014,"Diseases of heart (I00-I09,I11,I13,I20-I51)",Heart disease,Oklahoma,9868,228.1
9625,2008,"Diseases of heart (I00-I09,I11,I13,I20-I51)",Heart disease,Tennessee,14661,228.1
9626,2006,"Diseases of heart (I00-I09,I11,I13,I20-I51)",Heart disease,Michigan,24255,228.1
9627,2016,"Diseases of heart (I00-I09,I11,I13,I20-I51)",Heart disease,Oklahoma,10209,228.2
9628,2013,"Diseases of heart (I00-I09,I11,I13,I20-I51)",Heart disease,Alabama,12472,228.4
9629,2013,"Diseases of heart (I00-I09,I11,I13,I20-I51)",Heart disease,Oklahoma,9721,228.5
9630,1999,"Diseases of heart (I00-I09,I11,I13,I20-I51)",Heart disease,Massachusetts,15871,228.5
9631,2002,Malignant neoplasms (C00-C97),Cancer,Kentucky,9438,228.6
9632,1999,"Diseases of heart (I00-I09,I11,I13,I20-I51)",Heart disease,South Dakota,2024,228.6
9633,2011,"Diseases of heart (I00-I09,I11,I13,I20-I51)",Heart disease,Alabama,11942,228.7
9634,2000,Malignant neoplasms (C00-C97),Cancer,Kentucky,9207,228.7
9635,2011,"Diseases of heart (I00-I09,I11,I13,I20-I51)",Heart disease,Oklahoma,9399,228.8
9636,2006,"Diseases of heart (I00-I09,I11,I13,I20-I51)",Heart disease,Missouri,14749,228.8
9637,2005,"Diseases of heart (I00-I09,I11,I13,I20-I51)",Heart disease,Pennsylvania,36207,229.3
9638,2010,"Diseases of heart (I00-I09,I11,I13,I20-I51)",Heart disease,Louisiana,10282,229.4
9639,2000,"Diseases of heart (I00-I09,I11,I13,I20-I51)",Heart disease,Vermont,1438,229.4
9640,2015,"Diseases of heart (I00-I09,I11,I13,I20-I51)",Heart disease,Alabama,12981,229.7
9641,2001,Malignant neoplasms (C00-C97),Cancer,Kentucky,9358,229.7
9642,2014,"Diseases of heart (I00-I09,I11,I13,I20-I51)",Heart disease,Mississippi,7538,229.9
9643,2009,"Diseases of heart (I00-I09,I11,I13,I20-I51)",Heart disease,Louisiana,10169,229.9
9644,2002,"Diseases of heart (I00-I09,I11,I13,I20-I51)",Heart disease,Virginia,14952,230.0
9645,2007,"Diseases of heart (I00-I09,I11,I13,I20-I51)",Heart disease,Arkansas,7214,230.1
9646,2007,"Diseases of heart (I00-I09,I11,I13,I20-I51)",Heart disease,New York,49528,230.4
9647,2002,"Diseases of heart (I00-I09,I11,I13,I20-I51)",Heart disease,California,68797,230.4
9648,1999,Malignant neoplasms (C00-C97),Cancer,Louisiana,9412,230.5
9649,2012,"Diseases of heart (I00-I09,I11,I13,I20-I51)",Heart disease,Mississippi,7269,231.3
9650,2017,"Diseases of heart (I00-I09,I11,I13,I20-I51)",Heart disease,Mississippi,7944,231.6
9651,2002,Malignant neoplasms (C00-C97),Cancer,District of Columbia,1298,231.8
9652,2005,"Diseases of heart (I00-I09,I11,I13,I20-I51)",Heart disease,Ohio,29003,231.9
9653,2003,"Diseases of heart (I00-I09,I11,I13,I20-I51)",Heart disease,Rhode Island,3011,231.9
9654,2005,"Diseases of heart (I00-I09,I11,I13,I20-I51)",Heart disease,Delaware,2031,232.3
9655,2008,"Diseases of heart (I00-I09,I11,I13,I20-I51)",Heart disease,West Virginia,5264,232.5
9656,2007,"Diseases of heart (I00-I09,I11,I13,I20-I51)",Heart disease,West Virginia,5208,232.5
9657,2009,"Diseases of heart (I00-I09,I11,I13,I20-I51)",Heart disease,Oklahoma,9202,232.6
9658,2000,"Diseases of heart (I00-I09,I11,I13,I20-I51)",Heart disease,Connecticut,8993,232.7
9659,2016,"Diseases of heart (I00-I09,I11,I13,I20-I51)",Heart disease,Mississippi,7865,233.1
9660,2004,"Diseases of heart (I00-I09,I11,I13,I20-I51)",Heart disease,Indiana,14636,233.2
9661,2003,"Diseases of heart (I00-I09,I11,I13,I20-I51)",Heart disease,North Carolina,18674,233.3
9662,2001,"Diseases of heart (I00-I09,I11,I13,I20-I51)",Heart disease,California,68234,233.6
9663,2006,"Diseases of heart (I00-I09,I11,I13,I20-I51)",Heart disease,Nevada,5013,233.7
9664,2004,"Diseases of heart (I00-I09,I11,I13,I20-I51)",Heart disease,Pennsylvania,36434,233.8
9665,2000,"Diseases of heart (I00-I09,I11,I13,I20-I51)",Heart disease,Maine,3400,233.9
9666,2015,"Diseases of heart (I00-I09,I11,I13,I20-I51)",Heart disease,Oklahoma,10310,234.0
9667,2000,"Diseases of heart (I00-I09,I11,I13,I20-I51)",Heart disease,Kansas,6931,234.2
9668,1999,"Diseases of heart (I00-I09,I11,I13,I20-I51)",Heart disease,North Dakota,1833,234.2
9669,2001,"Diseases of heart (I00-I09,I11,I13,I20-I51)",Heart disease,Virginia,14913,234.5
9670,2000,"Diseases of heart (I00-I09,I11,I13,I20-I51)",Heart disease,South Dakota,2105,234.5
9671,2001,"Diseases of heart (I00-I09,I11,I13,I20-I51)",Heart disease,New Hampshire,2835,234.6
9672,2007,"Diseases of heart (I00-I09,I11,I13,I20-I51)",Heart disease,Louisiana,9947,234.9
9673,1999,"Diseases of heart (I00-I09,I11,I13,I20-I51)",Heart disease,Nebraska,4497,235.0
9674,2010,"Diseases of heart (I00-I09,I11,I13,I20-I51)",Heart disease,Oklahoma,9426,235.2
9675,2004,"Diseases of heart (I00-I09,I11,I13,I20-I51)",Heart disease,Ohio,29078,235.8
9676,2010,"Diseases of heart (I00-I09,I11,I13,I20-I51)",Heart disease,Alabama,12083,236.0
9677,2005,"Diseases of heart (I00-I09,I11,I13,I20-I51)",Heart disease,Georgia,16781,236.0
9678,2001,"Diseases of heart (I00-I09,I11,I13,I20-I51)",Heart disease,Florida,50629,236.0
9679,2008,"Diseases of heart (I00-I09,I11,I13,I20-I51)",Heart disease,Arkansas,7516,236.1
9680,2000,"Diseases of heart (I00-I09,I11,I13,I20-I51)",Heart disease,Iowa,8559,236.1
9681,1999,"Diseases of heart (I00-I09,I11,I13,I20-I51)",Heart disease,New Hampshire,2751,236.2
9682,2003,"Diseases of heart (I00-I09,I11,I13,I20-I51)",Heart disease,United States,685089,236.3
9683,2005,"Diseases of heart (I00-I09,I11,I13,I20-I51)",Heart disease,Missouri,14974,236.8
9684,1999,"Diseases of heart (I00-I09,I11,I13,I20-I51)",Heart disease,Kansas,6975,237.0
9685,2017,"Diseases of heart (I00-I09,I11,I13,I20-I51)",Heart disease,Oklahoma,10772,237.2
9686,2000,"Diseases of heart (I00-I09,I11,I13,I20-I51)",Heart disease,New Hampshire,2811,237.3
9687,2000,"Diseases of heart (I00-I09,I11,I13,I20-I51)",Heart disease,Wisconsin,13601,237.3
9688,2001,Malignant neoplasms (C00-C97),Cancer,District of Columbia,1327,237.5
9689,2002,"Diseases of heart (I00-I09,I11,I13,I20-I51)",Heart disease,North Carolina,18524,237.6
9690,2009,"Diseases of heart (I00-I09,I11,I13,I20-I51)",Heart disease,Alabama,12021,238.0
9691,2006,"Diseases of heart (I00-I09,I11,I13,I20-I51)",Heart disease,Tennessee,14642,238.0
9692,2004,"Diseases of heart (I00-I09,I11,I13,I20-I51)",Heart disease,Delaware,2015,238.1
9693,2006,"Diseases of heart (I00-I09,I11,I13,I20-I51)",Heart disease,New York,50470,238.2
9694,2000,Malignant neoplasms (C00-C97),Cancer,District of Columbia,1335,238.3
9695,2008,"Diseases of heart (I00-I09,I11,I13,I20-I51)",Heart disease,Louisiana,10347,238.5
9696,2000,"Diseases of heart (I00-I09,I11,I13,I20-I51)",Heart disease,Florida,50336,238.6
9697,1999,"Diseases of heart (I00-I09,I11,I13,I20-I51)",Heart disease,Maine,3418,238.7
9698,1999,"Diseases of heart (I00-I09,I11,I13,I20-I51)",Heart disease,Connecticut,9127,238.8
9699,2003,"Diseases of heart (I00-I09,I11,I13,I20-I51)",Heart disease,Illinois,29816,239.2
9700,2003,"Diseases of heart (I00-I09,I11,I13,I20-I51)",Heart disease,Maryland,12164,239.8
9701,2003,"Diseases of heart (I00-I09,I11,I13,I20-I51)",Heart disease,New Jersey,22043,239.9
9702,2002,"Diseases of heart (I00-I09,I11,I13,I20-I51)",Heart disease,Delaware,1918,239.9
9703,2000,"Diseases of heart (I00-I09,I11,I13,I20-I51)",Heart disease,California,68426,239.9
9704,2013,"Diseases of heart (I00-I09,I11,I13,I20-I51)",Heart disease,Mississippi,7715,240.0
9705,2004,"Diseases of heart (I00-I09,I11,I13,I20-I51)",Heart disease,Nevada,4693,240.0
9706,2011,"Diseases of heart (I00-I09,I11,I13,I20-I51)",Heart disease,Mississippi,7335,240.1
9707,2003,"Diseases of heart (I00-I09,I11,I13,I20-I51)",Heart disease,South Carolina,9510,240.1
9708,2004,"Diseases of heart (I00-I09,I11,I13,I20-I51)",Heart disease,Georgia,16557,240.3
9709,1999,"Diseases of heart (I00-I09,I11,I13,I20-I51)",Heart disease,Iowa,8699,240.3
9710,2015,"Diseases of heart (I00-I09,I11,I13,I20-I51)",Heart disease,Mississippi,7969,240.5
9711,2006,"Diseases of heart (I00-I09,I11,I13,I20-I51)",Heart disease,Arkansas,7431,240.5
9712,2006,"Diseases of heart (I00-I09,I11,I13,I20-I51)",Heart disease,West Virginia,5311,240.5
9713,2003,"Diseases of heart (I00-I09,I11,I13,I20-I51)",Heart disease,Texas,41779,241.2
9714,2005,"Diseases of heart (I00-I09,I11,I13,I20-I51)",Heart disease,Michigan,25128,241.3
9715,2006,"Diseases of heart (I00-I09,I11,I13,I20-I51)",Heart disease,Kentucky,10353,241.4
9716,2006,"Diseases of heart (I00-I09,I11,I13,I20-I51)",Heart disease,Louisiana,10026,241.4
9717,1999,Malignant neoplasms (C00-C97),Cancer,District of Columbia,1340,241.4
9718,2002,"Diseases of heart (I00-I09,I11,I13,I20-I51)",Heart disease,Maryland,12008,242.4
9719,2004,"Diseases of heart (I00-I09,I11,I13,I20-I51)",Heart disease,Michigan,24825,242.7
9720,2008,"Diseases of heart (I00-I09,I11,I13,I20-I51)",Heart disease,Alabama,12074,243.3
9721,2002,"Diseases of heart (I00-I09,I11,I13,I20-I51)",Heart disease,Rhode Island,3109,243.6
9722,1999,"Diseases of heart (I00-I09,I11,I13,I20-I51)",Heart disease,Wisconsin,13827,243.7
9723,2003,"Diseases of heart (I00-I09,I11,I13,I20-I51)",Heart disease,Nevada,4599,244.0
9724,1999,"Diseases of heart (I00-I09,I11,I13,I20-I51)",Heart disease,Rhode Island,3008,244.1
9725,2008,"Diseases of heart (I00-I09,I11,I13,I20-I51)",Heart disease,District of Columbia,1389,244.3
9726,2001,"Diseases of heart (I00-I09,I11,I13,I20-I51)",Heart disease,Rhode Island,3076,244.3
9727,2002,"Diseases of heart (I00-I09,I11,I13,I20-I51)",Heart disease,United States,696947,244.6
9728,2007,"Diseases of heart (I00-I09,I11,I13,I20-I51)",Heart disease,Alabama,11926,245.0
9729,2000,"Diseases of heart (I00-I09,I11,I13,I20-I51)",Heart disease,Virginia,15264,245.5
9730,2001,"Diseases of heart (I00-I09,I11,I13,I20-I51)",Heart disease,North Carolina,18792,246.1
9731,2003,"Diseases of heart (I00-I09,I11,I13,I20-I51)",Heart disease,Pennsylvania,38075,246.2
9732,2005,"Diseases of heart (I00-I09,I11,I13,I20-I51)",Heart disease,Nevada,5094,246.7
9733,2003,"Diseases of heart (I00-I09,I11,I13,I20-I51)",Heart disease,Delaware,2027,247.2
9734,2002,"Diseases of heart (I00-I09,I11,I13,I20-I51)",Heart disease,Nevada,4421,247.5
9735,1999,"Diseases of heart (I00-I09,I11,I13,I20-I51)",Heart disease,Florida,51434,247.7
9736,2005,"Diseases of heart (I00-I09,I11,I13,I20-I51)",Heart disease,New York,51985,248.3
9737,2004,"Diseases of heart (I00-I09,I11,I13,I20-I51)",Heart disease,Missouri,15500,248.5
9738,2002,"Diseases of heart (I00-I09,I11,I13,I20-I51)",Heart disease,New Jersey,22510,248.6
9739,2001,"Diseases of heart (I00-I09,I11,I13,I20-I51)",Heart disease,South Carolina,9471,248.6
9740,2003,"Diseases of heart (I00-I09,I11,I13,I20-I51)",Heart disease,Indiana,15467,249.4
9741,2002,"Diseases of heart (I00-I09,I11,I13,I20-I51)",Heart disease,South Carolina,9659,249.4
9742,2001,"Diseases of heart (I00-I09,I11,I13,I20-I51)",Heart disease,United States,700142,249.5
9743,2000,"Diseases of heart (I00-I09,I11,I13,I20-I51)",Heart disease,Rhode Island,3115,249.5
9744,2002,"Diseases of heart (I00-I09,I11,I13,I20-I51)",Heart disease,Illinois,30821,250.2
9745,2005,"Diseases of heart (I00-I09,I11,I13,I20-I51)",Heart disease,Arkansas,7575,250.3
9746,2002,"Diseases of heart (I00-I09,I11,I13,I20-I51)",Heart disease,Indiana,15321,250.9
9747,1999,"Diseases of heart (I00-I09,I11,I13,I20-I51)",Heart disease,Virginia,15329,250.9
9748,2010,"Diseases of heart (I00-I09,I11,I13,I20-I51)",Heart disease,Mississippi,7542,251.1
9749,2007,"Diseases of heart (I00-I09,I11,I13,I20-I51)",Heart disease,Oklahoma,9602,251.1
9750,2005,"Diseases of heart (I00-I09,I11,I13,I20-I51)",Heart disease,Tennessee,14946,251.2
9751,2003,"Diseases of heart (I00-I09,I11,I13,I20-I51)",Heart disease,Ohio,30667,251.2
9752,2008,"Diseases of heart (I00-I09,I11,I13,I20-I51)",Heart disease,Oklahoma,9767,252.0
9753,2004,"Diseases of heart (I00-I09,I11,I13,I20-I51)",Heart disease,Arkansas,7534,252.1
9754,2007,"Diseases of heart (I00-I09,I11,I13,I20-I51)",Heart disease,District of Columbia,1434,253.6
9755,2005,"Diseases of heart (I00-I09,I11,I13,I20-I51)",Heart disease,West Virginia,5538,253.6
9756,2009,"Diseases of heart (I00-I09,I11,I13,I20-I51)",Heart disease,Mississippi,7530,253.8
9757,2001,"Diseases of heart (I00-I09,I11,I13,I20-I51)",Heart disease,Illinois,30990,253.8
9758,2001,"Diseases of heart (I00-I09,I11,I13,I20-I51)",Heart disease,Maryland,12310,253.8
9759,2001,"Diseases of heart (I00-I09,I11,I13,I20-I51)",Heart disease,New Jersey,22704,254.0
9760,2004,"Diseases of heart (I00-I09,I11,I13,I20-I51)",Heart disease,New York,52480,254.6
9761,2002,"Diseases of heart (I00-I09,I11,I13,I20-I51)",Heart disease,Pennsylvania,38852,254.7
9762,2004,"Diseases of heart (I00-I09,I11,I13,I20-I51)",Heart disease,Kentucky,10465,254.8
9763,2003,"Diseases of heart (I00-I09,I11,I13,I20-I51)",Heart disease,Georgia,17188,255.2
9764,2000,"Diseases of heart (I00-I09,I11,I13,I20-I51)",Heart disease,Nevada,4089,255.3
9765,2002,"Diseases of heart (I00-I09,I11,I13,I20-I51)",Heart disease,Texas,43452,256.3
9766,2005,"Diseases of heart (I00-I09,I11,I13,I20-I51)",Heart disease,Louisiana,11008,256.9
9767,2005,"Diseases of heart (I00-I09,I11,I13,I20-I51)",Heart disease,Kentucky,10782,257.3
9768,1999,"Diseases of heart (I00-I09,I11,I13,I20-I51)",Heart disease,California,71930,257.3
9769,2000,"Diseases of heart (I00-I09,I11,I13,I20-I51)",Heart disease,United States,710760,257.6
9770,2001,"Diseases of heart (I00-I09,I11,I13,I20-I51)",Heart disease,Nevada,4393,257.8
9771,2004,"Diseases of heart (I00-I09,I11,I13,I20-I51)",Heart disease,Louisiana,10852,257.9
9772,2003,"Diseases of heart (I00-I09,I11,I13,I20-I51)",Heart disease,Michigan,26010,258.0
9773,2004,"Diseases of heart (I00-I09,I11,I13,I20-I51)",Heart disease,Tennessee,15038,258.6
9774,2001,"Diseases of heart (I00-I09,I11,I13,I20-I51)",Heart disease,Texas,43199,259.1
9775,1999,"Diseases of heart (I00-I09,I11,I13,I20-I51)",Heart disease,Maryland,12080,259.2
9776,2001,"Diseases of heart (I00-I09,I11,I13,I20-I51)",Heart disease,Indiana,15682,259.8
9777,2006,"Diseases of heart (I00-I09,I11,I13,I20-I51)",Heart disease,Oklahoma,9798,260.1
9778,1999,"Diseases of heart (I00-I09,I11,I13,I20-I51)",Heart disease,North Carolina,19191,260.9
9779,2001,"Diseases of heart (I00-I09,I11,I13,I20-I51)",Heart disease,Pennsylvania,39438,261.1
9780,2002,"Diseases of heart (I00-I09,I11,I13,I20-I51)",Heart disease,Ohio,31388,261.2
9781,2001,"Diseases of heart (I00-I09,I11,I13,I20-I51)",Heart disease,Delaware,2033,261.2
9782,2000,"Diseases of heart (I00-I09,I11,I13,I20-I51)",Heart disease,Maryland,12348,261.3
9783,2003,"Diseases of heart (I00-I09,I11,I13,I20-I51)",Heart disease,Arkansas,7786,262.5
9784,2000,"Diseases of heart (I00-I09,I11,I13,I20-I51)",Heart disease,Delaware,1983,262.5
9785,2006,"Diseases of heart (I00-I09,I11,I13,I20-I51)",Heart disease,Alabama,12583,263.0
9786,2000,"Diseases of heart (I00-I09,I11,I13,I20-I51)",Heart disease,Texas,43020,263.5
9787,2004,"Diseases of heart (I00-I09,I11,I13,I20-I51)",Heart disease,West Virginia,5674,263.6
9788,2000,"Diseases of heart (I00-I09,I11,I13,I20-I51)",Heart disease,Illinois,31844,263.7
9789,2000,"Diseases of heart (I00-I09,I11,I13,I20-I51)",Heart disease,North Carolina,19723,264.5
9790,2003,"Diseases of heart (I00-I09,I11,I13,I20-I51)",Heart disease,Missouri,16410,264.9
9791,2002,"Diseases of heart (I00-I09,I11,I13,I20-I51)",Heart disease,Georgia,17529,265.8
9792,2000,"Diseases of heart (I00-I09,I11,I13,I20-I51)",Heart disease,South Carolina,9893,265.8
9793,1999,"Diseases of heart (I00-I09,I11,I13,I20-I51)",Heart disease,United States,725192,266.5
9794,1999,"Diseases of heart (I00-I09,I11,I13,I20-I51)",Heart disease,Delaware,2011,269.2
9795,2000,"Diseases of heart (I00-I09,I11,I13,I20-I51)",Heart disease,New Jersey,23724,269.4
9796,2002,"Diseases of heart (I00-I09,I11,I13,I20-I51)",Heart disease,Michigan,26659,269.6
9797,1999,"Diseases of heart (I00-I09,I11,I13,I20-I51)",Heart disease,Texas,43418,270.1
9798,2005,"Diseases of heart (I00-I09,I11,I13,I20-I51)",Heart disease,District of Columbia,1518,270.3
9799,1999,"Diseases of heart (I00-I09,I11,I13,I20-I51)",Heart disease,New Jersey,23493,270.5
9800,2003,"Diseases of heart (I00-I09,I11,I13,I20-I51)",Heart disease,New York,55276,270.9
9801,2001,"Diseases of heart (I00-I09,I11,I13,I20-I51)",Heart disease,Georgia,17478,271.4
9802,2000,"Diseases of heart (I00-I09,I11,I13,I20-I51)",Heart disease,Pennsylvania,40708,271.9
9803,2000,"Diseases of heart (I00-I09,I11,I13,I20-I51)",Heart disease,Indiana,16210,272.3
9804,2005,"Diseases of heart (I00-I09,I11,I13,I20-I51)",Heart disease,Oklahoma,10043,272.4
9805,2002,"Diseases of heart (I00-I09,I11,I13,I20-I51)",Heart disease,Louisiana,11185,272.4
9806,2002,"Diseases of heart (I00-I09,I11,I13,I20-I51)",Heart disease,Missouri,16708,272.7
9807,2008,"Diseases of heart (I00-I09,I11,I13,I20-I51)",Heart disease,Mississippi,7997,273.2
9808,2001,"Diseases of heart (I00-I09,I11,I13,I20-I51)",Heart disease,Missouri,16633,273.4
9809,1999,"Diseases of heart (I00-I09,I11,I13,I20-I51)",Heart disease,South Carolina,9981,273.4
9810,2001,"Diseases of heart (I00-I09,I11,I13,I20-I51)",Heart disease,Ohio,32453,273.5
9811,1999,"Diseases of heart (I00-I09,I11,I13,I20-I51)",Heart disease,Nevada,4231,274.3
9812,2005,"Diseases of heart (I00-I09,I11,I13,I20-I51)",Heart disease,Alabama,12869,274.5
9813,2000,"Diseases of heart (I00-I09,I11,I13,I20-I51)",Heart disease,Georgia,17406,276.0
9814,2004,"Diseases of heart (I00-I09,I11,I13,I20-I51)",Heart disease,District of Columbia,1544,276.4
9815,2001,"Diseases of heart (I00-I09,I11,I13,I20-I51)",Heart disease,Michigan,26896,276.4
9816,2003,"Diseases of heart (I00-I09,I11,I13,I20-I51)",Heart disease,Louisiana,11540,277.5
9817,2003,"Diseases of heart (I00-I09,I11,I13,I20-I51)",Heart disease,Tennessee,15919,277.6
9818,2004,"Diseases of heart (I00-I09,I11,I13,I20-I51)",Heart disease,Alabama,12774,278.1
9819,2007,"Diseases of heart (I00-I09,I11,I13,I20-I51)",Heart disease,Mississippi,8037,278.5
9820,1999,"Diseases of heart (I00-I09,I11,I13,I20-I51)",Heart disease,Illinois,33387,279.1
9821,2003,"Diseases of heart (I00-I09,I11,I13,I20-I51)",Heart disease,Kentucky,11319,279.2
9822,2000,"Diseases of heart (I00-I09,I11,I13,I20-I51)",Heart disease,Ohio,32722,279.2
9823,2001,"Diseases of heart (I00-I09,I11,I13,I20-I51)",Heart disease,Tennessee,15688,280.6
9824,2006,"Diseases of heart (I00-I09,I11,I13,I20-I51)",Heart disease,District of Columbia,1566,280.9
9825,2002,"Diseases of heart (I00-I09,I11,I13,I20-I51)",Heart disease,New York,56672,281.4
9826,1999,"Diseases of heart (I00-I09,I11,I13,I20-I51)",Heart disease,Pennsylvania,41707,281.7
9827,2001,"Diseases of heart (I00-I09,I11,I13,I20-I51)",Heart disease,Arkansas,8263,281.8
9828,1999,"Diseases of heart (I00-I09,I11,I13,I20-I51)",Heart disease,Indiana,16661,282.5
9829,2001,"Diseases of heart (I00-I09,I11,I13,I20-I51)",Heart disease,Louisiana,11474,282.6
9830,2002,"Diseases of heart (I00-I09,I11,I13,I20-I51)",Heart disease,Arkansas,8330,282.8
9831,1999,"Diseases of heart (I00-I09,I11,I13,I20-I51)",Heart disease,Georgia,17597,282.8
9832,2004,"Diseases of heart (I00-I09,I11,I13,I20-I51)",Heart disease,Oklahoma,10335,283.2
9833,2000,"Diseases of heart (I00-I09,I11,I13,I20-I51)",Heart disease,Arkansas,8278,283.8
9834,2001,"Diseases of heart (I00-I09,I11,I13,I20-I51)",Heart disease,New York,56643,284.9
9835,2006,"Diseases of heart (I00-I09,I11,I13,I20-I51)",Heart disease,Mississippi,8097,285.4
9836,1999,"Diseases of heart (I00-I09,I11,I13,I20-I51)",Heart disease,Ohio,33192,285.7
9837,2000,"Diseases of heart (I00-I09,I11,I13,I20-I51)",Heart disease,Michigan,27325,285.9
9838,2000,"Diseases of heart (I00-I09,I11,I13,I20-I51)",Heart disease,Missouri,17235,286.0
9839,2002,"Diseases of heart (I00-I09,I11,I13,I20-I51)",Heart disease,Tennessee,16226,287.3
9840,1999,"Diseases of heart (I00-I09,I11,I13,I20-I51)",Heart disease,Arkansas,8315,287.8
9841,2003,"Diseases of heart (I00-I09,I11,I13,I20-I51)",Heart disease,West Virginia,6186,288.1
9842,2003,"Diseases of heart (I00-I09,I11,I13,I20-I51)",Heart disease,Alabama,13150,288.5
9843,2000,"Diseases of heart (I00-I09,I11,I13,I20-I51)",Heart disease,Louisiana,11629,288.7
9844,2002,"Diseases of heart (I00-I09,I11,I13,I20-I51)",Heart disease,West Virginia,6189,291.2
9845,2002,"Diseases of heart (I00-I09,I11,I13,I20-I51)",Heart disease,Alabama,13197,291.3
9846,2003,"Diseases of heart (I00-I09,I11,I13,I20-I51)",Heart disease,District of Columbia,1630,291.9
9847,2002,"Diseases of heart (I00-I09,I11,I13,I20-I51)",Heart disease,Kentucky,11696,292.2
9848,2001,"Diseases of heart (I00-I09,I11,I13,I20-I51)",Heart disease,Alabama,13207,292.7
9849,1999,"Diseases of heart (I00-I09,I11,I13,I20-I51)",Heart disease,Michigan,27693,292.9
9850,2000,"Diseases of heart (I00-I09,I11,I13,I20-I51)",Heart disease,Tennessee,16174,293.6
9851,2000,"Diseases of heart (I00-I09,I11,I13,I20-I51)",Heart disease,New York,57474,293.8
9852,1999,"Diseases of heart (I00-I09,I11,I13,I20-I51)",Heart disease,District of Columbia,1652,296.2
9853,2002,"Diseases of heart (I00-I09,I11,I13,I20-I51)",Heart disease,District of Columbia,1666,296.6
9854,2001,"Diseases of heart (I00-I09,I11,I13,I20-I51)",Heart disease,Kentucky,11808,297.3
9855,2004,"Diseases of heart (I00-I09,I11,I13,I20-I51)",Heart disease,Mississippi,8282,298.8
9856,2001,"Diseases of heart (I00-I09,I11,I13,I20-I51)",Heart disease,West Virginia,6325,298.8
9857,1999,"Diseases of heart (I00-I09,I11,I13,I20-I51)",Heart disease,Tennessee,16280,299.0
9858,2000,"Diseases of heart (I00-I09,I11,I13,I20-I51)",Heart disease,Alabama,13406,299.5
9859,1999,"Diseases of heart (I00-I09,I11,I13,I20-I51)",Heart disease,Missouri,17974,300.5
9860,2001,"Diseases of heart (I00-I09,I11,I13,I20-I51)",Heart disease,Oklahoma,10840,301.6
9861,1999,"Diseases of heart (I00-I09,I11,I13,I20-I51)",Heart disease,Louisiana,12007,302.3
9862,1999,"Diseases of heart (I00-I09,I11,I13,I20-I51)",Heart disease,Alabama,13419,303.0
9863,2000,"Diseases of heart (I00-I09,I11,I13,I20-I51)",Heart disease,Kentucky,11936,303.6
9864,2003,"Diseases of heart (I00-I09,I11,I13,I20-I51)",Heart disease,Oklahoma,11061,304.9
9865,2000,"Diseases of heart (I00-I09,I11,I13,I20-I51)",Heart disease,West Virginia,6435,305.0
9866,1999,"Diseases of heart (I00-I09,I11,I13,I20-I51)",Heart disease,New York,58987,306.1
9867,2005,"Diseases of heart (I00-I09,I11,I13,I20-I51)",Heart disease,Mississippi,8637,306.4
9868,2000,"Diseases of heart (I00-I09,I11,I13,I20-I51)",Heart disease,District of Columbia,1756,310.6
9869,1999,"Diseases of heart (I00-I09,I11,I13,I20-I51)",Heart disease,Kentucky,12098,310.9
9870,2002,"Diseases of heart (I00-I09,I11,I13,I20-I51)",Heart disease,Oklahoma,11230,311.3
9871,2001,"Diseases of heart (I00-I09,I11,I13,I20-I51)",Heart disease,District of Columbia,1761,312.8
9872,2000,"Diseases of heart (I00-I09,I11,I13,I20-I51)",Heart disease,Oklahoma,11297,315.0
9873,1999,"Diseases of heart (I00-I09,I11,I13,I20-I51)",Heart disease,Oklahoma,11263,316.1
9874,2003,"Diseases of heart (I00-I09,I11,I13,I20-I51)",Heart disease,Mississippi,8683,317.1
9875,1999,"Diseases of heart (I00-I09,I11,I13,I20-I51)",Heart disease,West Virginia,6822,325.5
9876,2002,"Diseases of heart (I00-I09,I11,I13,I20-I51)",Heart disease,Mississippi,9061,332.6
9877,2001,"Diseases of heart (I00-I09,I11,I13,I20-I51)",Heart disease,Mississippi,9050,333.5
9878,2000,"Diseases of heart (I00-I09,I11,I13,I20-I51)",Heart disease,Mississippi,9256,341.2
9879,1999,"Diseases of heart (I00-I09,I11,I13,I20-I51)",Heart disease,Mississippi,9336,347.4
9880,2016,All Causes,All causes,Hawaii,10913,572.0
9881,2017,All Causes,All causes,Hawaii,11390,584.9
9882,2011,All Causes,All causes,Hawaii,9923,584.9
9883,2012,All Causes,All causes,Hawaii,10274,586.5
9884,2015,All Causes,All causes,Hawaii,11053,588.2
9885,2014,All Causes,All causes,Hawaii,10767,588.7
9886,2010,All Causes,All causes,Hawaii,9617,589.6
9887,2013,All Causes,All causes,Hawaii,10505,590.8
9888,2014,All Causes,All causes,California,245929,605.7
9889,2008,All Causes,All causes,Hawaii,9501,613.6
9890,2016,All Causes,All causes,California,262240,616.9
9891,2017,All Causes,All causes,California,268189,618.7
9892,2015,All Causes,All causes,California,259206,621.6
9893,2009,All Causes,All causes,Hawaii,9914,621.9
9894,2017,All Causes,All causes,New York,155358,623.6
9895,2013,All Causes,All causes,California,248359,630.1
9896,2012,All Causes,All causes,California,242554,630.4
9897,2007,All Causes,All causes,Hawaii,9495,631.0
9898,2014,All Causes,All causes,New York,149944,636.5
9899,2005,All Causes,All causes,Hawaii,9136,638.3
9900,2016,All Causes,All causes,New York,154358,640.7
9901,2011,All Causes,All causes,California,239942,641.3
9902,2006,All Causes,All causes,Hawaii,9432,643.4
9903,2015,All Causes,All causes,New York,153628,644.0
9904,2013,All Causes,All causes,Connecticut,29632,646.3
9905,2014,All Causes,All causes,Connecticut,29860,646.5
9906,2010,All Causes,All causes,California,234012,646.7
9907,2014,All Causes,All causes,Minnesota,41445,647.0
9908,2016,All Causes,All causes,Minnesota,43078,648.1
9909,2012,All Causes,All causes,Connecticut,29316,648.2
9910,2013,All Causes,All causes,New York,150919,649.3
9911,2012,All Causes,All causes,Minnesota,40016,649.5
9912,2013,All Causes,All causes,Minnesota,40987,651.0
9913,2017,All Causes,All causes,Connecticut,31312,651.2
9914,2012,All Causes,All causes,New York,148991,652.1
9915,2009,All Causes,All causes,Minnesota,37851,652.1
9916,2010,All Causes,All causes,Connecticut,28692,652.9
9917,2004,All Causes,All causes,Hawaii,9030,652.9
9918,2015,All Causes,All causes,Minnesota,42800,653.8
9919,2016,All Causes,All causes,Connecticut,30543,654.0
9920,2013,All Causes,All causes,Colorado,33712,655.4
9921,2009,All Causes,All causes,California,232736,655.5
9922,2015,All Causes,All causes,Connecticut,30535,656.1
9923,2017,All Causes,All causes,Minnesota,44371,656.4
9924,2012,All Causes,All causes,Massachusetts,53177,657.9
9925,2011,All Causes,All causes,Minnesota,39820,659.2
9926,2009,All Causes,All causes,Connecticut,28585,659.3
9927,2001,All Causes,All causes,Hawaii,8394,660.4
9928,2011,All Causes,All causes,Connecticut,29526,660.6
9929,2010,All Causes,All causes,Minnesota,38972,661.5
9930,2014,All Causes,All causes,Arizona,51538,661.7
9931,2014,All Causes,All causes,Florida,185956,662.0
9932,2015,All Causes,All causes,Florida,191737,662.9
9933,2014,All Causes,All causes,Massachusetts,55200,663.0
9934,2007,All Causes,All causes,Minnesota,37138,663.1
9935,2017,All Causes,All causes,Colorado,38063,663.4
9936,2013,All Causes,All causes,Florida,181112,663.4
9937,2013,All Causes,All causes,Massachusetts,54567,663.5
9938,2014,All Causes,All causes,Colorado,35237,664.4
9939,2015,All Causes,All causes,Colorado,36349,665.0
9940,2011,All Causes,All causes,New York,149174,665.4
9941,2010,All Causes,All causes,New York,146432,665.5
9942,2012,All Causes,All causes,Colorado,33133,665.6
9943,2014,All Causes,All causes,New Jersey,71316,665.7
9944,2015,All Causes,All causes,New Jersey,72271,666.0
9945,2016,All Causes,All causes,Florida,197313,666.6
9946,2003,All Causes,All causes,Hawaii,8978,667.1
9947,2017,All Causes,All causes,New Jersey,74846,667.5
9948,2016,All Causes,All causes,New Jersey,73155,668.5
9949,2016,All Causes,All causes,Massachusetts,56961,669.0
9950,2016,All Causes,All causes,Colorado,37530,669.5
9951,2012,All Causes,All causes,Florida,177291,669.9
9952,2015,All Causes,All causes,Arizona,54299,671.8
9953,2008,All Causes,All causes,Connecticut,28794,671.9
9954,2016,All Causes,All causes,Washington,54769,672.0
9955,2017,All Causes,All causes,Florida,203636,672.1
9956,2014,All Causes,All causes,Washington,52099,672.9
9957,2002,All Causes,All causes,Hawaii,8801,673.4
9958,2008,All Causes,All causes,Minnesota,38499,674.0
9959,2013,All Causes,All causes,Arizona,50534,674.2
9960,2009,All Causes,All causes,New York,146475,674.6
9961,2010,All Causes,All causes,Massachusetts,52583,675.0
9962,2006,All Causes,All causes,Minnesota,37028,675.6
9963,2016,All Causes,All causes,Arizona,56645,675.8
9964,2000,All Causes,All causes,Hawaii,8290,675.9
9965,2011,All Causes,All causes,Massachusetts,53710,676.3
9966,2013,All Causes,All causes,New Jersey,71403,676.4
9967,2017,All Causes,All causes,Massachusetts,58803,677.1
9968,2011,All Causes,All causes,Florida,173976,677.1
9969,2012,All Causes,All causes,New Jersey,70534,677.6
9970,2011,All Causes,All causes,Colorado,32563,677.8
9971,2008,All Causes,All causes,California,234766,677.9
9972,2017,All Causes,All causes,Arizona,57758,678.5
9973,2013,All Causes,All causes,New Hampshire,10897,679.1
9974,2013,All Causes,All causes,South Dakota,7099,679.3
9975,2013,All Causes,All causes,Washington,51264,679.3
9976,2007,All Causes,All causes,North Dakota,5561,680.4
9977,2007,All Causes,All causes,Connecticut,28651,680.5
9978,2009,All Causes,All causes,Massachusetts,52308,681.4
9979,2012,All Causes,All causes,Washington,50105,681.5
9980,2010,All Causes,All causes,Colorado,31465,682.7
9981,2012,All Causes,All causes,Arizona,49549,682.9
9982,2009,All Causes,All causes,Vermont,5034,683.2
9983,2015,All Causes,All causes,Massachusetts,57806,684.8
9984,2012,All Causes,All causes,Rhode Island,9354,686.5
9985,2009,All Causes,All causes,Utah,14138,686.5
9986,2015,All Causes,All causes,Washington,54595,687.4
9987,2012,All Causes,All causes,New Hampshire,10730,687.5
9988,2016,All Causes,All causes,North Dakota,6242,688.4
9989,2017,All Causes,All causes,Washington,56995,688.6
9990,1999,All Causes,All causes,Hawaii,8270,688.8
9991,2011,All Causes,All causes,Arizona,48381,688.9
9992,2009,All Causes,All causes,New Jersey,68277,689.3
9993,2009,All Causes,All causes,Colorado,31173,689.7
9994,2016,All Causes,All causes,Rhode Island,9735,690.1
9995,2011,All Causes,All causes,Washington,49691,690.4
9996,2010,All Causes,All causes,New Hampshire,10201,690.4
9997,2011,All Causes,All causes,New Jersey,70558,690.6
9998,2010,All Causes,All causes,New Jersey,69495,691.1
9999,2009,All Causes,All causes,New Hampshire,10100,691.6
10000,2007,All Causes,All causes,California,233720,691.7
10001,2010,All Causes,All causes,Washington,48146,692.3
10002,2017,All Causes,All causes,North Dakota,6415,692.7
10003,2014,All Causes,All causes,North Dakota,6184,692.7
10004,2010,All Causes,All causes,Arizona,46762,693.1
10005,2008,All Causes,All causes,New York,148698,693.7
10006,2009,All Causes,All causes,Arizona,45816,693.8
10007,2014,All Causes,All causes,Vermont,5623,694.8
10008,2015,All Causes,All causes,North Dakota,6223,696.8
10009,2011,All Causes,All causes,North Dakota,5965,697.4
10010,2005,All Causes,All causes,Minnesota,37535,698.6
10011,2007,All Causes,All causes,New York,147680,698.9
10012,2011,All Causes,All causes,Utah,15266,699.1
10013,2014,All Causes,All causes,Maryland,45867,699.5
10014,2004,All Causes,All causes,Minnesota,37034,699.7
10015,2012,All Causes,All causes,Utah,15676,700.0
10016,2017,All Causes,All causes,Utah,18035,700.1
10017,2012,All Causes,All causes,Vermont,5491,700.1
10018,2009,All Causes,All causes,Florida,169924,700.1
10019,2014,All Causes,All causes,Rhode Island,9770,700.9
10020,2010,All Causes,All causes,Florida,173791,701.1
10021,2012,All Causes,All causes,North Dakota,6038,701.2
10022,2004,All Causes,All causes,North Dakota,5601,702.2
10023,2009,All Causes,All causes,Wisconsin,45697,703.0
10024,2010,All Causes,All causes,Utah,14776,703.2
10025,2008,All Causes,All causes,Utah,14040,703.8
10026,2010,All Causes,All causes,North Dakota,5944,704.3
10027,2006,All Causes,All causes,Connecticut,29260,704.6
10028,2015,All Causes,All causes,Maryland,47247,705.7
10029,2016,All Causes,All causes,Oregon,35778,705.9
10030,2008,All Causes,All causes,Massachusetts,53518,706.1
10031,2014,All Causes,All causes,New Hampshire,11516,706.2
10032,2009,All Causes,All causes,South Dakota,6923,706.2
10033,2012,All Causes,All causes,Oregon,32759,706.6
10034,2014,All Causes,All causes,Oregon,34151,706.7
10035,2016,All Causes,All causes,Nebraska,16217,707.0
10036,2011,All Causes,All causes,Rhode Island,9581,707.3
10037,2012,All Causes,All causes,Wisconsin,48384,707.8
10038,2007,All Causes,All causes,Colorado,29993,708.0
10039,2009,All Causes,All causes,Washington,48270,708.4
10040,2017,All Causes,All causes,Alaska,4411,708.8
10041,2012,All Causes,All causes,Maryland,44477,709.1
10042,2014,All Causes,All causes,Utah,16719,709.6
10043,2013,All Causes,All causes,Rhode Island,9792,709.6
10044,2013,All Causes,All causes,North Dakota,6233,709.7
10045,2007,All Causes,All causes,Massachusetts,52917,709.8
10046,2014,All Causes,All causes,South Dakota,7507,710.4
10047,2013,All Causes,All causes,Maryland,45689,710.4
10048,2013,All Causes,All causes,Utah,16366,710.4
10049,2011,All Causes,All causes,New Hampshire,10823,710.4
10050,2013,All Causes,All causes,Vermont,5639,710.6
10051,2009,All Causes,All causes,Nebraska,14810,710.9
10052,2011,All Causes,All causes,Vermont,5433,711.0
10053,2009,All Causes,All causes,Rhode Island,9395,711.0
10054,2015,All Causes,All causes,Utah,17334,712.1
10055,2014,All Causes,All causes,Wisconsin,50291,712.1
10056,2012,All Causes,All causes,South Dakota,7333,712.3
10057,2009,All Causes,All causes,North Dakota,5914,712.7
10058,2016,All Causes,All causes,Vermont,5909,712.8
10059,2007,All Causes,All causes,South Dakota,6826,712.9
10060,2008,All Causes,All causes,North Dakota,5871,713.3
10061,2017,All Causes,All causes,Rhode Island,10157,713.4
10062,2006,All Causes,All causes,New York,148806,713.7
10063,2008,All Causes,All causes,Arizona,45823,714.5
10064,2017,All Causes,All causes,Wyoming,4768,714.6
10065,2016,All Causes,All causes,Utah,17913,714.7
10066,2015,All Causes,All causes,Vermont,5919,714.7
10067,2013,All Causes,All causes,Nebraska,15754,714.7
10068,2017,All Causes,All causes,Vermont,6007,714.9
10069,2010,All Causes,All causes,South Dakota,7100,715.1
10070,2008,All Causes,All causes,New Hampshire,10268,715.3
10071,2015,All Causes,All causes,South Dakota,7731,715.4
10072,2016,All Causes,All causes,Virginia,66473,715.5
10073,2011,All Causes,All causes,Maryland,43745,715.8
10074,2008,All Causes,All causes,Colorado,31274,715.8
10075,2015,All Causes,All causes,Wisconsin,51264,715.9
10076,2005,All Causes,All causes,North Dakota,5744,716.3
10077,2017,All Causes,All causes,Oregon,36624,717.2
10078,2017,All Causes,All causes,New Hampshire,12504,717.3
10079,2014,All Causes,All causes,Virginia,63598,717.5
10080,2013,All Causes,All causes,Oregon,33939,717.5
10081,2016,All Causes,All causes,Maryland,48824,717.6
10082,2005,All Causes,All causes,Connecticut,29467,717.7
10083,2010,All Causes,All causes,Nebraska,15171,717.8
10084,2016,All Causes,All causes,Wisconsin,51815,717.9
10085,2017,All Causes,All causes,Maryland,49926,718.1
10086,2008,All Causes,All causes,Florida,170703,718.1
10087,2014,All Causes,All causes,Nebraska,15978,718.2
10088,2006,All Causes,All causes,California,237126,718.2
10089,2012,All Causes,All causes,Iowa,28389,718.3
10090,2008,All Causes,All causes,New Jersey,70026,718.3
10091,2010,All Causes,All causes,Vermont,5380,718.7
10092,2012,All Causes,All causes,Nebraska,15659,719.0
10093,2010,All Causes,All causes,Wisconsin,47308,719.0
10094,2017,All Causes,All causes,Virginia,68579,719.4
10095,2016,All Causes,All causes,South Dakota,7845,719.5
10096,2011,All Causes,All causes,Nebraska,15476,719.8
10097,2013,All Causes,All causes,Wisconsin,50026,720.1
10098,2015,All Causes,All causes,New Hampshire,11984,720.6
10099,2011,All Causes,All causes,South Dakota,7314,720.6
10100,2016,All Causes,All causes,Wyoming,4722,720.9
10101,2006,All Causes,All causes,Colorado,29521,720.9
10102,2003,All Causes,All causes,Minnesota,37620,720.9
10103,2016,All Causes,All causes,Iowa,29538,721.1
10104,2011,All Causes,All causes,Wisconsin,48410,721.1
10105,2016,All Causes,All causes,New Hampshire,12203,721.5
10106,2015,All Causes,All causes,Virginia,65577,721.6
10107,2010,All Causes,All causes,Iowa,27745,721.7
10108,2010,All Causes,All causes,Rhode Island,9579,721.7
10109,2015,All Causes,All causes,Rhode Island,10163,721.9
10110,2017,All Causes,All causes,Wisconsin,52681,722.0
10111,2015,All Causes,All causes,Oregon,35705,722.3
10112,2008,All Causes,All causes,Vermont,5211,722.5
10113,2011,All Causes,All causes,Iowa,28184,722.7
10114,2014,All Causes,All causes,Iowa,29190,722.9
10115,2009,All Causes,All causes,Iowa,27544,723.0
10116,2010,All Causes,All causes,Oregon,31890,723.1
10117,2007,All Causes,All causes,Florida,168096,723.3
10118,2013,All Causes,All causes,Iowa,28948,723.7
10119,2014,All Causes,All causes,Idaho,12613,723.8
10120,2013,All Causes,All causes,Illinois,103401,724.0
10121,2011,All Causes,All causes,Oregon,32788,724.1
10122,2017,All Causes,All causes,Illinois,109721,724.2
10123,2007,All Causes,All causes,Iowa,27221,724.2
10124,2016,All Causes,All causes,Illinois,107020,724.3
10125,2013,All Causes,All causes,Alaska,3997,724.4
10126,2006,All Causes,All causes,North Dakota,5868,724.4
10127,2015,All Causes,All causes,Iowa,29600,724.6
10128,2014,All Causes,All causes,United States,2626418,724.6
10129,2013,All Causes,All causes,Virginia,62716,724.8
10130,2016,All Causes,All causes,Idaho,13366,725.0
10131,2009,All Causes,All causes,Idaho,11098,725.1
10132,2004,All Causes,All causes,Connecticut,29314,725.1
10133,2017,All Causes,All causes,District of Columbia,4965,725.4
10134,2017,All Causes,All causes,Nebraska,16878,726.0
10135,2014,All Causes,All causes,Illinois,105293,726.0
10136,2012,All Causes,All causes,Idaho,11998,726.6
10137,2013,All Causes,All causes,Delaware,7967,726.8
10138,2006,All Causes,All causes,Massachusetts,53450,726.8
10139,2007,All Causes,All causes,New Jersey,69662,726.9
10140,2015,All Causes,All causes,Idaho,13026,727.8
10141,2006,All Causes,All causes,Vermont,5048,728.0
10142,2015,All Causes,All causes,Illinois,106872,728.3
10143,2009,All Causes,All causes,Oregon,31636,728.4
10144,2010,All Causes,All causes,Maryland,43325,728.6
10145,2012,All Causes,All causes,Illinois,102433,728.7
10146,2016,All Causes,All causes,United States,2744248,728.8
10147,2007,All Causes,All causes,Utah,14143,729.4
10148,2012,All Causes,All causes,Virginia,61564,730.2
10149,2008,All Causes,All causes,Wisconsin,46815,730.3
10150,2012,All Causes,All causes,Maine,12870,730.4
10151,2016,All Causes,All causes,Texas,191966,730.6
10152,2013,All Causes,All causes,Idaho,12434,730.6
10153,2005,All Causes,All causes,California,237037,730.7
10154,2007,All Causes,All causes,Arizona,45554,731.0
10155,2006,All Causes,All causes,Washington,46120,731.2
10156,2012,All Causes,All causes,Alaska,3912,731.4
10157,2010,All Causes,All causes,Idaho,11429,731.6
10158,2013,All Causes,All causes,Wyoming,4516,731.7
10159,2013,All Causes,All causes,New Mexico,16805,731.8
10160,2017,All Causes,All causes,United States,2813503,731.9
10161,2013,All Causes,All causes,United States,2596993,731.9
10162,2008,All Causes,All causes,South Dakota,7083,731.9
10163,2007,All Causes,All causes,Washington,47323,731.9
10164,2014,All Causes,All causes,Montana,9381,732.1
10165,2012,All Causes,All causes,Montana,8976,732.4
10166,2012,All Causes,All causes,United States,2543279,732.8
10167,2007,All Causes,All causes,Vermont,5179,733.0
10168,2015,All Causes,All causes,United States,2712630,733.1
10169,2007,All Causes,All causes,New Hampshire,10303,733.2
10170,2006,All Causes,All causes,New Hampshire,10060,733.7
10171,2006,All Causes,All causes,Utah,13764,733.7
10172,2014,All Causes,All causes,Delaware,8260,734.0
10173,2007,All Causes,All causes,Wisconsin,46241,734.2
10174,2008,All Causes,All causes,Washington,48627,734.3
10175,2004,All Causes,All causes,California,232525,734.3
10176,2017,All Causes,All causes,Texas,198106,735.7
10177,2006,All Causes,All causes,Iowa,27362,736.1
10178,2017,All Causes,All causes,South Dakota,7996,736.6
10179,2014,All Causes,All causes,Alaska,4128,736.8
10180,2008,All Causes,All causes,Idaho,10962,736.8
10181,2010,All Causes,All causes,Illinois,99931,736.9
10182,2017,All Causes,All causes,Iowa,30530,737.0
10183,2011,All Causes,All causes,Illinois,101906,737.4
10184,2005,All Causes,All causes,New York,152427,738.0
10185,2004,All Causes,All causes,Iowa,26897,738.3
10186,2004,All Causes,All causes,Colorado,28309,738.5
10187,2014,All Causes,All causes,Maine,13510,739.0
10188,2015,All Causes,All causes,Nebraska,16740,739.2
10189,2003,All Causes,All causes,Connecticut,29627,739.7
10190,2011,All Causes,All causes,United States,2515458,741.3
10191,2015,All Causes,All causes,Delaware,8582,741.5
10192,2015,All Causes,All causes,New Mexico,17685,741.5
10193,2011,All Causes,All causes,Virginia,60804,741.6
10194,2010,All Causes,All causes,Virginia,59032,741.6
10195,2005,All Causes,All causes,Massachusetts,53874,741.6
10196,2017,All Causes,All causes,Idaho,14011,741.8
10197,2014,All Causes,All causes,Wyoming,4666,742.4
10198,2008,All Causes,All causes,Rhode Island,9738,742.9
10199,2016,All Causes,All causes,Montana,9905,743.2
10200,2006,All Causes,All causes,Nebraska,14899,743.7
10201,2014,All Causes,All causes,District of Columbia,4723,743.8
10202,2012,All Causes,All causes,New Mexico,16710,744.6
10203,2006,All Causes,All causes,New Jersey,70356,744.9
10204,2015,All Causes,All causes,Texas,189654,745.0
10205,2011,All Causes,All causes,Idaho,12027,745.0
10206,2014,All Causes,All causes,Texas,183912,745.3
10207,2006,All Causes,All causes,Wisconsin,46153,745.3
10208,2012,All Causes,All causes,Delaware,7875,745.4
10209,2016,All Causes,All causes,Alaska,4494,745.6
10210,2006,All Causes,All causes,Florida,170066,745.6
10211,2016,All Causes,All causes,Delaware,8874,746.2
10212,2009,All Causes,All causes,Illinois,100056,746.9
10213,2010,All Causes,All causes,United States,2468435,747.0
10214,2007,All Causes,All causes,Idaho,10822,747.0
10215,2007,All Causes,All causes,Rhode Island,9723,747.2
10216,2015,All Causes,All causes,Alaska,4316,747.4
10217,2011,All Causes,All causes,Alaska,3849,747.8
10218,2001,All Causes,All causes,Minnesota,37735,748.2
10219,2015,All Causes,All causes,Wyoming,4778,748.3
10220,2012,All Causes,All causes,Wyoming,4481,748.3
10221,2004,All Causes,All causes,New York,152681,748.4
10222,2015,All Causes,All causes,District of Columbia,4871,748.6
10223,2011,All Causes,All causes,New Mexico,16452,748.9
10224,2010,All Causes,All causes,New Mexico,15931,749.0
10225,2006,All Causes,All causes,Rhode Island,9690,749.1
10226,2014,All Causes,All causes,Nevada,21793,749.2
10227,2005,All Causes,All causes,Utah,13432,749.4
10228,2004,All Causes,All causes,Vermont,4995,749.4
10229,2017,All Causes,All causes,Delaware,9178,749.6
10230,2014,All Causes,All causes,New Mexico,17579,749.6
10231,2010,All Causes,All causes,Maine,12750,749.6
10232,2009,All Causes,All causes,United States,2437163,749.6
10233,2009,All Causes,All causes,New Mexico,15643,749.8
10234,2014,All Causes,All causes,Pennsylvania,128434,750.2
10235,2009,All Causes,All causes,Maryland,43843,750.2
10236,2007,All Causes,All causes,Nebraska,15263,750.4
10237,2009,All Causes,All causes,Virginia,58653,750.8
10238,2008,All Causes,All causes,Nebraska,15461,751.3
10239,2002,All Causes,All causes,Minnesota,38510,751.3
10240,2013,All Causes,All causes,Texas,179183,751.6
10241,2011,All Causes,All causes,Texas,168640,751.6
10242,2005,All Causes,All causes,Vermont,5066,751.6
10243,2004,All Causes,All causes,Nebraska,14657,751.9
10244,2004,All Causes,All causes,Washington,44770,751.9
10245,2013,All Causes,All causes,District of Columbia,4719,752.0
10246,2005,All Causes,All causes,Colorado,29627,752.1
10247,2004,All Causes,All causes,South Dakota,6833,752.4
10248,2006,All Causes,All causes,South Dakota,7084,752.5
10249,2009,All Causes,All causes,Maine,12594,752.6
10250,2008,All Causes,All causes,Iowa,28541,752.6
10251,2011,All Causes,All causes,Maine,13001,752.8
10252,2008,All Causes,All causes,Oregon,31967,753.2
10253,2012,All Causes,All causes,Texas,174187,753.3
10254,2016,All Causes,All causes,New Mexico,18365,753.4
10255,2013,All Causes,All causes,Maine,13547,754.2
10256,2011,All Causes,All causes,Wyoming,4387,754.6
10257,2017,All Causes,All causes,New Mexico,18673,754.7
10258,2010,All Causes,All causes,Montana,8827,754.7
10259,2002,All Causes,All causes,North Dakota,5892,755.5
10260,2011,All Causes,All causes,District of Columbia,4589,755.9
10261,2007,All Causes,All causes,Oregon,31403,756.0
10262,2006,All Causes,All causes,Idaho,10613,756.0
10263,2004,All Causes,All causes,Alaska,3051,756.7
10264,2016,All Causes,All causes,Kansas,26245,756.8
10265,2015,All Causes,All causes,Nevada,22879,757.2
10266,2012,All Causes,All causes,District of Columbia,4650,757.2
10267,2017,All Causes,All causes,Montana,10200,757.5
10268,2005,All Causes,All causes,Iowa,27811,757.5
10269,2005,All Causes,All causes,Washington,46203,757.6
10270,2013,All Causes,All causes,Kansas,25414,757.7
10271,2009,All Causes,All causes,Kansas,24024,757.8
10272,2005,All Causes,All causes,Nebraska,14963,757.8
10273,2009,All Causes,All causes,Montana,8730,758.0
10274,2004,All Causes,All causes,Massachusetts,54511,758.3
10275,2016,All Causes,All causes,Maine,14182,759.0
10276,2012,All Causes,All causes,Pennsylvania,126981,759.2
10277,2014,All Causes,All causes,Kansas,25793,759.3
10278,2008,All Causes,All causes,Maine,12541,759.4
10279,2004,All Causes,All causes,Wisconsin,45600,760.0
10280,2011,All Causes,All causes,Montana,9115,760.6
10281,2000,All Causes,All causes,Minnesota,37690,760.7
10282,2012,All Causes,All causes,Kansas,25145,761.0
10283,2013,All Causes,All causes,Montana,9511,761.3
10284,2013,All Causes,All causes,Pennsylvania,129123,761.3
10285,2008,All Causes,All causes,Alaska,3494,761.3
10286,2000,All Causes,All causes,North Dakota,5856,761.8
10287,2005,All Causes,All causes,Florida,170791,761.9
10288,2010,All Causes,All causes,Kansas,24502,762.2
10289,2005,All Causes,All causes,Alaska,3168,762.3
10290,2016,All Causes,All causes,Nevada,23902,762.6
10291,2015,All Causes,All causes,Montana,9942,762.7
10292,2009,All Causes,All causes,Alaska,3618,763.8
10293,2011,All Causes,All causes,Delaware,7845,764.2
10294,2017,All Causes,All causes,Nevada,24657,765.5
10295,2010,All Causes,All causes,Pennsylvania,124596,765.9
10296,2005,All Causes,All causes,Wisconsin,46709,765.9
10297,2016,All Causes,All causes,District of Columbia,5037,766.0
10298,2004,All Causes,All causes,Rhode Island,9769,766.0
10299,2002,All Causes,All causes,Connecticut,30122,766.1
10300,2004,All Causes,All causes,Idaho,10028,766.2
10301,2005,All Causes,All causes,New Hampshire,10194,766.7
10302,2006,All Causes,All causes,Arizona,46365,767.1
10303,2011,All Causes,All causes,Kansas,25116,767.2
10304,2003,All Causes,All causes,New Hampshire,9708,767.3
10305,2009,All Causes,All causes,Delaware,7534,768.0
10306,2015,All Causes,All causes,Pennsylvania,132598,768.3
10307,2003,All Causes,All causes,California,239371,768.4
10308,2004,All Causes,All causes,Utah,13331,768.8
10309,2009,All Causes,All causes,Wyoming,4283,769.6
10310,2008,All Causes,All causes,Maryland,43892,769.6
10311,2013,All Causes,All causes,Nevada,21468,769.8
10312,2010,All Causes,All causes,Delaware,7706,769.9
10313,2002,All Causes,All causes,California,234565,770.0
10314,2016,All Causes,All causes,Pennsylvania,133040,770.1
10315,2007,All Causes,All causes,Illinois,100503,770.3
10316,2005,All Causes,All causes,South Dakota,7086,770.7
10317,2004,All Causes,All causes,Arizona,43198,771.1
10318,2003,All Causes,All causes,New York,155877,771.1
10319,2017,All Causes,All causes,Kansas,27063,771.2
10320,2010,All Causes,All causes,Alaska,3728,771.5
10321,2017,All Causes,All causes,Maine,14676,771.6
10322,2007,All Causes,All causes,Maine,12493,771.6
10323,2004,All Causes,All causes,Florida,169008,771.6
10324,2009,All Causes,All causes,Texas,163249,772.1
10325,2001,All Causes,All causes,Connecticut,29827,772.1
10326,2010,All Causes,All causes,Texas,166527,772.3
10327,2005,All Causes,All causes,New Jersey,71963,772.4
10328,2006,All Causes,All causes,Oregon,31380,773.3
10329,2015,All Causes,All causes,Kansas,26664,774.1
10330,2012,All Causes,All causes,Michigan,89901,774.2
10331,2012,All Causes,All causes,Nevada,20785,774.6
10332,2008,All Causes,All causes,United States,2471984,774.9
10333,2006,All Causes,All causes,Maine,12294,775.1
10334,2007,All Causes,All causes,United States,2423712,775.3
10335,2009,All Causes,All causes,Pennsylvania,124780,775.3
10336,2007,All Causes,All causes,Montana,8624,775.4
10337,2004,All Causes,All causes,New Jersey,71371,775.8
10338,2014,All Causes,All causes,North Carolina,85367,775.9
10339,2011,All Causes,All causes,Pennsylvania,128237,776.0
10340,2003,All Causes,All causes,North Dakota,6090,776.1
10341,2003,All Causes,All causes,Iowa,28062,776.2
10342,2008,All Causes,All causes,Virginia,59100,776.7
10343,2017,All Causes,All causes,Pennsylvania,135656,777.3
10344,2013,All Causes,All causes,North Carolina,83329,777.6
10345,2007,All Causes,All causes,New Mexico,15482,778.6
10346,2002,All Causes,All causes,South Dakota,6898,778.6
10347,2010,All Causes,All causes,Wyoming,4438,778.8
10348,2008,All Causes,All causes,Wyoming,4227,778.9
10349,2004,All Causes,All causes,New Hampshire,10111,778.9
10350,2003,All Causes,All causes,Vermont,5120,779.7
10351,2002,All Causes,All causes,Iowa,27978,779.9
10352,2003,All Causes,All causes,Wisconsin,46177,780.1
10353,2001,All Causes,All causes,Iowa,27791,780.1
10354,2001,All Causes,All causes,North Dakota,6048,780.2
10355,2007,All Causes,All causes,Alaska,3463,780.6
10356,2005,All Causes,All causes,Idaho,10556,781.2
10357,2005,All Causes,All causes,Rhode Island,10007,781.2
10358,1999,All Causes,All causes,Utah,12058,781.6
10359,2008,All Causes,All causes,Illinois,103471,782.0
10360,2006,All Causes,All causes,Montana,8472,782.2
10361,2013,All Causes,All causes,Michigan,92408,782.3
10362,2016,All Causes,All causes,North Carolina,90465,782.4
10363,2004,All Causes,All causes,Montana,8094,783.0
10364,2009,All Causes,All causes,Michigan,86455,783.1
10365,2001,All Causes,All causes,California,234044,783.2
10366,1999,All Causes,All causes,Connecticut,29446,783.2
10367,2017,All Causes,All causes,Michigan,97602,783.5
10368,2015,All Causes,All causes,Maine,14479,783.5
10369,2014,All Causes,All causes,Michigan,93914,783.7
10370,2007,All Causes,All causes,Maryland,43757,784.0
10371,2007,All Causes,All causes,Virginia,58225,784.0
10372,2011,All Causes,All causes,Michigan,89508,784.2
10373,2015,All Causes,All causes,Michigan,95140,784.4
10374,1999,All Causes,All causes,Minnesota,38537,784.5
10375,2001,All Causes,All causes,Utah,12662,785.2
10376,2016,All Causes,All causes,Michigan,96231,785.4
10377,2017,All Causes,All causes,North Carolina,93157,785.6
10378,2007,All Causes,All causes,Delaware,7327,786.1
10379,2010,All Causes,All causes,Michigan,88021,786.2
10380,2012,All Causes,All causes,North Carolina,81925,786.4
10381,2004,All Causes,All causes,Oregon,30313,786.4
10382,2005,All Causes,All causes,Arizona,45827,786.7
10383,2004,All Causes,All causes,New Mexico,14298,786.7
10384,2003,All Causes,All causes,Florida,168657,786.7
10385,2002,All Causes,All causes,Vermont,5075,786.8
10386,2006,All Causes,All causes,Alaska,3354,787.6
10387,2005,All Causes,All causes,Oregon,31091,787.6
10388,2007,All Causes,All causes,Kansas,24491,787.8
10389,2000,All Causes,All causes,California,229551,787.9
10390,2008,All Causes,All causes,New Mexico,16005,788.6
10391,2000,All Causes,All causes,Utah,12364,788.6
10392,2008,All Causes,All causes,Montana,8913,788.7
10393,2003,All Causes,All causes,Massachusetts,56291,788.7
10394,2003,All Causes,All causes,Washington,45920,789.2
10395,2011,All Causes,All causes,Nevada,20343,789.7
10396,2015,All Causes,All causes,North Carolina,89133,789.9
10397,2001,All Causes,All causes,South Dakota,6923,790.0
10398,2011,All Causes,All causes,North Carolina,79882,790.9
10399,2002,All Causes,All causes,New York,158118,791.4
10400,2006,All Causes,All causes,United States,2426264,791.8
10401,2003,All Causes,All causes,Colorado,29506,792.0
10402,2000,All Causes,All causes,Colorado,27288,792.1
10403,2010,All Causes,All causes,District of Columbia,4672,792.4
10404,2000,All Causes,All causes,Connecticut,30129,793.0
10405,2006,All Causes,All causes,New Mexico,15296,793.1
10406,2007,All Causes,All causes,Pennsylvania,125104,793.2
10407,2008,All Causes,All causes,Delaware,7622,793.5
10408,2003,All Causes,All causes,Utah,13412,793.6
10409,2017,All Causes,All causes,Georgia,83098,793.7
10410,2002,All Causes,All causes,Utah,13116,794.0
10411,2008,All Causes,All causes,Kansas,24975,794.3
10412,2006,All Causes,All causes,Illinois,102171,794.4
10413,2009,All Causes,All causes,Nevada,19224,794.6
10414,2000,All Causes,All causes,Nebraska,14992,794.6
10415,2000,All Causes,All causes,Iowa,28060,794.7
10416,2004,All Causes,All causes,Wyoming,3955,794.8
10417,2006,All Causes,All causes,Virginia,57690,795.0
10418,2002,All Causes,All causes,Washington,45338,795.0
10419,2010,All Causes,All causes,Nevada,19623,795.4
10420,2006,All Causes,All causes,Delaware,7204,795.7
10421,2006,All Causes,All causes,Maryland,43582,795.9
10422,2001,All Causes,All causes,Arizona,41058,795.9
10423,2002,All Causes,All causes,New Hampshire,9853,796.0
10424,2001,All Causes,All causes,Colorado,28294,796.1
10425,2002,All Causes,All causes,Florida,167814,796.2
10426,2003,All Causes,All causes,South Dakota,7132,796.6
10427,2001,All Causes,All causes,Nebraska,15174,796.6
10428,1999,All Causes,All causes,North Dakota,6103,796.8
10429,2004,All Causes,All causes,Kansas,23818,798.0
10430,2003,All Causes,All causes,Nebraska,15465,798.2
10431,2003,All Causes,All causes,Arizona,43392,798.4
10432,2003,All Causes,All causes,Rhode Island,10039,798.7
10433,2002,All Causes,All causes,Idaho,9923,798.8
10434,2008,All Causes,All causes,Pennsylvania,127462,799.1
10435,2001,All Causes,All causes,Washington,44642,799.4
10436,2005,All Causes,All causes,New Mexico,14983,800.1
10437,2016,All Causes,All causes,Georgia,81428,800.4
10438,1999,All Causes,All causes,Colorado,27114,801.8
10439,2014,All Causes,All causes,Georgia,76887,801.9
10440,2006,All Causes,All causes,Kansas,24553,802.2
10441,1999,All Causes,All causes,California,229380,802.3
10442,2002,All Causes,All causes,Alaska,3030,802.4
10443,2012,All Causes,All causes,Missouri,56094,803.0
10444,2007,All Causes,All causes,Texas,160548,803.1
10445,2001,All Causes,All causes,Idaho,9753,803.5
10446,2008,All Causes,All causes,Texas,164914,803.6
10447,2009,All Causes,All causes,North Carolina,77117,804.3
10448,2002,All Causes,All causes,Colorado,29210,804.4
10449,2000,All Causes,All causes,Washington,43941,804.6
10450,2010,All Causes,All causes,North Carolina,78773,804.9
10451,2000,All Causes,All causes,South Dakota,7021,805.7
10452,2002,All Causes,All causes,Massachusetts,56928,806.0
10453,2002,All Causes,All causes,Wisconsin,46981,806.1
10454,2001,All Causes,All causes,Florida,167269,806.1
10455,2013,All Causes,All causes,Georgia,75088,806.2
10456,1999,All Causes,All causes,Iowa,28411,806.4
10457,2007,All Causes,All causes,Wyoming,4266,806.5
10458,2005,All Causes,All causes,Wyoming,4099,806.5
10459,2001,All Causes,All causes,New York,159240,806.6
10460,2014,All Causes,All causes,Missouri,58320,807.0
10461,2005,All Causes,All causes,Montana,8528,807.1
10462,1999,All Causes,All causes,Rhode Island,9708,807.5
10463,2013,All Causes,All causes,Missouri,57444,807.7
10464,2006,All Causes,All causes,Texas,157150,807.7
10465,2003,All Causes,All causes,New Jersey,73689,807.8
10466,2000,All Causes,All causes,Florida,164395,807.8
10467,2015,All Causes,All causes,Georgia,79942,808.1
10468,2007,All Causes,All causes,Michigan,86721,808.1
10469,2016,All Causes,All causes,Missouri,59873,808.2
10470,2006,All Causes,All causes,Pennsylvania,125539,808.4
10471,1999,All Causes,All causes,South Dakota,6953,808.4
10472,2012,All Causes,All causes,Georgia,72847,808.6
10473,2000,All Causes,All causes,New Mexico,13425,808.6
10474,2001,All Causes,All causes,New Hampshire,9815,809.3
10475,2000,All Causes,All causes,Idaho,9563,809.4
10476,2014,All Causes,All causes,Ohio,114509,810.0
10477,2000,All Causes,All causes,Arizona,40500,810.4
10478,2013,All Causes,All causes,Ohio,113258,811.2
10479,2002,All Causes,All causes,Arizona,42816,811.2
10480,2001,All Causes,All causes,Massachusetts,56754,811.4
10481,2011,All Causes,All causes,Missouri,55848,812.0
10482,2008,All Causes,All causes,Michigan,88445,812.0
10483,2001,All Causes,All causes,Wisconsin,46628,812.5
10484,2003,All Causes,All causes,Idaho,10380,812.8
10485,1999,All Causes,All causes,Florida,163224,812.8
10486,1999,All Causes,All causes,Vermont,4993,812.9
10487,2004,All Causes,All causes,Maine,12443,813.0
10488,2000,All Causes,All causes,New York,158203,813.6
10489,2004,All Causes,All causes,United States,2397615,813.7
10490,1999,All Causes,All causes,Massachusetts,55840,814.1
10491,2009,All Causes,All causes,Ohio,107156,814.5
10492,2005,All Causes,All causes,United States,2448017,815.0
10493,1999,All Causes,All causes,Washington,43865,815.1
10494,2009,All Causes,All causes,Missouri,54263,815.3
10495,2000,All Causes,All causes,New Hampshire,9697,815.5
10496,1999,All Causes,All causes,New Hampshire,9537,815.5
10497,2011,All Causes,All causes,Georgia,71248,815.7
10498,2010,All Causes,All causes,Ohio,108711,815.7
10499,2006,All Causes,All causes,Michigan,86042,816.0
10500,2005,All Causes,All causes,Kansas,24682,816.8
10501,2004,All Causes,All causes,Illinois,102670,816.8
10502,2015,All Causes,All causes,Missouri,59871,816.9
10503,2003,All Causes,All causes,Oregon,30912,816.9
10504,2001,All Causes,All causes,Rhode Island,10021,816.9
10505,2007,All Causes,All causes,Indiana,54000,817.1
10506,2005,All Causes,All causes,Virginia,57855,817.4
10507,2005,All Causes,All causes,Illinois,103974,817.5
10508,2012,All Causes,All causes,Ohio,112498,817.9
10509,2000,All Causes,All causes,Massachusetts,56681,817.9
10510,2005,All Causes,All causes,Maryland,43892,818.1
10511,1999,All Causes,All causes,Arizona,40050,818.4
10512,2010,All Causes,All causes,Missouri,55281,819.5
10513,2001,All Causes,All causes,Vermont,5201,819.6
10514,2017,All Causes,All causes,Missouri,61876,820.1
10515,2000,All Causes,All causes,Wisconsin,46461,820.1
10516,2002,All Causes,All causes,Nebraska,15738,820.2
10517,2004,All Causes,All causes,Virginia,56550,820.5
10518,2010,All Causes,All causes,Indiana,56743,820.6
10519,2009,All Causes,All causes,Indiana,55973,820.6
10520,2002,All Causes,All causes,New Jersey,74009,821.7
10521,2011,All Causes,All causes,Ohio,111427,821.8
10522,2000,All Causes,All causes,Vermont,5127,821.8
10523,2007,All Causes,All causes,Nevada,18687,822.0
10524,2014,All Causes,All causes,Indiana,60940,822.3
10525,2002,All Causes,All causes,Rhode Island,10246,823.0
10526,2004,All Causes,All causes,Maryland,43232,823.7
10527,2000,All Causes,All causes,Rhode Island,10027,823.7
10528,2002,All Causes,All causes,New Mexico,14344,823.8
10529,2011,All Causes,All causes,Indiana,58202,825.1
10530,1999,All Causes,All causes,Idaho,9579,825.2
10531,2012,All Causes,All causes,Indiana,59332,827.5
10532,2017,All Causes,All causes,South Carolina,49441,828.0
10533,2008,All Causes,All causes,North Carolina,77283,828.1
10534,2005,All Causes,All causes,Maine,12868,828.2
10535,2015,All Causes,All causes,Ohio,118188,828.4
10536,2008,All Causes,All causes,Nevada,19335,828.7
10537,2014,All Causes,All causes,South Carolina,45454,829.1
10538,2003,All Causes,All causes,Kansas,24593,829.5
10539,2001,All Causes,All causes,New Mexico,14129,829.5
10540,2016,All Causes,All causes,South Carolina,48130,829.8
10541,2003,All Causes,All causes,Maine,12540,829.8
10542,1999,All Causes,All causes,Nebraska,15579,830.1
10543,2001,All Causes,All causes,Oregon,30158,830.5
10544,2000,All Causes,All causes,Oregon,29552,830.9
10545,2007,All Causes,All causes,Ohio,106534,831.1
10546,2006,All Causes,All causes,Wyoming,4311,831.1
10547,2001,All Causes,All causes,Alaska,2974,831.3
10548,1999,All Causes,All causes,Wisconsin,46672,831.5
10549,2005,All Causes,All causes,Texas,156457,832.1
10550,2003,All Causes,All causes,New Mexico,14805,832.1
10551,2013,All Causes,All causes,Indiana,60716,832.2
10552,2016,All Causes,All causes,Ohio,119572,832.3
10553,2009,All Causes,All causes,District of Columbia,4834,833.3
10554,1999,All Causes,All causes,New York,159927,833.4
10555,2015,All Causes,All causes,Indiana,62713,833.9
10556,2004,All Causes,All causes,Michigan,85169,834.1
10557,2016,All Causes,All causes,Indiana,63473,835.0
10558,2012,All Causes,All causes,South Carolina,43198,835.2
10559,2004,All Causes,All causes,Texas,152870,835.9
10560,2003,All Causes,All causes,Montana,8467,837.6
10561,1999,All Causes,All causes,Oregon,29422,837.6
10562,2007,All Causes,All causes,Missouri,54166,837.7
10563,2013,All Causes,All causes,South Carolina,44582,837.8
10564,2004,All Causes,All causes,Delaware,7143,838.2
10565,2007,All Causes,All causes,North Carolina,76046,838.5
10566,2005,All Causes,All causes,Michigan,86867,838.6
10567,1999,All Causes,All causes,Alaska,2708,838.9
10568,2011,All Causes,All causes,South Carolina,42072,839.5
10569,2002,All Causes,All causes,Oregon,31119,839.6
10570,2015,All Causes,All causes,South Carolina,47198,840.0
10571,2001,All Causes,All causes,New Jersey,74710,840.3
10572,2004,All Causes,All causes,Pennsylvania,127640,841.3
10573,1999,All Causes,All causes,New Mexico,13676,842.2
10574,2009,All Causes,All causes,Georgia,69712,842.3
10575,2000,All Causes,All causes,Montana,8096,843.3
10576,2003,All Causes,All causes,Alaska,3180,843.5
10577,2003,All Causes,All causes,United States,2448288,843.5
10578,2008,All Causes,All causes,Indiana,56752,843.8
10579,2001,All Causes,All causes,Montana,8265,844.1
10580,2008,All Causes,All causes,Ohio,109767,844.3
10581,2005,All Causes,All causes,Pennsylvania,129532,844.4
10582,2001,All Causes,All causes,Kansas,24647,844.4
10583,2010,All Causes,All causes,Georgia,71263,845.4
10584,2006,All Causes,All causes,Ohio,106825,846.6
10585,2003,All Causes,All causes,Illinois,105325,846.6
10586,2009,All Causes,All causes,South Carolina,40449,846.9
10587,1999,All Causes,All causes,Kansas,24472,848.1
10588,2017,All Causes,All causes,Indiana,65597,848.6
10589,2001,All Causes,All causes,Maine,12421,848.7
10590,2006,All Causes,All causes,North Carolina,74716,849.3
10591,2002,All Causes,All causes,Delaware,6861,849.3
10592,2017,All Causes,All causes,Ohio,123648,849.7
10593,2000,All Causes,All causes,Kansas,24717,850.5
10594,2002,All Causes,All causes,Kansas,25021,851.3
10595,2005,All Causes,All causes,Delaware,7472,851.4
10596,2000,All Causes,All causes,Wyoming,3920,851.8
10597,2000,All Causes,All causes,New Jersey,74800,852.6
10598,2003,All Causes,All causes,Delaware,7070,852.9
10599,2002,All Causes,All causes,Maine,12694,853.7
10600,1999,All Causes,All causes,New Jersey,73981,853.7
10601,2002,All Causes,All causes,Montana,8506,854.4
10602,2010,All Causes,All causes,South Carolina,41614,854.8
10603,2002,All Causes,All causes,United States,2443387,855.9
10604,2006,All Causes,All causes,Indiana,55622,856.8
10605,1999,All Causes,All causes,Montana,8128,857.6
10606,2003,All Causes,All causes,Wyoming,4172,857.7
10607,2001,All Causes,All causes,United States,2416425,858.8
10608,2001,All Causes,All causes,Wyoming,4029,858.8
10609,2006,All Causes,All causes,Missouri,54681,859.0
10610,2000,All Causes,All causes,Maine,12354,859.4
10611,2003,All Causes,All causes,Michigan,86728,860.5
10612,2003,All Causes,All causes,Pennsylvania,129769,860.8
10613,2008,All Causes,All causes,Missouri,56578,861.3
10614,2003,All Causes,All causes,Virginia,58282,863.3
10615,2001,All Causes,All causes,Illinois,105430,863.5
10616,2008,All Causes,All causes,Georgia,69640,864.1
10617,2004,All Causes,All causes,Indiana,54211,864.1
10618,2003,All Causes,All causes,Maryland,44499,864.5
10619,2006,All Causes,All causes,Nevada,18872,864.7
10620,2003,All Causes,All causes,Texas,154870,865.1
10621,2002,All Causes,All causes,Virginia,57196,865.9
10622,1999,All Causes,All causes,Maine,12261,865.9
10623,2002,All Causes,All causes,Illinois,106667,866.7
10624,2008,All Causes,All causes,South Carolina,40289,867.0
10625,2004,All Causes,All causes,Ohio,106288,867.1
10626,2000,All Causes,All causes,United States,2403351,869.0
10627,2000,All Causes,All causes,Alaska,2914,869.1
10628,2001,All Causes,All causes,Virginia,56280,869.9
10629,2016,All Causes,All causes,Louisiana,44306,870.5
10630,2007,All Causes,All causes,Georgia,68331,872.0
10631,2002,All Causes,All causes,Maryland,43970,872.3
10632,2004,All Causes,All causes,Missouri,53950,872.7
10633,2005,All Causes,All causes,Missouri,54656,873.3
10634,2007,All Causes,All causes,South Carolina,39439,873.9
10635,2002,All Causes,All causes,Pennsylvania,130223,874.1
10636,2015,All Causes,All causes,Louisiana,43716,874.2
10637,2005,All Causes,All causes,Indiana,55675,874.3
10638,1999,All Causes,All causes,United States,2391399,875.6
10639,2004,All Causes,All causes,North Carolina,72384,876.1
10640,2002,All Causes,All causes,Wyoming,4174,878.2
10641,2001,All Causes,All causes,Pennsylvania,129729,878.5
10642,2011,All Causes,All causes,Tennessee,60541,879.0
10643,2005,All Causes,All causes,Ohio,109031,879.1
10644,2014,All Causes,All causes,Tennessee,64661,880.0
10645,2012,All Causes,All causes,Tennessee,61956,880.6
10646,2017,All Causes,All causes,Louisiana,45804,881.1
10647,2013,All Causes,All causes,Tennessee,63406,881.1
10648,2005,All Causes,All causes,North Carolina,74638,881.3
10649,1999,All Causes,All causes,Delaware,6666,881.6
10650,2000,All Causes,All causes,Illinois,106634,883.0
10651,2014,All Causes,All causes,Arkansas,30467,883.7
10652,2001,All Causes,All causes,Michigan,86424,884.0
10653,2009,All Causes,All causes,Tennessee,58288,885.6
10654,2002,All Causes,All causes,Michigan,87795,885.7
10655,2016,All Causes,All causes,Tennessee,67857,886.3
10656,2015,All Causes,All causes,Tennessee,66570,886.4
10657,2011,All Causes,All causes,Louisiana,40890,886.6
10658,1999,All Causes,All causes,Texas,146858,886.6
10659,2006,All Causes,All causes,South Carolina,38761,886.8
10660,2004,All Causes,All causes,Nevada,17929,887.6
10661,2001,All Causes,All causes,Maryland,43839,888.0
10662,2016,All Causes,All causes,Oklahoma,39276,888.4
10663,2002,All Causes,All causes,Texas,155524,888.4
10664,2001,All Causes,All causes,Texas,152779,888.9
10665,1999,All Causes,All causes,Virginia,55320,889.6
10666,2006,All Causes,All causes,Georgia,67808,890.2
10667,2000,All Causes,All causes,Virginia,56282,890.4
10668,2010,All Causes,All causes,Tennessee,59578,890.8
10669,2000,All Causes,All causes,Texas,149939,891.0
10670,2012,All Causes,All causes,Oklahoma,36870,891.5
10671,2000,All Causes,All causes,Pennsylvania,130813,891.9
10672,2010,All Causes,All causes,Arkansas,28916,892.7
10673,2016,All Causes,All causes,Arkansas,31756,893.2
10674,2013,All Causes,All causes,Arkansas,30437,893.8
10675,2014,All Causes,All causes,Louisiana,43869,894.2
10676,2011,All Causes,All causes,Arkansas,29653,895.3
10677,1999,All Causes,All causes,Wyoming,4042,895.4
10678,2009,All Causes,All causes,Arkansas,28673,896.4
10679,1999,All Causes,All causes,Pennsylvania,130283,896.4
10680,2017,All Causes,All causes,Tennessee,70096,897.1
10681,2000,All Causes,All causes,Delaware,6875,897.1
10682,2014,All Causes,All causes,Oklahoma,38464,897.5
10683,2012,All Causes,All causes,Arkansas,30117,897.5
10684,2008,All Causes,All causes,District of Columbia,5140,897.6
10685,2013,All Causes,All causes,Louisiana,43270,897.7
10686,2003,All Causes,All causes,Ohio,109110,898.5
10687,2012,All Causes,All causes,Louisiana,42320,898.6
10688,2013,All Causes,All causes,Kentucky,43759,899.9
10689,2017,All Causes,All causes,Arkansas,32588,900.1
10690,2015,All Causes,All causes,Arkansas,31617,901.8
10691,2003,All Causes,All causes,Indiana,55968,902.2
10692,2017,All Causes,All causes,Oklahoma,40452,902.4
10693,2001,All Causes,All causes,Delaware,7112,903.1
10694,2010,All Causes,All causes,Louisiana,40667,903.8
10695,2009,All Causes,All causes,Oklahoma,35601,903.8
10696,2000,All Causes,All causes,Michigan,86953,904.2
10697,2015,All Causes,All causes,Oklahoma,39422,904.3
10698,2005,All Causes,All causes,Nevada,19029,904.8
10699,1999,All Causes,All causes,Illinois,108436,905.1
10700,2007,All Causes,All causes,Tennessee,57087,905.4
10701,2002,All Causes,All causes,Indiana,55396,906.1
10702,2007,All Causes,All causes,Arkansas,28191,906.2
10703,2014,All Causes,All causes,Kentucky,44838,906.3
10704,2003,All Causes,All causes,Missouri,55582,907.0
10705,1999,All Causes,All causes,Maryland,43089,907.0
10706,2009,All Causes,All causes,Louisiana,40282,907.8
10707,2000,All Causes,All causes,Maryland,43753,908.9
10708,2003,All Causes,All causes,North Carolina,73459,909.0
10709,2014,All Causes,All causes,Alabama,50215,909.1
10710,2006,All Causes,All causes,Arkansas,27901,909.5
10711,2004,All Causes,All causes,South Carolina,37276,909.5
10712,2011,All Causes,All causes,Kentucky,42626,910.3
10713,2005,All Causes,All causes,Georgia,66736,910.5
10714,2013,All Causes,All causes,Oklahoma,38384,910.7
10715,2011,All Causes,All causes,Oklahoma,37175,910.9
10716,2007,All Causes,All causes,District of Columbia,5188,911.2
10717,2001,All Causes,All causes,Ohio,108027,912.4
10718,2009,All Causes,All causes,Kentucky,41380,912.5
10719,2002,All Causes,All causes,North Carolina,72027,912.6
10720,2001,All Causes,All causes,Indiana,55198,912.7
10721,2008,All Causes,All causes,Tennessee,58820,913.4
10722,2001,All Causes,All causes,Missouri,54982,913.4
10723,2010,All Causes,All causes,Kentucky,41983,915.0
10724,2007,All Causes,All causes,Kentucky,40090,915.3
10725,2010,All Causes,All causes,Oklahoma,36529,915.5
10726,2012,All Causes,All causes,Kentucky,43664,916.3
10727,1999,All Causes,All causes,Michigan,87232,916.4
10728,2002,All Causes,All causes,Ohio,109766,916.7
10729,2001,All Causes,All causes,North Carolina,70934,917.1
10730,2017,All Causes,All causes,Alabama,53238,917.7
10731,2000,All Causes,All causes,Nevada,15261,918.7
10732,2016,All Causes,All causes,Alabama,52466,920.4
10733,2000,All Causes,All causes,Missouri,54865,920.8
10734,2005,All Causes,All causes,South Carolina,38707,920.9
10735,2006,All Causes,All causes,Tennessee,56838,921.2
10736,2002,All Causes,All causes,Missouri,55940,922.3
10737,2002,All Causes,All causes,Nevada,16927,922.3
10738,2001,All Causes,All causes,Nevada,16285,923.5
10739,2000,All Causes,All causes,Ohio,108125,923.5
10740,2013,All Causes,All causes,West Virginia,21843,923.8
10741,2015,All Causes,All causes,Alabama,51909,924.5
10742,2015,All Causes,All causes,Kentucky,46564,924.7
10743,2013,All Causes,All causes,Alabama,50189,925.2
10744,2004,All Causes,All causes,Georgia,65818,926.4
10745,2012,All Causes,All causes,Alabama,49301,926.7
10746,2008,All Causes,All causes,Kentucky,41329,926.7
10747,2008,All Causes,All causes,Arkansas,29322,927.3
10748,2003,All Causes,All causes,Nevada,17858,927.3
10749,2004,All Causes,All causes,Arkansas,27528,927.4
10750,2014,All Causes,All causes,West Virginia,22186,929.1
10751,2000,All Causes,All causes,Indiana,55469,929.6
10752,2017,All Causes,All causes,Kentucky,48212,929.9
10753,2005,All Causes,All causes,Arkansas,28055,931.5
10754,2006,All Causes,All causes,Kentucky,40102,932.3
10755,1999,All Causes,All causes,North Carolina,69600,933.0
10756,2011,All Causes,All causes,Alabama,48681,933.6
10757,2010,All Causes,All causes,West Virginia,21275,933.6
10758,1999,All Causes,All causes,Ohio,108517,934.0
10759,1999,All Causes,All causes,Indiana,55303,934.7
10760,2004,All Causes,All causes,Kentucky,38646,935.3
10761,1999,All Causes,All causes,Nevada,15082,935.9
10762,2007,All Causes,All causes,Louisiana,39966,937.5
10763,2014,All Causes,All causes,Mississippi,30557,937.6
10764,2016,All Causes,All causes,Kentucky,47827,938.4
10765,2012,All Causes,All causes,West Virginia,21915,939.3
10766,2010,All Causes,All causes,Alabama,48038,939.7
10767,2009,All Causes,All causes,Alabama,47470,940.2
10768,2006,All Causes,All causes,Oklahoma,35427,942.5
10769,2012,All Causes,All causes,Mississippi,29544,942.9
10770,2016,All Causes,All causes,West Virginia,22732,943.3
10771,2015,All Causes,All causes,West Virginia,22752,943.4
10772,1999,All Causes,All causes,Missouri,55931,945.0
10773,2007,All Causes,All causes,Oklahoma,36032,945.1
10774,2004,All Causes,All causes,Oklahoma,34483,945.6
10775,2008,All Causes,All causes,Louisiana,41220,946.0
10776,2006,All Causes,All causes,West Virginia,20672,947.5
10777,2009,All Causes,All causes,West Virginia,21386,947.7
10778,2003,All Causes,All causes,Arkansas,27918,948.2
10779,2016,All Causes,All causes,Mississippi,31741,948.9
10780,2001,All Causes,All causes,South Carolina,36612,949.6
10781,2009,All Causes,All causes,Mississippi,28275,950.5
10782,2017,All Causes,All causes,Mississippi,32280,951.3
10783,2006,All Causes,All causes,District of Columbia,5344,951.7
10784,2003,All Causes,All causes,South Carolina,38112,952.7
10785,2000,All Causes,All causes,North Carolina,71935,952.7
10786,2004,All Causes,All causes,Tennessee,55829,952.8
10787,2011,All Causes,All causes,West Virginia,21867,953.2
10788,2007,All Causes,All causes,West Virginia,21086,954.2
10789,2005,All Causes,All causes,Kentucky,40223,954.7
10790,2001,All Causes,All causes,Arkansas,27759,955.4
10791,2011,All Causes,All causes,Mississippi,29278,956.1
10792,2008,All Causes,All causes,Oklahoma,37014,956.5
10793,2005,All Causes,All causes,Tennessee,57260,956.6
10794,2003,All Causes,All causes,Georgia,66478,956.8
10795,2017,All Causes,All causes,West Virginia,23276,957.1
10796,2007,All Causes,All causes,Alabama,46696,957.2
10797,2013,All Causes,All causes,Mississippi,30703,959.6
10798,2008,All Causes,All causes,Alabama,47707,959.7
10799,2006,All Causes,All causes,Louisiana,40045,960.5
10800,2002,All Causes,All causes,Georgia,65449,961.6
10801,2010,All Causes,All causes,Mississippi,28965,962.0
10802,2015,All Causes,All causes,Mississippi,31783,963.7
10803,2008,All Causes,All causes,West Virginia,21557,964.3
10804,2002,All Causes,All causes,South Carolina,37736,964.3
10805,1999,All Causes,All causes,Georgia,62028,964.9
10806,2005,All Causes,All causes,West Virginia,20780,965.1
10807,2001,All Causes,All causes,Georgia,64485,966.4
10808,2001,All Causes,All causes,Oklahoma,34682,968.5
10809,2005,All Causes,All causes,District of Columbia,5483,970.6
10810,2004,All Causes,All causes,District of Columbia,5454,972.1
10811,2004,All Causes,All causes,West Virginia,20793,973.0
10812,2007,All Causes,All causes,Mississippi,28255,973.3
10813,1999,All Causes,All causes,South Carolina,36053,973.5
10814,2002,All Causes,All causes,Arkansas,28513,975.2
10815,1999,All Causes,All causes,Arkansas,27925,975.3
10816,2000,All Causes,All causes,Arkansas,28217,977.1
10817,1999,All Causes,All causes,Oklahoma,34700,979.0
10818,2006,All Causes,All causes,Alabama,46977,979.5
10819,2001,All Causes,All causes,Tennessee,55151,979.5
10820,2000,All Causes,All causes,South Carolina,36948,980.2
10821,1999,All Causes,All causes,Tennessee,53765,980.4
10822,2000,All Causes,All causes,Georgia,63870,981.0
10823,2005,All Causes,All causes,Oklahoma,36180,981.4
10824,2008,All Causes,All causes,Mississippi,28984,982.8
10825,2000,All Causes,All causes,Oklahoma,35079,983.0
10826,2003,All Causes,All causes,Kentucky,40241,986.4
10827,2002,All Causes,All causes,Oklahoma,35502,986.4
10828,2003,All Causes,All causes,Oklahoma,35721,986.5
10829,2004,All Causes,All causes,Louisiana,42215,989.4
10830,2003,All Causes,All causes,District of Columbia,5573,993.0
10831,2003,All Causes,All causes,Tennessee,57313,994.0
10832,2002,All Causes,All causes,Tennessee,56606,995.3
10833,2004,All Causes,All causes,Mississippi,27871,996.6
10834,2000,All Causes,All causes,Tennessee,55246,996.9
10835,2001,All Causes,All causes,Kentucky,39861,997.1
10836,2004,All Causes,All causes,Alabama,46121,998.3
10837,2000,All Causes,All causes,Kentucky,39504,998.6
10838,2002,All Causes,All causes,West Virginia,21016,999.0
10839,2006,All Causes,All causes,Mississippi,28564,999.1
10840,2001,All Causes,All causes,West Virginia,20967,1000.9
10841,2005,All Causes,All causes,Alabama,47090,1001.3
10842,2001,All Causes,All causes,Alabama,45316,1002.1
10843,2003,All Causes,All causes,West Virginia,21306,1003.1
10844,1999,All Causes,All causes,Kentucky,39321,1004.1
10845,2000,All Causes,All causes,Alabama,45062,1004.8
10846,2000,All Causes,All causes,Louisiana,41138,1006.3
10847,2002,All Causes,All causes,Louisiana,41984,1008.5
10848,1999,All Causes,All causes,Alabama,44806,1009.3
10849,2002,All Causes,All causes,Kentucky,40697,1009.7
10850,2000,All Causes,All causes,West Virginia,21114,1011.1
10851,1999,All Causes,All causes,West Virginia,21049,1012.3
10852,2001,All Causes,All causes,Louisiana,41757,1013.1
10853,2002,All Causes,All causes,Alabama,46069,1013.4
10854,2003,All Causes,All causes,Louisiana,42719,1013.7
10855,2003,All Causes,All causes,Alabama,46716,1020.2
10856,1999,All Causes,All causes,Louisiana,41238,1021.6
10857,2005,All Causes,All causes,Louisiana,44355,1023.7
10858,2005,All Causes,All causes,Mississippi,29196,1028.7
10859,2003,All Causes,All causes,Mississippi,28489,1031.6
10860,2002,All Causes,All causes,District of Columbia,5851,1034.1
10861,2001,All Causes,All causes,Mississippi,28259,1034.3
10862,1999,All Causes,All causes,Mississippi,28185,1043.4
10863,2001,All Causes,All causes,District of Columbia,5951,1049.9
10864,2002,All Causes,All causes,Mississippi,28853,1051.6
10865,2000,All Causes,All causes,Mississippi,28654,1051.9
10866,2000,All Causes,All causes,District of Columbia,6001,1061.2
10867,1999,All Causes,All causes,District of Columbia,6076,1087.3
