,KIE,PJP,XBI,XLV
2010-01-04,8.816061973571777,15.276191711425781,17.483266830444336,23.879526138305664
2010-01-05,8.922969818115234,15.179198265075684,17.550630569458008,23.645343780517578
2010-01-06,8.94534683227539,15.163037300109863,17.784809112548828,23.887086868286133
2010-01-07,9.082086563110352,15.187280654907227,17.784809112548828,23.970190048217773
2010-01-08,9.057228088378906,15.20344352722168,17.865007400512695,24.00795555114746
2010-01-11,9.097001075744629,15.348934173583984,17.96124839782715,24.143936157226562
2010-01-12,9.037335395812988,15.22768783569336,17.73348045349121,23.970190048217773
2010-01-13,9.1367826461792,15.41359806060791,17.993322372436523,24.287466049194336
2010-01-14,9.171590805053711,15.55099868774414,18.00615119934082,24.506547927856445
2010-01-15,9.049768447875977,15.41359806060791,17.6917724609375,24.340349197387695
2010-01-19,9.20639705657959,15.720727920532227,18.092769622802734,24.929601669311523
2010-01-20,9.131815910339355,15.664155960083008,17.993322372436523,24.71807289123535
2010-01-21,8.935400009155273,15.26810359954834,17.69819450378418,24.181713104248047
2010-01-22,8.721588134765625,15.033713340759277,17.666112899780273,23.917301177978516
2010-01-25,8.813581466674805,15.033713340759277,17.592334747314453,23.917301177978516
2010-01-26,8.811091423034668,15.074129104614258,17.714231491088867,23.781322479248047
2010-01-27,8.93789005279541,15.22768783569336,17.958038330078125,23.947525024414062
2010-01-28,8.816061973571777,15.090291976928711,17.701398849487305,23.796436309814453
2010-01-29,8.768824577331543,15.049875259399414,17.73348045349121,23.630239486694336
2010-02-01,8.873245239257812,15.098374366760254,17.919546127319336,23.766212463378906
2010-02-02,9.049768447875977,15.30852222442627,18.426393508911133,24.25724983215332
2010-02-03,8.915507316589355,15.20344352722168,18.48733901977539,23.932418823242188
2010-02-04,8.59727954864502,14.74273681640625,17.63724708557129,23.328060150146484
2010-02-05,8.656949043273926,14.823561668395996,17.617990493774414,23.29029083251953
2010-02-08,8.515236854553223,14.750815391540527,17.476844787597656,23.176969528198242
2010-02-09,8.622138023376465,14.815483093261719,17.6917724609375,23.3582763671875
2010-02-10,8.664406776428223,14.783146858215332,17.64365577697754,23.214744567871094
2010-02-11,8.70418643951416,14.96904468536377,17.935585021972656,23.37339210510254
2010-02-12,8.756391525268555,14.96904468536377,18.18580436706543,23.320507049560547
2010-02-16,8.932915687561035,15.154949188232422,18.249961853027344,23.524473190307617
2010-02-17,8.985130310058594,15.243865966796875,18.57716941833496,23.705781936645508
2010-02-18,9.077113151550293,15.29235553741455,18.339778900146484,23.819107055664062
2010-02-19,9.129324913024902,15.332771301269531,18.349411010742188,23.819107055664062
2010-02-22,9.17905044555664,15.30852222442627,18.22108268737793,23.751108169555664
2010-02-23,9.04727840423584,15.130699157714844,17.893877029418945,23.524473190307617
2010-02-24,9.191479682922363,15.357019424438477,17.967662811279297,23.698219299316406
2010-02-25,9.20639705657959,15.373188018798828,17.935585021972656,23.713329315185547
2010-02-26,9.193963050842285,15.437846183776855,18.06389617919922,23.72089385986328
2010-03-01,9.27352523803711,15.591411590576172,19.013446807861328,23.947525024414062
2010-03-02,9.330711364746094,15.688408851623535,19.157804489135742,24.03062629699707
2010-03-03,9.315791130065918,15.68032169342041,18.72793960571289,23.932418823242188
2010-03-04,9.430152893066406,15.68032169342041,18.602832794189453,23.856870651245117
2010-03-05,9.56938648223877,15.841976165771484,18.93966293334961,24.18926239013672
2010-03-08,9.638994216918945,15.785396575927734,18.984577178955078,24.045726776123047
2010-03-09,9.631534576416016,15.785396575927734,19.135347366333008,24.03062629699707
2010-03-10,9.688722610473633,15.922805786132812,19.359907150268555,24.045726776123047
2010-03-11,9.738445281982422,16.027881622314453,19.536340713500977,24.234588623046875
2010-03-12,9.701149940490723,16.003631591796875,19.38878059387207,24.053279876708984
2010-03-15,9.698661804199219,16.044042587280273,19.661449432373047,24.211925506591797
2010-03-16,9.830432891845703,16.076372146606445,19.72561264038086,24.279918670654297
2010-03-17,9.964689254760742,16.157197952270508,19.64862060546875,24.287466049194336
2010-03-18,9.947283744812012,16.165279388427734,19.594085693359375,24.453664779663086
2010-03-19,9.857553482055664,16.076372146606445,19.494638442993164,24.444576263427734
2010-03-22,9.897433280944824,16.26228141784668,19.619747161865234,24.603750228881836
2010-03-23,9.964730262756348,16.448165893554688,19.905250549316406,24.725027084350586
2010-03-24,10.041996002197266,16.278438568115234,19.690322875976562,24.459728240966797
2010-03-25,10.004612922668457,16.165279388427734,19.523515701293945,24.36119842529297
2010-03-26,10.1342191696167,16.052120208740234,19.369529724121094,24.17927360534668
2010-03-29,10.213972091674805,16.229942321777344,19.46255874633789,24.436996459960938
2010-03-30,10.164127349853516,16.238037109375,19.3566951751709,24.436996459960938
2010-03-31,10.288751602172852,16.173362731933594,19.231586456298828,24.353614807128906
2010-04-01,10.383461952209473,16.26228141784668,19.391983032226562,24.490053176879883
2010-04-05,10.528019905090332,16.286521911621094,19.597291946411133,24.421838760375977
2010-04-06,10.533005714416504,16.294605255126953,19.587665557861328,24.40666961669922
2010-04-07,10.428324699401855,16.20569610595703,19.488216400146484,24.300561904907227
2010-04-08,10.498111724853516,16.141036987304688,19.616539001464844,24.20960235595703
2010-04-09,10.493128776550293,16.141036987304688,19.57803726196289,24.31572151184082
2010-04-12,10.525525093078613,16.14911651611328,19.53955078125,24.247499465942383
2010-04-13,10.53549575805664,16.173362731933594,19.536340713500977,24.270235061645508
2010-04-14,10.78723430633545,16.18144989013672,19.757688522338867,24.186864852905273
2010-04-15,10.767292976379395,16.19760513305664,19.706363677978516,24.118640899658203
2010-04-16,10.537989616394043,16.157197952270508,19.53955078125,23.974632263183594
2010-04-19,10.667595863342285,16.173362731933594,19.372737884521484,24.171703338623047
2010-04-20,10.764802932739258,16.189529418945312,19.430479049682617,24.224760055541992
2010-04-21,10.714953422546387,15.955137252807617,19.103271484375,23.80030059814453
2010-04-22,10.749850273132324,15.720727920532227,18.955705642700195,23.52742576599121
2010-04-23,10.86699104309082,15.858139991760254,19.279705047607422,23.76239776611328
2010-04-26,10.819637298583984,15.75306510925293,19.13856315612793,23.512264251708984
2010-04-27,10.301206588745117,15.559080123901367,18.89796257019043,23.23940086364746
2010-04-28,10.318659782409668,15.672242164611816,18.962121963500977,23.391000747680664
2010-04-29,10.570392608642578,15.963214874267578,19.520305633544922,23.709341049194336
2010-04-30,10.301206588745117,15.809642791748047,19.359907150268555,23.406152725219727
2010-05-03,10.445772171020508,15.979382514953613,19.677490234375,23.519847869873047
2010-05-04,10.084368705749512,15.963214874267578,19.119314193725586,23.383407592773438
2010-05-05,10.041996002197266,15.971298217773438,18.68623924255371,23.459203720092773
2010-05-06,9.67063045501709,15.45401382446289,17.909915924072266,22.830087661743164
2010-05-07,9.476215362548828,15.138785362243652,17.168886184692383,22.526906967163086
2010-05-10,10.124245643615723,15.56716251373291,17.826509475708008,23.133277893066406
2010-05-11,10.056950569152832,15.76923656463623,18.060686111450195,23.08780288696289
2010-05-12,10.256348609924316,15.882386207580566,18.48733901977539,23.277294158935547
2010-05-13,10.079388618469238,15.591411590576172,18.397523880004883,23.02716636657715
2010-05-14,9.780290603637695,15.30043888092041,18.00935935974121,22.716400146484375
2010-05-17,9.822662353515625,15.36510181427002,18.07032012939453,22.716400146484375
2010-05-18,9.613297462463379,15.260019302368164,17.919546127319336,22.534486770629883
2010-05-19,9.570927619934082,15.211527824401855,17.80725860595703,22.481435775756836
2010-05-20,9.059977531433105,14.694241523742676,17.0726375579834,21.776519775390625
2010-05-21,9.281804084777832,14.710408210754395,17.13039207458496,21.82957649230957
2010-05-24,9.102351188659668,14.661911964416504,17.059810638427734,21.776519775390625
2010-05-25,9.192078590393066,14.645750045776367,17.027732849121094,21.685562133789062
2010-05-26,9.154696464538574,14.758902549743652,16.982824325561523,21.54912567138672
2010-05-27,9.633237838745117,14.904385566711426,17.412687301635742,21.98874855041504
2010-05-28,9.491167068481445,15.074129104614258,17.36456871032715,21.882638931274414
2010-06-01,9.21451187133789,14.823561668395996,17.136804580688477,21.64007568359375
2010-06-02,9.511112213134766,15.009462356567383,17.861797332763672,22.110017776489258
2010-06-03,9.508615493774414,15.138785362243652,18.038236618041992,22.238880157470703
2010-06-04,9.040042877197266,14.653826713562012,17.271533966064453,21.58702278137207
2010-06-07,8.853110313415527,14.54875373840332,16.918664932250977,21.55670928955078
2010-06-08,9.017609596252441,14.467925071716309,16.674863815307617,21.609758377075195
2010-06-09,8.962774276733398,14.403264045715332,16.572202682495117,21.511219024658203
2010-06-10,9.314207077026367,14.750815391540527,17.14963722229004,21.920534133911133
2010-06-11,9.386488914489746,14.912468910217285,17.457597732543945,22.10244369506836
2010-06-14,9.411412239074707,15.049875259399414,17.52817153930664,22.140338897705078
2010-06-15,9.678104400634766,15.284273147583008,17.89067268371582,22.519329071044922
2010-06-16,9.56594181060791,15.348934173583984,17.73668670654297,22.602710723876953
2010-06-17,9.575915336608887,15.276191711425781,17.675731658935547,22.633024215698242
2010-06-18,9.629383087158203,15.304529190063477,17.941991806030273,22.51189422607422
2010-06-21,9.54942798614502,15.231656074523926,17.788013458251953,22.47379493713379
2010-06-22,9.427000999450684,15.20736026763916,17.4608097076416,22.25286865234375
2010-06-23,9.35453987121582,15.20736026763916,17.518545150756836,22.161453247070312
2010-06-24,9.184638977050781,15.126381874084473,17.335695266723633,22.0014705657959
2010-06-25,9.382025718688965,15.312627792358398,17.6917724609375,22.100509643554688
2010-06-28,9.29957103729248,15.304529190063477,17.55704689025879,22.062410354614258
2010-06-29,8.89480972290039,14.97253131866455,16.92828941345215,21.65865135192871
2010-06-30,8.80735969543457,14.802480697631836,16.60749053955078,21.483434677124023
2010-07-01,8.749896049499512,14.583842277526855,16.219331741333008,21.300586700439453
2010-07-02,8.722412109375,14.778182029724121,16.334823608398438,21.353918075561523
2010-07-06,8.7573881149292,14.705301284790039,16.020442962646484,21.460582733154297
2010-07-07,9.08220100402832,14.94823169708252,16.382946014404297,21.87958335876465
2010-07-08,9.214622497558594,15.20736026763916,16.713354110717773,22.062410354614258
2010-07-09,9.382025718688965,15.312627792358398,17.027732849121094,22.11574363708496
2010-07-12,9.287080764770508,15.20736026763916,16.812793731689453,22.077661514282227
2010-07-13,9.489461898803711,15.401705741882324,17.220211029052734,22.245258331298828
2010-07-14,9.399513244628906,15.312627792358398,17.20737648010254,22.245258331298828
2010-07-15,9.362037658691406,15.482683181762695,17.15284538269043,22.313819885253906
2010-07-16,9.007244110107422,15.110191345214844,16.61711883544922,21.849117279052734
2010-07-19,9.05971622467041,15.191171646118164,16.629955291748047,21.948139190673828
2010-07-20,9.22961139678955,15.23974895477295,16.751842498779297,21.88719940185547
2010-07-21,9.049720764160156,15.102091789245605,16.60749053955078,21.529144287109375
2010-07-22,9.397018432617188,15.34502124786377,16.966781616210938,21.66627311706543
2010-07-23,9.531937599182129,15.320733070373535,17.387022018432617,21.65865135192871
2010-07-26,9.574408531188965,15.636536598205566,18.102392196655273,21.970998764038086
2010-07-27,9.559417724609375,15.717513084411621,17.941991806030273,21.993858337402344
2010-07-28,9.474471092224121,15.45838451385498,17.425519943237305,21.696741104125977
2010-07-29,9.631878852844238,15.506976127624512,17.383817672729492,21.681503295898438
2010-07-30,9.581908226013184,15.555563926696777,17.605159759521484,21.765302658081055
2010-08-02,9.784289360046387,15.806583404541016,17.941991806030273,22.17668914794922
2010-08-03,9.569416999816895,16.04951286315918,17.974079132080078,22.35953140258789
2010-08-04,9.5844087600708,16.06570816040039,18.314115524291992,22.58045196533203
2010-08-05,9.629383087158203,16.081899642944336,18.118438720703125,22.588077545166016
2010-08-06,9.54942798614502,16.12238883972168,18.320526123046875,22.633785247802734
2010-08-09,9.684351921081543,16.24385643005371,18.397523880004883,22.694732666015625
2010-08-10,9.631878852844238,16.34912872314453,18.172964096069336,22.748058319091797
2010-08-11,9.279583930969238,15.847077369689941,17.65328025817871,22.161453247070312
2010-08-12,9.20462703704834,15.96043872833252,17.784809112548828,22.25286865234375
2010-08-13,9.179643630981445,15.887560844421387,17.566669464111328,22.1690731048584
2010-08-16,9.147162437438965,15.871366500854492,17.5762996673584,22.0548038482666
2010-08-17,9.287080764770508,16.041414260864258,17.85538673400879,22.35953140258789
2010-08-18,9.317066192626953,16.081899642944336,17.788013458251953,22.32905387878418
2010-08-19,9.064713478088379,15.774194717407227,17.387022018432617,21.91766929626465
2010-08-20,9.037225723266602,15.782291412353516,17.35494613647461,21.841495513916016
2010-08-23,8.992256164550781,15.774194717407227,17.233041763305664,21.940528869628906
2010-08-24,8.847334861755371,15.523165702819824,16.947528839111328,21.46819305419922
2010-08-25,8.932287216186523,15.604140281677246,17.258705139160156,21.681503295898438
2010-08-26,8.862327575683594,15.555563926696777,16.92186737060547,21.544374465942383
2010-08-27,9.177146911621094,15.790390014648438,17.088693618774414,21.765302658081055
2010-08-30,8.97726058959961,15.555563926696777,16.889793395996094,21.491046905517578
2010-08-31,9.067206382751465,15.54745864868164,16.825634002685547,21.407249450683594
2010-09-01,9.441990852355957,15.903756141662598,17.26190948486328,21.902433395385742
2010-09-02,9.516945838928223,16.06570816040039,17.54421615600586,22.016708374023438
2010-09-03,9.764302253723145,16.21147346496582,17.74310302734375,22.222394943237305
2010-09-07,9.50695514678955,16.081899642944336,17.55704689025879,22.092893600463867
2010-09-08,9.631878852844238,16.21957015991211,17.7944278717041,22.21478271484375
2010-09-09,9.711834907531738,16.381515502929688,17.8874568939209,22.450950622558594
2010-09-10,9.721826553344727,16.51917839050293,18.137680053710938,22.679489135742188
2010-09-13,9.904219627380371,16.559663772583008,18.156919479370117,22.732824325561523
2010-09-14,9.871737480163574,16.60015296936035,18.099178314208984,22.80900764465332
2010-09-15,9.92670726776123,16.778297424316406,18.455270767211914,23.022310256958008
2010-09-16,9.901721000671387,16.713516235351562,18.29166030883789,22.930891036987305
2010-09-17,9.914755821228027,16.734617233276367,18.500173568725586,22.926301956176758
2010-09-20,10.115251541137695,17.07530403137207,18.766437530517578,23.23259735107422
2010-09-21,10.075154304504395,17.107757568359375,18.69906997680664,23.247913360595703
2010-09-22,9.86713981628418,17.04286003112793,18.641334533691406,23.286197662353516
2010-09-23,9.666633605957031,16.96173858642578,18.663787841796875,23.163686752319336
2010-09-24,9.962373733520508,17.23754119873047,18.936460494995117,23.477636337280273
2010-09-27,9.90974235534668,17.13208770751953,18.888334274291992,23.301517486572266
2010-09-28,10.004982948303223,17.34299659729004,19.019866943359375,23.492948532104492
2010-09-29,9.942322731018066,17.286218643188477,18.949295043945312,23.408716201782227
2010-09-30,9.897211074829102,17.269987106323242,19.0455322265625,23.347454071044922
2010-10-01,9.877161979675293,17.302438735961914,19.026281356811523,23.347454071044922
2010-10-04,9.819517135620117,17.17264747619629,19.019866943359375,23.117740631103516
2010-10-05,10.05510425567627,17.472787857055664,19.411235809326172,23.54654884338379
2010-10-06,10.047585487365723,17.472787857055664,19.193090438842773,23.454662322998047
2010-10-07,10.017515182495117,17.48900604248047,19.305370330810547,23.500608444213867
2010-10-08,10.127786636352539,17.626911163330078,19.52672004699707,23.561859130859375
2010-10-11,10.085182189941406,17.562015533447266,19.50105094909668,23.57718276977539
2010-10-12,10.132796287536621,17.9027156829834,19.613332748413086,23.63078498840332
2010-10-13,10.22803783416748,18.056838989257812,19.606918334960938,23.799243927001953
2010-10-14,10.27816390991211,18.07305908203125,19.57803726196289,23.7533016204834
2010-10-15,10.19796371459961,18.17039680480957,19.683900833129883,23.852848052978516
2010-10-18,10.180416107177734,18.34885025024414,19.78976058959961,24.07491111755371
2010-10-19,10.20548152923584,18.040607452392578,19.369529724121094,23.623126983642578
2010-10-20,10.323272705078125,18.16229248046875,18.946083068847656,23.845190048217773
2010-10-21,10.323272705078125,18.21906852722168,18.99098777770996,23.906444549560547
2010-10-22,10.295706748962402,18.275854110717773,19.103271484375,23.91411018371582
2010-10-25,10.323272705078125,18.37319564819336,18.80173110961914,24.044281005859375
2010-10-26,10.330792427062988,18.316404342651367,18.72152328491211,23.975372314453125
2010-10-27,10.318260192871094,18.21906852722168,18.946083068847656,23.829875946044922
2010-10-28,10.190445899963379,18.32452392578125,19.035900115966797,23.967714309692383
2010-10-29,10.062620162963867,18.25152015686035,19.10006332397461,23.8681583404541
2010-11-01,10.05510425567627,18.2434024810791,18.952497482299805,23.8681583404541
2010-11-02,10.132796287536621,18.470539093017578,18.99098777770996,24.097890853881836
2010-11-03,10.185434341430664,18.551652908325195,19.016653060913086,24.113195419311523
2010-11-04,10.523776054382324,18.689550399780273,19.135347366333008,24.22805404663086
2010-11-05,10.59645938873291,18.592212677001953,19.090438842773438,24.082576751708984
2010-11-08,10.468639373779297,18.559757232666016,19.04231834411621,24.02130126953125
2010-11-09,10.283174514770508,18.44620132446289,18.86588478088379,23.921762466430664
2010-11-10,10.370895385742188,18.50297737121582,19.003829956054688,23.91411018371582
2010-11-11,10.253098487854004,18.494871139526367,19.058361053466797,23.983020782470703
2010-11-12,10.085182189941406,18.283971786499023,18.808134078979492,23.68439292907715
2010-11-15,10.1002197265625,18.397525787353516,18.93966293334961,23.692047119140625
2010-11-16,9.89220142364502,18.20284652709961,18.734359741210938,23.347454071044922
2010-11-17,9.8997220993042,18.20284652709961,18.753604888916016,23.385744094848633
2010-11-18,10.040067672729492,18.5678768157959,18.994197845458984,23.715015411376953
2010-11-19,10.05510425567627,18.53542709350586,19.080814361572266,23.737985610961914
2010-11-22,9.969893455505371,18.592212677001953,19.202720642089844,23.745643615722656
2010-11-23,9.809492111206055,18.356962203979492,19.007028579711914,23.401058197021484
2010-11-24,9.979915618896484,18.592212677001953,19.33423614501953,23.623126983642578
2010-11-26,9.847087860107422,18.511089324951172,19.270084381103516,23.4163761138916
2010-11-29,9.86713981628418,18.356962203979492,19.25082778930664,23.39340591430664
2010-11-30,9.804479598999023,18.11362075805664,19.016653060913086,23.178997039794922
2010-12-01,10.025029182434082,18.4786434173584,19.273290634155273,23.623126983642578
2010-12-02,10.253098487854004,18.551652908325195,19.46255874633789,23.806901931762695
2010-12-03,10.275655746459961,18.543542861938477,19.594085693359375,23.806901931762695
2010-12-06,10.275655746459961,18.50297737121582,19.54595947265625,23.653759002685547
2010-12-07,10.290698051452637,18.600324630737305,19.690322875976562,23.6690673828125
2010-12-08,10.491195678710938,18.738229751586914,19.671077728271484,23.692047119140625
2010-12-09,10.59645938873291,18.786901473999023,19.555587768554688,23.730321884155273
2010-12-10,10.649086952209473,18.94913101196289,19.79618263244629,23.960044860839844
2010-12-13,10.699213027954102,18.900461196899414,19.64862060546875,23.99833869934082
2010-12-14,10.651596069335938,19.111366271972656,19.79618263244629,24.243375778198242
2010-12-15,10.601469039916992,19.249265670776367,19.857135772705078,24.166797637939453
2010-12-16,10.651596069335938,19.50884437561035,20.104145050048828,24.335262298583984
2010-12-17,10.70999813079834,19.521034240722656,20.171510696411133,24.376827239990234
2010-12-20,10.722641944885254,19.53730010986328,20.177932739257812,24.369129180908203
2010-12-21,10.866756439208984,19.488521575927734,20.643085479736328,24.30755615234375
2010-12-22,10.952719688415527,19.455995559692383,20.655912399291992,24.376827239990234
2010-12-23,10.876871109008789,19.455995559692383,20.655912399291992,24.361433029174805
2010-12-27,10.909737586975098,19.49665069580078,20.659116744995117,24.31525230407715
2010-12-28,10.856639862060547,19.415340423583984,20.534013748168945,24.330650329589844
2010-12-29,10.864226341247559,19.431602478027344,20.47626304626465,24.338340759277344
2010-12-30,10.861701011657715,19.334041595458984,20.399280548095703,24.253671646118164
2010-12-31,10.879393577575684,19.22021484375,20.23567008972168,24.245975494384766
2011-01-03,11.132229804992676,19.01695442199707,20.498714447021484,24.469196319580078
2011-01-04,11.094305992126465,18.94378089904785,20.344736099243164,24.546159744262695
2011-01-05,11.149930000305176,19.025087356567383,20.56287956237793,24.60004425048828
2011-01-06,11.096834182739258,19.13078498840332,20.492307662963867,24.700103759765625
2011-01-07,11.023517608642578,19.13078498840332,20.444189071655273,24.684707641601562
2011-01-10,10.942605972290039,19.13078498840332,20.437768936157227,24.615447998046875
2011-01-11,11.046269416809082,19.098262786865234,20.607797622680664,24.738597869873047
2011-01-12,11.154985427856445,19.25273323059082,20.63666343688965,24.869447708129883
2011-01-13,11.091777801513672,19.21207618713379,20.620622634887695,24.738597869873047
2011-01-14,11.19543743133545,19.260866165161133,20.655912399291992,24.76938247680664
2011-01-18,11.215667724609375,19.390947341918945,20.800273895263672,24.86174201965332
2011-01-19,10.907211303710938,19.106388092041016,20.251712799072266,24.692413330078125
2011-01-20,10.942605972290039,19.122655868530273,20.229263305664062,24.753982543945312
2011-01-21,11.005813598632812,18.94378089904785,19.95016098022461,24.777080535888672
2011-01-24,11.043740272521973,19.04947853088379,20.078481674194336,24.74629783630371
2011-01-25,11.089250564575195,19.05760383605957,20.068857192993164,24.74629783630371
2011-01-26,11.127175331115723,19.17143440246582,20.39607048034668,24.715499877929688
2011-01-27,11.240949630737305,19.13078498840332,20.3543701171875,24.777080535888672
2011-01-28,10.957777976989746,18.691740036010742,19.690322875976562,24.330650329589844
2011-01-31,10.975473403930664,18.77304458618164,19.828262329101562,24.384523391723633
2011-02-01,11.225777626037598,18.93564796447754,19.927711486816406,24.823261260986328
2011-02-02,11.033621788024902,18.846214294433594,20.007915496826172,24.738597869873047
2011-02-03,11.043740272521973,18.87060546875,19.966211318969727,24.76938247680664
2011-02-04,11.157513618469238,18.93564796447754,20.1137638092041,24.884838104248047
2011-02-07,11.288986206054688,18.895002365112305,20.06244468688965,24.846351623535156
2011-02-08,11.331969261169434,18.911258697509766,20.11697006225586,24.91562271118164
2011-02-09,11.281403541564941,18.895002365112305,19.9180850982666,24.86174201965332
2011-02-10,11.28646183013916,18.87874412536621,20.05282211303711,24.869447708129883
2011-02-11,11.478610038757324,18.87874412536621,20.023942947387695,24.923324584960938
2011-02-14,11.385063171386719,18.98443603515625,20.177932739257812,25.007993698120117
2011-02-15,11.450798988342285,19.05760383605957,20.181133270263672,24.954111099243164
2011-02-16,11.58985710144043,19.155170440673828,20.293420791625977,25.084970474243164
2011-02-17,11.688465118408203,19.17143440246582,20.35115623474121,25.192724227905273
2011-02-18,11.751669883728027,19.1795654296875,20.280580520629883,25.25430679321289
2011-02-22,11.435629844665527,18.87874412536621,19.783349990844727,24.869447708129883
2011-02-23,11.32944393157959,18.63483238220215,19.6325740814209,24.630840301513672
2011-02-24,11.304155349731445,18.43157196044922,19.744857788085938,24.715499877929688
2011-02-25,11.433101654052734,18.659215927124023,20.039987564086914,24.869447708129883
2011-02-28,11.514009475708008,18.911258697509766,20.072067260742188,25.14653968811035
2011-03-01,11.301627159118652,18.691740036010742,19.94695281982422,24.9464168548584
2011-03-02,11.089250564575195,18.846214294433594,20.184350967407227,25.023393630981445
2011-03-03,11.347136497497559,19.1795654296875,20.15868377685547,25.53909683227539
2011-03-04,11.273815155029297,19.147037506103516,20.12018394470215,25.5006103515625
2011-03-07,11.197968482971191,18.93564796447754,20.097728729248047,25.308181762695312
2011-03-08,11.35472297668457,19.21207618713379,20.367198944091797,25.446727752685547
2011-03-09,11.324383735656738,19.21207618713379,20.421733856201172,25.485206604003906
2011-03-10,11.096834182739258,18.951913833618164,20.149051666259766,25.084970474243164
2011-03-11,11.157513618469238,19.01695442199707,20.26454734802246,25.169635772705078
2011-03-14,11.015925407409668,18.968181610107422,20.184350967407227,25.046483993530273
2011-03-15,10.846532821655273,18.838083267211914,20.011110305786133,24.753982543945312
2011-03-16,10.659429550170898,18.488487243652344,19.81864356994629,24.322952270507812
2011-03-17,10.755511283874512,18.659215927124023,19.834674835205078,24.607738494873047
2011-03-18,10.882285118103027,18.838083267211914,19.924503326416016,24.7198543548584
2011-03-21,11.067373275756836,18.93564796447754,20.04640007019043,24.928634643554688
2011-03-22,10.996377944946289,18.91938591003418,19.924503326416016,24.913162231445312
2011-03-23,10.973562240600586,18.951913833618164,19.9180850982666,24.897701263427734
2011-03-24,11.05215835571289,19.155170440673828,20.283794403076172,25.191524505615234
2011-03-25,11.085121154785156,19.228342056274414,20.341533660888672,25.261112213134766
2011-03-28,11.080050468444824,19.1795654296875,20.322290420532227,25.25339126586914
2011-03-29,11.113011360168457,19.374691009521484,20.681575775146484,25.40029525756836
2011-03-30,11.171330451965332,19.829994201660156,21.18201446533203,25.58586883544922
2011-03-31,11.189078330993652,19.797473907470703,21.41939926147461,25.601329803466797
2011-04-01,11.328527450561523,19.895034790039062,21.563756942749023,25.732772827148438
2011-04-04,11.381773948669434,20.049510955810547,21.5830020904541,25.887428283691406
2011-04-05,11.298105239868164,20.260902404785156,21.913423538208008,25.77143669128418
2011-04-06,11.40712833404541,20.31781005859375,21.94550323486328,25.825563430786133
2011-04-07,11.37162971496582,20.31781005859375,21.87492561340332,25.779172897338867
2011-04-08,11.26513957977295,20.374731063842773,21.88776206970215,25.763704299926758
2011-04-11,11.262606620788574,20.45603370666504,21.894182205200195,25.910629272460938
2011-04-12,11.153582572937012,20.407258987426758,21.865297317504883,25.87969398498535
2011-04-13,11.110479354858398,20.48042106628418,22.038537979125977,25.856487274169922
2011-04-14,11.00905704498291,20.561723709106445,22.410654067993164,25.995677947998047
2011-04-15,11.113011360168457,20.78937530517578,22.8918399810791,26.227645874023438
2011-04-18,10.935526847839355,20.545469284057617,22.66407585144043,25.933820724487305
2011-04-19,10.897500038146973,20.618640899658203,22.47480583190918,26.15032386779785
2011-04-20,11.00905704498291,20.821897506713867,22.914302825927734,26.40548324584961
2011-04-21,11.17386245727539,20.87067413330078,23.097152709960938,26.48280143737793
2011-04-25,11.171330451965332,20.878816604614258,22.96883773803711,26.513734817504883
2011-04-26,11.211895942687988,21.098331451416016,23.270381927490234,26.82302474975586
2011-04-27,11.300634384155273,21.350372314453125,23.90875244140625,27.124574661254883
2011-04-28,11.533902168273926,21.350372314453125,23.972917556762695,27.26375389099121
2011-04-29,11.51108169555664,21.285335540771484,23.67137336730957,27.248289108276367
2011-05-02,11.508544921875,21.447940826416016,23.764406204223633,27.526653289794922
2011-05-03,11.46037483215332,21.41541290283203,23.549470901489258,27.45706558227539
2011-05-04,11.353886604309082,21.277196884155273,23.228681564331055,27.43385887145996
2011-05-05,11.196683883666992,21.163373947143555,22.785980224609375,27.256017684936523
2011-05-06,11.260069847106934,21.382892608642578,23.19017791748047,27.449331283569336
2011-05-09,11.232181549072266,21.537372589111328,23.623258590698242,27.603984832763672
2011-05-10,11.346278190612793,21.69997787475586,23.764406204223633,27.77408218383789
2011-05-11,11.257534980773926,21.561765670776367,23.507766723632812,27.727697372436523
2011-05-12,11.323456764221191,21.87885284423828,23.838184356689453,27.98284339904785
2011-05-13,11.1383695602417,21.7650203704834,23.700237274169922,27.897794723510742
2011-05-16,11.1383695602417,21.643075942993164,23.373037338256836,27.944181442260742
2011-05-17,11.107941627502441,21.594287872314453,23.40511703491211,27.944181442260742
2011-05-18,11.13076114654541,21.773162841796875,23.745153427124023,28.16067123413086
2011-05-19,11.163721084594727,21.7650203704834,23.613632202148438,28.09883689880371
2011-05-20,11.044551849365234,21.70810890197754,23.716283798217773,27.86686897277832
2011-05-23,10.887351989746094,21.464204788208008,23.459651947021484,27.580768585205078
2011-05-24,10.826499938964844,21.48858642578125,23.215848922729492,27.503450393676758
2011-05-25,10.87214183807373,21.529237747192383,23.57513999938965,27.542116165161133
2011-05-26,10.930459976196289,21.651201248168945,23.780447006225586,27.580768585205078
2011-05-27,10.925389289855957,21.748756408691406,23.960086822509766,27.59623908996582
2011-05-31,10.993843078613281,22.0333309173584,24.136524200439453,27.92099952697754
2011-06-01,10.68958854675293,21.789409637451172,23.53021812438965,27.534379959106445
2011-06-02,10.747904777526855,21.683719635009766,23.719493865966797,27.472517013549805
2011-06-03,10.641414642333984,21.374767303466797,23.385868072509766,27.209638595581055
2011-06-06,10.484212875366211,21.163373947143555,22.8918399810791,27.04725456237793
2011-06-07,10.466466903686523,21.342252731323242,23.215848922729492,27.101375579833984
2011-06-08,10.291518211364746,21.122732162475586,23.219057083129883,27.132301330566406
2011-06-09,10.359977722167969,21.252805709838867,23.196598052978516,27.418407440185547
2011-06-10,10.20531177520752,20.903207778930664,22.71861457824707,26.91580581665039
2011-06-13,10.250946998596191,21.090206146240234,22.590301513671875,27.04725456237793
2011-06-14,10.398009300231934,21.277196884155273,22.76032066345215,27.279226303100586
2011-06-15,10.091218948364258,21.098331451416016,22.526138305664062,26.9080753326416
2011-06-16,10.149530410766602,21.082073211669922,22.494060516357422,26.954477310180664
2011-06-17,10.227320671081543,20.96879005432129,22.275920867919922,27.01662826538086
2011-06-20,10.252744674682617,21.21327781677246,22.426694869995117,27.2885799407959
2011-06-21,10.415448188781738,21.40071678161621,22.80523109436035,27.45952796936035
2011-06-22,10.326465606689453,21.302921295166016,22.67049217224121,27.296356201171875
2011-06-23,10.2451171875,21.351825714111328,22.824480056762695,27.2652645111084
2011-06-24,10.171388626098633,21.254030227661133,22.680124282836914,26.946697235107422
2011-06-27,10.237491607666016,21.368120193481445,22.879011154174805,27.086563110351562
2011-06-28,10.321380615234375,21.628908157348633,23.414731979370117,27.4672908782959
2011-06-29,10.542553901672363,21.726699829101562,23.51097869873047,27.52168846130371
2011-06-30,10.60356616973877,21.848941802978516,23.453231811523438,27.60714340209961
2011-07-01,10.753557205200195,22.199369430541992,23.725906372070312,27.941272735595703
2011-07-05,10.626448631286621,22.22382164001465,23.751571655273438,27.86358070373535
2011-07-06,10.682379722595215,22.305316925048828,23.89272117614746,27.941272735595703
2011-07-07,10.829828262329102,22.329753875732422,24.12689971923828,27.92572593688965
2011-07-08,10.684919357299805,22.37051773071289,24.19426155090332,27.801416397094727
2011-07-11,10.364603042602539,22.0037841796875,23.67137336730957,27.42068099975586
2011-07-12,10.377309799194336,22.06897735595703,23.652128219604492,27.42068099975586
2011-07-13,10.4205322265625,22.25641632080078,23.89272117614746,27.529460906982422
2011-07-14,10.321380615234375,22.25641632080078,23.802898406982422,27.482826232910156
2011-07-15,10.285794258117676,22.150482177734375,23.818941116333008,27.342971801757812
2011-07-18,10.00869083404541,21.90599250793457,23.47247314453125,27.14095115661621
2011-07-19,10.084959030151367,22.158626556396484,23.918384552001953,27.381824493408203
2011-07-20,10.133257865905762,22.085283279418945,23.55268669128418,27.2885799407959
2011-07-21,10.242574691772461,22.321617126464844,23.947254180908203,27.700397491455078
2011-07-22,10.250199317932129,22.346065521240234,24.235971450805664,27.653779983520508
2011-07-25,10.128171920776367,22.036386489868164,23.616844177246094,27.36628532409668
2011-07-26,10.153596878051758,21.873394012451172,23.337745666503906,27.14871597290039
2011-07-27,9.912089347839355,21.571855545043945,22.64483070373535,26.674745559692383
2011-07-28,9.950221061706543,21.604461669921875,22.673702239990234,26.651426315307617
2011-07-29,9.950221061706543,21.58816146850586,22.824480056762695,26.511577606201172
2011-08-01,9.866328239440918,21.441465377807617,22.526138305664062,26.0609073638916
2011-08-02,9.655322074890137,20.871004104614258,21.682445526123047,25.501462936401367
2011-08-03,9.757013320922852,20.993236541748047,21.563756942749023,25.548078536987305
2011-08-04,9.266363143920898,19.852298736572266,19.38557243347168,24.530193328857422
2011-08-05,9.131628036499023,19.90934944152832,19.157804489135742,24.716672897338867
2011-08-08,8.244392395019531,18.84990882873535,17.759140014648438,23.450157165527344
2011-08-09,8.88503360748291,19.673011779785156,19.013446807861328,24.304861068725586
2011-08-10,8.267276763916016,18.964004516601562,18.086349487304688,23.27920913696289
2011-08-11,8.81639289855957,19.75450897216797,18.785680770874023,24.343711853027344
2011-08-12,8.709623336791992,19.95824432373047,19.21875,24.584585189819336
2011-08-15,8.966383934020996,20.414623260498047,19.988664627075195,24.996408462524414
2011-08-16,8.831647872924805,20.276079177856445,19.825056076049805,24.973094940185547
2011-08-17,8.83927059173584,20.17828941345215,19.696739196777344,24.996408462524414
2011-08-18,8.389300346374512,19.42037582397461,18.695863723754883,24.172767639160156
2011-08-19,8.267276763916016,19.347026824951172,18.70870018005371,24.110610961914062
2011-08-22,8.221515655517578,19.347026824951172,18.436016082763672,24.095075607299805
2011-08-23,8.442686080932617,20.047897338867188,19.27649688720703,24.87984848022461
2011-08-24,8.615561485290527,20.34942626953125,19.295740127563477,25.167339324951172
2011-08-25,8.414721488952637,19.950101852416992,18.814550399780273,24.739986419677734
2011-08-26,8.506244659423828,20.227174758911133,19.295740127563477,25.050796508789062
2011-08-29,8.986719131469727,20.789505004882812,20.039987564086914,25.687938690185547
2011-08-30,8.912995338439941,20.976940155029297,20.31587028503418,25.773408889770508
2011-08-31,8.989262580871582,21.009544372558594,20.25812530517578,25.95212745666504
2011-09-01,8.813849449157715,20.78135108947754,19.825056076049805,25.781185150146484
2011-09-02,8.496077537536621,20.333131790161133,19.40481948852539,25.21396827697754
2011-09-06,8.320657730102539,20.373870849609375,19.677490234375,25.276126861572266
2011-09-07,8.76046371459961,20.871004104614258,20.453805923461914,25.882192611694336
2011-09-08,8.577424049377441,20.724308013916016,20.373615264892578,25.60246467590332
2011-09-09,8.325748443603516,20.161989212036133,19.677490234375,24.841001510620117
2011-09-12,8.409636497497559,20.064193725585938,19.776935577392578,24.926469802856445
2011-09-13,8.463024139404297,20.267929077148438,20.09452247619629,25.18288230895996
2011-09-14,8.557088851928711,20.545015335083008,20.328702926635742,25.42376708984375
2011-09-15,8.768092155456543,20.789505004882812,20.534013748168945,25.6568603515625
2011-09-16,8.805596351623535,20.997770309448242,20.45701789855957,25.795135498046875
2011-09-19,8.604022026062012,20.850759506225586,20.274166107177734,25.552963256835938
2011-09-20,8.573400497436523,20.989599227905273,20.319074630737305,25.787317276000977
2011-09-21,8.129423141479492,20.43423080444336,19.924503326416016,25.092060089111328
2011-09-22,7.876814365386963,19.968706130981445,19.40802001953125,24.58427619934082
2011-09-23,7.871711730957031,20.050371170043945,19.735233306884766,24.592090606689453
2011-09-26,8.131974220275879,20.22187614440918,19.860347747802734,24.998306274414062
2011-09-27,8.277416229248047,20.613922119140625,20.110557556152344,25.381107330322266
2011-09-28,8.040118217468262,20.197383880615234,19.398401260375977,24.943626403808594
2011-09-29,8.353964805603027,20.254552841186523,19.40802001953125,25.107688903808594
2011-09-30,8.149837493896484,20.066713333129883,19.090438842773438,24.787389755249023
2011-10-03,7.756890773773193,19.43783950805664,18.18580436706543,23.99837875366211
2011-10-04,8.027356147766113,19.805362701416016,18.942867279052734,24.256168365478516
2011-10-05,8.290173530578613,20.197383880615234,19.47859764099121,24.64676856994629
2011-10-06,8.50450611114502,20.597572326660156,20.01753044128418,24.943626403808594
2011-10-07,8.203422546386719,20.43423080444336,19.65182876586914,24.92019271850586
2011-10-10,8.583608627319336,21.054933547973633,20.11697006225586,25.4904727935791
2011-10-11,8.578508377075195,21.128442764282227,20.104145050048828,25.45140838623047
2011-10-12,8.764772415161133,21.161100387573242,20.072067260742188,25.46702766418457
2011-10-13,8.63209056854248,21.316280364990234,20.440977096557617,25.443588256835938
2011-10-14,8.797945022583008,21.340789794921875,20.627038955688477,25.685762405395508
2011-10-17,8.496854782104492,20.948760986328125,19.97903823852539,25.2404842376709
2011-10-18,8.879595756530762,21.079431533813477,20.36077880859375,25.42797088623047
2011-10-19,8.841323852539062,20.78542137145996,20.149051666259766,25.381107330322266
2011-10-20,8.999520301818848,20.7935848236084,20.415311813354492,25.3576602935791
2011-10-21,9.29805850982666,21.2346134185791,20.800273895263672,25.86544418334961
2011-10-24,9.509840965270996,21.544960021972656,21.342411041259766,26.256040573120117
2011-10-25,9.236821174621582,21.04677391052246,20.66553497314453,25.724822998046875
2011-10-26,9.407780647277832,21.56130027770996,20.813100814819336,26.068561553955078
2011-10-27,9.780315399169922,22.04315757751465,21.627918243408203,26.701326370239258
2011-10-28,9.63997745513916,22.108491897583008,21.730571746826172,26.72475814819336
2011-10-31,9.389917373657227,21.724639892578125,21.20767593383789,26.216978073120117
2011-11-01,9.055655479431152,21.40612030029297,20.45701789855957,25.717012405395508
2011-11-02,9.285301208496094,21.56130027770996,20.559673309326172,25.888877868652344
2011-11-03,9.407780647277832,21.847150802612305,20.864431381225586,26.170103073120117
2011-11-04,9.428194999694824,21.536800384521484,20.614208221435547,25.927932739257812
2011-11-07,9.481778144836426,21.74098014831543,20.39607048034668,26.232601165771484
2011-11-08,9.606805801391602,21.986000061035156,20.219635009765625,26.55289649963379
2011-11-09,9.247026443481445,21.316280364990234,19.571626663208008,25.787317276000977
2011-11-10,9.326126098632812,21.536800384521484,19.472183227539062,26.15448760986328
2011-11-11,9.491983413696289,21.986000061035156,19.895627975463867,26.615388870239258
2011-11-14,9.38226318359375,21.847150802612305,19.847511291503906,26.43570899963379
2011-11-15,9.395018577575684,21.87981605529785,19.857135772705078,26.498214721679688
2011-11-16,9.218958854675293,21.4796199798584,19.600496292114258,25.990432739257812
2011-11-17,9.058209419250488,21.332624435424805,19.302160263061523,25.717012405395508
2011-11-18,9.11944580078125,21.25911521911621,19.135347366333008,25.662330627441406
2011-11-21,8.966350555419922,20.940595626831055,19.629369735717773,25.170169830322266
2011-11-22,8.892354011535645,21.120283126831055,19.882801055908203,25.232669830322266
2011-11-23,8.649950981140137,20.7935848236084,19.372737884521484,24.865509033203125
2011-11-25,8.693328857421875,20.646583557128906,19.177053451538086,24.771766662597656
2011-11-28,8.940832138061523,21.38162612915039,20.165090560913086,25.43578338623047
2011-11-29,8.933178901672363,21.50413703918457,20.084897994995117,25.545150756835938
2011-11-30,9.369504928588867,22.231006622314453,20.934999465942383,26.46696662902832
2011-12-01,9.310820579528809,22.255510330200195,21.069734573364258,26.506025314331055
2011-12-02,9.333782196044922,22.16567039489746,20.94783592224121,26.17790985107422
2011-12-05,9.481778144836426,22.27184295654297,20.9991512298584,26.22479248046875
2011-12-06,9.525150299072266,22.320842742919922,20.87084197998047,26.334165573120117
2011-12-07,9.57873249053955,22.427017211914062,20.700822830200195,26.52945899963379
2011-12-08,9.318472862243652,21.93699073791504,20.299829483032227,26.03730010986328
2011-12-09,9.474120140075684,22.280006408691406,20.614208221435547,26.42009162902832
2011-12-12,9.30571174621582,22.132997512817383,20.367198944091797,26.10761260986328
2011-12-13,9.193446159362793,21.99416160583496,20.12018394470215,26.060739517211914
2011-12-14,9.21385383605957,21.814476013183594,19.882801055908203,26.045116424560547
2011-12-15,9.249577522277832,22.149335861206055,19.953371047973633,26.334165573120117
2011-12-16,9.251891136169434,22.26721954345703,20.145845413208008,26.246173858642578
2011-12-19,9.087367057800293,22.193538665771484,20.072067260742188,26.246173858642578
2011-12-20,9.341865539550781,22.856653213500977,20.764982223510742,26.796083450317383
2011-12-21,9.436982154846191,23.044933319091797,20.851594924926758,26.968910217285156
2011-12-22,9.532097816467285,22.9057674407959,21.015207290649414,27.165292739868164
2011-12-23,9.632351875305176,23.15135955810547,21.050485610961914,27.338134765625
2011-12-27,9.637495040893555,23.216856002807617,21.326370239257812,27.400976181030273
2011-12-28,9.516672134399414,22.913949966430664,21.028032302856445,27.102453231811523
2011-12-29,9.609219551086426,23.09404945373535,21.246177673339844,27.298839569091797
2011-12-30,9.565516471862793,23.069494247436523,21.300708770751953,27.251712799072266
2012-01-03,9.658059120178223,23.257787704467773,21.259010314941406,27.605226516723633
2012-01-04,9.580939292907715,23.102243423461914,21.18201446533203,27.471668243408203
2012-01-05,9.658059120178223,23.159542083740234,21.92304801940918,27.55023765563965
2012-01-06,9.622074127197266,23.18410873413086,22.320829391479492,27.59736442565918
2012-01-09,9.642638206481934,23.519750595092773,22.785980224609375,27.644502639770508
2012-01-10,9.820013046264648,23.683473587036133,23.170944213867188,27.848756790161133
2012-01-11,9.863718032836914,23.57705307006836,23.652128219604492,27.872323989868164
2012-01-12,9.89456558227539,23.650732040405273,23.67137336730957,27.958740234375
2012-01-13,9.822587966918945,23.60980224609375,23.67458724975586,27.833045959472656
2012-01-17,9.804588317871094,23.708040237426758,23.74835968017578,28.005868911743164
2012-01-18,9.915129661560059,23.929073333740234,23.934419631958008,28.16298484802246
2012-01-19,10.01281452178955,23.92088508605957,23.764406204223633,28.16298484802246
2012-01-20,10.110498428344727,23.798086166381836,23.539846420288086,28.16298484802246
2012-01-23,10.097650527954102,23.642547607421875,23.3056640625,28.037288665771484
2012-01-24,10.05651569366455,23.57705307006836,23.613632202148438,28.045150756835938
2012-01-25,10.061657905578613,23.699861526489258,24.210309982299805,28.249399185180664
2012-01-26,10.005101203918457,23.593433380126953,23.947254180908203,28.123703002929688
2012-01-27,10.007676124572754,23.73259925842285,24.928884506225586,28.139419555664062
2012-01-30,9.948546409606934,23.617984771728516,24.55034637451172,28.100141525268555
2012-01-31,9.979400634765625,23.683473587036133,24.576007843017578,28.123703002929688
2012-02-01,10.203048706054688,24.060062408447266,25.304218292236328,28.398653030395508
2012-02-02,10.246747016906738,24.092802047729492,25.631425857543945,28.288677215576172
2012-02-03,10.429265022277832,24.338397979736328,25.913719177246094,28.453655242919922
2012-02-06,10.388134956359863,24.412076950073242,26.41095733642578,28.296531677246094
2012-02-07,10.447260856628418,24.313833236694336,26.000335693359375,28.398653030395508
2012-02-08,10.475541114807129,24.29746437072754,25.570472717285156,28.398653030395508
2012-02-09,10.465254783630371,24.035497665405273,25.41328239440918,28.249399185180664
2012-02-10,10.388134956359863,23.98638343811035,25.207971572875977,28.131563186645508
2012-02-13,10.457544326782227,24.28109359741211,25.98429298400879,28.343666076660156
2012-02-14,10.413839340209961,24.248350143432617,25.573684692382812,28.461503982543945
2012-02-15,10.390707015991211,24.133747100830078,25.496692657470703,28.40651512145996
2012-02-16,10.511528968811035,24.29746437072754,25.855987548828125,28.56363296508789
2012-02-17,10.560373306274414,24.019128799438477,25.230438232421875,28.469362258911133
2012-02-21,10.606645584106445,23.765356063842773,24.65300178527832,28.265100479125977
2012-02-22,10.485820770263672,23.781713485717773,24.55034637451172,28.265100479125977
2012-02-23,10.560373306274414,24.58399772644043,25.143814086914062,28.288677215576172
2012-02-24,10.532094955444336,24.968759536743164,25.18552017211914,28.430082321166992
2012-02-27,10.521812438964844,25.09973907470703,25.034746170043945,28.485063552856445
2012-02-28,10.47039794921875,25.206159591674805,24.88718605041504,28.59506607055664
2012-02-29,10.472969055175781,25.0751895904541,24.656213760375977,28.422224044799805
2012-03-01,10.542376518249512,25.312585830688477,24.906429290771484,28.571474075317383
2012-03-02,10.480681419372559,25.157045364379883,24.707538604736328,28.524349212646484
2012-03-05,10.560373306274414,25.10792350769043,24.44127655029297,28.461503982543945
2012-03-06,10.329010963439941,24.600360870361328,23.867053985595703,28.09227752685547
2012-03-07,10.390707015991211,24.78865623474121,24.024242401123047,28.217975616455078
2012-03-08,10.439550399780273,25.034244537353516,24.527891159057617,28.532211303710938
2012-03-09,10.539807319641113,25.034244537353516,24.713951110839844,28.650047302246094
2012-03-12,10.53723430633545,25.034244537353516,24.588836669921875,28.650047302246094
2012-03-13,10.78916072845459,25.27165412902832,24.973796844482422,29.05854606628418
2012-03-14,10.74545955657959,25.157045364379883,24.835857391357422,29.05069351196289
2012-03-15,10.855998039245605,25.288028717041016,25.140609741210938,29.09781837463379
2012-03-16,10.763511657714844,25.1962833404541,25.175901412963867,29.09465980529785
2012-03-19,10.786696434020996,25.327350616455078,25.3940372467041,29.086769104003906
2012-03-20,10.802154541015625,25.13895606994629,24.951339721679688,28.936752319335938
2012-03-21,10.693954467773438,25.212665557861328,25.147024154663086,28.92096519470215
2012-03-22,10.58060073852539,25.237245559692383,25.044368743896484,28.826217651367188
2012-03-23,10.64242935180664,25.392873764038086,25.169479370117188,28.91306495666504
2012-03-26,10.827921867370605,25.769672393798828,25.7853946685791,29.418384552001953
2012-03-27,10.791851997375488,25.753292083740234,25.55443572998047,29.473649978637695
2012-03-28,10.825340270996094,25.589466094970703,25.769365310668945,29.410476684570312
2012-03-29,10.750632286071777,25.5976619720459,25.70199966430664,29.473649978637695
2012-03-30,10.768664360046387,25.745107650756836,25.811065673828125,29.694725036621094
2012-04-02,10.856258392333984,25.86797523498535,26.074121475219727,29.797365188598633
2012-04-03,10.804733276367188,25.86797523498535,26.25054931640625,29.781570434570312
2012-04-04,10.75578784942627,25.6713809967041,25.70199966430664,29.623661041259766
2012-04-05,10.74032211303711,25.72052574157715,25.888063430786133,29.61576271057129
2012-04-09,10.565140724182129,25.319154739379883,25.153446197509766,29.244670867919922
2012-04-10,10.387385368347168,24.868633270263672,24.16539764404297,28.91306495666504
2012-04-11,10.493008613586426,25.01607894897461,24.425233840942383,29.01570701599121
2012-04-12,10.655312538146973,25.130760192871094,24.49260902404785,29.173633575439453
2012-04-13,10.493008613586426,24.90959930419922,23.940837860107422,28.881484985351562
2012-04-16,10.570300102233887,24.885019302368164,23.706663131713867,28.889379501342773
2012-04-17,10.688801765441895,25.302776336669922,24.184640884399414,29.31574058532715
2012-04-18,10.554837226867676,25.229047775268555,23.988964080810547,29.23678970336914
2012-04-19,10.619247436523438,25.270004272460938,24.948129653930664,29.284156799316406
2012-04-20,10.59605884552002,25.491174697875977,25.301010131835938,29.442066192626953
2012-04-23,10.547110557556152,25.31096649169922,25.368371963500977,29.213096618652344
2012-04-24,10.624398231506348,25.442026138305664,25.377994537353516,29.31574058532715
2012-04-25,10.760936737060547,25.835208892822266,26.03883171081543,29.623661041259766
2012-04-26,10.889748573303223,26.015411376953125,26.144691467285156,29.61576271057129
2012-04-27,10.87944221496582,26.261150360107422,26.346799850463867,29.631547927856445
2012-04-30,10.838223457336426,26.195621490478516,26.093360900878906,29.61576271057129
2012-05-01,10.912934303283691,26.12189483642578,26.03883171081543,29.72629737854004
2012-05-02,10.858832359313965,26.146474838256836,26.333965301513672,29.67103385925293
2012-05-03,10.799583435058594,25.900737762451172,25.830310821533203,29.56048583984375
2012-05-04,10.675921440124512,25.55670738220215,25.278553009033203,29.173633575439453
2012-05-07,10.668190956115723,25.71233558654785,25.836727142333984,29.23678970336914
2012-05-08,10.678496360778809,25.630422592163086,25.95222282409668,29.244670867919922
2012-05-09,10.606362342834473,25.37649917602539,25.72124671936035,29.04729652404785
2012-05-10,10.665617942810059,25.614046096801758,26.035615921020508,29.252561569213867
2012-05-11,10.678496360778809,25.745107650756836,26.49115562438965,29.220998764038086
2012-05-14,10.552262306213379,25.71233558654785,26.404537200927734,29.126253128051758
2012-05-15,10.495586395263672,25.54030990600586,26.51360511779785,28.952529907226562
2012-05-16,10.335858345031738,25.605854034423828,26.54889488220215,28.99992561340332
2012-05-17,10.14778995513916,25.253631591796875,25.647462844848633,28.731473922729492
2012-05-18,10.021560668945312,24.96693992614746,25.24326515197754,28.478818893432617
2012-05-21,10.12460708618164,25.286388397216797,26.099782943725586,28.75514793395996
2012-05-22,10.165822982788086,25.278202056884766,26.019588470458984,28.676210403442383
2012-05-23,10.204469680786133,25.147146224975586,26.016376495361328,28.549882888793945
2012-05-24,10.27145004272461,25.433826446533203,26.31151008605957,28.826217651367188
2012-05-25,10.227655410766602,25.458406448364258,26.378877639770508,28.75514793395996
2012-05-29,10.317824363708496,25.5976619720459,26.436616897583008,28.84990692138672
2012-05-30,10.152945518493652,25.40926170349121,26.135068893432617,28.684106826782227
2012-05-31,10.199316024780273,25.253631591796875,25.804651260375977,28.541982650756836
2012-06-01,9.957154273986816,24.721200942993164,25.118148803710938,28.03666114807129
2012-06-04,9.897897720336914,25.007892608642578,25.172693252563477,28.099843978881836
2012-06-05,10.01382827758789,25.188095092773438,25.650667190551758,28.25775718688965
2012-06-06,10.286913871765137,25.482982635498047,26.058082580566406,28.69989013671875
2012-06-07,10.276602745056152,25.40106773376465,25.769365310668945,28.715675354003906
2012-06-08,10.302366256713867,25.564891815185547,26.208850860595703,28.889379501342773
2012-06-11,10.155519485473633,25.327350616455078,25.650667190551758,28.636714935302734
2012-06-12,10.266301155090332,25.64680290222168,26.061290740966797,28.905179977416992
2012-06-13,10.17870807647705,25.491174697875977,25.891265869140625,28.873600006103516
2012-06-14,10.274026870727539,25.79425048828125,26.49756622314453,29.30784034729004
2012-06-15,10.30868911743164,26.044008255004883,26.827978134155273,29.418190002441406
2012-06-18,10.280237197875977,26.26583480834961,27.0364933013916,29.61663246154785
2012-06-19,10.419929504394531,26.553382873535156,27.354082107543945,29.886524200439453
2012-06-20,10.43544864654541,26.586257934570312,27.59788703918457,29.807151794433594
2012-06-21,10.197456359863281,26.16724395751953,27.6684627532959,29.39436912536621
2012-06-22,10.241430282592773,26.56159782409668,28.07587242126465,29.70394515991211
2012-06-25,10.031899452209473,26.282258987426758,27.671663284301758,29.338804244995117
2012-06-26,10.109503746032715,26.405506134033203,27.76148796081543,29.426109313964844
2012-06-27,10.215566635131836,26.791635513305664,28.441572189331055,29.74363136291504
2012-06-28,10.31645393371582,26.750564575195312,27.6684627532959,29.60869789123535
2012-06-29,10.531164169311523,27.243511199951172,28.380619049072266,30.172283172607422
2012-07-02,10.569964408874512,27.481769561767578,29.516233444213867,30.267534255981445
2012-07-03,10.681203842163086,27.55571174621582,29.731170654296875,30.259611129760742
2012-07-05,10.58807373046875,27.448911666870117,29.914016723632812,30.069091796875
2012-07-06,10.51047134399414,27.2763729095459,29.59323501586914,29.870637893676758
2012-07-09,10.440622329711914,27.629648208618164,29.657392501831055,30.0294132232666
2012-07-10,10.36560344696045,27.144922256469727,29.31734848022461,29.886524200439453
2012-07-11,10.378539085388184,27.013465881347656,28.7591609954834,29.862709045410156
2012-07-12,10.303520202636719,27.194215774536133,29.00296401977539,29.93415069580078
2012-07-13,10.484599113464355,27.358531951904297,29.266021728515625,30.267534255981445
2012-07-16,10.404409408569336,27.810396194458008,29.57718849182129,30.323118209838867
2012-07-17,10.469079971313477,28.04865264892578,29.8723201751709,30.712072372436523
2012-07-18,10.500121116638184,28.0322208404541,29.93647575378418,30.75969886779785
2012-07-19,10.456144332885742,28.04043960571289,29.683046340942383,30.75969886779785
2012-07-20,10.28282356262207,27.654300689697266,29.394330978393555,30.362810134887695
2012-07-23,10.205218315124512,27.292802810668945,28.91313934326172,30.005582809448242
2012-07-24,10.075872421264648,26.997041702270508,28.560266494750977,29.672203063964844
2012-07-25,10.109503746032715,27.26815414428711,28.842571258544922,29.815086364746094
2012-07-26,10.189696311950684,27.662517547607422,29.346216201782227,30.10083770751953
2012-07-27,10.36560344696045,28.147245407104492,30.029504776000977,30.823204040527344
2012-07-30,10.404409408569336,27.876127243041992,29.641347885131836,30.664443969726562
2012-07-31,10.319040298461914,27.678958892822266,28.83294677734375,30.473936080932617
2012-08-01,10.259538650512695,27.41604232788086,27.986045837402344,30.489805221557617
2012-08-02,10.269889831542969,27.2763729095459,27.431074142456055,30.19610023498535
2012-08-03,10.440622329711914,27.539287567138672,27.613927841186523,30.553312301635742
2012-08-06,10.458733558654785,27.59678840637207,27.665254592895508,30.561243057250977
2012-08-07,10.544097900390625,27.621435165405273,27.838481903076172,30.489805221557617
2012-08-08,10.580313682556152,27.292802810668945,27.472780227661133,30.600940704345703
2012-08-09,10.619117736816406,27.21886444091797,27.4503231048584,30.585058212280273
2012-08-10,10.629461288452148,27.383180618286133,27.357295989990234,30.712072372436523
2012-08-13,10.601012229919434,27.333877563476562,27.485610961914062,30.63268280029297
2012-08-14,10.637228965759277,27.399614334106445,27.780742645263672,30.712072372436523
2012-08-15,10.696723937988281,27.489988327026367,28.133615493774414,30.78349494934082
2012-08-16,10.758807182312012,27.374971389770508,27.748661041259766,30.704132080078125
2012-08-17,10.807960510253906,27.2763729095459,27.78714370727539,30.545368194580078
2012-08-20,10.841588973999023,27.26815414428711,27.780742645263672,30.608869552612305
2012-08-21,10.849349021911621,27.12849235534668,27.796781539916992,30.505699157714844
2012-08-22,10.797609329223633,27.144922256469727,28.114368438720703,30.529491424560547
2012-08-23,10.712246894836426,27.079195022583008,28.05982780456543,30.489805221557617
2012-08-24,10.784673690795898,27.424257278442383,28.367794036865234,30.751766204833984
2012-08-27,10.740702629089355,27.4078311920166,28.438364028930664,30.78349494934082
2012-08-28,10.725177764892578,27.399614334106445,28.53459930419922,30.735883712768555
2012-08-29,10.738112449645996,27.506418228149414,28.544227600097656,30.83907127380371
2012-08-30,10.720004081726074,27.457120895385742,28.30684471130371,30.735883712768555
2012-08-31,10.787264823913574,27.506418228149414,28.399873733520508,30.831148147583008
2012-09-04,10.851935386657715,28.139026641845703,29.073535919189453,30.8946475982666
2012-09-05,10.849349021911621,28.139026641845703,28.948429107666016,30.902584075927734
2012-09-06,11.014909744262695,28.451229095458984,29.51944351196289,31.39473533630371
2012-09-07,11.051122665405273,28.34442710876465,29.381507873535156,31.378868103027344
2012-09-10,11.012321472167969,28.327993392944336,29.105619430541992,31.267738342285156
2012-09-11,11.082168579101562,28.377288818359375,29.163362503051758,31.28360939025879
2012-09-12,11.118386268615723,28.40194320678711,29.32375717163086,31.29949378967285
2012-09-13,11.265839576721191,28.656612396240234,29.586814880371094,31.61700439453125
2012-09-14,11.3641357421875,28.52516746520996,29.811363220214844,31.49000358581543
2012-09-17,11.276185035705566,28.763431549072266,30.12574005126953,31.672569274902344
2012-09-18,11.219273567199707,28.93596076965332,30.408042907714844,31.7757511138916
2012-09-19,11.211511611938477,28.434799194335938,30.56844139099121,31.807523727416992
2012-09-20,11.188232421875,28.582683563232422,30.562026977539062,31.942468643188477
2012-09-21,11.15185260772705,28.716842651367188,30.876392364501953,32.06132507324219
2012-09-24,11.141460418701172,28.502843856811523,30.408042907714844,32.149078369140625
2012-09-25,10.988161087036133,28.428775787353516,30.074413299560547,32.12514877319336
2012-09-26,10.92060375213623,28.288850784301758,29.644554138183594,31.957609176635742
2012-09-27,11.003753662109375,28.486377716064453,30.023086547851562,32.141117095947266
2012-09-28,10.998554229736328,28.404077529907227,29.965349197387695,32.0054817199707
2012-10-01,11.027134895324707,28.56869888305664,30.064788818359375,32.19694900512695
2012-10-02,11.081695556640625,28.790916442871094,30.36954689025879,32.34053421020508
2012-10-03,11.086895942687988,28.906145095825195,30.436912536621094,32.61176681518555
2012-10-04,11.23499870300293,29.087230682373047,30.51711654663086,32.81119918823242
2012-10-05,11.315547943115234,29.0954647064209,30.655052185058594,32.843109130859375
2012-10-08,11.341531753540039,29.06252098083496,30.318218231201172,32.819183349609375
2012-10-09,11.247991561889648,28.766233444213867,29.695880889892578,32.42030334472656
2012-10-10,11.25578498840332,28.535768508911133,29.570768356323242,32.18097686767578
2012-10-11,11.325940132141113,28.51108169555664,29.702299118041992,32.20492172241211
2012-10-12,11.23499870300293,28.494598388671875,29.622095108032227,32.15706253051758
2012-10-15,11.336329460144043,28.832073211669922,29.673418045043945,32.61975860595703
2012-10-16,11.489635467529297,29.087230682373047,29.9525146484375,32.970760345458984
2012-10-17,11.629938125610352,29.25183868408203,30.41124725341797,32.970760345458984
2012-10-18,11.687102317810059,29.136611938476562,30.02629852294922,32.97874450683594
2012-10-19,11.510419845581055,28.519306182861328,28.887479782104492,32.38840103149414
2012-10-22,11.538996696472168,28.437002182006836,28.646883010864258,32.41233825683594
2012-10-23,11.409083366394043,28.198307037353516,28.136825561523438,31.981548309326172
2012-10-24,11.409083366394043,28.181848526000977,28.002092361450195,32.037384033203125
2012-10-25,11.450654029846191,28.313547134399414,27.99888038635254,32.29267120361328
2012-10-26,11.367508888244629,28.157155990600586,27.46636962890625,32.16502380371094
2012-10-31,11.367508888244629,27.76207733154297,26.888931274414062,31.933677673339844
2012-11-01,11.419478416442871,28.165382385253906,27.379749298095703,32.19694900512695
2012-11-02,11.240193367004395,27.91846466064453,26.795900344848633,32.02145004272461
2012-11-05,11.26098346710205,27.89377212524414,27.418243408203125,32.037384033203125
2012-11-06,11.38829517364502,27.95962142944336,27.415035247802734,32.069313049316406
2012-11-07,11.118078231811523,27.515159606933594,26.731740951538086,31.534820556640625
2012-11-08,11.050520896911621,27.301170349121094,26.51039695739746,31.159879684448242
2012-11-09,11.084297180175781,27.391698837280273,27.091028213500977,31.247629165649414
2012-11-12,11.032331466674805,27.72092056274414,27.504858016967773,31.40716552734375
2012-11-13,10.964777946472168,27.671550750732422,27.633180618286133,31.287521362304688
2012-11-14,10.858242988586426,27.30939483642578,26.901765823364258,30.912578582763672
2012-11-15,10.88422966003418,27.227087020874023,26.215267181396484,30.824825286865234
2012-11-16,10.967375755310059,27.44108772277832,27.042909622192383,31.056171417236328
2012-11-19,11.097289085388184,27.73739242553711,27.47598648071289,31.38324546813965
2012-11-20,11.149251937866211,27.967853546142578,27.98284339904785,31.558752059936523
2012-11-21,11.214213371276855,28.09130859375,28.069461822509766,31.534820556640625
2012-11-23,11.336329460144043,28.38760757446289,28.4255313873291,31.92571449279785
2012-11-26,11.323339462280273,28.437002182006836,28.271554946899414,31.78212547302246
2012-11-27,11.250587463378906,28.297086715698242,28.133615493774414,31.590656280517578
2012-11-28,11.310346603393555,28.379392623901367,28.284387588500977,31.837953567504883
2012-11-29,11.377901077270508,28.626304626464844,28.67896842956543,32.06132507324219
2012-11-30,11.411680221557617,28.61807632446289,28.50894546508789,32.10122299194336
2012-12-03,11.385698318481445,28.519306182861328,28.271554946899414,32.02941131591797
2012-12-04,11.409083366394043,28.519306182861328,28.22343635559082,32.10122299194336
2012-12-05,11.494830131530762,28.461687088012695,28.172109603881836,32.20492172241211
2012-12-06,11.505221366882324,28.478147506713867,28.117572784423828,32.18896484375
2012-12-07,11.53120231628418,28.535768508911133,27.99888038635254,32.29267120361328
2012-12-10,11.544196128845215,28.716842651367188,28.483278274536133,32.42829513549805
2012-12-11,11.57017993927002,29.103689193725586,29.038249969482422,32.77132034301758
2012-12-12,11.559784889221191,28.955528259277344,28.95805549621582,32.723445892333984
2012-12-13,11.453255653381348,28.65923309326172,28.63405418395996,32.444236755371094
2012-12-14,11.35971450805664,28.609834671020508,28.415916442871094,32.31661605834961
2012-12-17,11.526007652282715,28.947301864624023,28.682167053222656,32.57188415527344
2012-12-18,11.611749649047852,29.218917846679688,29.083158493041992,32.82716369628906
2012-12-19,11.619543075561523,29.070756912231445,28.70783233642578,32.476165771484375
2012-12-20,11.684500694274902,29.111902236938477,28.627639770507812,32.52402114868164
2012-12-21,11.544620513916016,29.006277084350586,28.456274032592773,32.250511169433594
2012-12-24,11.531500816345215,28.9314022064209,28.388761520385742,32.122188568115234
2012-12-26,11.521002769470215,28.715129852294922,28.170137405395508,32.009891510009766
2012-12-27,11.47376537322998,28.62362289428711,28.144418716430664,31.961763381958008
2012-12-28,11.410778999328613,28.332477569580078,27.7714786529541,31.648967742919922
2012-12-31,11.547245025634766,28.72344207763672,28.26337432861328,31.985824584960938
2013-01-02,11.820182800292969,29.172636032104492,29.333974838256836,32.619449615478516
2013-01-03,11.898911476135254,29.455469131469727,29.452930450439453,32.65956497192383
2013-01-04,12.027509689331055,29.638465881347656,29.74228858947754,32.80393600463867
2013-01-07,11.935656547546387,29.813152313232422,30.031646728515625,32.908203125
2013-01-08,11.904162406921387,30.062711715698242,30.288837432861328,32.91621398925781
2013-01-09,11.988142013549805,30.395442962646484,30.69715690612793,33.27714920043945
2013-01-10,12.082619667053223,30.536853790283203,30.722875595092773,33.509735107421875
2013-01-11,12.072121620178223,30.403762817382812,30.70679473876953,33.50172805786133
2013-01-14,12.069499969482422,30.403762817382812,30.944704055786133,33.5338020324707
2013-01-15,12.09311580657959,30.628360748291016,31.179420471191406,33.49369430541992
2013-01-16,12.066874504089355,30.420406341552734,30.80647087097168,33.4214973449707
2013-01-17,12.150853157043457,30.495267868041992,30.761457443237305,33.71826934814453
2013-01-18,12.179723739624023,30.51190757751465,30.774316787719727,33.830570220947266
2013-01-22,12.40804386138916,30.52854347229004,30.82254409790039,33.92680740356445
2013-01-23,12.421162605285645,30.370494842529297,30.491390228271484,33.886688232421875
2013-01-24,12.410667419433594,30.545181274414062,30.584630966186523,34.10325622558594
2013-01-25,12.444784164428711,30.769765853881836,30.98007583618164,34.36793518066406
2013-01-28,12.405421257019043,30.578453063964844,30.812894821166992,34.24763870239258
2013-01-29,12.465778350830078,30.786407470703125,30.82896614074707,34.61656951904297
2013-01-30,12.444784164428711,30.678268432617188,30.36600685119629,34.51230239868164
2013-01-31,12.526139259338379,30.869583129882812,30.571762084960938,34.41606521606445
2013-02-01,12.644234657287598,31.202333450317383,30.88040542602539,34.688758850097656
2013-02-04,12.539263725280762,30.8280029296875,30.587846755981445,34.30375671386719
2013-02-05,12.61536693572998,31.127460479736328,31.031509399414062,34.68074035644531
2013-02-06,12.691476821899414,31.16073989868164,30.96721076965332,34.672706604003906
2013-02-07,12.64686107635498,31.08587074279785,30.632858276367188,34.54438018798828
2013-02-08,12.717720985412598,31.218975067138672,30.851470947265625,34.80105972290039
2013-02-11,12.751836776733398,31.218975067138672,30.645713806152344,34.72885513305664
2013-02-12,12.827937126159668,31.16073989868164,30.501035690307617,34.688758850097656
2013-02-13,12.880431175231934,31.202333450317383,30.65536117553711,34.66468811035156
2013-02-14,12.877803802490234,31.202333450317383,30.584630966186523,34.73686218261719
2013-02-15,12.880431175231934,31.235614776611328,30.690725326538086,34.81708526611328
2013-02-19,12.985406875610352,31.476837158203125,30.951143264770508,35.03364562988281
2013-02-20,12.799070358276367,31.30214500427246,30.68751335144043,34.8090705871582
2013-02-21,12.7702054977417,31.14411163330078,30.298490524291992,34.648658752441406
2013-02-22,12.9119234085083,31.260555267333984,30.722875595092773,34.80105972290039
2013-02-25,12.604867935180664,31.06922721862793,29.58153533935547,34.41606521606445
2013-02-26,12.709847450256348,31.060932159423828,29.56546401977539,34.50428009033203
2013-02-27,12.841063499450684,31.410282135009766,29.983415603637695,34.881248474121094
2013-02-28,12.862061500549316,31.451887130737305,30.205251693725586,34.84916305541992
2013-03-01,12.864681243896484,31.593313217163086,30.55247688293457,35.11383819580078
2013-03-04,12.946037292480469,31.842845916748047,31.099031448364258,35.306331634521484
2013-03-05,13.10612678527832,31.85948371887207,31.481624603271484,35.61111831665039
2013-03-06,13.145493507385254,32.017539978027344,31.761329650878906,35.683311462402344
2013-03-07,13.190102577209473,31.95098114013672,31.979951858520508,35.65922927856445
2013-03-08,13.305577278137207,32.150634765625,32.19858169555664,35.723411560058594
2013-03-11,13.394808769226074,32.29203796386719,32.2403564453125,35.90787124633789
2013-03-12,13.407931327819824,32.425132751464844,32.35932159423828,36.068275451660156
2013-03-13,13.478787422180176,32.0341682434082,31.944597244262695,36.07630157470703
2013-03-14,13.583757400512695,32.142311096191406,32.32073974609375,36.108394622802734
2013-03-15,13.556608200073242,31.942604064941406,32.1354866027832,36.031044006347656
2013-03-18,13.485442161560059,31.726280212402344,31.839563369750977,35.797447204589844
2013-03-19,13.474897384643555,31.817813873291016,31.61763572692871,35.82160949707031
2013-03-20,13.548704147338867,32.10901641845703,31.81062889099121,36.11967468261719
2013-03-21,13.464357376098633,32.10901641845703,31.482540130615234,35.91829299926758
2013-03-22,13.517068862915039,32.2587890625,31.726993560791016,36.192161560058594
2013-03-25,13.503894805908203,32.19224166870117,31.524370193481445,36.08744430541992
2013-03-26,13.553976058959961,32.41688537597656,31.421432495117188,36.506309509277344
2013-03-27,13.577703475952148,32.525047302246094,31.791303634643555,36.691585540771484
2013-03-28,13.675228118896484,32.85786056518555,32.12582778930664,37.0137825012207
2013-04-01,13.604058265686035,32.73307418823242,31.688396453857422,37.11045837402344
2013-04-02,13.65414047241211,33.09918212890625,32.055057525634766,37.6501579284668
2013-04-03,13.506526947021484,32.84123992919922,31.254175186157227,37.42460250854492
2013-04-04,13.556608200073242,32.92443084716797,31.485769271850586,37.593753814697266
2013-04-05,13.493348121643066,32.81629180908203,31.48896598815918,37.38432693481445
2013-04-08,13.604058265686035,32.807952880859375,31.559734344482422,37.416561126708984
2013-04-09,13.619871139526367,32.84123992919922,31.813827514648438,37.537384033203125
2013-04-10,13.751667976379395,33.37375259399414,32.569698333740234,38.16569137573242
2013-04-11,13.857107162475586,33.66495132446289,32.936378479003906,38.53623580932617
2013-04-12,13.81756591796875,33.8480224609375,33.097190856933594,38.608734130859375
2013-04-15,13.437997817993164,33.090858459472656,32.19338607788086,37.90793228149414
2013-04-16,13.6620512008667,33.62336349487305,32.74016571044922,38.455684661865234
2013-04-17,13.485442161560059,33.63168716430664,32.8656120300293,38.278465270996094
2013-04-18,13.364192008972168,33.298858642578125,32.55683517456055,37.811256408691406
2013-04-19,13.517068862915039,33.8480224609375,34.05569839477539,38.3429069519043
2013-04-22,13.514433860778809,34.18084716796875,34.261539459228516,38.576507568359375
2013-04-23,13.754304885864258,34.33061218261719,34.48991012573242,38.818153381347656
2013-04-24,13.88347053527832,33.6899299621582,33.63434982299805,38.14957046508789
2013-04-25,13.901917457580566,33.98115539550781,34.12968063354492,38.30263900756836
2013-04-26,13.822845458984375,33.96449279785156,34.13931655883789,38.2945671081543
2013-04-29,13.91510009765625,34.02275085449219,34.325897216796875,38.41539764404297
2013-04-30,13.97572135925293,33.87297821044922,34.03316879272461,38.12541580200195
2013-05-01,13.854472160339355,33.298858642578125,33.17116165161133,37.72266387939453
2013-05-02,13.938825607299805,33.83970260620117,33.65364074707031,38.14152908325195
2013-05-03,14.073256492614746,34.147560119628906,33.76622009277344,38.39929962158203
2013-05-06,14.186598777770996,34.0061149597168,33.811256408691406,38.14957046508789
2013-05-07,14.289399147033691,34.03106689453125,33.52819061279297,38.27041244506836
2013-05-08,14.376382827758789,34.064361572265625,33.56036376953125,38.383174896240234
2013-05-09,14.263044357299805,34.08932876586914,33.45744705200195,38.431514739990234
2013-05-10,14.284131050109863,34.8298454284668,34.44168472290039,38.81010818481445
2013-05-13,14.321037292480469,35.195953369140625,35.26506423950195,39.13230895996094
2013-05-14,14.497636795043945,35.78671646118164,35.95661926269531,39.52702713012695
2013-05-15,14.558265686035156,35.82834243774414,35.416259765625,39.73646545410156
2013-05-16,14.392206192016602,35.42060470581055,35.04636001586914,39.32564163208008
2013-05-17,14.434378623962402,35.628623962402344,35.39052200317383,39.551185607910156
2013-05-20,14.400106430053711,35.59532928466797,34.95950698852539,39.277313232421875
2013-05-21,14.321037292480469,35.9031982421875,35.30367660522461,39.7042350769043
2013-05-22,14.18132495880127,35.8449592590332,35.065650939941406,39.7042350769043
2013-05-23,14.152339935302734,36.04465866088867,35.4998893737793,39.6881217956543
2013-05-24,14.131248474121094,35.98640441894531,35.448429107666016,39.56729507446289
2013-05-28,14.202410697937012,36.30258560180664,36.117431640625,39.970062255859375
2013-05-29,14.226139068603516,35.8449592590332,35.84726333618164,39.34175109863281
2013-05-30,14.394838333129883,36.07793426513672,36.33937072753906,39.62368392944336
2013-05-31,14.228775024414062,35.39564895629883,35.7218017578125,38.75373458862305
2013-06-03,14.186598777770996,35.528778076171875,35.27794647216797,38.96315383911133
2013-06-04,14.073256492614746,34.97129440307617,34.583194732666016,38.72149658203125
2013-06-05,13.888739585876465,34.43044662475586,33.84019088745117,38.15763854980469
2013-06-06,14.08380126953125,34.97129440307617,34.70220184326172,38.713436126708984
2013-06-07,14.297307968139648,35.54541778564453,35.5191764831543,39.06787109375
2013-06-10,14.355306625366211,35.65359115600586,35.207183837890625,39.124263763427734
2013-06-11,14.17078685760498,35.77008056640625,35.104248046875,38.96315383911133
2013-06-12,14.094345092773438,35.46220779418945,34.34195327758789,38.5684700012207
2013-06-13,14.302584648132324,36.028011322021484,34.51886749267578,39.16454315185547
2013-06-14,14.17078685760498,35.95311737060547,34.10395050048828,39.10010528564453
2013-06-17,14.318399429321289,35.88655471801758,33.67616271972656,39.1887092590332
2013-06-18,14.444923400878906,36.18610763549805,34.132896423339844,39.51896667480469
2013-06-19,14.220870971679688,35.728458404541016,33.6858024597168,38.890663146972656
2013-06-20,14.002089500427246,34.871463775634766,32.579349517822266,37.89181900024414
2013-06-21,13.940439224243164,35.037513732910156,32.87605667114258,38.26565933227539
2013-06-24,13.739364624023438,34.5869255065918,32.77309036254883,37.941986083984375
2013-06-25,13.887521743774414,34.703739166259766,32.56713104248047,38.136192321777344
2013-06-26,14.075373649597168,35.1960334777832,33.368412017822266,38.686424255371094
2013-06-27,14.284382820129395,35.4046516418457,33.67414855957031,38.823970794677734
2013-06-28,14.281742095947266,35.26280212402344,33.551841735839844,38.52458190917969
2013-07-01,14.456355094909668,35.62159729003906,34.99034118652344,38.629764556884766
2013-07-02,14.350528717041016,35.56318283081055,35.11265182495117,38.548858642578125
2013-07-03,14.279094696044922,35.4046516418457,35.070796966552734,38.49222183227539
2013-07-05,14.527796745300293,35.997100830078125,35.9042854309082,39.01816940307617
2013-07-08,14.599234580993652,36.29747772216797,35.920379638671875,39.23665237426758
2013-07-09,14.73416805267334,36.622920989990234,35.96542739868164,39.34994125366211
2013-07-10,14.7156400680542,36.82317352294922,36.52535629272461,39.60887145996094
2013-07-11,14.850578308105469,37.34885787963867,37.342777252197266,40.118656158447266
2013-07-12,14.985509872436523,37.55746841430664,38.46590042114258,40.36138153076172
2013-07-15,15.009321212768555,37.665931701660156,38.75551986694336,40.40185546875
2013-07-16,14.924657821655273,37.43229675292969,38.10867691040039,40.167198181152344
2013-07-17,14.972281455993652,37.44065475463867,38.379005432128906,40.27238845825195
2013-07-18,15.125731468200684,37.47404861450195,38.23741912841797,40.38567352294922
2013-07-19,15.078109741210938,37.7994384765625,38.80701446533203,40.91972351074219
2013-07-22,15.181297302246094,38.02474594116211,38.88745880126953,41.12202072143555
2013-07-23,14.988155364990234,37.724342346191406,38.308197021484375,40.976375579833984
2013-07-24,14.903491973876953,37.707664489746094,37.92845916748047,40.91163635253906
2013-07-25,14.966988563537598,38.03308868408203,38.8166618347168,41.11393737792969
2013-07-26,15.03313159942627,38.50035858154297,38.86170959472656,41.380950927734375
2013-07-29,14.974921226501465,38.283424377441406,38.36935043334961,41.259578704833984
2013-07-30,14.959053039550781,38.42526626586914,38.900333404541016,41.267677307128906
2013-07-31,14.966988563537598,38.82578659057617,39.44418716430664,41.28385543823242
2013-08-01,15.279189109802246,39.40156173706055,40.04918670654297,41.54279708862305
2013-08-02,15.247441291809082,39.30139923095703,40.14894104003906,41.55897521972656
2013-08-05,15.176004409790039,39.16790008544922,40.251930236816406,41.502323150634766
2013-08-06,14.998739242553711,38.967655181884766,39.280059814453125,41.308135986328125
2013-08-07,14.903491973876953,38.92593765258789,38.85849380493164,41.340511322021484
2013-08-08,14.935240745544434,38.900875091552734,38.61714172363281,41.340511322021484
2013-08-09,14.948470115661621,38.725650787353516,38.565643310546875,41.19484329223633
2013-08-12,14.884969711303711,38.5504264831543,38.42083740234375,41.02491760253906
2013-08-13,14.988155364990234,38.642215728759766,38.3178596496582,41.17866897583008
2013-08-14,14.966988563537598,38.450313568115234,38.34360885620117,40.8549919128418
2013-08-15,14.763261795043945,37.74939727783203,37.31058883666992,40.167198181152344
2013-08-16,14.787075996398926,37.4907112121582,37.049922943115234,39.98109436035156
2013-08-19,14.62833309173584,37.4239501953125,36.94050216674805,40.053916931152344
2013-08-20,14.72358226776123,37.707664489746094,37.57769775390625,40.167198181152344
2013-08-21,14.633620262145996,37.732704162597656,38.1054573059082,39.92445373535156
2013-08-22,14.824121475219727,37.949649810791016,38.565643310546875,40.183372497558594
2013-08-23,14.824121475219727,38.14991760253906,38.498069763183594,40.288570404052734
2013-08-26,14.771199226379395,38.458648681640625,39.36051559448242,40.34521484375
2013-08-27,14.448420524597168,37.58249282836914,37.85123062133789,39.68980026245117
2013-08-28,14.448420524597168,37.85786056518555,38.41440200805664,39.8597297668457
2013-08-29,14.501337051391602,38.23334884643555,38.85527801513672,39.98109436035156
2013-08-30,14.395512580871582,37.92461013793945,38.379005432128906,39.82734298706055
2013-09-03,14.493401527404785,38.091495513916016,39.299373626708984,40.086280822753906
2013-09-04,14.61510944366455,38.416927337646484,40.30341720581055,40.547515869140625
2013-09-05,14.596582412719727,38.2917594909668,40.55442810058594,40.604148864746094
2013-09-06,14.546319007873535,38.15825271606445,40.641334533691406,40.62033462524414
2013-09-09,14.755332946777344,38.46699523925781,41.81914138793945,40.87116622924805
2013-09-10,14.884969711303711,38.69227981567383,41.77086639404297,41.13011169433594
2013-09-11,14.935240745544434,38.658912658691406,41.262413024902344,41.40522384643555
2013-09-12,14.839996337890625,38.642215728759766,41.19805908203125,41.340511322021484
2013-09-13,14.86645221710205,38.76738739013672,41.32999801635742,41.437591552734375
2013-09-16,15.009321212768555,39.042747497558594,41.27850341796875,41.809810638427734
2013-09-17,15.099276542663574,39.11784362792969,41.72903823852539,41.834083557128906
2013-09-18,15.181297302246094,39.393184661865234,42.005802154541016,42.093040466308594
2013-09-19,15.096624374389648,39.276390075683594,42.227840423583984,41.955467224121094
2013-09-20,15.082561492919922,39.16111755371094,41.98213577270508,41.87666320800781
2013-09-23,15.013528823852539,38.785301208496094,41.73094940185547,41.58414840698242
2013-09-24,15.058670997619629,38.55144500732422,41.808250427246094,41.372901916503906
2013-09-25,15.17813777923584,38.20067596435547,41.447574615478516,41.04789733886719
2013-09-26,15.180787086486816,38.48465347290039,42.201107025146484,41.19414138793945
2013-09-27,15.135663032531738,38.5431022644043,42.24618911743164,41.19414138793945
2013-09-30,15.069287300109863,38.44288635253906,41.59248352050781,41.104759216308594
2013-10-01,15.143622398376465,39.14442825317383,42.452293395996094,41.624759674072266
2013-10-02,15.17813777923584,39.077613830566406,42.455501556396484,41.52726745605469
2013-10-03,15.056015968322754,38.8020133972168,42.01434326171875,41.161651611328125
2013-10-04,15.220612525939941,39.169464111328125,42.22687911987305,41.61664581298828
2013-10-07,15.071945190429688,38.62661361694336,41.218936920166016,41.153526306152344
2013-10-08,14.896722793579102,37.799800872802734,38.91325759887695,40.56038284301758
2013-10-09,14.854240417480469,37.6411247253418,37.1904296875,40.487274169921875
2013-10-10,15.191412925720215,38.668392181396484,38.742584228515625,41.429771423339844
2013-10-11,15.305577278137207,38.89387893676758,38.320735931396484,41.624759674072266
2013-10-14,15.403799057006836,39.060916900634766,38.571903228759766,41.92539978027344
2013-10-15,15.302915573120117,38.76860427856445,38.26598358154297,41.65727996826172
2013-10-16,15.584333419799805,39.57037353515625,39.898651123046875,42.51041030883789
2013-10-17,15.743632316589355,40.146629333496094,40.33659362792969,42.86791229248047
2013-10-18,15.807353973388672,40.129920959472656,39.628143310546875,42.69728088378906
2013-10-21,15.815317153930664,39.70399475097656,38.69750213623047,42.477901458740234
2013-10-22,15.873729705810547,40.18838882446289,39.235286712646484,42.87602996826172
2013-10-23,15.714430809020996,40.380470275878906,39.51866149902344,42.79479217529297
2013-10-24,15.78346061706543,40.53081512451172,40.11762619018555,42.79479217529297
2013-10-25,15.812663078308105,40.472354888916016,40.098304748535156,42.85165786743164
2013-10-28,15.863105773925781,40.597618103027344,40.03388595581055,42.9979133605957
2013-10-29,16.01443099975586,40.91499328613281,40.14982986450195,43.28228759765625
2013-10-30,15.937442779541016,40.26354217529297,38.75547409057617,43.04667282104492
2013-10-31,15.879034996032715,40.0213623046875,38.31751251220703,42.87602996826172
2013-11-01,15.83123779296875,40.35542678833008,38.52037811279297,43.16040802001953
2013-11-04,15.894956588745117,40.497406005859375,38.8746223449707,43.192909240722656
2013-11-05,15.839213371276855,40.78136444091797,38.93579864501953,43.04667282104492
2013-11-06,15.940103530883789,40.3220100402832,37.48667907714844,42.94915771484375
2013-11-07,15.796734809875488,40.01301574707031,36.78468322753906,42.567283630371094
2013-11-08,16.0914249420166,41.549713134765625,38.29498291015625,43.192909240722656
2013-11-11,16.12859535217285,41.75851821899414,38.75868225097656,43.29853820800781
2013-11-12,16.040990829467773,41.892127990722656,38.307857513427734,43.274166107177734
2013-11-13,16.22417449951172,42.34312057495117,38.649200439453125,43.517906188964844
2013-11-14,16.364887237548828,42.602020263671875,38.623443603515625,43.8835563659668
2013-11-15,16.367544174194336,43.053016662597656,39.30290985107422,44.13542175292969
2013-11-18,16.314443588256836,42.79411315917969,38.33684158325195,43.94042205810547
2013-11-19,16.25072479248047,42.87764358520508,38.42378616333008,43.989166259765625
2013-11-20,16.22417449951172,43.01126480102539,38.78123474121094,44.119171142578125
2013-11-21,16.41798210144043,43.13653564453125,39.62171936035156,44.297943115234375
2013-11-22,16.532140731811523,43.679405212402344,40.529815673828125,44.89105987548828
2013-11-25,16.54275894165039,43.92159652709961,40.906578063964844,45.06981658935547
2013-11-26,16.56399917602539,43.813026428222656,41.3928337097168,44.93980407714844
2013-11-27,16.59320640563965,43.89653396606445,41.6440315246582,44.92356491088867
2013-11-29,16.55603790283203,43.92159652709961,42.02077865600586,44.89917755126953
2013-12-02,16.537452697753906,44.005123138427734,42.24296951293945,44.91542434692383
2013-12-03,16.40205192565918,43.529075622558594,41.72129821777344,44.525421142578125
2013-12-04,16.386127471923828,43.42885208129883,41.705196380615234,44.37104797363281
2013-12-05,16.274616241455078,43.57082748413086,41.189964294433594,44.289794921875
2013-12-06,16.516206741333008,44.07194137573242,41.27690887451172,44.866676330566406
2013-12-09,16.548072814941406,44.05522918701172,40.9774284362793,44.95606231689453
2013-12-10,16.484355926513672,43.66270065307617,40.684391021728516,44.777313232421875
2013-12-11,16.25868797302246,42.76906204223633,39.1966552734375,44.00543212890625
2013-12-12,16.23744773864746,42.74401092529297,39.795589447021484,43.68854522705078
2013-12-13,16.205595016479492,42.76071548461914,39.64102554321289,43.72106170654297
2013-12-16,16.23744773864746,43.08642578125,39.73118209838867,43.80229949951172
2013-12-17,16.149829864501953,42.79411315917969,39.18376541137695,43.59103775024414
2013-12-18,16.396739959716797,43.721153259277344,40.153038024902344,44.67167282104492
2013-12-19,16.396739959716797,43.73785400390625,40.178802490234375,44.57416915893555
2013-12-20,16.555877685546875,44.35247802734375,41.067230224609375,44.79853439331055
2013-12-23,16.60385513305664,44.519710540771484,41.8338737487793,44.96986770629883
2013-12-24,16.702486038208008,44.528072357177734,41.943389892578125,44.888267517089844
2013-12-26,16.707822799682617,44.77058410644531,42.217193603515625,45.222782135009766
2013-12-27,16.67849349975586,44.569889068603516,41.82420349121094,45.181983947753906
2013-12-30,16.734474182128906,44.703678131103516,41.9498405456543,45.255428314208984
2013-12-31,16.81710433959961,44.720401763916016,41.940162658691406,45.23094177246094
2014-01-02,16.523897171020508,44.569889068603516,42.14632034301758,44.97802734375
2014-01-03,16.478572845458984,44.66187286376953,42.01103210449219,45.084075927734375
2014-01-06,16.438594818115234,44.25213623046875,41.527854919433594,44.89644241333008
2014-01-07,16.50257110595703,44.45281982421875,42.52642822265625,45.36964416503906
2014-01-08,16.499906539916992,45.16358184814453,43.631309509277344,45.7693977355957
2014-01-09,16.58252716064453,45.53153610229492,46.91050338745117,46.112060546875
2014-01-10,16.571874618530273,46.1419677734375,49.481014251708984,46.291561126708984
2014-01-13,16.305309295654297,45.924537658691406,48.53076171875,45.91626739501953
2014-01-14,16.4705753326416,46.886173248291016,48.81100845336914,46.49552536010742
2014-01-15,16.518564224243164,46.73567199707031,49.084808349609375,46.4547233581543
2014-01-16,16.462575912475586,46.986534118652344,50.08661651611328,46.56896209716797
2014-01-17,16.40127944946289,46.93635559082031,50.4634895324707,46.519981384277344
2014-01-21,16.358627319335938,47.39626693725586,51.545814514160156,46.78923797607422
2014-01-22,16.395938873291016,47.42972183227539,51.3782958984375,46.83001708984375
2014-01-23,16.110729217529297,47.17884063720703,51.362220764160156,46.503684997558594
2014-01-24,15.678903579711914,45.85764694213867,49.6356315612793,45.41041564941406
2014-01-27,15.63092041015625,45.088321685791016,47.5515251159668,45.043296813964844
2014-01-28,15.798856735229492,45.94963836669922,48.98173522949219,45.647029876708984
2014-01-29,15.638921737670898,45.53989028930664,48.39870071411133,45.23094177246094
2014-01-30,15.8601655960083,46.33427810668945,49.52289581298828,46.05495834350586
2014-01-31,15.684233665466309,45.73219680786133,48.38582229614258,45.655181884765625
2014-02-03,15.241745948791504,44.49462127685547,46.17283248901367,44.75773620605469
2014-02-04,15.305716514587402,44.979637145996094,46.823509216308594,45.19831848144531
2014-02-05,15.35903549194336,44.57823944091797,45.91191101074219,44.945377349853516
2014-02-06,15.404345512390137,44.26885223388672,45.61235809326172,45.19831848144531
2014-02-07,15.580277442932129,45.53989028930664,48.18932342529297,45.97336959838867
2014-02-10,15.628260612487793,46.31755828857422,49.55833053588867,46.3568229675293
2014-02-11,15.852171897888184,46.96981430053711,50.257320404052734,46.985023498535156
2014-02-12,15.846843719482422,47.078514099121094,50.376522064208984,46.985023498535156
2014-02-13,15.980116844177246,47.55514144897461,50.95310592651367,47.31952667236328
2014-02-14,16.04142951965332,47.64712905883789,50.076942443847656,47.4908561706543
2014-02-18,16.14804458618164,49.185752868652344,51.3782958984375,47.9314079284668
2014-02-19,15.969449043273926,48.99341583251953,50.53113555908203,47.63771438598633
2014-02-20,16.065412521362305,49.77946090698242,51.87760925292969,48.07011032104492
2014-02-21,16.057415008544922,49.670753479003906,52.9534797668457,47.98036193847656
2014-02-24,16.065412521362305,50.11394500732422,53.63638687133789,48.33933639526367
2014-02-25,16.03075408935547,49.98014450073242,54.921661376953125,48.21697235107422
2014-02-26,16.038755416870117,50.06377410888672,54.7637939453125,48.21697235107422
2014-02-27,16.137380599975586,50.42332458496094,54.97317886352539,48.494361877441406
2014-02-28,16.241342544555664,49.8881721496582,52.73766326904297,48.494361877441406
2014-03-03,16.105398178100586,49.570396423339844,52.60559844970703,48.1353759765625
2014-03-04,16.427932739257812,50.66584777832031,53.939186096191406,49.04914474487305
2014-03-05,16.478572845458984,50.58223342895508,53.745906829833984,48.926761627197266
2014-03-06,16.60385513305664,49.64567184448242,52.05799102783203,48.624908447265625
2014-03-07,16.659835815429688,49.511878967285156,51.81317901611328,48.50251007080078
2014-03-10,16.651840209960938,49.570396423339844,52.00645065307617,48.70647430419922
2014-03-11,16.545207977294922,49.302825927734375,51.48138427734375,48.608577728271484
2014-03-12,16.574539184570312,49.453338623046875,51.748741149902344,48.60042190551758
2014-03-13,16.414600372314453,48.89308547973633,50.7727165222168,47.93958282470703
2014-03-14,16.419933319091797,49.00178527832031,50.978885650634766,47.678504943847656
2014-03-17,16.513235092163086,49.25265121459961,50.65675735473633,48.14353561401367
2014-03-18,16.63051414489746,50.088863372802734,52.457427978515625,48.657535552978516
2014-03-19,16.547880172729492,49.68748474121094,52.23515701293945,48.51066970825195
2014-03-20,16.63585090637207,49.41988754272461,51.59413528442383,48.51066970825195
2014-03-21,16.651098251342773,47.956520080566406,49.43562698364258,47.63058853149414
2014-03-24,16.608272552490234,46.8109245300293,47.45045471191406,47.09846115112305
2014-03-25,16.602920532226562,47.103599548339844,47.21804428100586,47.515987396240234
2014-03-26,16.458385467529297,46.91963577270508,45.7073860168457,47.53235626220703
2014-03-27,16.324560165405273,47.028350830078125,46.12055206298828,47.425926208496094
2014-03-28,16.396825790405273,46.351009368896484,44.45170974731445,47.245819091796875
2014-03-31,16.653776168823242,47.371185302734375,45.991432189941406,47.884368896484375
2014-04-01,16.6805419921875,47.64712905883789,46.95657730102539,48.18730545043945
2014-04-02,16.736757278442383,47.83945083618164,46.61441421508789,48.40015411376953
2014-04-03,16.768875122070312,47.32937240600586,44.92620849609375,48.293724060058594
2014-04-04,16.562776565551758,46.200496673583984,43.0798454284668,47.491432189941406
2014-04-07,16.279064178466797,46.07505798339844,43.00237274169922,47.01659393310547
2014-04-08,16.324560165405273,46.01652908325195,43.13151550292969,46.63180923461914
2014-04-09,16.485158920288086,47.34609603881836,44.787418365478516,47.63058853149414
2014-04-10,16.22016716003418,45.53989028930664,41.895198822021484,46.042362213134766
2014-04-11,16.067604064941406,44.862571716308594,40.21989822387695,45.608463287353516
2014-04-14,16.16128921508789,44.91272735595703,39.532379150390625,45.86225128173828
2014-04-15,16.230878829956055,45.27230453491211,39.60337829589844,46.35346984863281
2014-04-16,16.40752601623535,46.06669616699219,40.74928665161133,46.58268737792969
2014-04-17,16.439651489257812,46.07505798339844,40.47491455078125,46.57450485229492
2014-04-21,16.396825790405273,47.0617790222168,41.469112396240234,47.13120651245117
2014-04-22,16.514591217041016,48.14886474609375,43.28318786621094,47.64698028564453
2014-04-23,16.576156616210938,47.83110427856445,42.08241653442383,47.40955352783203
2014-04-24,16.602920532226562,47.91471481323242,41.7822265625,47.33587646484375
2014-04-25,16.493188858032227,47.61367416381836,40.14567184448242,46.983848571777344
2014-04-28,16.40752601623535,47.622032165527344,39.88097381591797,47.262203216552734
2014-04-29,16.57347869873047,48.21575164794922,41.398109436035156,47.540531158447266
2014-04-30,16.6055965423584,48.224117279052734,41.55304718017578,47.581478118896484
2014-05-01,16.696605682373047,48.399723052978516,42.07919692993164,47.68789291381836
2014-05-02,16.712663650512695,48.11540985107422,41.301265716552734,47.27857208251953
2014-05-05,16.677867889404297,48.44989013671875,42.07596969604492,47.58966827392578
2014-05-06,16.495861053466797,47.956520080566406,40.97200393676758,47.17213439941406
2014-05-07,16.69928741455078,47.84782028198242,40.41358184814453,47.303131103515625
2014-05-08,16.752817153930664,47.187225341796875,38.9932975769043,47.04933166503906
2014-05-09,16.736757278442383,47.26247024536133,40.08434295654297,47.33587646484375
2014-05-12,16.902700424194336,48.01506805419922,41.47233963012695,47.81889724731445
2014-05-13,16.9000186920166,47.9899787902832,41.0753059387207,47.89257049560547
2014-05-14,16.701955795288086,47.93143844604492,41.126956939697266,47.925315856933594
2014-05-15,16.52263069152832,47.5886116027832,40.54270553588867,47.44229507446289
2014-05-16,16.525304794311523,47.722389221191406,40.26187515258789,47.60603713989258
2014-05-19,16.616304397583008,48.132137298583984,41.13987350463867,47.90074920654297
2014-05-20,16.57347869873047,47.83945083618164,40.2812385559082,47.59785461425781
2014-05-21,16.645750045776367,48.265926361083984,40.245731353759766,47.999000549316406
2014-05-22,16.70463752746582,48.87635803222656,41.21733474731445,48.28553771972656
2014-05-23,16.728721618652344,49.11886978149414,41.5659294128418,48.31010818481445
2014-05-27,16.811691284179688,49.61221694946289,43.0346565246582,48.57208251953125
2014-05-28,16.760848999023438,49.38643264770508,42.89585494995117,48.43290328979492
2014-05-29,16.81437110900879,49.52859878540039,43.16053009033203,48.81768798828125
2014-05-30,16.803668975830078,49.64567184448242,42.70540237426758,48.94867706298828
2014-06-02,16.886646270751953,49.8212776184082,42.169578552246094,49.01416778564453
2014-06-03,16.902700424194336,49.79618835449219,42.26318359375,49.104209899902344
2014-06-04,17.189102172851562,49.8714485168457,43.09921646118164,49.24338912963867
2014-06-05,17.237279891967773,49.90488815307617,44.00303649902344,49.300689697265625
2014-06-06,17.33095359802246,49.78782653808594,44.471073150634766,49.25157928466797
2014-06-09,17.325597763061523,49.80455780029297,47.21159362792969,48.99778747558594
2014-06-10,17.317581176757812,49.8881721496582,48.4123649597168,49.161521911621094
2014-06-11,17.24530792236328,49.81290054321289,48.037933349609375,49.104209899902344
2014-06-12,17.18107032775879,49.70420455932617,48.031490325927734,48.858612060546875
2014-06-13,17.202486038208008,49.587135314941406,47.84427261352539,48.81768798828125
2014-06-16,17.15965461730957,49.62894821166992,48.73839569091797,48.91592788696289
2014-06-17,17.338985443115234,49.70420455932617,48.83845901489258,48.891361236572266
2014-06-18,17.395200729370117,50.17247009277344,49.39688491821289,49.28432846069336
2014-06-19,17.387163162231445,50.3397216796875,49.490501403808594,49.448062896728516
2014-06-20,17.36460304260254,51.23242950439453,49.72254943847656,49.863861083984375
2014-06-23,17.33505630493164,50.97258377075195,49.417903900146484,49.67487335205078
2014-06-24,17.24105453491211,50.94743347167969,49.27529525756836,49.70773696899414
2014-06-25,17.23299789428711,51.416839599609375,49.39521789550781,50.25008773803711
2014-06-26,17.19537925720215,51.2575798034668,49.369293212890625,50.315834045410156
2014-06-27,17.19537925720215,51.19051742553711,49.73876190185547,50.184356689453125
2014-06-30,17.23567771911621,51.19889450073242,49.907291412353516,49.987117767333984
2014-07-01,17.38071632385254,52.22154998779297,50.77910614013672,50.619895935058594
2014-07-02,17.262540817260742,52.49815368652344,50.801780700683594,51.006099700927734
2014-07-03,17.356544494628906,52.766387939453125,50.84714889526367,51.211544036865234
2014-07-07,17.28670310974121,51.76051712036133,49.17808151245117,50.82530975341797
2014-07-08,17.23567771911621,50.88037872314453,47.32424545288086,50.348697662353516
2014-07-09,17.23299789428711,51.240814208984375,47.748817443847656,50.56235885620117
2014-07-10,17.157787322998047,51.2575798034668,47.20758056640625,50.52949905395508
2014-07-11,17.18195915222168,51.374935150146484,47.66779708862305,50.636314392089844
2014-07-14,17.259857177734375,51.78565979003906,47.78770065307617,50.800662994384766
2014-07-15,17.27059555053711,51.01450729370117,45.943603515625,50.36513137817383
2014-07-16,17.20075798034668,50.27684783935547,45.266231536865234,50.20078659057617
2014-07-17,17.015430450439453,49.40510177612305,43.62957763671875,49.65020751953125
2014-07-18,17.15510368347168,50.251705169677734,45.07829284667969,50.463748931884766
2014-07-21,17.13898468017578,50.20979690551758,45.26301956176758,50.258296966552734
2014-07-22,17.14972686767578,50.56184768676758,45.57414245605469,50.69382858276367
2014-07-23,17.192705154418945,51.039634704589844,48.701656341552734,51.10470962524414
2014-07-24,17.14166831970215,50.955806732177734,48.15718078613281,50.99787521362305
2014-07-25,16.975139617919922,50.70436096191406,47.48630142211914,50.80887985229492
2014-07-28,16.985883712768555,50.260101318359375,46.71819305419922,50.858184814453125
2014-07-29,16.830095291137695,50.41096496582031,48.25116729736328,50.899269104003906
2014-07-30,16.6770076751709,50.863609313964844,48.947967529296875,51.10470962524414
2014-07-31,16.421836853027344,49.6481819152832,47.38259506225586,50.0528678894043
2014-08-01,16.443330764770508,49.60626983642578,47.0098876953125,50.09394454956055
2014-08-04,16.499727249145508,49.916412353515625,47.52518844604492,50.3076057434082
2014-08-05,16.408409118652344,49.690086364746094,47.86225128173828,49.82278060913086
2014-08-06,16.49167251586914,49.55598068237305,47.98540496826172,49.79811477661133
2014-08-07,16.440641403198242,48.885398864746094,47.304805755615234,49.157161712646484
2014-08-08,16.569564819335938,49.32963943481445,48.37754440307617,49.74060821533203
2014-08-11,16.63134002685547,49.56435012817383,49.213722229003906,49.715946197509766
2014-08-12,16.666257858276367,49.446998596191406,48.73406219482422,49.67487335205078
2014-08-13,16.795188903808594,49.98347091674805,49.81330490112305,50.274742126464844
2014-08-14,16.93754005432129,50.73788070678711,50.29944610595703,50.86640930175781
2014-08-15,16.926799774169922,51.089935302734375,50.348052978515625,50.91572189331055
2014-08-18,17.090635299682617,51.65991973876953,50.88280487060547,51.310157775878906
2014-08-19,17.093318939208984,52.238304138183594,50.72724533081055,51.64705276489258
2014-08-20,17.11481285095215,52.045501708984375,50.25730514526367,51.638851165771484
2014-08-21,17.24373435974121,51.89461898803711,49.317420959472656,51.712806701660156
2014-08-22,17.176591873168945,52.08742141723633,49.790611267089844,51.762115478515625
2014-08-25,17.313573837280273,52.58198547363281,51.4078369140625,52.15655517578125
2014-08-26,17.356544494628906,52.95079040527344,52.79172134399414,52.345558166503906
2014-08-27,17.426382064819336,53.00109100341797,52.55839157104492,52.30446243286133
2014-08-28,17.36460304260254,52.78315734863281,51.80323028564453,52.28803634643555
2014-08-29,17.43712043762207,52.95079040527344,52.4870719909668,52.47703552246094
2014-09-02,17.5042781829834,53.17710876464844,52.049560546875,52.45238494873047
2014-09-03,17.426382064819336,53.11845016479492,52.27642059326172,52.69070053100586
2014-09-04,17.345802307128906,52.55683517456055,51.5374870300293,52.427734375
2014-09-05,17.337743759155273,52.732852935791016,51.15180206298828,52.731773376464844
2014-09-08,17.327003479003906,53.043006896972656,51.838890075683594,52.739994049072266
2014-09-09,17.18195915222168,52.38918685913086,50.9249382019043,52.600303649902344
2014-09-10,17.23567771911621,53.00946807861328,52.58753967285156,52.97007369995117
2014-09-11,17.23567771911621,53.21902847290039,52.739864349365234,52.82218551635742
2014-09-12,17.224931716918945,52.71608352661133,52.03010177612305,52.43594741821289
2014-09-15,17.24105453491211,52.14610290527344,50.853633880615234,52.29625701904297
2014-09-16,17.262540817260742,52.95079040527344,51.129112243652344,53.011165618896484
2014-09-17,17.27059555053711,53.89798355102539,51.787025451660156,53.052249908447266
2014-09-18,17.404891967773438,54.17460250854492,51.83565139770508,53.44670104980469
2014-09-19,17.32025146484375,54.05880355834961,51.475608825683594,53.50525665283203
2014-09-22,17.196243286132812,53.74824905395508,50.503143310546875,53.21660614013672
2014-09-23,17.018321990966797,53.59717559814453,50.17140197753906,52.90324401855469
2014-09-24,17.196243286132812,54.579139709472656,51.8431282043457,53.826873779296875
2014-09-25,16.99675178527832,53.68110656738281,50.89017868041992,52.94446563720703
2014-09-26,17.14232063293457,53.92449951171875,51.602447509765625,53.10942077636719
2014-09-29,17.061452865600586,53.899330139160156,51.96672058105469,52.99394607543945
2014-09-30,16.97249412536621,53.42093276977539,50.7275505065918,52.705318450927734
2014-10-01,16.818836212158203,52.78306198120117,50.06407165527344,52.15277099609375
2014-10-02,16.87274932861328,52.673954010009766,50.68202590942383,52.04557800292969
2014-10-03,17.09110450744629,53.714683532714844,51.4951286315918,53.11766052246094
2014-10-06,17.023706436157227,53.303428649902344,50.4088249206543,52.87025833129883
2014-10-07,16.808055877685547,52.522891998291016,49.19892883300781,52.02906799316406
2014-10-08,16.991369247436523,53.563602447509766,50.3079948425293,53.35680389404297
2014-10-09,16.689443588256836,53.009666442871094,48.79239273071289,52.251739501953125
2014-10-10,16.605873107910156,52.48930740356445,47.611759185791016,51.93010330200195
2014-10-13,16.457595825195312,51.05412292480469,47.30278778076172,50.70133590698242
2014-10-14,16.57082176208496,51.04573059082031,47.83292770385742,50.321983337402344
2014-10-15,16.379426956176758,50.91144561767578,49.507911682128906,49.909637451171875
2014-10-16,16.40637969970703,51.39823532104492,50.929203033447266,49.653995513916016
2014-10-17,16.64360809326172,51.977333068847656,50.763328552246094,50.4456901550293
2014-10-20,16.705615997314453,52.79984664916992,51.693504333496094,51.05595016479492
2014-10-21,17.05336570739746,53.94130325317383,52.24967956542969,52.40843200683594
2014-10-22,17.010231018066406,53.44610595703125,51.80084991455078,52.14453887939453
2014-10-23,16.99675178527832,54.62950134277344,53.765281677246094,53.03518295288086
2014-10-24,17.128849029541016,55.384857177734375,54.38974380493164,53.77740478515625
2014-10-27,17.23937225341797,55.754173278808594,54.383243560791016,53.835113525390625
2014-10-28,17.395727157592773,56.29131317138672,55.78177261352539,54.23097229003906
2014-10-29,17.393030166625977,56.24094009399414,55.16706848144531,54.25571823120117
2014-10-30,17.44963836669922,57.63417053222656,56.3867073059082,55.25358200073242
2014-10-31,17.678781509399414,57.65095901489258,55.742733001708984,55.476234436035156
2014-11-03,17.659912109375,57.810420989990234,55.78827667236328,55.542232513427734
2014-11-04,17.732690811157227,57.62578201293945,55.316680908203125,55.55046463012695
2014-11-05,17.824359893798828,56.90397644042969,53.869361877441406,55.49273681640625
2014-11-06,17.654523849487305,57.00468063354492,54.965415954589844,55.830841064453125
2014-11-07,17.711132049560547,55.74574661254883,54.54912185668945,55.27831268310547
2014-11-10,17.716520309448242,56.33325958251953,55.98992156982422,55.8390998840332
2014-11-11,17.721912384033203,56.42560577392578,56.03871154785156,56.04528045654297
2014-11-12,17.75426483154297,56.400390625,56.48754119873047,55.96279525756836
2014-11-13,17.767738342285156,56.224159240722656,55.72648239135742,55.92155456542969
2014-11-14,17.708438873291016,55.77933883666992,54.61415481567383,55.459754943847656
2014-11-17,17.684173583984375,55.82129669189453,54.763771057128906,55.731868743896484
2014-11-18,17.73000144958496,56.7193489074707,55.73948287963867,56.63079833984375
2014-11-19,17.703041076660156,56.45915985107422,55.277652740478516,56.317420959472656
2014-11-20,17.792003631591797,56.392032623291016,56.126522064208984,56.07826614379883
2014-11-21,17.84592056274414,56.44237518310547,56.60463333129883,56.34217071533203
2014-11-24,17.969921112060547,57.18096160888672,57.960853576660156,56.63079833984375
2014-11-25,17.924100875854492,57.17254638671875,57.795005798339844,56.705020904541016
2014-11-26,17.932178497314453,57.86077880859375,58.70891571044922,57.05137252807617
2014-11-28,17.916011810302734,57.93632507324219,58.48126220703125,57.40598678588867
2014-12-01,17.756959915161133,57.365596771240234,56.819278717041016,57.26579666137695
2014-12-02,17.867483139038086,58.16292953491211,58.31863784790039,57.900779724121094
2014-12-03,17.972618103027344,58.43150329589844,58.37392807006836,57.99152755737305
2014-12-04,17.994182586669922,58.21328353881836,57.92835235595703,57.91730880737305
2014-12-05,18.075063705444336,58.64132308959961,58.9593620300293,58.379112243652344
2014-12-08,18.207149505615234,59.03578567504883,59.31060791015625,58.585289001464844
2014-12-09,18.06427001953125,58.8259391784668,61.02464294433594,58.337886810302734
2014-12-10,17.797391891479492,57.85239028930664,59.713932037353516,57.43897247314453
2014-12-11,17.916011810302734,58.21328353881836,59.857025146484375,57.603912353515625
2014-12-12,17.538599014282227,57.113807678222656,59.756195068359375,56.72148895263672
2014-12-15,17.43077278137207,56.46754837036133,57.206321716308594,56.20195770263672
2014-12-16,17.344507217407227,55.93879699707031,56.87457275390625,55.55046463012695
2014-12-17,17.622173309326172,57.35719680786133,59.587074279785156,56.58957290649414
2014-12-18,17.905223846435547,58.67486572265625,61.49622344970703,58.13996505737305
2014-12-19,17.98859977722168,59.14634323120117,62.067195892333984,58.280670166015625
2014-12-22,18.048341751098633,58.474037170410156,61.60415267944336,57.72609329223633
2014-12-23,18.22757911682129,56.54957580566406,58.42807388305664,56.401702880859375
2014-12-24,18.219425201416016,57.17070770263672,59.5498161315918,56.81557846069336
2014-12-26,18.21671485900879,57.730690002441406,60.922637939453125,57.221168518066406
2014-12-29,18.28460121154785,57.9719352722168,61.14438247680664,57.419830322265625
2014-12-30,18.325336456298828,57.73931884765625,60.50198745727539,57.1715087890625
2014-12-31,18.110801696777344,57.317176818847656,60.80198669433594,56.600364685058594
2015-01-02,18.00217056274414,57.39472579956055,61.437862396240234,56.80730056762695
2015-01-05,17.74147605895996,57.02424621582031,61.6302604675293,56.51759719848633
2015-01-06,17.526926040649414,56.68826675415039,60.09764862060547,56.327232360839844
2015-01-07,17.65728759765625,57.997772216796875,62.50088882446289,57.65159606933594
2015-01-08,17.964157104492188,59.229740142822266,63.88676071166992,58.63658142089844
2015-01-09,17.733320236206055,59.0919075012207,63.93568801879883,58.11509704589844
2015-01-12,17.56766700744629,59.29869842529297,64.54219818115234,58.13995361328125
2015-01-13,17.551374435424805,59.152225494384766,64.06610870361328,57.883365631103516
2015-01-14,17.315105438232422,59.0919075012207,65.06066131591797,57.79229736328125
2015-01-15,17.211915969848633,58.23899841308594,62.64437484741211,57.1715087890625
2015-01-16,17.448183059692383,60.15156936645508,64.54872131347656,58.247562408447266
2015-01-20,17.268939971923828,60.43590545654297,65.26283264160156,58.247562408447266
2015-01-21,17.296100616455078,60.21190643310547,63.38459014892578,58.36344909667969
2015-01-22,17.66814422607422,60.780494689941406,64.06937408447266,59.058712005615234
2015-01-23,17.507923126220703,60.840789794921875,64.75741577148438,58.7193717956543
2015-01-26,17.630130767822266,61.67649459838867,66.59002685546875,59.0256233215332
2015-01-27,17.51064109802246,61.598934173583984,66.74000549316406,58.60348892211914
2015-01-28,17.220060348510742,60.58235549926758,64.95305633544922,57.759212493896484
2015-01-29,17.320539474487305,61.19401931762695,65.87264251708984,58.247562408447266
2015-01-30,17.059833526611328,60.43590545654297,65.10308837890625,57.337059020996094
2015-02-02,17.391145706176758,60.547874450683594,64.07588195800781,57.65987014770508
2015-02-03,17.689870834350586,60.92696762084961,63.88676071166992,58.048912048339844
2015-02-04,17.717025756835938,60.18604278564453,62.58893585205078,57.32050323486328
2015-02-05,17.88811683654785,62.44322967529297,64.40850830078125,58.28895568847656
2015-02-06,17.969587326049805,62.06419372558594,63.58348846435547,57.759212493896484
2015-02-09,17.917991638183594,61.642005920410156,63.26393127441406,57.08046340942383
2015-02-10,18.00217056274414,62.537994384765625,64.69872283935547,58.040653228759766
2015-02-11,18.140676498413086,62.606910705566406,64.50630950927734,58.098575592041016
2015-02-12,18.273738861083984,62.994606018066406,65.88240051269531,58.30551528930664
2015-02-13,18.30904769897461,63.58905792236328,66.32587432861328,58.53729248046875
2015-02-17,18.30904769897461,64.08876037597656,67.57479095458984,58.959415435791016
2015-02-18,18.205846786499023,64.15768432617188,68.44544219970703,59.0256233215332
2015-02-19,18.238433837890625,64.40748596191406,69.03239440917969,59.12496566772461
2015-02-20,18.2791690826416,64.97611999511719,69.5737075805664,59.745765686035156
2015-02-23,18.156972885131836,65.21735382080078,70.15412902832031,60.01890182495117
2015-02-24,18.243864059448242,65.25182342529297,68.79762268066406,59.94442367553711
2015-02-25,18.167827606201172,65.1397933959961,70.5551986694336,59.91958236694336
2015-02-26,18.17597007751465,65.78594207763672,71.05088806152344,60.085140228271484
2015-02-27,18.097227096557617,65.3121109008789,69.98784637451172,59.7954216003418
2015-03-02,18.20857048034668,66.10472106933594,70.9204330444336,60.333457946777344
2015-03-03,18.165109634399414,65.44998168945312,71.02151489257812,59.78714370727539
2015-03-04,18.026615142822266,66.12191772460938,72.41062927246094,60.076839447021484
2015-03-05,18.1243839263916,66.42344665527344,74.20736694335938,60.292049407958984
2015-03-06,18.083641052246094,65.34656524658203,73.27804565429688,59.10840606689453
2015-03-09,18.12165641784668,65.69979095458984,73.23565673828125,59.47258758544922
2015-03-10,17.76862907409668,64.95887756347656,73.499755859375,58.810420989990234
2015-03-11,17.947860717773438,65.51888275146484,73.86174774169922,58.77732467651367
2015-03-12,18.257444381713867,66.27703094482422,73.92693328857422,59.55537033081055
2015-03-13,18.148818969726562,66.41484069824219,74.48782348632812,59.43948745727539
2015-03-16,18.382362365722656,67.34532165527344,75.59651184082031,60.7556037902832
2015-03-17,18.363359451293945,67.31946563720703,76.02042388916016,60.581787109375
2015-03-18,18.455692291259766,68.34466552734375,75.52803039550781,61.36809539794922
2015-03-19,18.298181533813477,68.99082946777344,77.6019515991211,61.72404479980469
2015-03-20,18.473657608032227,69.29069519042969,76.3370590209961,62.17060089111328
2015-03-23,18.56085205078125,68.79951477050781,74.8126449584961,61.996280670166016
2015-03-24,18.394636154174805,68.30836486816406,74.2544937133789,61.45676040649414
2015-03-25,18.19028663635254,65.9472427368164,70.25579833984375,60.3361930847168
2015-03-26,18.143962860107422,65.82660675048828,69.9718246459961,60.19508361816406
2015-03-27,18.100372314453125,66.59352111816406,71.62024688720703,60.626708984375
2015-03-30,18.372838973999023,66.75725555419922,73.23932647705078,61.2409553527832
2015-03-31,18.28019905090332,65.83518981933594,73.60813903808594,60.1784782409668
2015-04-01,18.247507095336914,65.27509307861328,72.07071685791016,59.57255172729492
2015-04-02,18.364665985107422,65.2406005859375,71.88139343261719,59.75515365600586
2015-04-06,18.45458221435547,65.29232788085938,71.67575073242188,59.84646224975586
2015-04-07,18.340139389038086,65.75763702392578,72.0250244140625,59.987579345703125
2015-04-08,18.430063247680664,67.51555633544922,74.10758972167969,60.493900299072266
2015-04-09,18.49817657470703,67.77405548095703,73.836669921875,60.95042037963867
2015-04-10,18.487276077270508,68.45484161376953,74.87467193603516,61.47336196899414
2015-04-13,18.566301345825195,68.28247833251953,75.75929260253906,61.1413459777832
2015-04-14,18.61806297302246,68.42036437988281,75.69725036621094,61.2409553527832
2015-04-15,18.683456420898438,68.89431762695312,76.09223937988281,61.398677825927734
2015-04-16,18.66166114807129,68.72195434570312,76.65040588378906,61.36546325683594
2015-04-17,18.430063247680664,67.98951721191406,75.33168029785156,60.834232330322266
2015-04-20,18.53087043762207,68.16181182861328,75.48509216308594,61.207763671875
2015-04-21,18.386455535888672,68.80814361572266,76.04000091552734,61.614479064941406
2015-04-22,18.430063247680664,68.8770980834961,75.9355697631836,61.714088439941406
2015-04-23,18.449129104614258,69.29069519042969,77.27061462402344,61.946510314941406
2015-04-24,18.473657608032227,68.92876434326172,76.3370590209961,61.74726104736328
2015-04-27,18.326519012451172,66.4901351928711,72.11968231201172,60.626708984375
2015-04-28,18.47910499572754,66.11959075927734,70.88581085205078,60.92555618286133
2015-04-29,18.47910499572754,65.82660675048828,70.42881774902344,60.369384765625
2015-04-30,18.217529296875,64.07730102539062,67.35066223144531,59.52275466918945
2015-05-01,18.386455535888672,65.4216079711914,69.58335876464844,60.32788848876953
2015-05-04,18.4464054107666,65.66284942626953,70.52345275878906,60.709716796875
2015-05-05,18.345590591430664,64.7839126586914,68.5257797241211,59.94607162475586
2015-05-06,18.329246520996094,64.69774627685547,70.14156341552734,59.71367645263672
2015-05-07,18.421884536743164,64.57708740234375,70.96415710449219,59.995872497558594
2015-05-08,18.53087043762207,65.6025390625,73.0662841796875,60.96703338623047
2015-05-11,18.569026947021484,66.14543151855469,73.6048812866211,61.000247955322266
2015-05-12,18.47910499572754,65.39573669433594,73.7615737915039,60.610111236572266
2015-05-13,18.484554290771484,65.34400939941406,73.26215362548828,60.67652893066406
2015-05-14,18.623512268066406,66.05062103271484,73.84318542480469,61.51487731933594
2015-05-15,18.54994773864746,66.07646179199219,73.86932373046875,61.639373779296875
2015-05-18,18.718883514404297,66.69694519042969,75.3218765258789,62.00457763671875
2015-05-19,18.748849868774414,66.87788391113281,75.43611907958984,62.29511642456055
2015-05-20,18.792451858520508,66.94682312011719,76.6242904663086,62.37812805175781
2015-05-21,18.72160530090332,67.07608032226562,76.199951171875,62.38643264770508
2015-05-22,18.669836044311523,66.98992156982422,76.4153823852539,62.23701477050781
2015-05-26,18.4464054107666,66.36087036132812,76.05960083007812,61.60614776611328
2015-05-27,18.571741104125977,66.94682312011719,77.32286834716797,62.32002258300781
2015-05-28,18.60171127319336,67.1880874633789,77.19881439208984,62.36152267456055
2015-05-29,18.481834411621094,67.01576232910156,77.74392700195312,62.20378494262695
2015-06-01,18.440956115722656,67.30011749267578,78.0279312133789,62.452823638916016
2015-06-02,18.533601760864258,67.08470153808594,77.92346954345703,62.04608917236328
2015-06-03,18.724327087402344,67.3345947265625,78.8015365600586,62.16231155395508
2015-06-04,18.54177474975586,66.87788391113281,78.23684692382812,61.73066711425781
2015-06-05,18.56085205078125,67.07608032226562,79.56863403320312,61.705787658691406
2015-06-08,18.421884536743164,66.70555114746094,79.63716125488281,61.398677825927734
2015-06-09,18.41916275024414,66.52456665039062,78.45226287841797,61.38204574584961
2015-06-10,18.879640579223633,67.11055755615234,79.0333251953125,62.13743209838867
2015-06-11,19.05130386352539,67.73097229003906,79.61759185791016,62.56072998046875
2015-06-12,18.97773551940918,67.03297424316406,78.3445816040039,61.788787841796875
2015-06-15,18.893260955810547,66.68830871582031,78.63507843017578,61.86346435546875
2015-06-16,19.05947494506836,67.20535278320312,78.81785583496094,62.17060089111328
2015-06-17,19.04857063293457,67.31736755371094,79.77428436279297,62.228721618652344
2015-06-18,19.231121063232422,68.68749237060547,82.02987670898438,63.10855484008789
2015-06-19,19.117128372192383,68.56489562988281,82.5556640625,63.05939865112305
2015-06-22,19.237415313720703,69.59214782714844,84.92306518554688,63.55085754394531
2015-06-23,19.316696166992188,69.97195434570312,84.80537414550781,63.675758361816406
2015-06-24,19.152667999267578,69.43677520751953,82.9676513671875,63.0344123840332
2015-06-25,18.99138069152832,69.29002380371094,82.26790618896484,63.38423538208008
2015-06-26,19.048786163330078,68.78072357177734,81.741455078125,63.292640686035156
2015-06-29,18.5457706451416,66.89029693603516,79.01106262207031,61.743408203125
2015-06-30,18.61138153076172,67.62400817871094,82.48045349121094,61.959964752197266
2015-07-01,19.00231170654297,67.69305419921875,81.49291229248047,62.62629699707031
2015-07-02,18.944900512695312,67.82254791259766,80.74738311767578,62.33479690551758
2015-07-06,18.944900512695312,68.20237731933594,81.85263061523438,62.309818267822266
2015-07-07,19.046045303344727,69.43677520751953,82.12403106689453,62.6096305847168
2015-07-08,18.797286987304688,67.94342041015625,79.0960922241211,61.535194396972656
2015-07-09,18.85196304321289,68.87566375732422,80.75066375732422,61.86836624145508
2015-07-10,19.097993850708008,69.79067993164062,82.58837127685547,62.70127868652344
2015-07-13,19.210081100463867,70.49851989746094,84.74652099609375,63.23432922363281
2015-07-14,19.267492294311523,71.45667266845703,86.55150604248047,63.867332458496094
2015-07-15,19.33036231994629,71.24949645996094,86.62342071533203,63.95063400268555
2015-07-16,19.420578002929688,71.88825988769531,88.05238342285156,64.25048065185547
2015-07-17,19.363168716430664,71.82787322998047,88.6376953125,64.10887908935547
2015-07-20,19.300296783447266,71.94872283935547,88.5919189453125,64.31713104248047
2015-07-21,19.303035736083984,71.73287963867188,87.09431457519531,64.03392791748047
2015-07-22,19.322160720825195,71.81922149658203,87.4834213256836,64.17549896240234
2015-07-23,19.272953033447266,71.47395324707031,86.6594009399414,63.94229507446289
2015-07-24,19.48891830444336,69.4713134765625,83.5072250366211,62.34313201904297
2015-07-27,19.368637084960938,69.23819732666016,82.33001708984375,62.284820556640625
2015-07-28,19.349496841430664,70.47260284423828,84.67127227783203,63.40924072265625
2015-07-29,19.587339401245117,70.07554626464844,82.80744171142578,63.517520904541016
2015-07-30,19.65567970275879,70.041015625,82.55237579345703,63.42591094970703
2015-07-31,19.601001739501953,70.48989868164062,83.52680969238281,63.792362213134766
2015-08-03,19.6666202545166,70.4207992553711,83.3044662475586,63.742393493652344
2015-08-04,19.622879028320312,70.17050170898438,83.41238403320312,63.70909881591797
2015-08-05,19.576404571533203,70.69702911376953,83.80148315429688,64.24213409423828
2015-08-06,19.43151092529297,68.75483703613281,79.55060577392578,62.84284591674805
2015-08-07,19.447912216186523,68.4699478149414,77.55921936035156,62.73461151123047
2015-08-10,19.743160247802734,68.97061157226562,78.32437896728516,63.242652893066406
2015-08-11,19.743160247802734,69.16917419433594,76.64691925048828,62.70958709716797
2015-08-12,19.625608444213867,68.98788452148438,77.2126235961914,62.75125503540039
2015-08-13,19.704891204833984,68.59942626953125,75.93407440185547,62.6096305847168
2015-08-14,19.85797691345215,68.69441223144531,74.80921936035156,62.78456115722656
2015-08-17,19.9235897064209,69.9029312133789,77.89928436279297,63.417564392089844
2015-08-18,19.931785583496094,70.90422821044922,75.98638916015625,63.32594299316406
2015-08-19,19.767763137817383,70.2481918334961,74.92366790771484,63.067726135253906
2015-08-20,19.41237449645996,67.82254791259766,70.87223052978516,61.60183334350586
2015-08-21,18.961307525634766,66.05299377441406,71.03245544433594,59.719444274902344
2015-08-24,18.28060531616211,62.28073501586914,67.24590301513672,57.17908477783203
2015-08-25,18.059165954589844,62.01313400268555,68.08299255371094,56.604393005371094
2015-08-26,18.430965423583984,64.53372955322266,71.60797882080078,58.99482345581055
2015-08-27,18.805482864379883,65.96665954589844,73.4293212890625,60.14425277709961
2015-08-28,18.712543487548828,65.8113021850586,74.89424133300781,59.80276107788086
2015-08-31,18.712543487548828,64.70637512207031,72.62162780761719,58.711647033691406
2015-09-01,18.28060531616211,63.23025894165039,70.47005462646484,57.17075729370117
2015-09-02,18.5457706451416,64.75816345214844,73.5045166015625,58.34515380859375
2015-09-03,18.60865020751953,63.9726448059082,71.33003234863281,57.9287109375
2015-09-04,18.327085494995117,63.57554626464844,71.50335693359375,57.20408630371094
2015-09-08,18.685197830200195,65.81991577148438,74.81575775146484,58.80326461791992
2015-09-09,18.548511505126953,64.64595031738281,72.83417510986328,57.89537811279297
2015-09-10,18.619590759277344,65.07755279541016,74.77325439453125,58.45343780517578
2015-09-11,18.712543487548828,65.4832534790039,76.02560424804688,58.8282470703125
2015-09-14,18.646923065185547,65.16384887695312,75.78038024902344,58.6450080871582
2015-09-15,18.84648895263672,66.07887268066406,76.53572082519531,59.48624801635742
2015-09-16,18.925765991210938,66.04432678222656,75.79999542236328,59.652828216552734
2015-09-17,18.786346435546875,67.03704833984375,78.24263763427734,60.194217681884766
2015-09-18,18.503036499023438,66.49778747558594,77.97760772705078,59.27554702758789
2015-09-21,18.684228897094727,64.59658813476562,73.77639770507812,58.48976135253906
2015-09-22,18.505783081054688,63.689247131347656,72.08806610107422,58.13032150268555
2015-09-23,18.500293731689453,64.11268615722656,72.00953674316406,58.071807861328125
2015-09-24,18.527738571166992,63.067047119140625,71.12608337402344,57.47829818725586
2015-09-25,18.648536682128906,60.465885162353516,66.25740051269531,55.90674591064453
2015-09-28,18.302629470825195,56.559844970703125,61.49668502807617,53.74169158935547
2015-09-29,18.39047622680664,55.350013732910156,58.91510772705078,54.234901428222656
2015-09-30,18.53598403930664,57.33760070800781,61.10405349731445,55.36341857910156
2015-10-01,18.46735191345215,57.97710418701172,61.280738830566406,55.92346954345703
2015-10-02,18.541471481323242,59.73135757446289,64.27456665039062,57.085411071777344
2015-10-05,18.8461971282959,59.73135757446289,64.78501892089844,57.23588562011719
2015-10-06,18.8461971282959,57.821533203125,62.05619812011719,55.890045166015625
2015-10-07,19.046602249145508,58.953582763671875,63.116310119628906,56.78447341918945
2015-10-08,19.22504234313965,59.20420455932617,62.478267669677734,56.95165252685547
2015-10-09,19.148174285888672,59.58445358276367,63.567848205566406,57.2108039855957
2015-10-12,19.192092895507812,59.54122543334961,62.80220413208008,57.36126708984375
2015-10-13,19.071306228637695,57.89065933227539,60.03411865234375,56.642364501953125
2015-10-14,18.91208267211914,57.899314880371094,60.68197250366211,56.53370666503906
2015-10-15,19.20581817626953,59.61037826538086,65.08928680419922,57.795955657958984
2015-10-16,19.279945373535156,60.241207122802734,64.8341064453125,58.314212799072266
2015-10-19,19.296419143676758,60.29305648803711,65.33467864990234,58.52320861816406
2015-10-20,19.430931091308594,58.01164627075195,63.12612533569336,57.60368728637695
2015-10-21,19.312885284423828,57.54499435424805,63.14576721191406,57.085411071777344
2015-10-22,19.452898025512695,57.21663284301758,63.008338928222656,56.742679595947266
2015-10-23,19.61486053466797,58.84126281738281,64.46110534667969,57.95477294921875
2015-10-26,19.576431274414062,59.2733268737793,64.67704010009766,58.18046951293945
2015-10-27,19.38974952697754,60.405418395996094,66.09054565429688,59.25044631958008
2015-10-28,19.774093627929688,61.814002990722656,67.78866577148438,59.74363327026367
2015-10-29,19.818012237548828,61.692996978759766,66.07090759277344,60.011165618896484
2015-10-30,19.532508850097656,60.92389678955078,65.4034194946289,59.634971618652344
2015-11-02,19.760364532470703,62.60039138793945,69.67333221435547,60.90557861328125
2015-11-03,19.752132415771484,62.90285110473633,70.30156707763672,60.6882438659668
2015-11-04,19.645063400268555,62.6954460144043,70.70401763916016,60.420745849609375
2015-11-05,19.73291015625,61.78807067871094,69.43775177001953,60.22849655151367
2015-11-06,19.925081253051758,61.762149810791016,69.39849090576172,59.97771072387695
2015-11-09,19.746639251708984,61.48558807373047,70.01690673828125,59.5179443359375
2015-11-10,19.820762634277344,62.06460189819336,69.77149963378906,59.9192008972168
2015-11-11,19.796049118041992,61.06217575073242,68.5346908569336,59.325679779052734
2015-11-12,19.408971786499023,59.83504867553711,67.06229400634766,58.297489166259766
2015-11-13,19.362302780151367,60.353553771972656,67.0132064819336,58.155391693115234
2015-11-16,19.565452575683594,61.2349967956543,66.89544677734375,58.88265609741211
2015-11-17,19.488584518432617,61.79671096801758,67.3862533569336,59.13341522216797
2015-11-18,19.779582977294922,63.55097579956055,69.37885284423828,60.28699493408203
2015-11-19,19.796049118041992,62.583126068115234,68.13224792480469,59.27554702758789
2015-11-20,19.86469268798828,62.88557815551758,68.29910278320312,59.78545379638672
2015-11-23,19.870174407958984,63.00657653808594,69.41812896728516,59.634971618652344
2015-11-24,19.88115119934082,63.30035400390625,69.6929931640625,59.818870544433594
2015-11-25,19.82899284362793,64.0608139038086,71.11625671386719,60.1448974609375
2015-11-27,19.87566375732422,63.965763092041016,71.28314208984375,60.261924743652344
2015-11-30,19.867431640625,63.369483947753906,70.95922088623047,59.442718505859375
2015-12-01,20.059598922729492,64.34601593017578,70.78254699707031,60.44581985473633
2015-12-02,19.883899688720703,63.879364013671875,70.38008880615234,59.9359016418457
2015-12-03,19.606626510620117,62.00409698486328,67.64144134521484,58.62351608276367
2015-12-04,19.982730865478516,63.51641845703125,68.99604797363281,60.002784729003906
2015-12-07,19.85370445251465,62.54853820800781,66.36537170410156,59.66843032836914
2015-12-08,19.656044006347656,63.369483947753906,67.78866577148438,59.802154541015625
2015-12-09,19.356813430786133,62.565834045410156,66.18870544433594,59.20029830932617
2015-12-10,19.323867797851562,63.52504348754883,66.89544677734375,59.643333435058594
2015-12-11,19.016393661499023,61.90042495727539,64.52000427246094,58.765625
2015-12-14,18.914823532104492,61.90904235839844,63.75435256958008,59.1501350402832
2015-12-15,19.167388916015625,63.188018798828125,65.5801010131836,59.9192008972168
2015-12-16,19.26347541809082,64.4065170288086,68.4561538696289,60.69660568237305
2015-12-17,18.977968215942383,63.49913024902344,67.70035552978516,60.04459762573242
2015-12-18,18.675312042236328,62.9178581237793,68.07316589355469,59.1740608215332
2015-12-21,18.86033058166504,63.239810943603516,68.8601303100586,59.71133041381836
2015-12-22,19.06191062927246,63.3560676574707,68.46664428710938,60.114253997802734
2015-12-23,19.274538040161133,63.910465240478516,69.5782699584961,60.76063919067383
2015-12-24,19.36842918395996,64.12125396728516,69.72581481933594,60.81940460205078
2015-12-28,19.34633445739746,63.839622497558594,68.584716796875,60.53399658203125
2015-12-29,19.528587341308594,64.74821472167969,70.37507629394531,61.27275848388672
2015-12-30,19.409849166870117,64.27572631835938,69.7061538696289,61.01250457763672
2015-12-31,19.19169807434082,63.57609939575195,69.056884765625,60.46684646606445
2016-01-04,18.871381759643555,62.040523529052734,66.72549438476562,59.37553787231445
2016-01-05,18.95421600341797,62.55845260620117,66.12541198730469,59.66096115112305
2016-01-06,18.65599250793457,61.98603439331055,63.30213928222656,59.1740608215332
2016-01-07,18.233488082885742,60.02338790893555,60.8133430480957,57.97361373901367
2016-01-08,18.054006576538086,58.88761901855469,59.52468490600586,57.10056686401367
2016-01-11,18.023632049560547,57.61555862426758,56.20954895019531,56.42060470581055
2016-01-12,18.078855514526367,58.07894515991211,57.862213134765625,57.142547607421875
2016-01-13,17.747488021850586,56.079978942871094,53.8486442565918,55.446815490722656
2016-01-14,17.92145538330078,58.160728454589844,55.93410873413086,56.93267059326172
2016-01-15,17.66740608215332,57.261199951171875,54.20277786254883,56.135189056396484
2016-01-19,17.584571838378906,56.44342803955078,51.99924850463867,56.12679672241211
2016-01-20,17.3415584564209,57.39749526977539,54.24211502075195,56.235923767089844
2016-01-21,17.358137130737305,57.17942810058594,52.855079650878906,56.06802749633789
2016-01-22,17.65912628173828,58.78767013549805,54.40934371948242,56.95787048339844
2016-01-25,17.347078323364258,57.6428108215332,53.60270309448242,56.42900085449219
2016-01-26,17.576284408569336,58.2515869140625,53.2288818359375,56.85713195800781
2016-01-27,17.532100677490234,56.488853454589844,50.808956146240234,56.21073532104492
2016-01-28,17.7281551361084,54.72614288330078,48.900550842285156,54.901180267333984
2016-01-29,18.12027931213379,55.74380874633789,49.72685241699219,55.799400329589844
2016-02-01,18.078855514526367,55.79830551147461,50.13018035888672,55.883338928222656
2016-02-02,17.764055252075195,54.75340270996094,48.339820861816406,55.07746505737305
2016-02-03,17.772342681884766,55.053253173828125,48.56607437133789,55.43842697143555
2016-02-04,17.775100708007812,55.271305084228516,49.55963134765625,55.1362190246582
2016-02-05,17.65359878540039,54.044681549072266,47.70041275024414,54.061702728271484
2016-02-08,17.48239517211914,52.8543815612793,45.06405258178711,53.32297134399414
2016-02-09,17.45201873779297,53.43590545654297,45.132911682128906,53.71751403808594
2016-02-10,17.366416931152344,53.44499969482422,45.300140380859375,54.19601058959961
2016-02-11,17.007434844970703,52.045719146728516,44.9853401184082,53.32297134399414
2016-02-12,17.465829849243164,52.836219787597656,46.28386688232422,54.03651428222656
2016-02-16,17.65359878540039,54.16281509399414,48.17259216308594,55.05228042602539
2016-02-17,17.888320922851562,55.62569046020508,50.12034606933594,55.7490348815918
2016-02-18,17.915931701660156,54.58076477050781,48.36933898925781,55.40483856201172
2016-02-19,17.92697525024414,54.489898681640625,49.30385971069336,55.34608840942383
2016-02-22,18.051246643066406,55.08050537109375,49.8350715637207,56.135189056396484
2016-02-23,17.8524169921875,54.353607177734375,47.45448303222656,55.71543884277344
2016-02-24,17.899364471435547,54.55350875854492,47.96600341796875,55.90013122558594
2016-02-25,18.106468200683594,55.18954849243164,47.75942611694336,56.596900939941406
2016-02-26,18.139604568481445,55.22587585449219,48.59558868408203,56.49616241455078
2016-02-29,17.965639114379883,53.7902717590332,47.12002182006836,55.59793472290039
2016-03-01,18.426794052124023,55.071414947509766,49.39239501953125,56.78995132446289
2016-03-02,18.523435592651367,55.480289459228516,51.448368072509766,56.88230895996094
2016-03-03,18.622848510742188,55.216796875,50.877811431884766,56.72279739379883
2016-03-04,18.65599250793457,54.926029205322266,51.0942268371582,56.5884895324707
2016-03-07,18.6615047454834,55.75288009643555,52.92393112182617,57.041805267333984
2016-03-08,18.443355560302734,54.51716232299805,50.15970993041992,56.345054626464844
2016-03-09,18.504104614257812,54.58076477050781,49.69735336303711,56.44577407836914
2016-03-10,18.509632110595703,54.571685791015625,48.84152603149414,56.479373931884766
2016-03-11,18.951452255249023,55.970947265625,50.474491119384766,57.579078674316406
2016-03-14,18.86862564086914,55.80739212036133,51.054874420166016,57.33561706542969
2016-03-15,18.84376335144043,53.817527770996094,48.10372543334961,56.44577407836914
2016-03-16,18.932125091552734,53.42683029174805,47.523338317871094,56.31144714355469
2016-03-17,19.18341827392578,52.454593658447266,47.670894622802734,55.65668487548828
2016-03-18,19.259634017944336,52.970863342285156,48.90005874633789,56.311279296875
2016-03-21,19.306766510009766,53.50711441040039,50.062217712402344,56.639862060546875
2016-03-22,19.24578094482422,55.197654724121094,51.70699691772461,57.2043342590332
2016-03-23,19.10164451599121,54.125160217285156,49.11672592163086,56.7999382019043
2016-03-24,18.88543128967285,53.97972106933594,49.29399871826172,56.774681091308594
2016-03-28,19.068374633789062,53.38895034790039,48.65382385253906,56.61458206176758
2016-03-29,19.148759841918945,54.87955093383789,49.816001892089844,57.271724700927734
2016-03-30,19.284589767456055,54.506893157958984,49.412193298339844,57.280155181884766
2016-03-31,19.193115234375,54.60687255859375,50.87968444824219,57.10323715209961
2016-04-01,19.381607055664062,55.697566986083984,52.35702133178711,57.7519416809082
2016-04-04,19.151535034179688,55.89753341674805,53.05629348754883,58.44279861450195
2016-04-05,18.893735885620117,55.2522087097168,52.99721145629883,57.684539794921875
2016-04-06,18.879884719848633,57.34266662597656,56.72010803222656,59.23469924926758
2016-04-07,18.605453491210938,57.197261810302734,55.95189666748047,58.58598327636719
2016-04-08,18.674760818481445,57.13363265991211,54.996543884277344,58.42592239379883
2016-04-11,18.71634292602539,56.35197448730469,53.63739013671875,57.97939682006836
2016-04-12,18.985212326049805,56.470130920410156,54.159393310546875,58.451175689697266
2016-04-13,19.290132522583008,57.451744079589844,55.469295501708984,58.998802185058594
2016-04-14,19.267967224121094,57.65170669555664,55.80415344238281,59.032508850097656
2016-04-15,19.27904510498047,57.55172348022461,55.725372314453125,58.9903678894043
2016-04-18,19.381607055664062,58.22430419921875,56.50343322753906,59.53799819946289
2016-04-19,19.439817428588867,58.54243087768555,55.42005157470703,59.74860763549805
2016-04-20,19.57564926147461,58.59697341918945,55.469295501708984,60.06874465942383
2016-04-21,19.27627944946289,59.59675979614258,56.53298568725586,60.422584533691406
2016-04-22,19.475858688354492,59.66945266723633,56.98603439331055,60.54897689819336
2016-04-25,19.38438606262207,58.67876434326172,56.7299690246582,60.313053131103516
2016-04-26,19.467540740966797,58.31519317626953,55.203365325927734,60.085601806640625
2016-04-27,19.49802589416504,58.06978988647461,54.60258865356445,60.018192291259766
2016-04-28,19.23192024230957,57.7335090637207,54.326812744140625,59.73175048828125
2016-04-29,19.353883743286133,56.479217529296875,53.11540985107422,58.79661560058594
2016-05-02,19.636634826660156,56.82460403442383,54.16923141479492,59.13359832763672
2016-05-03,19.542387008666992,56.44285583496094,52.140342712402344,58.94826126098633
2016-05-04,19.42873191833496,55.37944412231445,49.97357177734375,58.3838005065918
2016-05-05,19.49802589416504,55.14311981201172,49.697811126708984,58.62810134887695
2016-05-06,19.473081588745117,54.016090393066406,49.59931945800781,58.28270721435547
2016-05-09,19.50079917907715,55.161319732666016,51.43122482299805,58.94826126098633
2016-05-10,19.77800178527832,55.61575698852539,51.628204345703125,59.44532775878906
2016-05-11,19.642175674438477,54.79774856567383,49.84554672241211,58.72921371459961
2016-05-12,19.717010498046875,54.33421325683594,48.80155944824219,58.3838005065918
2016-05-13,19.622774124145508,54.525081634521484,49.678104400634766,58.249000549316406
2016-05-16,19.6671199798584,55.70664978027344,51.913818359375,59.04090881347656
2016-05-17,19.52574920654297,55.697566986083984,51.51002502441406,58.42592239379883
2016-05-18,19.863935470581055,56.23381423950195,52.43581771850586,58.67023468017578
2016-05-19,19.703157424926758,55.633934020996094,51.88427734375,58.173179626464844
2016-05-20,19.894424438476562,56.67008590698242,53.26312255859375,58.71235656738281
2016-05-23,19.802949905395508,56.588279724121094,53.98210525512695,58.476463317871094
2016-05-24,20.09954833984375,57.71531677246094,55.03594207763672,59.31895065307617
2016-05-25,20.14389991760254,58.142513275146484,55.932212829589844,59.689640045166016
2016-05-26,20.055194854736328,57.90620040893555,55.37080383300781,59.69806671142578
2016-05-27,20.221519470214844,58.31519317626953,55.98143768310547,59.96765899658203
2016-05-31,20.25200843811035,58.82419204711914,57.17316436767578,60.11085891723633
2016-06-01,20.260326385498047,58.98777770996094,57.291343688964844,60.32992172241211
2016-06-02,20.265867233276367,59.542232513427734,58.936126708984375,61.10502243041992
2016-06-03,20.055194854736328,59.03323745727539,57.22240447998047,60.902793884277344
2016-06-06,20.132814407348633,59.73310089111328,58.76869583129883,61.23136520385742
2016-06-07,20.116180419921875,59.36042785644531,57.73454666137695,60.85226058959961
2016-06-08,20.18825912475586,59.44224166870117,57.80350112915039,61.062904357910156
2016-06-09,20.094009399414062,59.03323745727539,56.10947799682617,60.96174240112305
2016-06-10,19.86948013305664,57.99708557128906,54.829105377197266,60.47315216064453
2016-06-13,19.614452362060547,57.58808135986328,53.913169860839844,59.99296188354492
2016-06-14,19.467540740966797,58.26975631713867,53.67678451538086,60.085601806640625
2016-06-15,19.373292922973633,57.82439422607422,53.913169860839844,59.67279815673828
2016-06-16,19.456449508666992,57.878936767578125,54.031341552734375,59.8834114074707
2016-06-17,19.45366859436035,57.01213073730469,52.60796356201172,59.26167297363281
2016-06-20,19.584468841552734,57.376712799072266,53.386688232421875,59.63387680053711
2016-06-21,19.679101943969727,56.65666961669922,52.43052673339844,59.43086624145508
2016-06-22,19.695798873901367,56.86629867553711,52.538963317871094,59.600032806396484
2016-06-23,20.07151222229004,57.76865005493164,53.741554260253906,60.378238677978516
2016-06-24,19.086307525634766,55.808998107910156,51.13924026489258,58.62728500366211
2016-06-27,18.487947463989258,54.7243537902832,48.97066116333008,57.84062576293945
2016-06-28,18.922100067138672,56.428794860839844,51.25752639770508,58.965633392333984
2016-06-29,19.31451416015625,57.413169860839844,53.288116455078125,60.09064865112305
2016-06-30,19.790420532226562,57.75040817260742,53.307830810546875,60.65737533569336
2016-07-01,19.737537384033203,58.424896240234375,55.01313781738281,61.03801727294922
2016-07-05,19.395227432250977,58.12412643432617,54.323143005371094,60.978797912597656
2016-07-06,19.448102951049805,59.09027862548828,55.77213668823242,61.6639518737793
2016-07-07,19.42584228515625,58.880615234375,56.25513458251953,61.5709342956543
2016-07-08,19.731979370117188,59.6553840637207,56.7677116394043,62.33222961425781
2016-07-11,19.81546401977539,60.05642318725586,56.55085372924805,62.163021087646484
2016-07-12,19.94627571105957,60.439231872558594,57.10285568237305,62.467525482177734
2016-07-13,19.915653228759766,59.7374153137207,55.4271354675293,62.44215393066406
2016-07-14,20.03811264038086,60.238712310791016,55.367984771728516,62.71283721923828
2016-07-15,19.98801612854004,60.357200622558594,56.31427001953125,62.66210174560547
2016-07-18,19.932353973388672,60.266056060791016,56.6888542175293,62.687461853027344
2016-07-19,19.91844367980957,59.63713836669922,55.62427520751953,62.5521354675293
2016-07-20,19.9991512298584,60.80382537841797,57.497154235839844,63.11886978149414
2016-07-21,19.954618453979492,60.94966125488281,58.05900192260742,63.30495071411133
2016-07-22,20.121612548828125,61.05902862548828,58.45329284667969,63.43180465698242
2016-07-25,20.06594467163086,61.23220443725586,58.65044021606445,63.36415100097656
2016-07-26,20.077072143554688,60.97701644897461,59.025020599365234,63.25420379638672
2016-07-27,20.021411895751953,62.0616569519043,60.740169525146484,63.54180908203125
2016-07-28,20.11882972717285,61.842891693115234,60.4444465637207,63.48259353637695
2016-07-29,20.007505416870117,61.742637634277344,61.18374252319336,63.60946273803711
2016-08-01,19.907306671142578,62.316856384277344,62.662330627441406,64.01546478271484
2016-08-02,19.82938575744629,62.0616569519043,62.1004753112793,63.77017593383789
2016-08-03,20.085426330566406,62.49001693725586,63.46076202392578,63.592552185058594
2016-08-04,19.965749740600586,62.216575622558594,62.59333038330078,63.499488830566406
2016-08-05,20.230144500732422,62.09810256958008,63.27348327636719,63.651756286621094
2016-08-08,20.274677276611328,61.40538787841797,62.08074951171875,63.11039733886719
2016-08-09,20.31085777282715,61.296024322509766,62.021610260009766,63.26264572143555
2016-08-10,20.24127769470215,60.13845443725586,60.089599609375,63.05118942260742
2016-08-11,20.24127769470215,60.38456726074219,61.0753173828125,63.4149169921875
2016-08-12,20.14108657836914,60.45746994018555,61.62732696533203,63.25420379638672
2016-08-15,20.274677276611328,60.91318893432617,62.445465087890625,63.36415100097656
2016-08-16,20.221797943115234,60.357200622558594,61.40061950683594,62.797447204589844
2016-08-17,20.21623420715332,60.266056060791016,61.0753173828125,62.9243049621582
2016-08-18,20.285816192626953,60.266056060791016,61.32174301147461,62.949684143066406
2016-08-19,20.2774600982666,60.18404006958008,60.966880798339844,62.89892578125
2016-08-22,20.305288314819336,60.44834899902344,62.59333038330078,63.02580261230469
2016-08-23,20.308074951171875,60.676231384277344,62.869327545166016,63.08502960205078
2016-08-24,20.34147071838379,59.61893081665039,60.16844940185547,62.095359802246094
2016-08-25,20.491758346557617,58.871498107910156,59.52773666381836,61.5709342956543
2016-08-26,20.491758346557617,59.14495849609375,60.22760009765625,61.807769775390625
2016-08-29,20.717185974121094,59.14495849609375,60.16844940185547,61.943119049072266
2016-08-30,20.85912322998047,58.980892181396484,59.99101257324219,61.73160934448242
2016-08-31,20.839637756347656,58.63453674316406,59.23200988769531,61.54555892944336
2016-09-01,20.75615119934082,58.4704704284668,59.47844696044922,61.38482666015625
2016-09-02,20.911998748779297,58.08766174316406,59.291160583496094,61.45247268676758
2016-09-06,20.881389617919922,58.63453674316406,60.84859848022461,61.67242431640625
2016-09-07,20.953750610351562,58.83506393432617,61.81460189819336,61.67242431640625
2016-09-08,20.861906051635742,59.18141555786133,62.63276290893555,61.72316360473633
2016-09-09,20.5529842376709,58.29730224609375,60.375450134277344,60.48820877075195
2016-09-12,20.75615119934082,59.56422424316406,62.55389404296875,61.38482666015625
2016-09-13,20.519590377807617,58.78948974609375,61.479461669921875,60.56431198120117
2016-09-14,20.405481338500977,59.04468536376953,62.98762130737305,60.56431198120117
2016-09-15,20.61699104309082,59.7374153137207,64.0029067993164,61.190284729003906
2016-09-16,20.400470733642578,57.86311340332031,63.8165168762207,61.23188018798828
2016-09-19,20.515018463134766,57.73529815673828,64.98023223876953,61.0111083984375
2016-09-20,20.52898597717285,57.9726676940918,66.5778579711914,61.19790267944336
2016-09-21,20.802778244018555,58.54782485961914,67.33723449707031,61.8093147277832
2016-09-22,20.917327880859375,58.87648391723633,67.879638671875,62.27632141113281
2016-09-23,20.65750503540039,58.74866485595703,67.19915008544922,62.08102035522461
2016-09-26,20.461942672729492,57.57096481323242,66.83426666259766,61.35926055908203
2016-09-27,20.61280059814453,57.57096481323242,67.80074310302734,61.79231643676758
2016-09-28,20.794401168823242,57.31533432006836,66.86386108398438,61.69891357421875
2016-09-29,20.55692481994629,55.83634948730469,64.61532592773438,60.61201095581055
2016-09-30,20.70220184326172,56.27457809448242,65.37470245361328,61.23188018798828
2016-10-03,20.59324073791504,56.47542190551758,65.2662124633789,61.180938720703125
2016-10-04,20.83350944519043,56.393253326416016,64.75341033935547,61.06205749511719
2016-10-05,21.001140594482422,56.95015335083008,65.79875946044922,61.299800872802734
2016-10-06,20.950857162475586,56.219783782958984,63.7672119140625,61.070533752441406
2016-10-07,21.04863929748535,55.8546028137207,63.26425552368164,61.0280647277832
2016-10-10,21.174358367919922,56.43888473510742,64.61532592773438,61.308311462402344
2016-10-11,21.009521484375,55.12423324584961,62.564056396484375,59.77134704589844
2016-10-12,21.19391632080078,54.30257797241211,60.42401885986328,59.49113845825195
2016-10-13,21.07937240600586,54.53081512451172,60.49304962158203,59.5166015625
2016-10-14,21.182741165161133,53.79133224487305,58.73762893676758,59.11750411987305
2016-10-17,21.154808044433594,53.41701889038086,58.25438690185547,58.922203063964844
2016-10-18,21.163179397583008,53.98305130004883,59.063072204589844,59.626991271972656
2016-10-19,21.160390853881836,53.80046463012695,58.00783920288086,59.40623092651367
2016-10-20,20.872623443603516,54.0286865234375,59.063072204589844,59.68645095825195
2016-10-21,20.763669967651367,53.60873794555664,58.905277252197266,59.193931579589844
2016-10-24,20.760875701904297,53.4717903137207,58.333290100097656,59.08354568481445
2016-10-25,20.6882381439209,53.462669372558594,57.859920501708984,58.91371154785156
2016-10-26,20.758079528808594,53.22529602050781,57.18931579589844,58.55706787109375
2016-10-27,20.668678283691406,53.21616744995117,56.341163635253906,58.82879638671875
2016-10-28,20.646331787109375,52.093231201171875,56.0551872253418,57.555076599121094
2016-10-31,20.758079528808594,51.49980545043945,55.37471008300781,57.19845199584961
2016-11-01,20.596038818359375,51.81020736694336,56.0551872253418,56.89273452758789
2016-11-02,20.565303802490234,51.23503875732422,54.65480041503906,56.595550537109375
2016-11-03,20.61280059814453,49.04396057128906,52.57394027709961,56.06058120727539
2016-11-04,20.52340316772461,49.829097747802734,54.11238098144531,56.451175689697266
2016-11-07,20.84469223022461,51.052459716796875,56.548274993896484,57.894737243652344
2016-11-08,20.989973068237305,50.69640350341797,56.99207305908203,58.056087493896484
2016-11-09,21.414627075195312,53.26181411743164,62.89935302734375,60.102516174316406
2016-11-10,21.911922454833984,54.083473205566406,64.88162231445312,60.76483154296875
2016-11-11,22.06000328063965,53.973915100097656,65.29580688476562,59.856266021728516
2016-11-14,22.350563049316406,54.09260177612305,67.18928527832031,59.6694450378418
2016-11-15,22.34777069091797,54.09260177612305,66.77509307861328,59.83929443359375
2016-11-16,22.208070755004883,53.38962936401367,64.60547637939453,59.58454895019531
2016-11-17,22.417606353759766,53.672637939453125,65.56209564208984,59.82231140136719
2016-11-18,22.453933715820312,53.05183410644531,65.0689926147461,59.18543243408203
2016-11-21,22.526569366455078,53.033565521240234,65.44375610351562,59.397705078125
2016-11-22,22.537744522094727,52.20278549194336,63.737632751464844,58.54008865356445
2016-11-23,22.67464256286621,52.367130279541016,64.83230590820312,58.76935958862305
2016-11-25,22.733312606811523,52.49494171142578,65.48316955566406,58.99863815307617
2016-11-28,22.551713943481445,51.974544525146484,63.46148681640625,58.55706787109375
2016-11-29,22.56847381591797,51.737178802490234,63.67844772338867,58.93918228149414
2016-11-30,22.548917770385742,51.143760681152344,61.80467987060547,58.378753662109375
2016-12-01,22.64949607849121,50.44078063964844,60.29581832885742,57.95417404174805
2016-12-02,22.5433349609375,50.6142463684082,60.956565856933594,58.09004211425781
2016-12-05,22.666259765625,50.71467590332031,62.33723831176758,57.988162994384766
2016-12-06,22.878589630126953,50.632511138916016,63.49107360839844,58.14949417114258
2016-12-07,23.065776824951172,49.874752044677734,60.936832427978516,57.64849090576172
2016-12-08,23.24178695678711,50.0025634765625,61.242549896240234,57.75888442993164
2016-12-09,23.286487579345703,50.72380065917969,61.04532241821289,58.463680267333984
2016-12-12,23.286487579345703,50.897247314453125,60.13801956176758,58.74388885498047
2016-12-13,23.320018768310547,51.71892547607422,60.06898880004883,59.219417572021484
2016-12-14,23.152387619018555,51.481544494628906,60.05912780761719,58.91371154785156
2016-12-15,23.2334041595459,51.846736907958984,61.08476638793945,59.29582214355469
2016-12-16,23.136211395263672,51.8714714050293,61.11237716674805,59.342742919921875
2016-12-19,23.360946655273438,51.624080657958984,60.18510055541992,59.09540939331055
2016-12-20,23.507017135620117,51.825653076171875,60.895362854003906,59.05278015136719
2016-12-21,23.537919998168945,51.605751037597656,59.64252853393555,58.72014236450195
2016-12-22,23.507017135620117,51.156761169433594,58.665916442871094,58.79690170288086
2016-12-23,23.515451431274414,51.77984619140625,60.69805908203125,59.240386962890625
2016-12-27,23.49016761779785,51.74317932128906,60.12590789794922,59.359806060791016
2016-12-28,23.30475616455078,51.138427734375,59.31700134277344,58.90777587890625
2016-12-29,23.29914093017578,51.17509460449219,58.85334396362305,59.0101203918457
2016-12-30,23.30194854736328,51.34001541137695,58.38970184326172,58.79690170288086
2017-01-03,23.36656379699707,52.448734283447266,58.78429412841797,59.564476013183594
2017-01-04,23.566015243530273,53.42917251586914,61.49711227416992,60.0335578918457
2017-01-05,23.43678855895996,53.55744934082031,61.6253547668457,60.340606689453125
2017-01-06,23.515451431274414,53.236759185791016,62.49345016479492,60.51116180419922
2017-01-09,23.254192352294922,53.33753967285156,64.47626495361328,60.76705551147461
2017-01-10,23.372177124023438,53.1634407043457,64.86100769042969,60.98025131225586
2017-01-11,23.433982849121094,52.0089111328125,62.63157272338867,60.36619567871094
2017-01-12,23.265432357788086,51.981414794921875,63.608192443847656,60.425899505615234
2017-01-13,23.360946655273438,52.155521392822266,64.12113952636719,60.485595703125
2017-01-17,23.209251403808594,51.48662185668945,62.57236862182617,60.178524017333984
2017-01-18,23.43678855895996,51.44997024536133,63.37142562866211,60.10179901123047
2017-01-19,23.330045700073242,50.92768859863281,62.75979995727539,59.717994689941406
2017-01-20,23.341279983520508,50.63446807861328,62.296173095703125,59.564476013183594
2017-01-23,23.282285690307617,50.30461502075195,61.516849517822266,59.317142486572266
2017-01-24,23.380599975585938,49.883113861083984,61.59576416015625,58.90777587890625
2017-01-25,23.6221923828125,50.295440673828125,61.93116760253906,59.4621467590332
2017-01-26,23.706466674804688,50.02056121826172,61.783203125,59.001590728759766
2017-01-27,23.61376953125,50.432884216308594,62.56251907348633,59.48772430419922
2017-01-30,23.433982849121094,50.06636428833008,61.47737503051758,59.1977424621582
2017-01-31,23.41150665283203,51.30337905883789,64.02252197265625,60.14445114135742
2017-02-01,23.43678855895996,51.94477081298828,64.08169555664062,60.66469955444336
2017-02-02,23.574434280395508,52.48539733886719,64.22966766357422,60.647640228271484
2017-02-03,23.77669906616211,53.1634407043457,65.08789825439453,60.912025451660156
2017-02-06,23.73737144470215,53.38335418701172,64.97938537597656,60.98025131225586
2017-02-07,23.72332000732422,53.154296875,64.43682098388672,61.039939880371094
2017-02-08,23.700849533081055,53.25506591796875,64.99911499023438,60.94613265991211
2017-02-09,23.88063621520996,53.6124382019043,66.16314697265625,61.16786193847656
2017-02-10,24.026714324951172,53.749874114990234,65.84748077392578,61.287269592285156
2017-02-13,24.195261001586914,54.06142044067383,66.07437896728516,61.662567138671875
2017-02-14,24.299196243286133,54.76696014404297,67.07072448730469,62.1486701965332
2017-02-15,24.408756256103516,55.81153869628906,68.1755599975586,62.82246780395508
2017-02-16,24.52674102783203,55.63744354248047,67.76126861572266,62.737178802490234
2017-02-17,24.487411499023438,55.72907257080078,68.51099395751953,62.82246780395508
2017-02-21,24.532360076904297,55.68326950073242,68.0769271850586,63.10389709472656
2017-02-22,24.56888198852539,55.71073532104492,66.8734359741211,63.01009750366211
2017-02-23,24.67000389099121,56.00396728515625,66.2322006225586,63.47063446044922
2017-02-24,24.61663055419922,55.87568283081055,66.33086395263672,63.77766799926758
2017-02-27,24.507078170776367,56.47127151489258,69.52706909179688,64.0846939086914
2017-02-28,24.535167694091797,55.75655746459961,69.26069641113281,63.956748962402344
2017-03-01,24.91440773010254,55.39920425415039,70.50366973876953,64.59642791748047
2017-03-02,24.636295318603516,55.40837097167969,69.64544677734375,64.39175415039062
2017-03-03,24.672813415527344,55.28008270263672,70.38528442382812,64.64762115478516
2017-03-06,24.501455307006836,54.65700912475586,69.77368927001953,64.40025329589844
2017-03-07,24.43684959411621,54.171390533447266,68.64909362792969,63.94823455810547
2017-03-08,24.39189910888672,54.794456481933594,69.65531158447266,64.20409393310547
2017-03-09,24.40032958984375,55.041847229003906,70.00057220458984,64.55378723144531
2017-03-10,24.512691497802734,55.16097640991211,70.53326416015625,64.80110931396484
2017-03-13,24.52674102783203,55.00520706176758,70.66151428222656,64.74993133544922
2017-03-14,24.518310546875,54.53789138793945,69.88218688964844,64.51115417480469
2017-03-15,24.61943817138672,55.307586669921875,71.34220886230469,65.32135009765625
2017-03-16,24.605396270751953,54.98687744140625,70.49378204345703,64.69023132324219
2017-03-17,24.515775680541992,54.19561767578125,70.07938385009766,64.33416748046875
2017-03-20,24.372047424316406,54.0764274597168,70.19779968261719,64.24000549316406
2017-03-21,23.99722671508789,53.46213150024414,66.862548828125,63.734989166259766
2017-03-22,24.002859115600586,53.52631378173828,67.5137939453125,63.75212478637695
2017-03-23,24.039493560791016,53.544654846191406,67.25724792480469,63.55522155761719
2017-03-24,23.974679946899414,53.65468215942383,67.8098373413086,63.589447021484375
2017-03-27,23.952133178710938,54.599037170410156,68.8261947631836,63.76066970825195
2017-03-28,24.177583694458008,54.69072723388672,68.39202880859375,63.80345916748047
2017-03-29,24.042320251464844,54.516517639160156,68.80645751953125,63.820594787597656
2017-03-30,24.25368309020996,54.18644332885742,68.33280181884766,63.82913589477539
2017-03-31,24.21986198425293,53.87471389770508,68.42162322998047,63.649375915527344
2017-04-03,24.093046188354492,53.52631378173828,67.4052505493164,63.70074462890625
2017-04-04,24.262136459350586,53.388790130615234,67.43486022949219,63.666507720947266
2017-04-05,24.019777297973633,53.122901916503906,66.04353332519531,63.46963119506836
2017-04-06,24.090221405029297,53.52631378173828,65.9547348022461,63.5809211730957
2017-04-07,24.045137405395508,54.754905700683594,66.42837524414062,63.69222640991211
2017-04-10,24.138134002685547,55.268341064453125,66.41850280761719,63.572330474853516
2017-04-11,24.093046188354492,55.25918197631836,66.23101806640625,63.48676681518555
2017-04-12,23.890132904052734,55.12166213989258,66.54678344726562,63.48676681518555
2017-04-13,23.656213760375977,54.93828582763672,67.5631332397461,63.32414627075195
2017-04-17,23.95777130126953,54.80074691772461,67.89864349365234,63.55522155761719
2017-04-18,23.878856658935547,54.29648208618164,66.95135498046875,62.86190414428711
2017-04-19,23.84221839904785,54.26897048950195,67.18817901611328,63.05022048950195
2017-04-20,24.03386116027832,54.58070373535156,67.69143676757812,63.4439697265625
2017-04-21,23.915494918823242,54.19561767578125,67.07964324951172,63.06733322143555
2017-04-24,24.208585739135742,54.49818420410156,68.24400329589844,63.69222640991211
2017-04-25,24.41150665283203,54.89244079589844,69.64521026611328,63.96609878540039
2017-04-26,24.479141235351562,55.616756439208984,69.61559295654297,64.3170394897461
2017-04-27,24.611600875854492,55.616756439208984,70.24711608886719,64.45399475097656
2017-04-28,24.355140686035156,55.60759353637695,70.4937973022461,64.62519836425781
2017-05-01,24.35795783996582,55.64426040649414,71.17465209960938,64.77069091796875
2017-05-02,24.270593643188477,55.845970153808594,69.9609603881836,64.95040893554688
2017-05-03,24.32977867126465,54.69989776611328,69.54653930664062,64.63374328613281
2017-05-04,24.4763240814209,54.93828582763672,69.7833480834961,65.06173706054688
2017-05-05,24.501689910888672,54.984127044677734,69.22089385986328,65.02751159667969
2017-05-08,24.403047561645508,54.42483901977539,67.34605407714844,64.62519836425781
2017-05-09,24.124042510986328,55.25001525878906,68.43148803710938,64.70221710205078
2017-05-10,24.157861709594727,55.22251510620117,68.27359771728516,64.51392364501953
2017-05-11,24.070499420166016,55.52507400512695,68.1749267578125,64.54814910888672
2017-05-12,23.912675857543945,55.52507400512695,69.10247802734375,64.43685913085938
2017-05-15,24.070499420166016,55.405879974365234,69.29985046386719,64.8563003540039
2017-05-16,24.087406158447266,55.11248779296875,69.7438735961914,64.60807037353516
2017-05-17,23.774587631225586,54.0764274597168,67.66181945800781,63.76066970825195
2017-05-18,23.856311798095703,53.865562438964844,69.0728759765625,64.04313659667969
2017-05-19,23.87604331970215,53.81053924560547,68.22427368164062,64.22286987304688
2017-05-22,23.977495193481445,53.773868560791016,68.68803405761719,64.39408111572266
2017-05-23,24.078950881958008,54.00308609008789,68.7275161743164,64.60807037353516
2017-05-24,24.121227264404297,54.0764274597168,69.17155456542969,64.77069091796875
2017-05-25,24.315685272216797,54.20478439331055,68.83607482910156,65.0788345336914
2017-05-26,24.298770904541016,53.76469039916992,67.8098373413086,64.95902252197266
2017-05-30,24.22831916809082,53.260433197021484,66.56654357910156,64.86483001708984
2017-05-31,24.37486457824707,53.76469039916992,66.8132095336914,65.12165832519531
2017-06-01,24.659507751464844,54.49818420410156,68.65843963623047,65.84066772460938
2017-06-02,24.608779907226562,54.782413482666016,70.15830993652344,66.2686538696289
2017-06-05,24.425596237182617,54.35148239135742,69.72412872314453,66.080322265625
2017-06-06,24.186044692993164,54.20478439331055,69.72412872314453,65.91769409179688
2017-06-07,24.217041015625,54.42483901977539,69.89188385009766,66.0974349975586
2017-06-08,24.448143005371094,54.87410354614258,70.67144012451172,65.90910339355469
2017-06-09,24.715869903564453,54.83742904663086,70.40499877929688,66.35421752929688
2017-06-12,24.789146423339844,54.626548767089844,70.31617736816406,66.2686538696289
2017-06-13,24.859601974487305,54.6448860168457,71.11547088623047,66.40558624267578
2017-06-14,24.958240509033203,54.71823501586914,71.57923126220703,66.72228240966797
2017-06-15,25.01742935180664,54.35148239135742,70.60235595703125,66.65380859375
2017-06-16,25.106536865234375,54.375396728515625,70.76045989990234,66.76380157470703
2017-06-19,25.117847442626953,55.359031677246094,73.29045104980469,67.45988464355469
2017-06-20,24.95659828186035,55.82784652709961,74.100830078125,67.68331909179688
2017-06-21,24.721805572509766,57.32628631591797,77.58944702148438,68.54266357421875
2017-06-22,24.61713218688965,58.39262771606445,78.27136993408203,69.25596618652344
2017-06-23,24.5916748046875,58.57650375366211,79.36833953857422,69.15283203125
2017-06-26,24.70199966430664,58.82470703125,79.16079711914062,69.0840835571289
2017-06-27,24.704830169677734,57.57448196411133,76.3639907836914,68.45674133300781
2017-06-28,25.01317596435547,58.355865478515625,78.3108901977539,68.81769561767578
2017-06-29,24.996204376220703,57.85026931762695,77.30286407470703,68.19036865234375
2017-06-30,24.911333084106445,57.70319366455078,76.27505493164062,68.09583282470703
2017-07-03,25.1914005279541,58.04331970214844,76.99649047851562,68.21613311767578
2017-07-05,25.089567184448242,58.4110221862793,78.4690170288086,68.62005615234375
2017-07-06,24.999032974243164,57.6020622253418,77.04589080810547,67.73487091064453
2017-07-07,25.194236755371094,57.6296272277832,77.3423843383789,68.0786361694336
2017-07-10,25.13199806213379,57.51932907104492,76.18611145019531,67.94973754882812
2017-07-11,24.999032974243164,57.68479919433594,76.92729187011719,67.8724136352539
2017-07-12,25.09804916381836,58.12605667114258,77.65863800048828,68.33644104003906
2017-07-13,25.197059631347656,58.585689544677734,78.2515869140625,68.3965835571289
2017-07-14,25.253633499145508,58.714385986328125,78.14289855957031,68.86066436767578
2017-07-17,25.293237686157227,58.484580993652344,77.39179992675781,68.61145782470703
2017-07-18,25.25929069519043,58.39262771606445,77.30286407470703,68.66301727294922
2017-07-19,25.443174362182617,58.76034927368164,78.18242645263672,69.22161865234375
2017-07-20,25.513896942138672,59.348690032958984,79.20034790039062,69.67704772949219
2017-07-21,25.601594924926758,59.4865837097168,79.82294464111328,69.5997085571289
2017-07-24,25.711912155151367,59.33031463623047,80.7914810180664,69.57392120361328
2017-07-25,25.90428352355957,58.95340347290039,79.66482543945312,69.07550811767578
2017-07-26,25.61573600769043,58.56730651855469,79.84269714355469,68.84346771240234
2017-07-27,25.4516658782959,57.91462707519531,77.81674194335938,68.37081146240234
2017-07-28,25.751523971557617,58.052513122558594,78.80501556396484,68.71456909179688
2017-07-31,25.867509841918945,57.88703536987305,77.2534408569336,68.65440368652344
2017-08-01,25.991985321044922,57.500938415527344,76.18611145019531,68.49974822998047
2017-08-02,25.966520309448242,57.1240348815918,76.27505493164062,68.34503173828125
2017-08-03,25.92408561706543,56.84824752807617,75.92916107177734,68.45674133300781
2017-08-04,26.003293991088867,56.89421081542969,77.31275177001953,68.30207061767578
2017-08-07,25.9552059173584,57.151607513427734,77.62897491455078,68.44815063476562
2017-08-08,25.95237922668457,56.333457946777344,76.75932312011719,68.13021850585938
2017-08-09,25.875993728637695,56.011714935302734,76.3541259765625,68.20751953125
2017-08-10,25.66382598876953,54.94536590576172,73.59681701660156,67.35677337646484
2017-08-11,25.587448120117188,55.31306076049805,74.88157653808594,67.54582214355469
2017-08-14,25.785472869873047,55.56126403808594,75.5437240600586,68.00128936767578
2017-08-15,25.748699188232422,55.717533111572266,75.5733642578125,68.00128936767578
2017-08-16,25.734548568725586,56.20475387573242,75.59313201904297,68.19036865234375
2017-08-17,25.313045501708984,55.46014404296875,74.1502456665039,67.3395767211914
2017-08-18,25.25929069519043,55.30386734008789,74.07119750976562,67.03022766113281
2017-08-21,25.199888229370117,55.33145523071289,74.48627471923828,67.33098602294922
2017-08-22,25.349817276000977,56.223148345947266,76.2651596069336,68.14739990234375
2017-08-23,25.28192901611328,55.89219665527344,76.06752014160156,67.63175201416016
2017-08-24,25.18291473388672,56.342655181884766,77.62897491455078,67.82943725585938
2017-08-25,25.324357986450195,56.14042663574219,76.89765167236328,67.84661865234375
2017-08-28,25.06692886352539,56.774715423583984,79.28929138183594,68.20751953125
2017-08-29,24.94245147705078,56.67360305786133,79.64508819580078,68.33644104003906
2017-08-30,24.950942993164062,56.91259765625,80.60367584228516,68.68879699707031
2017-08-31,25.00469207763672,58.53054428100586,82.84708404541016,69.85749053955078
2017-09-01,25.049959182739258,58.631656646728516,83.6278076171875,69.80598449707031
2017-09-05,24.226743698120117,58.355865478515625,82.99531555175781,69.50518798828125
2017-09-06,24.28898048400879,58.76955795288086,83.23248291015625,69.84031677246094
2017-09-07,23.700565338134766,59.54174041748047,83.3609848022461,70.61375427246094
2017-09-08,24.35970115661621,59.753173828125,82.83720397949219,70.93170928955078
2017-09-11,24.888704299926758,60.50697326660156,82.896484375,71.48169708251953
2017-09-12,25.13765525817871,61.02178192138672,82.54070281982422,71.63639068603516
2017-09-13,25.12067985534668,60.644874572753906,82.55058288574219,71.37002563476562
2017-09-14,24.950942993164062,60.46101379394531,82.2145767211914,71.46452331542969
2017-09-15,25.105348587036133,60.148460388183594,82.71585083007812,71.23595428466797
2017-09-18,25.082639694213867,60.003875732421875,83.08168029785156,71.21871948242188
2017-09-19,25.133739471435547,59.38679122924805,82.74551391601562,70.6580810546875
2017-09-20,25.25010871887207,59.62627029418945,84.20880126953125,70.7270736694336
2017-09-21,25.25010871887207,59.819664001464844,83.63534545898438,70.36481475830078
2017-09-22,25.32106590270996,59.69071578979492,82.9630355834961,70.36481475830078
2017-09-25,25.340940475463867,59.994651794433594,83.29920196533203,70.15776062011719
2017-09-26,25.33241844177246,59.71834945678711,82.31047821044922,70.04570007324219
2017-09-27,25.477176666259766,60.16044235229492,83.51670837402344,70.0197982788086
2017-09-28,25.53394889831543,59.699920654296875,84.91080474853516,70.08016967773438
2017-09-29,25.542457580566406,60.18806457519531,85.59300994873047,70.49420166015625
2017-10-02,25.712764739990234,61.50511932373047,86.97720336914062,71.21007537841797
2017-10-03,25.77237319946289,61.2380256652832,86.78936767578125,71.19282531738281
2017-10-04,25.681541442871094,61.6709098815918,87.24417877197266,71.537841796875
2017-10-05,25.795074462890625,62.011680603027344,87.5111312866211,71.58959197998047
2017-10-06,25.831968307495117,61.6893196105957,87.32325744628906,71.49470520019531
2017-10-09,25.75533676147461,61.29329299926758,86.73992156982422,71.04620361328125
2017-10-10,25.90293312072754,61.440650939941406,86.64106750488281,71.21007537841797
2017-10-11,25.854679107666016,61.634063720703125,86.38399505615234,71.34809112548828
2017-10-12,25.86603355407715,61.08145523071289,86.30489349365234,71.27045440673828
2017-10-13,26.010786056518555,60.814353942871094,85.68199920654297,71.08930969238281
2017-10-16,26.10161781311035,60.3999137878418,85.9390640258789,70.77880096435547
2017-10-17,26.024986267089844,60.69464111328125,85.7611083984375,71.72759246826172
2017-10-18,26.1413516998291,60.74989700317383,85.2568588256836,71.83110809326172
2017-10-19,26.33720588684082,61.08145523071289,84.74272918701172,72.27095794677734
2017-10-20,26.345718383789062,60.74989700317383,84.65373229980469,72.34860229492188
2017-10-23,26.288949966430664,60.24333953857422,83.5068359375,72.16747283935547
2017-10-24,26.280431747436523,59.88414001464844,82.63677215576172,71.6844711303711
2017-10-25,26.147031784057617,59.40522003173828,81.93476867675781,71.58094787597656
2017-10-26,26.25204849243164,58.04210662841797,80.88673400878906,70.86507415771484
2017-10-27,26.237863540649414,57.83029556274414,82.85427856445312,70.84782409667969
2017-10-30,26.21799087524414,57.55398941040039,83.06190490722656,70.08879852294922
2017-10-31,26.138519287109375,57.5263557434082,82.69609069824219,69.95941162109375
2017-11-01,26.1413516998291,57.913177490234375,81.53929138183594,70.13191223144531
2017-11-02,26.124326705932617,57.31450653076172,82.95314025878906,69.81278228759766
2017-11-03,26.121484756469727,57.86711502075195,84.63397979736328,70.39067077636719
2017-11-06,26.21799087524414,57.90395736694336,84.07038879394531,70.17505645751953
2017-11-07,26.144193649291992,57.342140197753906,83.1904296875,70.3216781616211
2017-11-08,26.161222457885742,57.96843338012695,82.27093505859375,70.48554992675781
2017-11-09,26.183931350708008,57.94081115722656,81.98420715332031,70.49420166015625
2017-11-10,26.093103408813477,58.125003814697266,81.83589172363281,70.03707122802734
2017-11-13,26.01930809020996,57.65529251098633,80.75819396972656,70.10604858398438
2017-11-14,26.03066062927246,57.461883544921875,79.1564712524414,69.82141876220703
2017-11-15,26.08742332458496,56.7526969909668,79.1466064453125,69.623046875
2017-11-16,25.86603355407715,57.25004196166992,80.51103210449219,70.34756469726562
2017-11-17,25.88874053955078,57.25004196166992,80.51103210449219,70.071533203125
2017-11-20,25.939830780029297,56.95531463623047,79.95735168457031,69.77831268310547
2017-11-21,26.00794792175293,57.36057662963867,80.36272430419922,70.39067077636719
2017-11-22,25.90860366821289,57.70134353637695,80.78784942626953,70.36481475830078
2017-11-24,25.883060455322266,57.728973388671875,81.0350570678711,70.52867126464844
2017-11-27,26.010786056518555,57.30531311035156,80.30339050292969,70.58907318115234
2017-11-28,26.359907150268555,57.75659942626953,80.47148895263672,71.1065673828125
2017-11-29,26.63239288330078,57.9776496887207,80.08587646484375,71.46019744873047
2017-11-30,26.54156494140625,58.40131378173828,82.25115966796875,71.99498748779297
2017-12-01,26.516016006469727,58.6776123046875,82.47854614257812,71.84837341308594
2017-12-04,26.54156494140625,58.27236557006836,80.51103210449219,70.96859741210938
2017-12-05,26.320173263549805,58.04210662841797,79.4432144165039,70.84782409667969
2017-12-06,26.320173263549805,57.388206481933594,79.0477294921875,70.78744506835938
2017-12-07,26.277589797973633,57.62767028808594,81.35142517089844,70.8046875
2017-12-08,26.456411361694336,58.68682861328125,82.98281860351562,71.59822082519531
2017-12-11,26.490474700927734,59.027591705322266,82.13251495361328,71.90013122558594
2017-12-12,26.524534225463867,59.5986213684082,80.76809692382812,72.18472290039062
2017-12-13,26.183931350708008,60.07754135131836,81.98420715332031,72.43486785888672
2017-12-14,26.039175033569336,59.11048889160156,80.40226745605469,71.70169830322266
2017-12-15,26.308940887451172,59.782833099365234,80.93144989013672,72.49063110351562
2017-12-18,26.257556915283203,59.77452087402344,80.93144989013672,72.51661682128906
2017-12-19,26.214740753173828,59.580806732177734,80.67427062988281,72.43001556396484
2017-12-20,26.197608947753906,59.40553665161133,81.24797821044922,72.1961669921875
2017-12-21,26.23186683654785,59.6269416809082,82.17777252197266,72.03166198730469
2017-12-22,26.240428924560547,59.3225212097168,83.67135620117188,71.7978744506836
2017-12-26,26.27468490600586,59.92210388183594,84.24505615234375,71.81515502929688
2017-12-27,26.27468490600586,59.75608444213867,84.9473648071289,71.93639373779297
2017-12-28,26.37744903564453,59.792964935302734,85.2638931274414,72.04032897949219
2017-12-29,26.291810989379883,59.193382263183594,83.94835662841797,71.59867858886719
2018-01-02,25.957815170288086,60.494049072265625,86.26293182373047,72.40404510498047
2018-01-03,26.000635147094727,61.17664337158203,87.41031646728516,73.0968017578125
2018-01-04,26.266122817993164,60.91836929321289,86.40140533447266,73.20071411132812
2018-01-05,26.308940887451172,61.40727615356445,86.09476470947266,73.82421875
2018-01-08,26.223304748535156,60.7523193359375,84.383544921875,73.5557632446289
2018-01-09,26.266122817993164,61.61941909790039,86.53987884521484,74.4217300415039
2018-01-10,26.326072692871094,61.693199157714844,87.62794494628906,74.2918472290039
2018-01-11,26.557300567626953,62.385032653808594,88.17195892333984,74.61225891113281
2018-01-12,26.625816345214844,62.67101287841797,88.64673614501953,75.18379974365234
2018-01-16,26.480226516723633,62.37584686279297,85.89694213867188,75.55616760253906
2018-01-17,26.737146377563477,63.22446823120117,87.06411743164062,76.2835922241211
2018-01-18,26.57442855834961,62.92007064819336,86.935546875,76.30089569091797
2018-01-19,26.737146377563477,63.33518600463867,87.95435333251953,76.58665466308594
2018-01-22,27.285253524780273,64.05467987060547,92.8703842163086,77.08894348144531
2018-01-23,27.422277450561523,64.18383026123047,94.77943420410156,76.71656036376953
2018-01-24,27.447967529296875,63.65802001953125,93.31549835205078,76.94173431396484
2018-01-25,27.550737380981445,64.09156799316406,94.37387084960938,77.59986877441406
2018-01-26,27.644947052001953,65.29075622558594,95.1454086303711,79.27120208740234
2018-01-29,27.447967529296875,65.65973663330078,95.97627258300781,79.05470275878906
2018-01-30,27.12253189086914,63.91629409790039,93.99798583984375,77.39204406738281
2018-01-31,27.002639770507812,62.50497055053711,92.35603332519531,76.29227447509766
2018-02-01,27.276687622070312,63.159908294677734,92.59342956542969,76.31819915771484
2018-02-02,26.9169979095459,62.06220626831055,90.89208984375,75.2444076538086
2018-02-05,26.043447494506836,59.23027801513672,87.38064575195312,71.9104232788086
2018-02-06,26.060583114624023,60.19884490966797,90.06121063232422,72.70711517333984
2018-02-07,26.223304748535156,60.3925666809082,90.42720794677734,72.6205062866211
2018-02-08,25.315505981445312,57.72669982910156,85.87716674804688,70.10054016113281
2018-02-09,25.606685638427734,58.36317825317383,86.0749740600586,71.09640502929688
2018-02-12,25.777971267700195,59.193382263183594,87.82576751708984,71.76321411132812
2018-02-13,25.820789337158203,59.470123291015625,88.34013366699219,71.81515502929688
2018-02-14,26.37744903564453,60.521705627441406,90.6546859741211,72.62918090820312
2018-02-15,26.44596290588379,61.35189437866211,91.72298431396484,73.43452453613281
2018-02-16,26.591556549072266,61.554847717285156,91.46580505371094,73.96278381347656
2018-02-20,26.411710739135742,60.503257751464844,89.8436279296875,73.14875793457031
2018-02-21,26.43739891052246,60.56784439086914,90.06121063232422,72.8456802368164
2018-02-22,26.171918869018555,60.364898681640625,90.17992401123047,72.73310089111328
2018-02-23,26.43739891052246,60.94602584838867,91.5350341796875,73.89349365234375
2018-02-26,26.625816345214844,61.07517623901367,92.1780014038086,74.8287582397461
2018-02-27,26.480226516723633,59.76530075073242,91.08992004394531,74.04937744140625
2018-02-28,26.043447494506836,58.64914321899414,89.37870788574219,72.86299133300781
2018-03-01,25.718019485473633,57.94808578491211,88.54784393310547,71.70259094238281
2018-03-02,25.820789337158203,58.78750228881836,90.96131896972656,72.43001556396484
2018-03-05,26.557300567626953,59.304080963134766,92.36591339111328,73.0881576538086
2018-03-06,26.754276275634766,59.35019302368164,92.63297271728516,72.9842300415039
2018-03-07,26.78853416442871,59.46088790893555,93.80017852783203,73.3565902709961
2018-03-08,26.79710578918457,60.106605529785156,93.95844268798828,73.8501968383789
2018-03-09,27.388017654418945,60.98294448852539,95.40258026123047,74.91535186767578
2018-03-12,27.199609756469727,61.2227783203125,95.92682647705078,74.59493255615234
2018-03-13,27.182483673095703,61.029056549072266,94.89811706542969,74.69019317626953
2018-03-14,26.97694206237793,60.94602584838867,94.482666015625,74.32647705078125
2018-03-15,26.985506057739258,60.244956970214844,93.00886535644531,74.20525360107422
2018-03-16,27.19969940185547,60.503257751464844,92.6119613647461,74.2052230834961
2018-03-19,27.139482498168945,59.724037170410156,90.94915771484375,73.00601196289062
2018-03-20,27.302921295166016,59.28089141845703,91.16690826416016,73.11027526855469
2018-03-21,27.302921295166016,59.3547477722168,92.0873794555664,72.79743957519531
2018-03-22,26.674972534179688,57.84987258911133,89.33586120605469,70.70311737060547
2018-03-23,26.081430435180664,56.59428405761719,87.69283294677734,69.2344970703125
2018-03-26,26.68357276916504,57.67446517944336,90.1177749633789,70.66835021972656
2018-03-27,26.330890655517578,56.66814422607422,86.26760864257812,69.8341064453125
2018-03-28,26.62335777282715,56.96358108520508,86.11912536621094,70.20777893066406
2018-03-29,26.68357276916504,57.60983657836914,86.83175659179688,70.73787689208984
2018-04-02,26.227664947509766,55.901859283447266,82.99147033691406,69.13021850585938
2018-04-03,26.537342071533203,56.658912658691406,83.48638153076172,70.18170928955078
2018-04-04,26.700780868530273,57.68369674682617,86.32696533203125,71.18107604980469
2018-04-05,26.726579666137695,57.305171966552734,84.59488677978516,71.12892150878906
2018-04-06,26.305084228515625,56.021881103515625,82.05121612548828,69.41698455810547
2018-04-09,26.27068519592285,56.335784912109375,84.23860168457031,70.10350799560547
2018-04-10,26.494327545166016,57.951438903808594,87.56417083740234,71.28534698486328
2018-04-11,26.42551612854004,57.72063064575195,88.23722076416016,70.70311737060547
2018-04-12,26.597545623779297,57.93297576904297,89.52391815185547,71.18107604980469
2018-04-13,26.502933502197266,57.692928314208984,88.66280364990234,71.14631652832031
2018-04-16,26.7609920501709,57.646759033203125,87.98977661132812,71.71117401123047
2018-04-17,26.77819061279297,58.33919143676758,90.18704223632812,72.267333984375
2018-04-18,26.735187530517578,58.47768020629883,89.81094360351562,72.32817840576172
2018-04-19,26.821208953857422,58.1822395324707,88.29659271240234,71.71986389160156
2018-04-20,26.864219665527344,57.692928314208984,88.01947021484375,71.33747100830078
2018-04-23,26.898622512817383,57.46211624145508,87.15838623046875,71.6155776977539
2018-04-24,26.821208953857422,57.05590057373047,85.56486511230469,71.07678985595703
2018-04-25,26.795400619506836,56.83431625366211,85.46587371826172,71.3983383178711
2018-04-26,26.803997039794922,57.67446517944336,86.94062042236328,72.30207824707031
2018-04-27,26.847013473510742,57.81294631958008,87.51469421386719,72.59758758544922
2018-04-30,26.571752548217773,56.76969909667969,86.08944702148438,71.4852066040039
2018-05-01,26.62335777282715,57.046661376953125,87.00991821289062,71.45045471191406
2018-05-02,25.98680877685547,56.21575164794922,86.55462646484375,70.46846008300781
2018-05-03,25.737342834472656,55.514095306396484,85.040283203125,69.8341064453125
2018-05-04,26.055625915527344,56.058799743652344,86.47544860839844,70.3902587890625
2018-05-07,26.158845901489258,56.132659912109375,87.59386444091797,70.28599548339844
2018-05-08,26.158845901489258,56.3265380859375,87.16827392578125,69.7558822631836
2018-05-09,26.15024757385254,57.1759147644043,88.88055419921875,70.15564727783203
2018-05-10,26.287879943847656,57.16667556762695,88.12833404541016,71.09414672851562
2018-05-11,26.287879943847656,58.800811767578125,90.71161651611328,72.15438079833984
2018-05-14,26.193260192871094,59.4840087890625,91.86963653564453,72.63232421875
2018-05-15,26.21906280517578,59.19780349731445,91.3351821899414,71.69381713867188
2018-05-16,26.296483993530273,59.63173294067383,92.50308990478516,72.09355926513672
2018-05-17,26.399707794189453,59.99177551269531,92.81980895996094,72.1196060180664
2018-05-18,26.3911075592041,60.0379524230957,92.6119613647461,72.30207824707031
2018-05-21,26.6491641998291,59.373226165771484,90.84030151367188,72.3716049194336
2018-05-22,26.717979431152344,59.3547477722168,91.2658920288086,72.2325668334961
2018-05-23,26.62335777282715,59.78867721557617,91.49354553222656,72.4671859741211
2018-05-24,26.588956832885742,59.760982513427734,91.78056335449219,72.18043518066406
2018-05-25,26.563142776489258,59.659423828125,92.04780578613281,72.0761489868164
2018-05-29,26.02981948852539,59.3547477722168,91.52323150634766,71.33747100830078
2018-05-30,26.442716598510742,60.45341110229492,93.19593811035156,72.40637969970703
2018-05-31,26.15024757385254,59.853302001953125,93.7007064819336,71.6155776977539
2018-06-01,26.348094940185547,60.38877487182617,95.66044616699219,72.44114685058594
2018-06-04,26.42551612854004,60.730377197265625,95.45258331298828,72.71056365966797
2018-06-05,26.38250732421875,60.77653884887695,96.17510986328125,72.56279754638672
2018-06-06,26.588956832885742,61.99517822265625,96.76895141601562,73.37967681884766
2018-06-07,26.68357276916504,62.06907272338867,95.56146240234375,73.47528076171875
2018-06-08,26.872814178466797,62.826107025146484,95.31401062011719,73.9011001586914
2018-06-11,26.864219665527344,63.130767822265625,94.93790435791016,74.04012298583984
2018-06-12,26.65777015686035,63.07539367675781,95.93756866455078,73.99668884277344
2018-06-13,26.6319580078125,63.2138557434082,96.18500518798828,74.01405334472656
2018-06-14,26.537342071533203,63.287742614746094,96.59081268310547,74.39641571044922
2018-06-15,26.58915138244629,63.48162841796875,96.2422103881836,74.54120635986328
2018-06-18,26.494165420532227,62.5429573059082,96.50959777832031,73.82598876953125
2018-06-19,26.502798080444336,63.09785079956055,97.89606475830078,74.01789855957031
2018-06-20,26.31281089782715,63.54173278808594,100.17387390136719,74.17488861083984
2018-06-21,26.071016311645508,63.208805084228516,98.10406494140625,73.74748992919922
2018-06-22,26.166004180908203,63.04233932495117,98.12386322021484,74.07894134521484
2018-06-25,26.062381744384766,62.18230438232422,95.46973419189453,73.39859771728516
2018-06-26,25.924211502075195,62.04356384277344,95.79656219482422,73.17180633544922
2018-06-27,25.50969886779785,61.37771987915039,92.71656799316406,72.55253601074219
2018-06-28,25.71695899963379,62.117557525634766,93.2612533569336,72.64847564697266
2018-06-29,25.73422622680664,62.15455627441406,94.27141571044922,72.79676055908203
2018-07-02,25.760129928588867,62.58920669555664,95.36079406738281,73.0235366821289
2018-07-03,25.803314208984375,62.50596237182617,96.07386016845703,73.19798278808594
2018-07-05,25.924211502075195,63.199554443359375,96.54920959472656,73.95683288574219
2018-07-06,26.062381744384766,64.69770050048828,99.28258514404297,75.02095794677734
2018-07-09,26.54597282409668,65.04911804199219,99.1241226196289,75.57046508789062
2018-07-10,26.494165420532227,65.07687377929688,98.67845916748047,75.8582992553711
2018-07-11,26.31281089782715,64.72543334960938,98.7676010131836,75.25645446777344
2018-07-12,26.24372673034668,65.47452545166016,99.86686706542969,76.09378814697266
2018-07-13,26.24372673034668,65.20635223388672,99.5895767211914,76.23336029052734
2018-07-16,26.450984954833984,64.69770050048828,97.96540832519531,75.77107238769531
2018-07-17,26.494165420532227,65.27104187011719,99.38160705566406,76.18973541259766
2018-07-18,26.77050018310547,65.32653045654297,99.16372680664062,76.25080871582031
2018-07-19,26.58051872253418,65.0676040649414,99.4311294555664,75.82341766357422
2018-07-20,26.597787857055664,64.72543334960938,99.16372680664062,75.67512512207031
2018-07-23,26.710058212280273,64.6884536743164,98.8468246459961,75.8321304321289
2018-07-24,26.735958099365234,65.1785888671875,96.80669403076172,76.52122497558594
2018-07-25,26.796403884887695,65.60397338867188,96.7769775390625,77.49810791015625
2018-07-26,27.141836166381836,65.51150512695312,96.6977767944336,77.28003692626953
2018-07-27,27.107290267944336,64.46649169921875,94.05352020263672,76.72181701660156
2018-07-30,27.245464324951172,64.54975128173828,92.51848602294922,76.7654037475586
2018-07-31,27.38363265991211,65.36353302001953,94.37044525146484,77.56787109375
2018-08-01,27.331823348999023,65.35429382324219,94.4496841430664,77.5853271484375
2018-08-02,27.25409698486328,65.47452545166016,95.05379486083984,77.87315368652344
2018-08-03,27.349088668823242,66.08487701416016,93.7960433959961,78.33543395996094
2018-08-06,27.375,66.1680908203125,93.97430419921875,78.4749984741211
2018-08-07,27.323183059692383,66.66748809814453,95.02405548095703,78.48373413085938
2018-08-08,27.375,67.44430541992188,94.4892807006836,78.60584259033203
2018-08-09,27.297277450561523,67.10212707519531,94.33081817626953,78.51859283447266
2018-08-10,27.124561309814453,66.65824127197266,94.0337142944336,78.17843627929688
2018-08-13,27.0382022857666,66.2420654296875,93.58805084228516,78.20462799072266
2018-08-14,27.19365119934082,66.81543731689453,93.97430419921875,78.57093048095703
2018-08-15,27.141836166381836,66.48253631591797,92.18177032470703,78.44010925292969
2018-08-16,27.42681121826172,67.21310424804688,93.01366424560547,79.20765686035156
2018-08-17,27.513164520263672,67.4720458984375,93.08299255371094,79.4518814086914
2018-08-20,27.608158111572266,67.64773559570312,92.3996353149414,79.71356964111328
2018-08-21,27.815418243408203,67.71248626708984,94.21198272705078,79.71356964111328
2018-08-22,27.582256317138672,68.09164428710938,95.76683044433594,79.7920913696289
2018-08-23,27.435443878173828,67.66625213623047,95.10330963134766,79.76590728759766
2018-08-24,27.651336669921875,67.6292495727539,95.46973419189453,80.14968872070312
2018-08-27,27.815418243408203,68.01764678955078,97.0542984008789,80.4375228881836
2018-08-28,27.780872344970703,68.14714050292969,97.7079086303711,80.48112487792969
2018-08-29,27.806777954101562,68.56328582763672,98.58932495117188,81.00447845458984
2018-08-30,27.625431060791016,68.276611328125,98.96565246582031,80.94342803955078
2018-08-31,27.668611526489258,68.3228530883789,99.17365264892578,80.92597961425781
2018-09-04,27.720426559448242,67.60152435302734,99.0448989868164,80.28053283691406
2018-09-05,27.867231369018555,67.6939697265625,98.28231048583984,80.603271484375
2018-09-06,27.806777954101562,66.9726791381836,95.7569351196289,80.603271484375
2018-09-07,27.69451904296875,67.00039672851562,95.47964477539062,80.7253646850586
2018-09-10,27.495893478393555,66.4732666015625,95.62818908691406,80.51602935791016
2018-09-11,27.513164520263672,66.31605529785156,95.60838317871094,80.4462661743164
2018-09-12,27.35772705078125,66.78771209716797,95.3013687133789,80.84748840332031
2018-09-13,27.67724609375,67.12987518310547,94.97455596923828,81.85054779052734
2018-09-14,27.979494094848633,66.75994873046875,94.90523529052734,81.58016967773438
2018-09-17,27.76360511779785,66.51951599121094,93.3900146484375,81.2835922241211
2018-09-18,27.858592987060547,67.0466537475586,94.52889251708984,81.75458526611328
2018-09-19,28.0485782623291,67.11138916015625,94.64773559570312,81.64122772216797
2018-09-20,28.281742095947266,67.8882064819336,96.22240447998047,82.4349594116211
2018-09-21,28.358009338378906,67.52753448486328,94.68917083740234,82.546142578125
2018-09-24,28.04599380493164,67.5544204711914,95.75955200195312,82.7125244140625
2018-09-25,27.924667358398438,67.4246597290039,96.03707122802734,82.4585952758789
2018-09-26,27.699325561523438,67.47100830078125,95.2640151977539,82.6424789428711
2018-09-27,27.690662384033203,67.9714584350586,95.13516235351562,83.06278228759766
2018-09-28,27.786001205444336,68.1290283203125,95.01625061035156,83.31671905517578
2018-10-01,27.61264991760254,67.15589141845703,93.74763488769531,83.728271484375
2018-10-02,27.699325561523438,67.02611541748047,92.3699951171875,83.63195037841797
2018-10-03,27.811996459960938,67.40611267089844,94.05486297607422,83.47431182861328
2018-10-04,27.90732765197754,66.59054565429688,91.02210235595703,82.65998077392578
2018-10-05,27.768665313720703,66.37738037109375,89.64450073242188,82.56365966796875
2018-10-08,28.011329650878906,66.34029388427734,88.70296478271484,82.52864837646484
2018-10-09,28.054668426513672,66.37738037109375,87.62267303466797,82.66874694824219
2018-10-10,27.29198455810547,64.8388900756836,84.67911529541016,80.71607971191406
2018-10-11,26.277963638305664,62.99456024169922,83.65828704833984,78.53573608398438
2018-10-12,26.147958755493164,63.59696960449219,85.33323669433594,79.74411010742188
2018-10-15,26.121952056884766,63.43016052246094,84.18357849121094,79.19247436523438
2018-10-16,26.433961868286133,65.41350555419922,88.65339660644531,81.36405181884766
2018-10-17,26.6246337890625,65.5617904663086,88.50475311279297,81.7931137084961
2018-10-18,26.3212947845459,64.597900390625,86.76042175292969,80.86492156982422
2018-10-19,26.4512939453125,63.95842742919922,84.6592788696289,80.12940216064453
2018-10-22,26.139291763305664,63.44868850708008,82.7464828491211,79.47267150878906
2018-10-23,25.86195182800293,63.2633171081543,82.6771011352539,79.04360961914062
2018-10-24,25.107933044433594,60.67755889892578,76.59178161621094,76.43418884277344
2018-10-25,25.497940063476562,61.307796478271484,79.72364807128906,77.42371368408203
2018-10-26,25.350601196289062,61.1317024230957,79.70382690429688,76.54805755615234
2018-10-29,25.497940063476562,61.08536148071289,77.22608947753906,76.74066162109375
2018-10-30,25.98328399658203,61.49314498901367,77.66217803955078,77.56380462646484
2018-10-31,26.035295486450195,61.43753433227539,78.40548706054688,77.66887664794922
2018-11-01,26.130624771118164,63.318946838378906,82.99424743652344,78.64958190917969
2018-11-02,26.1046199798584,62.63310241699219,83.2123031616211,78.15921783447266
2018-11-05,26.511960983276367,63.40236282348633,82.76631927490234,78.85098266601562
2018-11-06,26.77197265625,63.98624038696289,82.49871826171875,79.2537612915039
2018-11-07,27.179309844970703,65.16326141357422,84.58000183105469,81.58294677734375
2018-11-08,27.2139835357666,64.5423355102539,83.4600830078125,81.62676239013672
2018-11-09,27.057973861694336,64.14380645751953,80.06060028076172,81.39031982421875
2018-11-12,26.581298828125,63.30965805053711,76.96841430664062,80.28700256347656
2018-11-13,26.711301803588867,63.179901123046875,76.59178161621094,79.72660827636719
2018-11-14,26.2086238861084,62.280921936035156,74.26270294189453,79.08740234375
2018-11-15,26.46863555908203,63.17064666748047,76.85938262939453,79.78791809082031
2018-11-16,26.485963821411133,63.78234100341797,78.81182098388672,80.5934829711914
2018-11-19,26.520639419555664,63.17064666748047,76.2250747680664,79.56900787353516
2018-11-20,26.130624771118164,62.39214324951172,75.76915740966797,78.82469177246094
2018-11-21,26.2606258392334,62.45701217651367,77.1765365600586,78.37814331054688
2018-11-23,26.1566219329834,62.67945861816406,77.39457702636719,78.49195861816406
2018-11-26,26.537965774536133,62.90187072753906,79.17854309082031,79.2537612915039
2018-11-27,26.269287109375,62.98527908325195,77.27561950683594,80.07686614990234
2018-11-28,26.823970794677734,64.31061553955078,80.20926666259766,82.00323486328125
2018-11-29,26.711301803588867,64.44963073730469,79.73357391357422,82.27470397949219
2018-11-30,26.841306686401367,65.14472198486328,80.9228744506836,83.94718170166016
2018-12-03,26.945310592651367,65.37641906738281,83.87632751464844,83.54436492919922
2018-12-04,26.1046199798584,63.587711334228516,79.74346160888672,81.67926788330078
2018-12-06,25.80128288269043,63.27260208129883,79.9813232421875,81.37281036376953
2018-12-07,25.463274002075195,61.64142990112305,77.4936752319336,79.29755401611328
2018-12-10,25.194597244262695,61.83604431152344,78.42530059814453,79.6040267944336
2018-12-11,25.003925323486328,61.947269439697266,78.1676254272461,79.84921264648438
2018-12-12,25.11659812927246,62.45701217651367,79.36685180664062,80.53218078613281
2018-12-13,25.073261260986328,61.947269439697266,77.1765365600586,80.61100006103516
2018-12-14,24.82192039489746,60.325374603271484,76.10614013671875,77.89651489257812
2018-12-17,24.518583297729492,59.2966194152832,74.38164520263672,76.3466567993164
2018-12-18,24.561922073364258,58.536643981933594,72.9941177368164,75.68119049072266
2018-12-19,24.431915283203125,57.33180618286133,70.52629852294922,74.69169616699219
2018-12-20,24.16324234008789,56.64596176147461,68.04854583740234,73.64096069335938
2018-12-21,23.885900497436523,55.17236328125,65.16594696044922,72.72615814208984
2018-12-24,23.287378311157227,54.355491638183594,64.84872436523438,70.98450469970703
2018-12-26,24.193439483642578,57.19029998779297,69.64649200439453,74.08074951171875
2018-12-27,24.5070743560791,57.26488494873047,68.972412109375,74.89878845214844
2018-12-28,24.472227096557617,57.367469787597656,69.47795867919922,74.98674774169922
2018-12-31,24.71616554260254,58.14145278930664,71.12347412109375,76.0950698852539
2019-01-02,24.594194412231445,58.24403762817383,72.22377014160156,74.94276428222656
2019-01-03,24.245710372924805,57.451393127441406,70.58818054199219,73.4210433959961
2019-01-04,24.977521896362305,59.63344955444336,74.36491394042969,75.61127471923828
2019-01-07,24.951385498046875,60.59392166137695,78.80577850341797,75.90152740478516
2019-01-08,25.021087646484375,60.948280334472656,79.77723693847656,76.49089050292969
2019-01-09,25.247600555419922,61.07883071899414,80.1142349243164,76.83390045166016
2019-01-10,25.456687927246094,61.17206954956055,81.44254302978516,76.98345947265625
2019-01-11,25.4044189453125,61.41453170776367,81.28395080566406,77.2385482788086
2019-01-14,25.482824325561523,60.510013580322266,79.42036437988281,76.38533020019531
2019-01-15,25.674497604370117,61.545066833496094,81.48219299316406,77.75752258300781
2019-01-16,25.918428421020508,61.013545989990234,81.19474029541016,77.61677551269531
2019-01-17,26.083959579467773,61.61036682128906,81.68045806884766,78.30287170410156
2019-01-18,26.397594451904297,62.04863739013672,82.65190124511719,79.23526000976562
2019-01-22,26.10138511657715,61.46116638183594,80.15391540527344,78.68992614746094
2019-01-23,26.17108917236328,61.47980499267578,79.08334350585938,78.7778549194336
2019-01-24,26.18850326538086,60.62188720703125,79.84661102294922,78.11814880371094
2019-01-25,26.24948501586914,60.84571075439453,81.65071105957031,78.21490478515625
2019-01-28,26.20592498779297,60.00645065307617,79.3311538696289,77.32649230957031
2019-01-29,26.022981643676758,60.20228576660156,79.37080383300781,77.70475006103516
2019-01-30,26.24077606201172,60.58460998535156,81.5714111328125,78.76908874511719
2019-01-31,26.536985397338867,61.24668884277344,82.86997985839844,79.75424194335938
2019-02-01,26.789636611938477,61.3492546081543,83.2565689086914,79.82460021972656
2019-02-04,26.80706024169922,61.25600051879883,83.60350799560547,79.59591674804688
2019-02-05,26.850622177124023,61.37724304199219,83.0682373046875,79.4815673828125
2019-02-06,26.859333038330078,61.29330062866211,83.5440444946289,79.84219360351562
2019-02-07,26.772218704223633,60.444732666015625,81.2740249633789,78.96260070800781
2019-02-08,26.711231231689453,60.83636474609375,81.9580078125,79.11209869384766
2019-02-11,26.789636611938477,61.12545394897461,82.35450744628906,79.01537322998047
2019-02-12,27.18168067932129,61.64766311645508,83.68280792236328,80.0972900390625
2019-02-13,27.26009178161621,61.843475341796875,83.69273376464844,80.27320098876953
2019-02-14,26.955169677734375,62.06726837158203,84.0396728515625,80.45791625976562
2019-02-15,27.373348236083984,62.859920501708984,85.83386993408203,81.67178344726562
2019-02-19,27.512739181518555,62.375,84.89215850830078,81.47826385498047
2019-02-20,27.6695613861084,62.085933685302734,84.55516052246094,81.38150024414062
2019-02-21,27.591148376464844,61.35859680175781,83.35570526123047,80.66903686523438
2019-02-22,27.652132034301758,61.880775451660156,84.99130249023438,81.40789794921875
2019-02-25,27.6434268951416,62.057952880859375,88.7481918334961,81.52225494384766
2019-02-26,27.530166625976562,62.197837829589844,88.05430603027344,81.2319564819336
2019-02-27,27.547590255737305,62.971805572509766,89.49163055419922,80.85375213623047
2019-02-28,27.599863052368164,63.71780776977539,88.36160278320312,80.61624908447266
2019-03-01,27.730539321899414,64.49178314208984,91.0082778930664,81.75975036621094
2019-03-04,27.625999450683594,63.2608642578125,90.10624694824219,80.65143585205078
2019-03-05,27.53887367248535,62.84127426147461,89.43218231201172,80.60747528076172
2019-03-06,27.26009178161621,61.237342834472656,85.77439880371094,79.42879486083984
2019-03-07,26.97258949279785,60.92031478881836,85.80413055419922,78.80426025390625
2019-03-08,26.92032241821289,60.752464294433594,85.70501708984375,78.63712310791016
2019-03-11,27.103273391723633,61.37724304199219,88.26248168945312,79.53431701660156
2019-03-12,27.1991024017334,61.507789611816406,89.18437194824219,80.11487579345703
2019-03-13,27.242664337158203,61.71294021606445,90.88935089111328,80.97687530517578
2019-03-14,27.355924606323242,61.47049331665039,89.77910614013672,80.84495544433594
2019-03-15,27.58243751525879,61.77821350097656,90.47299194335938,81.21664428710938
2019-03-18,27.66649055480957,61.891151428222656,90.76046752929688,81.09303283691406
2019-03-19,27.368812561035156,62.42314910888672,90.44326782226562,81.73756408691406
2019-03-20,26.94855308532715,61.984493255615234,89.54120635986328,81.1725082397461
2019-03-21,27.193706512451172,61.44314193725586,91.11731719970703,81.49034881591797
2019-03-22,26.79096221923828,59.91240692138672,87.09278869628906,80.00709533691406
2019-03-25,26.764698028564453,59.75374984741211,87.22164154052734,79.96295166015625
2019-03-26,26.992332458496094,60.4444465637207,88.93653869628906,80.51034545898438
2019-03-27,27.027355194091797,60.07109069824219,86.99366760253906,79.83934783935547
2019-03-28,27.018604278564453,60.3044319152832,88.1137924194336,80.04240417480469
2019-03-29,27.05362892150879,60.82710266113281,89.7493667602539,81.0047607421875
2019-04-01,27.526405334472656,60.86444854736328,89.64033508300781,81.12835693359375
2019-04-02,27.325031280517578,60.78043746948242,90.9289779663086,80.94293975830078
2019-04-03,27.421340942382812,60.733768463134766,91.87069702148438,80.83697509765625
2019-04-04,27.50889015197754,61.02311325073242,91.10742950439453,80.66925048828125
2019-04-05,27.640226364135742,61.56447219848633,92.98091888427734,81.22547149658203
2019-04-08,27.61395263671875,61.4617919921875,92.35640716552734,81.20781707763672
2019-04-09,27.3162784576416,60.80845260620117,90.65142059326172,80.99592590332031
2019-04-10,27.61395263671875,61.088462829589844,91.98965454101562,81.02239990234375
2019-04-11,27.859102249145508,60.34177017211914,90.05667877197266,80.02474975585938
2019-04-12,28.13051414489746,59.744415283203125,89.1149673461914,79.29193878173828
2019-04-15,28.060474395751953,59.651084899902344,88.32195281982422,79.60978698730469
2019-04-16,28.454458236694336,59.259071350097656,88.2129135131836,77.97644805908203
2019-04-17,28.209314346313477,57.15900802612305,84.08924865722656,75.73391723632812
2019-04-18,28.25309181213379,56.98167419433594,83.8909912109375,75.85752868652344
2019-04-22,28.095489501953125,57.08432388305664,83.78192901611328,75.90167236328125
2019-04-23,28.3844051361084,58.10170364379883,86.16099548339844,77.10240173339844
2019-04-24,28.366907119750977,57.924354553222656,85.11023712158203,77.01410675048828
2019-04-25,28.47197151184082,58.4003791809082,85.49684143066406,77.8086929321289
2019-04-26,28.717111587524414,58.82038116455078,86.47819519042969,78.58563995361328
2019-04-29,28.90972137451172,58.94171905517578,85.9230728149414,78.44440460205078
2019-04-30,29.111099243164062,58.40971374511719,84.45600128173828,78.80635833740234
2019-05-01,28.85719871520996,58.54038619995117,82.90962982177734,78.66510772705078
2019-05-02,28.874710083007812,58.99772262573242,83.8414306640625,79.00059509277344
2019-05-03,29.1461181640625,59.4177360534668,85.4571762084961,79.60098266601562
2019-05-06,29.154878616333008,60.08976364135742,86.89453125,80.00709533691406
2019-05-07,28.804664611816406,58.38170623779297,84.02975463867188,78.47087097167969
2019-05-08,28.81341552734375,58.80172348022461,83.75221252441406,78.63863372802734
2019-05-09,28.83968734741211,58.829715728759766,83.58370971679688,78.47087097167969
2019-05-10,29.111099243164062,58.45637130737305,83.18718719482422,78.49736022949219
2019-05-13,28.410676956176758,56.59898376464844,79.70783996582031,77.02291107177734
2019-05-14,28.682085037231445,56.86033248901367,81.05595397949219,77.41138458251953
2019-05-15,28.787155151367188,57.14033508300781,81.73993682861328,77.6409683227539
2019-05-16,29.084829330444336,57.51367950439453,82.76094818115234,78.25016021728516
2019-05-17,28.874710083007812,57.065673828125,81.83906555175781,78.08238983154297
2019-05-20,28.94475746154785,56.31898880004883,80.0646743774414,78.0470962524414
2019-05-21,29.18114471435547,56.73899841308594,82.5428695678711,78.7798843383789
2019-05-22,29.251178741455078,56.813655853271484,81.9580078125,79.23016357421875
2019-05-23,28.84844207763672,56.00164031982422,81.13525390625,78.9564437866211
2019-05-24,29.067317962646484,56.17896270751953,82.18600463867188,79.07122802734375
2019-05-28,28.69960594177246,54.98427200317383,81.3136978149414,77.9411392211914
2019-05-29,28.74338150024414,54.58292770385742,80.56034088134766,77.19068908691406
2019-05-30,28.682085037231445,54.134925842285156,80.1241683959961,77.61444854736328
2019-05-31,28.41943359375,53.31354904174805,78.74630737304688,77.05828094482422
2019-06-03,28.892215728759766,53.86424255371094,79.65827178955078,77.24366760253906
2019-06-04,29.294954299926758,55.15228271484375,81.81924438476562,78.52384948730469
2019-06-05,29.50508689880371,54.788272857666016,81.8985366821289,79.11539459228516
2019-06-06,29.540111541748047,54.3962516784668,80.6495361328125,79.52152252197266
2019-06-07,29.58387565612793,54.98427200317383,82.11660766601562,80.35140991210938
2019-06-10,29.557613372802734,54.638938903808594,81.3731689453125,80.58979034423828
2019-06-11,29.50508689880371,54.50825500488281,80.47110748291016,80.45735931396484
2019-06-12,29.478809356689453,55.05894088745117,81.00640869140625,80.84583282470703
2019-06-13,29.636404037475586,55.18027877807617,82.2950439453125,80.74872589111328
2019-06-14,29.785247802734375,54.44292449951172,80.77840423583984,80.56332397460938
2019-06-17,29.540111541748047,54.87227249145508,84.60469818115234,80.92528533935547
2019-06-18,29.75023078918457,55.46962356567383,86.20063781738281,81.61394500732422
2019-06-19,29.84653663635254,55.796295166015625,86.23037719726562,82.34671783447266
2019-06-20,30.117958068847656,56.30031204223633,86.21055603027344,82.70870208740234
2019-06-21,29.916582107543945,56.16964340209961,86.49803161621094,83.10594940185547
2019-06-24,29.867338180541992,55.260494232177734,83.99011993408203,82.6714859008789
2019-06-25,29.735456466674805,55.288543701171875,83.67292022705078,82.3345718383789
2019-06-26,29.243087768554688,55.026649475097656,83.0682373046875,81.29717254638672
2019-06-27,29.57718849182129,55.859100341796875,85.19945526123047,81.86461639404297
2019-06-28,29.884929656982422,56.270652770996094,86.94409942626953,82.1395034790039
2019-07-01,30.324541091918945,56.822505950927734,87.4793701171875,82.54735565185547
2019-07-02,30.29816436767578,56.97217559814453,86.8548812866211,82.99068450927734
2019-07-03,30.693819046020508,57.35565948486328,88.1137924194336,83.69999694824219
2019-07-05,30.73778533935547,56.56061553955078,86.44847106933594,83.1236801147461
2019-07-08,30.641063690185547,55.70945739746094,85.0111312866211,82.50301361083984
2019-07-09,30.68502426147461,56.21452713012695,86.22049713134766,82.58280944824219
2019-07-10,30.58830451965332,56.23324203491211,86.37906646728516,82.86653900146484
2019-07-11,30.561927795410156,55.01728439331055,85.18953704833984,82.88428497314453
2019-07-12,30.79053497314453,54.68992614746094,85.07060241699219,81.96217346191406
2019-07-15,30.764150619506836,54.755401611328125,85.42745971679688,82.1395034790039
2019-07-16,30.720182418823242,54.530906677246094,84.7137451171875,81.73164367675781
2019-07-17,30.394886016845703,54.20353698730469,84.79303741455078,81.7493667602539
2019-07-18,30.55314064025879,54.61507797241211,86.0321273803711,82.21040344238281
2019-07-19,30.333332061767578,53.9603385925293,84.86241912841797,81.3592300415039
2019-07-22,30.22782325744629,53.71714782714844,85.14990234375,81.1907730102539
2019-07-23,30.430038452148438,54.10065460205078,84.5650405883789,81.6961669921875
2019-07-24,30.693819046020508,54.446720123291016,85.32831573486328,81.7405014038086
2019-07-25,30.632265090942383,53.6890983581543,83.39535522460938,81.34149169921875
2019-07-26,30.904830932617188,54.14741516113281,84.90208435058594,81.63409423828125
2019-07-29,30.61467742919922,54.212894439697266,84.7137451171875,81.97100830078125
2019-07-30,30.62348175048828,54.14741516113281,85.99246215820312,81.6163558959961
2019-07-31,30.447629928588867,53.69844055175781,84.93181610107422,80.80950927734375
2019-08-01,29.902511596679688,53.97903823852539,85.1598129272461,80.9159164428711
2019-08-02,29.779420852661133,53.97903823852539,83.28631591796875,80.72972106933594
2019-08-05,28.97932243347168,52.78181076049805,80.58014678955078,78.83229064941406
2019-08-06,29.515647888183594,53.01565170288086,82.35450744628906,79.8519287109375
2019-08-07,29.629953384399414,52.90339660644531,82.60234069824219,79.87852478027344
2019-08-08,30.22782325744629,53.679744720458984,84.05950927734375,80.94251251220703
2019-08-09,30.122318267822266,53.604915618896484,83.29622650146484,81.04003143310547
2019-08-12,29.656326293945312,53.053043365478516,81.74984741210938,80.25090026855469
2019-08-13,30.08714485168457,53.50202178955078,82.8799057006836,81.29717254638672
2019-08-14,29.181543350219727,52.08029556274414,80.54051971435547,79.03620147705078
2019-08-15,29.348594665527344,51.90257263183594,79.6285400390625,79.31108856201172
2019-08-16,29.796993255615234,52.650856018066406,81.73993682861328,80.286376953125
2019-08-19,30.05198097229004,53.408504486083984,82.66181182861328,81.05777740478516
2019-08-20,29.682703018188477,53.06241226196289,81.74984741210938,80.36618041992188
2019-08-21,29.823379516601562,53.604915618896484,82.53295135498047,80.96025085449219
2019-08-22,29.946468353271484,53.361717224121094,80.90727233886719,80.5612564086914
2019-08-23,29.199127197265625,52.0522346496582,78.74630737304688,78.69927215576172
2019-08-26,29.471691131591797,52.800514221191406,79.49967193603516,79.52385711669922
2019-08-27,29.27826499938965,52.19252014160156,78.2308578491211,79.0539321899414
2019-08-28,29.31342887878418,52.510555267333984,79.36090087890625,79.63025665283203
2019-08-29,29.57718849182129,52.70697784423828,80.40172576904297,80.23320007324219
2019-08-30,29.603567123413086,52.398311614990234,79.66818237304688,80.3307113647461
2019-09-03,29.629953384399414,52.14576721191406,77.97311401367188,79.8608169555664
2019-09-04,29.96405601501465,52.29541778564453,78.47867584228516,79.91397857666016
2019-09-05,30.26299285888672,52.86598587036133,79.6384506225586,80.70311737060547
2019-09-06,30.34212303161621,53.053043365478516,78.77603912353516,80.9247817993164
2019-09-09,30.544347763061523,52.763099670410156,78.6273422241211,80.17998504638672
2019-09-10,30.421249389648438,53.45525360107422,81.01631164550781,80.41053009033203
2019-09-11,30.597097396850586,54.362545013427734,82.65190124511719,81.20850372314453
2019-09-12,30.693819046020508,54.1380615234375,81.908447265625,81.181884765625
2019-09-13,30.74656105041504,54.05387496948242,81.70026397705078,81.13755798339844
2019-09-16,30.676227569580078,54.03517150878906,83.12770080566406,80.96025085449219
2019-09-17,30.948795318603516,54.08194351196289,82.84024047851562,81.08438110351562
2019-09-18,31.027917861938477,53.74521255493164,82.06705474853516,81.07551574707031
2019-09-19,31.036712646484375,53.86681365966797,81.92826080322266,81.45677947998047
2019-09-20,30.957582473754883,54.22224426269531,81.99072265625,81.91082763671875
2019-09-23,31.07237434387207,54.014984130859375,80.9994125366211,81.47457122802734
2019-09-24,31.06354522705078,53.51799011230469,79.08621215820312,80.72669219970703
2019-09-25,31.151845932006836,53.61176300048828,78.5905532836914,80.33495330810547
2019-09-26,31.195993423461914,53.03034591674805,76.37004089355469,79.88978576660156
2019-09-27,31.090038299560547,52.983463287353516,75.7851791381836,79.53363800048828
2019-09-30,31.10768699645996,53.133506774902344,75.58690643310547,80.24591827392578
2019-10-01,30.533750534057617,52.35515594482422,74.00082397460938,79.46240997314453
2019-10-02,29.92447853088379,51.75498962402344,74.50639343261719,78.30498504638672
2019-10-03,30.021615982055664,52.3364143371582,75.99333190917969,79.00833129882812
2019-10-04,30.57790184020996,52.79591751098633,76.15194702148438,80.24591827392578
2019-10-07,30.348318099975586,52.83341598510742,75.9636001586914,79.97880554199219
2019-10-08,29.677244186401367,52.07382583618164,74.39734649658203,78.45632934570312
2019-10-09,29.92447853088379,52.092594146728516,74.07020568847656,79.02615356445312
2019-10-10,30.056936264038086,52.45831298828125,75.38865661621094,79.41790008544922
2019-10-11,30.392473220825195,53.00222396850586,76.44934844970703,80.0767593383789
2019-10-14,30.383649826049805,53.08662033081055,76.27091979980469,80.04114532470703
2019-10-15,30.56023597717285,53.84619140625,78.17420959472656,81.50128936767578
2019-10-16,30.48076629638672,53.85557556152344,78.04535675048828,81.39445495605469
2019-10-17,30.551401138305664,54.193172454833984,78.91768646240234,81.99987030029297
2019-10-18,30.630876541137695,53.77117156982422,77.9660415649414,81.6971435546875
2019-10-21,30.878108978271484,54.061885833740234,79.39349365234375,81.60812377929688
2019-10-22,30.436622619628906,54.70893478393555,80.037841796875,81.78620147705078
2019-10-23,30.52492332458496,54.896488189697266,79.7305679321289,82.29368591308594
2019-10-24,30.48076629638672,54.57765579223633,79.45299530029297,81.87521362304688
2019-10-25,30.295339584350586,54.85898208618164,80.6425552368164,81.96424102783203
2019-10-28,30.242366790771484,55.49665451049805,81.76272583007812,82.8100814819336
2019-10-29,30.48959732055664,55.92803192138672,81.50497436523438,83.98531341552734
2019-10-30,30.48959732055664,56.08744430541992,81.08863067626953,84.45719909667969
2019-10-31,30.37481689453125,56.012420654296875,80.92012023925781,84.3592529296875
2019-11-01,30.58672332763672,56.53757095336914,82.93247985839844,84.46609497070312
2019-11-04,30.533750534057617,56.603214263916016,82.4169921875,84.20790100097656
2019-11-05,30.63970947265625,56.22810745239258,82.4169921875,83.61137390136719
2019-11-06,30.886951446533203,55.552921295166016,81.00934600830078,83.89628601074219
2019-11-07,30.984066009521484,55.777992248535156,81.21752166748047,84.08326721191406
2019-11-08,31.03705596923828,56.50006103515625,83.22985076904297,84.69757080078125
2019-11-11,31.001739501953125,56.34064483642578,82.96221160888672,84.3503646850586
2019-11-12,31.134174346923828,56.44377899169922,83.23977661132812,84.85784149169922
2019-11-13,31.019393920898438,56.24686813354492,83.50741577148438,84.95577239990234
2019-11-14,31.03705596923828,56.05931091308594,82.94236755371094,84.9646987915039
2019-11-15,30.992897033691406,57.07209396362305,84.05264282226562,86.77208709716797
2019-11-18,30.97524642944336,57.25965118408203,84.29055786132812,86.47826385498047
2019-11-19,31.07237434387207,57.878562927246094,86.45160675048828,87.06586456298828
2019-11-20,31.04587745666504,57.33467483520508,86.7291488647461,86.95015716552734
2019-11-21,30.83395767211914,57.5222282409668,86.8679428100586,87.17274475097656
2019-11-22,30.966419219970703,57.7848014831543,87.37350463867188,87.48434448242188
2019-11-25,31.098865509033203,59.116416931152344,91.09089660644531,88.50823211669922
2019-11-26,31.337270736694336,59.210182189941406,91.22968292236328,88.43697357177734
2019-11-27,31.496206283569336,59.77284622192383,92.60757446289062,88.89105987548828
2019-11-29,31.346099853515625,59.819732666015625,92.8355941772461,88.5794448852539
2019-12-02,31.03705596923828,59.322715759277344,91.51715850830078,88.18767547607422
2019-12-03,30.57790184020996,59.19143295288086,92.8653335571289,87.99182891845703
2019-12-04,30.780977249145508,59.71657943725586,94.01524353027344,88.8109359741211
2019-12-05,30.886951446533203,59.200809478759766,92.46879577636719,88.8109359741211
2019-12-06,31.187164306640625,59.819732666015625,93.60881805419922,89.39856719970703
2019-12-09,31.24014663696289,59.7822265625,93.70793914794922,88.7752914428711
2019-12-10,31.204816818237305,60.00728225708008,94.6992416381836,88.97119903564453
2019-12-11,31.213645935058594,59.76347351074219,93.4501953125,89.05133056640625
2019-12-12,31.584508895874023,60.68247985839844,93.99542236328125,89.87934112548828
2019-12-13,31.496206283569336,60.4105339050293,94.5307388305664,89.81702423095703
2019-12-16,31.690460205078125,60.78561782836914,95.71038055419922,90.7874526977539
2019-12-17,31.884721755981445,60.91692352294922,95.6509017944336,90.68954467773438
2019-12-18,31.64631462097168,60.832515716552734,95.09577178955078,90.8141860961914
2019-12-19,31.637487411499023,61.48895263671875,95.5914077758789,91.17031860351562
2019-12-20,31.708120346069336,61.54520797729492,95.86006164550781,91.81580352783203
2019-12-23,31.293771743774414,61.61290740966797,96.86129760742188,92.1823501586914
2019-12-24,31.302650451660156,61.76331329345703,97.6047592163086,92.0661392211914
2019-12-26,31.329261779785156,61.36848449707031,96.76216888427734,92.00355529785156
2019-12-27,31.293771743774414,61.01124572753906,95.40406799316406,92.03036499023438
2019-12-30,31.329261779785156,60.54121017456055,93.93692016601562,91.4778823852539
2019-12-31,31.43573760986328,60.8420295715332,94.28387451171875,91.65784454345703
2020-01-02,31.62205696105957,60.870243072509766,93.85761260986328,91.90079498291016
2020-01-03,31.568828582763672,60.28738021850586,92.54908752441406,91.09994506835938
2020-01-06,31.542203903198242,60.240386962890625,93.35204315185547,91.66682434082031
2020-01-07,31.320392608642578,59.87374496459961,93.50072479248047,91.4868392944336
2020-01-08,31.400243759155273,59.95835494995117,94.77952575683594,92.08077239990234
2020-01-09,31.6752986907959,60.1933708190918,94.98771667480469,92.4766845703125
2020-01-10,31.462350845336914,60.22157287597656,94.00630950927734,92.50367736816406
2020-01-13,31.57769203186035,60.37199783325195,92.11288452148438,92.17974853515625
2020-01-14,31.515583038330078,61.29328918457031,94.81918334960938,92.7376480102539
2020-01-15,31.55994987487793,62.11115264892578,95.51309204101562,93.53849792480469
2020-01-16,31.852758407592773,62.505958557128906,96.23677062988281,94.02440643310547
2020-01-17,32.09230041503906,62.242740631103516,95.43380737304688,94.02440643310547
2020-01-21,31.83501434326172,62.18633270263672,93.88734436035156,94.12339782714844
2020-01-22,31.91486358642578,62.22394943237305,93.66924285888672,94.24037170410156
2020-01-23,31.790645599365234,61.92312240600586,92.44995880126953,93.7634506225586
2020-01-24,31.6752986907959,60.47539520263672,89.96173858642578,92.1977310180664
2020-01-27,31.267160415649414,60.127567291259766,89.32730102539062,91.4958724975586
2020-01-28,31.613187789916992,60.46599578857422,90.98280334472656,91.94579315185547
2020-01-29,31.613187789916992,60.40019226074219,90.77462768554688,91.69380950927734
2020-01-30,31.950340270996094,59.713932037353516,89.60487365722656,91.0279541015625
2020-01-31,31.453487396240234,58.85846710205078,88.34590148925781,89.21025848388672
2020-02-03,31.79951286315918,59.47891616821289,90.32852935791016,90.02013397216797
2020-02-04,32.04795455932617,60.353187561035156,92.90595245361328,91.60385131835938
2020-02-05,32.74888229370117,61.697505950927734,95.21571350097656,93.36750793457031
2020-02-06,32.722267150878906,62.36496353149414,95.31485748291016,93.44851684570312
2020-02-07,32.704524993896484,62.148738861083984,94.49205780029297,92.71964263916016
2020-02-10,32.8287353515625,62.505958557128906,96.03849792480469,93.21454620361328
2020-02-11,33.157020568847656,62.383766174316406,95.91954040527344,93.7724609375
2020-02-12,33.006195068359375,62.31795883178711,97.15869140625,93.88944244384766
2020-02-13,33.2812385559082,61.471885681152344,96.07815551757812,93.44851684570312
2020-02-14,33.29011535644531,61.35906982421875,96.24667358398438,93.52050018310547
2020-02-18,33.174766540527344,61.21807098388672,96.76216888427734,93.18755340576172
2020-02-19,33.13040542602539,61.42487716674805,97.4957275390625,93.61949920654297
2020-02-20,32.997310638427734,61.0300407409668,96.96043395996094,93.01658630371094
2020-02-21,32.837615966796875,60.94544219970703,96.41519927978516,93.07059478759766
2020-02-24,31.897106170654297,59.742130279541016,93.10420989990234,90.13710021972656
2020-02-25,31.009845733642578,58.68924331665039,90.27896881103516,87.4015884399414
2020-02-26,30.708175659179688,58.482418060302734,90.73497772216797,87.39260864257812
2020-02-27,29.279680252075195,55.79378890991211,86.80935668945312,84.42311096191406
2020-02-28,28.17060661315918,54.84431457519531,88.40536499023438,83.33429718017578
2020-03-02,29.714448928833008,56.959503173828125,91.8947982788086,87.2396240234375
2020-03-03,28.880414962768555,55.44596481323242,89.28764343261719,85.07100677490234
2020-03-04,29.94513511657715,57.89958190917969,93.48091888427734,89.97512817382812
2020-03-05,28.738460540771484,56.67747497558594,91.79566192626953,87.88749694824219
2020-03-06,28.206098556518555,56.0100212097168,89.31736755371094,87.41956329345703
2020-03-09,25.44670867919922,52.31550216674805,82.12044525146484,82.87538146972656
2020-03-10,26.520294189453125,53.932437896728516,84.3608169555664,85.71885681152344
2020-03-11,25.056316375732422,51.9770622253418,78.55171966552734,82.44346618652344
2020-03-12,22.23481559753418,48.24494552612305,70.16521453857422,76.28853607177734
2020-03-13,24.071453094482422,51.920650482177734,74.58647155761719,81.57959747314453
2020-03-16,20.753087997436523,46.778411865234375,65.37715911865234,73.53504180908203
2020-03-17,21.915403366088867,50.087501525878906,67.73648071289062,78.1512222290039
2020-03-18,19.679494857788086,48.5457763671875,65.74394226074219,75.5596694946289
2020-03-19,19.76822280883789,48.6397819519043,69.53075408935547,74.0119400024414
2020-03-20,19.08502960205078,46.38359451293945,68.51962280273438,71.16844177246094
2020-03-23,18.53887939453125,45.28630065917969,67.9743881225586,67.47206115722656
2020-03-24,20.8539981842041,48.16147232055664,73.58525085449219,72.67121124267578
2020-03-25,21.461833953857422,47.661865234375,74.58647155761719,73.63876342773438
2020-03-26,22.80263900756836,50.216514587402344,77.55048370361328,78.53050231933594
2020-03-27,22.293128967285156,48.95333480834961,75.30020904541016,76.84867858886719
2020-03-30,23.097618103027344,51.696529388427734,77.35221862792969,80.44743347167969
2020-03-31,22.284194946289062,51.85677719116211,76.76734161376953,80.09480285644531
2020-04-01,21.005956649780273,50.23537826538086,72.62367248535156,77.04762268066406
2020-04-02,21.211549758911133,51.583412170410156,75.27047729492188,79.18155670166016
2020-04-03,20.63947296142578,51.25346755981445,74.20977020263672,78.46719360351562
2020-04-06,22.14117431640625,53.28023147583008,79.70162200927734,82.58137512207031
2020-04-07,22.507661819458008,52.78060531616211,78.10562896728516,81.90322875976562
2020-04-08,23.55348777770996,54.628257751464844,81.17870330810547,85.2759017944336
2020-04-09,24.74234390258789,55.44839096069336,82.705322265625,85.74608612060547
2020-04-13,23.94679832458496,55.561500549316406,82.57646179199219,84.99559783935547
2020-04-14,24.322216033935547,56.74928283691406,85.87752532958984,87.81674194335938
2020-04-15,22.954599380493164,55.99514389038086,83.7561264038086,87.3646469116211
2020-04-16,22.659622192382812,56.67386245727539,86.01630401611328,89.27249908447266
2020-04-17,23.67862892150879,58.36127853393555,90.75479125976562,91.12611389160156
2020-04-20,23.043981552124023,58.16330337524414,94.13518524169922,90.40277862548828
2020-04-21,22.257375717163086,56.39106750488281,91.27027130126953,87.65396881103516
2020-04-22,22.27525520324707,56.796424865722656,93.0149917602539,88.99222564697266
2020-04-23,21.998159408569336,57.30548858642578,92.96542358398438,89.48048400878906
2020-04-24,22.3199462890625,58.427249908447266,96.16736602783203,90.68309020996094
2020-04-27,23.07973861694336,59.56789779663086,97.45606994628906,91.84949493408203
2020-04-28,23.419410705566406,58.710060119628906,94.4424819946289,89.99588012695312
2020-04-29,24.232833862304688,59.473628997802734,94.9678955078125,90.59265899658203
2020-04-30,23.312143325805664,58.879737854003906,92.57881164550781,90.17674255371094
2020-05-01,22.498720169067383,57.899356842041016,90.04104614257812,88.45870971679688
2020-05-04,22.498720169067383,58.05961608886719,94.60108947753906,88.41352844238281
2020-05-05,22.63279914855957,58.97401809692383,96.65311431884766,90.3304214477539
2020-05-06,21.83725929260254,59.124839782714844,97.13887023925781,89.43526458740234
2020-05-07,22.677501678466797,58.662925720214844,97.28755187988281,89.42622375488281
2020-05-08,23.240631103515625,59.285099029541016,98.70513916015625,89.88737487792969
2020-05-11,22.927778244018555,60.70854568481445,103.41388702392578,91.4335708618164
2020-05-12,22.194808959960938,59.916690826416016,101.18343353271484,90.04108428955078
2020-05-13,21.220487594604492,59.171974182128906,99.17105102539062,89.06452941894531
2020-05-14,21.595914840698242,59.01171875,98.25904846191406,90.04108428955078
2020-05-15,21.747873306274414,59.671592712402344,101.77820587158203,90.80061340332031
2020-05-18,23.01717185974121,60.699127197265625,104.74224853515625,91.55111694335938
2020-05-19,22.570232391357422,60.00152587890625,101.75838470458984,90.4479751586914
2020-05-20,23.088680267333984,60.190067291259766,104.70259094238281,90.5564956665039
2020-05-21,23.473041534423828,59.90726089477539,103.87979125976562,89.88737487792969
2020-05-22,23.437286376953125,60.029808044433594,105.12885284423828,90.07726287841797
2020-05-26,24.20601463317871,59.69987106323242,102.65057373046875,89.91448974609375
2020-05-27,24.86747932434082,60.0580940246582,102.6803207397461,90.84581756591797
2020-05-28,24.536746978759766,60.53886032104492,101.64935302734375,92.03034210205078
2020-05-29,24.18813133239746,61.05733108520508,102.66047668457031,93.14252471923828
2020-06-01,24.456302642822266,60.821651458740234,103.20570373535156,92.22023010253906
2020-06-02,24.75128173828125,60.7274055480957,104.63320922851562,92.75370788574219
2020-06-03,25.582578659057617,60.897071838378906,103.03720092773438,92.57286834716797
2020-06-04,26.029510498046875,60.63312911987305,101.19335174560547,91.8404541015625
2020-06-05,27.04852294921875,61.21758270263672,102.01614379882812,93.3233642578125
2020-06-08,27.8172550201416,61.80203628540039,103.89961242675781,93.96533203125
2020-06-09,27.15578842163086,61.330711364746094,103.72117614746094,92.98880767822266
2020-06-10,26.217222213745117,60.58598709106445,103.85005187988281,92.8441162109375
2020-06-11,24.18813133239746,57.60713195800781,98.11034393310547,87.68109893798828
2020-06-12,24.71552276611328,57.522274017333984,99.35942077636719,88.25074005126953
2020-06-15,25.06413459777832,58.06903839111328,102.16482543945312,88.44966888427734
2020-06-16,25.421682357788086,59.62445831298828,103.74102783203125,90.62881469726562
2020-06-17,25.144582748413086,59.549041748046875,103.82032012939453,90.53839111328125
2020-06-18,25.207149505615234,59.445350646972656,104.93059539794922,90.23097229003906
2020-06-19,24.921113967895508,60.34090042114258,107.9045181274414,91.09901428222656
2020-06-22,24.869918823242188,60.77180480957031,111.07424926757812,90.74942779541016
2020-06-23,24.869918823242188,60.809608459472656,112.7795639038086,91.13984680175781
2020-06-24,23.99871063232422,59.656734466552734,110.4694595336914,88.76080322265625
2020-06-25,24.48370933532715,60.809608459472656,113.19599151611328,89.63253021240234
2020-06-26,23.66638946533203,59.77958297729492,109.47798156738281,88.54287719726562
2020-06-29,24.16037368774414,60.45051193237305,109.45816802978516,89.34194946289062
2020-06-30,24.564542770385742,61.159244537353516,110.99493408203125,90.86746215820312
2020-07-01,24.133432388305664,61.7829475402832,111.5105209350586,91.56663513183594
2020-07-02,24.088520050048828,61.91524124145508,111.92692565917969,92.25676727294922
2020-07-06,24.492691040039062,62.35939407348633,111.95665740966797,93.19203186035156
2020-07-07,23.872961044311523,61.95301818847656,114.05858612060547,92.38388061523438
2020-07-08,24.1783390045166,61.95301818847656,115.77381134033203,92.39297485351562
2020-07-09,23.45083236694336,61.57505416870117,115.10952758789062,91.66651916503906
2020-07-10,24.313060760498047,61.49945831298828,113.93958282470703,91.4486083984375
2020-07-13,24.331022262573242,61.272640228271484,110.99493408203125,91.96619415283203
2020-07-14,24.8339900970459,62.425514221191406,113.82061767578125,93.79133605957031
2020-07-15,25.462705612182617,63.60675048828125,116.23979949951172,95.00811004638672
2020-07-16,25.81298065185547,63.22877502441406,115.30781555175781,94.8537368774414
2020-07-17,25.660295486450195,63.739044189453125,117.72701263427734,96.15225982666016
2020-07-20,25.41779327392578,63.644561767578125,119.33319854736328,96.13407135009766
2020-07-21,25.83992576599121,62.879127502441406,116.8545150756836,96.07052612304688
2020-07-22,26.06446647644043,62.95472717285156,116.28938293457031,96.93315887451172
2020-07-23,26.29798126220703,62.39717102050781,113.93958282470703,96.49729919433594
2020-07-24,25.92974281311035,61.38605499267578,111.27255249023438,95.43489074707031
2020-07-27,25.660295486450195,62.46332550048828,114.15771484375,96.15225982666016
2020-07-28,25.480663299560547,62.20819091796875,111.2427978515625,96.04328155517578
2020-07-29,25.92075538635254,62.54836654663086,109.4383316040039,97.05121612548828
2020-07-30,25.462705612182617,62.21762466430664,111.00484466552734,96.3792495727539
2020-07-31,25.588441848754883,61.395503997802734,108.39728546142578,95.82535552978516
2020-08-03,25.75909423828125,62.86021041870117,112.94813537597656,96.81511688232422
2020-08-04,25.525569915771484,62.61451721191406,112.60111999511719,96.38835906982422
2020-08-05,26.244096755981445,63.35160446166992,113.41410827636719,96.8332748413086
2020-08-06,25.983625411987305,62.99252700805664,112.83906555175781,96.3156967163086
2020-08-07,26.76502227783203,63.04920959472656,112.94813537597656,96.6244125366211
2020-08-10,27.115304946899414,62.841331481933594,112.938232421875,96.29754638671875
2020-08-11,27.151233673095703,61.82072448730469,108.44686126708984,95.68912506103516
2020-08-12,26.890766143798828,62.56727981567383,108.79388427734375,97.29637145996094
2020-08-13,26.79197120666504,62.52947235107422,110.29100036621094,97.16923522949219
2020-08-14,26.845855712890625,62.605079650878906,109.2598648071289,96.97854614257812
2020-08-17,26.531505584716797,63.22877502441406,113.0869369506836,97.55065155029297
2020-08-18,26.41473960876465,62.727909088134766,112.09546661376953,97.52339172363281
2020-08-19,26.378814697265625,62.491661071777344,111.90708923339844,97.20557403564453
2020-08-20,26.136320114135742,62.387718200683594,111.88724517822266,96.8968505859375
2020-08-21,25.8758487701416,61.6034049987793,110.50910949707031,96.9967041015625
2020-08-24,26.468631744384766,61.31044387817383,107.8718032836914,96.55180358886719
2020-08-25,26.45067024230957,61.59394073486328,109.17064666748047,97.20557403564453
2020-08-26,26.235111236572266,61.51835250854492,107.8222427368164,97.0875244140625
2020-08-27,26.702159881591797,61.716793060302734,106.94976043701172,97.85028076171875
2020-08-28,26.711135864257812,61.7829475402832,107.86189270019531,98.06820678710938
2020-08-31,26.432706832885742,62.00973129272461,110.85614013671875,98.3042984008789
2020-09-01,26.594379425048828,60.77180480957031,108.62533569335938,97.42353820800781
2020-09-02,26.944652557373047,62.841331481933594,109.68619537353516,99.37581634521484
2020-09-03,26.56743049621582,61.41439437866211,105.59144592285156,96.66980743408203
2020-09-04,26.774003982543945,61.395503997802734,104.39175415039062,95.9797134399414
2020-09-08,26.01955795288086,60.157569885253906,102.98387908935547,94.39972686767578
2020-09-09,26.4057559967041,61.07420349121094,105.26423645019531,96.07052612304688
2020-09-10,26.00159454345703,59.91187286376953,103.618408203125,94.5995101928711
2020-09-11,26.055484771728516,59.96856689453125,103.54901123046875,94.9718017578125
2020-09-14,26.31595230102539,61.13089370727539,110.68757629394531,96.33385467529297
2020-09-15,25.83992576599121,61.45219421386719,111.72862243652344,96.46098327636719
2020-09-16,26.037521362304688,61.68843078613281,114.17755889892578,96.29754638671875
2020-09-17,25.8758487701416,61.48999786376953,113.99909973144531,95.9797134399414
2020-09-18,25.67825698852539,61.6034049987793,115.24833679199219,95.8344497680664
2020-09-21,25.059223175048828,60.06694030761719,111.15936279296875,94.06400299072266
2020-09-22,24.987030029296875,60.07638931274414,111.84400177001953,93.86344146728516
2020-09-23,24.38243865966797,59.28118133544922,108.3017349243164,92.89708709716797
2020-09-24,24.409502029418945,58.6753044128418,107.2301254272461,92.43213653564453
2020-09-25,24.617055892944336,59.49891662597656,109.94884490966797,93.91815948486328
2020-09-28,25.275794982910156,59.877586364746094,110.07783508300781,94.76597595214844
2020-09-29,25.113365173339844,59.707191467285156,110.82200622558594,94.64747619628906
2020-09-30,25.293840408325195,60.464534759521484,110.56402587890625,96.16080474853516
2020-10-01,25.582609176635742,60.54026412963867,111.9531478881836,95.83261108398438
2020-10-02,25.988679885864258,59.83024978637695,109.50234985351562,94.95742797851562
2020-10-05,26.638395309448242,61.468017578125,114.90997314453125,96.90835571289062
2020-10-06,26.349626541137695,61.03254318237305,113.99713897705078,95.62293243408203
2020-10-07,26.638395309448242,61.9508171081543,117.64854431152344,97.42801666259766
2020-10-08,26.93618392944336,63.0111083984375,118.22402954101562,97.90206146240234
2020-10-09,26.89105987548828,63.20044708251953,119.31547546386719,98.78636169433594
2020-10-12,27.324207305908203,63.0963134765625,119.61315155029297,99.46098327636719
2020-10-13,26.665468215942383,62.67029571533203,121.25033569335938,98.70430755615234
2020-10-14,26.494009017944336,62.47151565551758,119.00790405273438,98.12998962402344
2020-10-15,26.710590362548828,62.08336639404297,119.23612213134766,97.41886901855469
2020-10-16,26.719614028930664,62.42416763305664,119.68262481689453,98.3852310180664
2020-10-19,26.259397506713867,61.68576431274414,117.37071228027344,96.82630920410156
2020-10-20,26.512062072753906,61.6384162902832,115.81291198730469,96.95394134521484
2020-10-21,26.873010635375977,60.63494110107422,113.06443786621094,96.47077178955078
2020-10-22,27.242990493774414,61.77095031738281,116.13043212890625,97.92941284179688
2020-10-23,27.36932373046875,61.96974563598633,116.71583557128906,98.29405975341797
2020-10-26,26.656442642211914,61.25027847290039,115.14812469482422,97.2000961303711
2020-10-27,25.96160888671875,60.76746368408203,116.51741027832031,96.53458404541016
2020-10-28,25.39310073852539,59.01611328125,113.3125,93.47142791748047
2020-10-29,25.74503517150879,59.167579650878906,114.31465148925781,92.70565795898438
2020-10-30,25.645769119262695,58.57117462158203,111.89361572265625,92.67830657958984
2020-11-02,26.259397506713867,59.44211959838867,111.88369750976562,94.34661865234375
2020-11-03,26.79180145263672,59.697723388671875,114.919921875,95.72321319580078
2020-11-04,26.448894500732422,62.88804244995117,121.99449920654297,99.97150421142578
2020-11-05,27.02642059326172,62.56615447998047,121.8853530883789,100.17207336425781
2020-11-06,26.800823211669922,61.51534652709961,118.93843841552734,100.20851135253906
2020-11-09,28.86728286743164,62.1212272644043,119.43455505371094,101.14754486083984
2020-11-10,29.42676544189453,63.1341667175293,121.01219940185547,101.43926239013672
2020-11-11,29.047761917114258,63.408714294433594,122.69898986816406,101.31163024902344
2020-11-12,28.416091918945312,62.6324462890625,122.76844024658203,100.93785095214844
2020-11-13,29.038740158081055,63.56017303466797,124.06826782226562,102.21417236328125
2020-11-16,29.85991096496582,63.50337219238281,124.66358947753906,102.04093170166016
2020-11-17,29.868932723999023,63.68324279785156,125.75503540039062,101.37543487548828
2020-11-18,29.643335342407227,62.94483184814453,123.37370300292969,99.48831939697266
2020-11-19,29.634309768676758,63.92939376831055,124.09803771972656,99.41539764404297
2020-11-20,29.47188377380371,63.91044998168945,125.06048583984375,99.18749237060547
2020-11-23,29.950145721435547,63.51285171508789,125.5069808959961,98.93221282958984
2020-11-24,30.726198196411133,63.63591003417969,125.080322265625,99.22395324707031
2020-11-25,30.35622215270996,63.24777603149414,125.83442687988281,98.85929107666016
2020-11-27,30.130619049072266,64.01458740234375,130.43836975097656,99.77095794677734
2020-11-30,29.318477630615234,63.28564453125,132.16482543945312,100.04442596435547
2020-12-01,29.9050235748291,63.71165466308594,131.90687561035156,100.88316345214844
2020-12-02,30.076480865478516,63.967254638671875,131.78778076171875,101.63981628417969
2020-12-03,30.103546142578125,64.08085632324219,132.6807861328125,101.5121841430664
2020-12-04,30.672056198120117,64.71511840820312,135.14151000976562,102.5970458984375
2020-12-07,30.139646530151367,64.26071166992188,136.40167236328125,101.96800994873047
2020-12-08,30.26598358154297,65.28314208984375,139.0310516357422,102.74290466308594
2020-12-09,30.275001525878906,64.94233703613281,136.21315002441406,102.38738250732422
2020-12-10,30.374271392822266,65.26421356201172,141.24374389648438,102.21417236328125
2020-12-11,30.09452247619629,64.98966979980469,141.1643829345703,101.8130111694336
2020-12-14,29.841856002807617,66.17301940917969,144.9149932861328,101.0472412109375
2020-12-15,30.43743324279785,66.84517669677734,145.18292236328125,102.14122009277344
2020-12-16,30.473535537719727,66.68424224853516,143.39688110351562,101.84037017822266
2020-12-17,30.563770294189453,67.09130859375,145.51028442382812,102.93435668945312
2020-12-18,30.211841583251953,66.89249420166016,146.4033203125,103.01639556884766
2020-12-21,29.990358352661133,66.29593658447266,148.86300659179688,101.98567962646484
2020-12-22,29.83605194091797,66.14418029785156,150.1345977783203,101.6744155883789
2020-12-23,30.171907424926758,66.65634155273438,150.14451599121094,101.74767303466797
2020-12-24,30.262672424316406,67.11160278320312,149.02194213867188,102.04058074951172
2020-12-28,30.24452018737793,66.75118255615234,145.49534606933594,102.29691314697266
2020-12-29,30.04482078552246,66.87449645996094,141.23361206054688,102.78207397460938
2020-12-30,30.199129104614258,67.3392105102539,143.13104248046875,102.76375579833984
2020-12-31,30.48052406311035,67.71858978271484,139.8527374267578,103.84394073486328
2021-01-04,29.681734085083008,67.93672943115234,140.0216522216797,103.39539337158203
2021-01-05,29.74528694152832,68.41094970703125,139.5249481201172,104.1460189819336
2021-01-06,31.115909576416016,69.45423126220703,142.3760528564453,105.57405853271484
2021-01-07,31.143138885498047,70.38370513916016,148.22723388671875,106.94718170166016
2021-01-08,31.052370071411133,70.32682037353516,148.55502319335938,107.45980834960938
2021-01-11,30.916208267211914,71.32264709472656,147.0847930908203,107.96326446533203
2021-01-12,31.242984771728516,71.01917266845703,148.36631774902344,106.79156494140625
2021-01-13,31.170366287231445,71.21835327148438,147.5914306640625,107.08448791503906
2021-01-14,31.288366317749023,72.28059387207031,152.41943359375,106.74578857421875
2021-01-15,31.106821060180664,72.19523620605469,150.73062133789062,107.0753173828125
2021-01-19,31.324670791625977,73.36181640625,153.20423889160156,107.88088989257812
2021-01-20,31.52437400817871,73.31439208984375,153.1148223876953,108.47590637207031
2021-01-21,31.025142669677734,72.56512451171875,149.78688049316406,107.96326446533203
2021-01-22,30.761899948120117,73.2385025024414,151.55516052246094,107.64290618896484
2021-01-25,30.75282096862793,74.6042709350586,156.10499572753906,108.3477554321289
2021-01-26,30.52590560913086,74.58527374267578,153.36317443847656,107.94497680664062
2021-01-27,29.736196517944336,72.8496322631836,151.29689025878906,104.66781616210938
2021-01-28,30.108362197875977,73.82653045654297,150.64125061035156,106.19654083251953
2021-01-29,29.227890014648438,73.22901916503906,151.87306213378906,105.29943084716797
2021-02-01,29.58190155029297,74.25332641601562,158.5686798095703,105.70223236083984
2021-02-02,29.990358352661133,74.43354034423828,162.16485595703125,106.00431060791016
2021-02-03,30.026670455932617,74.43354034423828,160.0091094970703,105.25366973876953
2021-02-04,30.68929100036621,74.96467590332031,161.6979522705078,105.69306182861328
2021-02-05,30.934364318847656,76.23558807373047,165.68150329589844,105.88532257080078
2021-02-08,31.31559944152832,77.47803497314453,172.8440399169922,106.01345825195312
2021-02-09,31.42452621459961,77.33576965332031,170.72805786132812,106.16907501220703
2021-02-10,31.460830688476562,77.46855163574219,166.9033966064453,106.36132049560547
2021-02-11,31.578832626342773,76.89947509765625,164.73777770996094,106.56271362304688
2021-02-12,31.52437400817871,76.70033264160156,163.23770141601562,107.35911560058594
2021-02-16,31.45175552368164,75.95106506347656,159.10511779785156,106.2972412109375
2021-02-17,31.59699249267578,76.24506378173828,159.66140747070312,106.68171691894531
2021-02-18,31.388212203979492,75.44837188720703,155.50892639160156,106.01345825195312
2021-02-19,31.615140914916992,75.18280792236328,158.02230834960938,104.73188781738281
2021-02-22,32.096221923828125,74.80342864990234,153.27378845214844,104.48474884033203
2021-02-23,32.18700408935547,74.12055969238281,149.83653259277344,104.31079864501953
2021-02-24,32.76792526245117,75.61909484863281,152.0915985107422,105.03397369384766
2021-02-25,32.01453399658203,74.27230834960938,145.91258239746094,103.98124694824219
2021-02-26,31.76036834716797,72.678955078125,147.0251922607422,103.08415985107422
2021-03-01,32.45929718017578,73.39974975585938,150.60150146484375,104.4298095703125
2021-03-02,32.259613037109375,72.71686553955078,145.88278198242188,104.12773132324219
2021-03-03,32.341304779052734,71.69255828857422,139.01832580566406,102.80955505371094
2021-03-04,31.832988739013672,72.0813980102539,134.53799438476562,101.42724609375
2021-03-05,32.6226806640625,73.6747817993164,137.85597229003906,103.45948028564453
2021-03-08,33.18545913696289,73.81704711914062,134.04127502441406,103.20313262939453
2021-03-09,33.05836868286133,74.37664794921875,140.2699737548828,103.80733489990234
2021-03-10,33.61207962036133,74.6042709350586,140.54812622070312,104.04534149169922
2021-03-11,33.69377136230469,75.296630859375,145.98211669921875,104.67696380615234
2021-03-12,34.04777526855469,75.6380615234375,145.54501342773438,104.90581512451172
2021-03-15,34.23838424682617,75.922607421875,147.24374389648438,105.62898254394531
2021-03-16,33.83899688720703,75.90361785888672,144.92910766601562,105.56491088867188
2021-03-17,34.02961730957031,75.9795150756836,146.5583038330078,105.1804428100586
2021-03-18,33.98423767089844,74.83190155029297,139.564697265625,104.96073913574219
2021-03-19,33.50315475463867,75.47682189941406,144.11448669433594,105.3360595703125
2021-03-22,33.2596549987793,76.2684097290039,146.1913299560547,106.2528076171875
2021-03-23,32.89486312866211,74.59591674804688,137.66546630859375,105.17804718017578
2021-03-24,32.803672790527344,73.55064392089844,130.59039306640625,105.05865478515625
2021-03-25,33.350860595703125,74.225341796875,134.3564910888672,105.49954986572266
2021-03-26,33.6062126159668,75.30863189697266,132.22006225585938,107.4928970336914
2021-03-29,33.46029281616211,74.97604370117188,128.5433807373047,107.99811553955078
2021-03-30,33.71564865112305,74.68144226074219,129.2886962890625,107.02442169189453
2021-03-31,33.4238166809082,74.95703887939453,134.79371643066406,107.2356948852539
2021-04-01,33.852439880371094,75.09957122802734,136.16502380371094,106.9141845703125
2021-04-05,33.9801139831543,75.41317749023438,137.7549285888672,107.65821838378906
2021-04-06,34.13515090942383,75.0330581665039,134.14779663085938,107.24486541748047
2021-04-07,34.171630859375,74.42489624023438,130.91830444335938,107.00602722167969
2021-04-08,34.171630859375,74.31085205078125,131.73316955566406,107.17138671875
2021-04-09,34.335784912109375,74.38687896728516,128.81170654296875,108.34719848632812
2021-04-12,34.536415100097656,73.9212417602539,126.24799346923828,108.4573974609375
2021-04-13,34.47257614135742,74.33935546875,128.09628295898438,108.90750122070312
2021-04-14,34.75529479980469,74.87151336669922,131.48475646972656,108.89832305908203
2021-04-15,34.91944885253906,75.49868774414062,132.63742065429688,110.76306915283203
2021-04-16,35.11095428466797,75.9452896118164,130.71957397460938,111.58978271484375
2021-04-19,35.092716217041016,75.43217468261719,127.90745544433594,111.61734771728516
2021-04-20,34.64585876464844,75.53667449951172,127.48016357421875,112.04907989501953
2021-04-21,35.256874084472656,76.52495574951172,131.931884765625,113.37184143066406
2021-04-22,34.946807861328125,75.7172622680664,133.6907196044922,112.86662292480469
2021-04-23,35.41191864013672,75.54618835449219,133.45223999023438,113.61068725585938
2021-04-26,35.4210319519043,75.98332214355469,138.0828399658203,113.22486877441406
2021-04-27,35.67637634277344,75.27063751220703,138.47036743164062,112.57268524169922
2021-04-28,35.70374298095703,74.74798583984375,138.80821228027344,112.23279571533203
2021-04-29,36.0229377746582,74.45338439941406,137.1885223388672,111.78270721435547
2021-04-30,35.8040657043457,74.09227752685547,135.757568359375,111.4520034790039
2021-05-03,36.04117202758789,75.10909271240234,134.1378631591797,112.71964263916016
2021-05-04,36.08677291870117,74.12078094482422,128.99058532714844,112.83908081054688
2021-05-05,36.21444320678711,74.53892517089844,126.81439971923828,113.04115295410156
2021-05-06,36.524513244628906,74.66243743896484,124.89657592773438,113.1881103515625
2021-05-07,36.77987289428711,74.72896575927734,126.93364715576172,113.96892547607422
2021-05-10,36.40596389770508,74.472412109375,122.31300354003906,114.11591339111328
2021-05-11,35.794944763183594,74.29183959960938,124.310302734375,112.885009765625
2021-05-12,35.10184860229492,74.44387817382812,123.33650207519531,111.81942749023438
2021-05-13,35.85877990722656,75.21359252929688,121.70684814453125,112.82989501953125
2021-05-14,36.31476974487305,75.90731048583984,126.11882019042969,113.39939880371094
2021-05-17,36.269161224365234,76.04032897949219,125.83065032958984,113.1881103515625
2021-05-18,35.9864501953125,75.7647705078125,126.3771743774414,113.22486877441406
2021-05-19,35.87702178955078,75.22309112548828,124.16123962402344,113.03195190429688
2021-05-20,36.004695892333984,76.48694610595703,126.76471710205078,114.21693420410156
2021-05-21,36.01381301879883,76.07833862304688,125.87039184570312,114.23531341552734
2021-05-24,36.04117202758789,75.8883056640625,125.04562377929688,114.3455581665039
2021-05-25,35.48487091064453,75.01403045654297,123.4756088256836,114.00566101074219
2021-05-26,35.776710510253906,74.87151336669922,126.15856170654297,113.34429168701172
2021-05-27,36.1141242980957,74.42489624023438,127.77827453613281,113.09627532958984
2021-05-28,36.287410736083984,74.73847198486328,127.29136657714844,113.53719329833984
2021-06-01,36.41508483886719,73.75970458984375,125.65178680419922,111.67244720458984
2021-06-02,36.38772964477539,73.71216583251953,126.43678283691406,111.4520034790039
2021-06-03,36.31476974487305,74.02578735351562,125.95983123779297,111.79187774658203
2021-06-04,36.38772964477539,74.27284240722656,125.95983123779297,112.15011596679688
2021-06-07,36.15060806274414,75.84078216552734,131.77288818359375,112.55430603027344
2021-06-08,36.35124588012695,75.36565399169922,132.6175537109375,112.20523834228516
2021-06-09,35.977333068847656,76.6960220336914,133.85963439941406,113.2891845703125
2021-06-10,35.73110580444336,77.99789428710938,135.23092651367188,115.22740173339844
2021-06-11,35.977333068847656,77.4942398071289,134.9725799560547,114.40987396240234
2021-06-14,35.776710510253906,77.27569580078125,135.81719970703125,114.5108871459961
2021-06-15,36.10500717163086,76.89556884765625,132.58770751953125,114.54764556884766
2021-06-16,35.83141326904297,77.0000991821289,132.7467041015625,114.10672760009766
2021-06-17,34.873844146728516,77.1046371459961,133.53175354003906,114.97938537597656
2021-06-18,34.00748062133789,76.27790832519531,132.73678588867188,113.6657943725586
2021-06-21,34.82278823852539,76.80914306640625,133.93911743164062,115.03153228759766
2021-06-22,34.868648529052734,76.2283935546875,132.8361358642578,115.28053283691406
2021-06-23,34.91450119018555,75.71428680419922,133.46218872070312,114.80097961425781
2021-06-24,35.32720184326172,76.67584991455078,136.42337036132812,115.39115905761719
2021-06-25,35.83161544799805,77.36131286621094,137.80458068847656,115.91680908203125
2021-06-28,35.345550537109375,76.98050689697266,136.97979736328125,116.09202575683594
2021-06-29,35.400569915771484,76.80914306640625,134.8831329345703,116.22112274169922
2021-06-30,35.345550537109375,76.59967803955078,134.54531860351562,116.14734649658203
2021-07-01,35.813270568847656,77.63739013671875,137.6157989501953,117.18017578125
2021-07-02,35.602333068847656,77.55168914794922,135.66815185546875,118.30522155761719
2021-07-06,35.14377975463867,77.01856231689453,132.7467041015625,118.1945571899414
2021-07-07,35.17128372192383,76.83769226074219,130.52085876464844,118.94153594970703
2021-07-08,34.235843658447266,76.30455017089844,131.0773162841797,118.28680419921875
2021-07-09,35.00620651245117,76.68536376953125,132.9553985595703,118.69254302978516
2021-07-12,35.24465560913086,76.49495697021484,130.9978485107422,118.92308807373047
2021-07-13,34.70356369018555,76.03797912597656,128.81170654296875,118.81242370605469
2021-07-14,34.593505859375,75.81903076171875,125.15494537353516,118.70176696777344
2021-07-15,34.804443359375,75.03836059570312,125.14500427246094,118.28680419921875
2021-07-16,34.67605209350586,74.99076080322266,125.14500427246094,118.60954284667969
2021-07-19,33.72224426269531,75.16212463378906,125.34375,117.36460876464844
2021-07-20,34.45594787597656,76.16175079345703,128.24530029296875,118.79399108886719
2021-07-21,34.93284225463867,76.77104187011719,129.42779541015625,118.98764038085938
2021-07-22,34.58432388305664,76.79962158203125,127.16219329833984,119.86369323730469
2021-07-23,34.70356369018555,77.39938354492188,125.7114028930664,121.24695587158203
2021-07-26,34.868648529052734,77.12330627441406,123.43585968017578,120.4631118774414
2021-07-27,34.87781524658203,77.2565689086914,122.20369720458984,121.02562713623047
2021-07-28,34.7402458190918,78.41805267333984,126.4765396118164,121.45906829833984
2021-07-29,35.152950286865234,77.8849105834961,124.3798599243164,121.7541275024414
2021-07-30,34.93284225463867,77.26610565185547,122.6309814453125,121.86479187011719
2021-08-02,34.868648529052734,77.46602630615234,123.14771270751953,122.03079223632812
2021-08-03,35.06123733520508,78.1229248046875,124.03207397460938,123.72760009765625
2021-08-04,34.79527282714844,77.78971862792969,124.01219940185547,123.20197296142578
2021-08-05,35.235477447509766,78.31331634521484,128.72227478027344,122.69477081298828
2021-08-06,35.703216552734375,78.37997436523438,126.48648071289062,122.59329986572266
2021-08-09,35.849952697753906,78.24668884277344,126.72496032714844,123.06361389160156
2021-08-10,36.06089401245117,78.1038818359375,125.68160247802734,122.77777099609375
2021-08-11,36.41856384277344,77.142333984375,124.86677551269531,121.56048583984375
2021-08-12,36.299339294433594,77.84683990478516,125.98963165283203,122.51957702636719
2021-08-13,36.24431228637695,78.22764587402344,123.83334350585938,123.28496551513672
2021-08-16,36.198463439941406,78.45612335205078,121.0212173461914,124.68667602539062
2021-08-17,36.10673522949219,79.1796646118164,122.91914367675781,126.16209411621094
2021-08-18,35.82243728637695,77.9896240234375,120.84233856201172,124.24400329589844
2021-08-19,35.65736389160156,77.60883331298828,117.94076538085938,124.8065414428711
2021-08-20,35.978355407714844,77.59931945800781,121.35904693603516,125.51658630371094
2021-08-23,36.216800689697266,78.85596466064453,126.93364715576172,125.56271362304688
2021-08-24,36.30850601196289,78.24668884277344,126.9435806274414,125.12007904052734
2021-08-25,36.40939712524414,77.87540435791016,128.34469604492188,124.77885437011719
2021-08-26,35.89581298828125,77.142333984375,127.76834106445312,124.29011535644531
2021-08-27,36.537784576416016,77.45651245117188,131.19654846191406,124.15180206298828
2021-08-30,36.22597122192383,78.04676818847656,130.79908752441406,124.85260009765625
2021-08-31,36.34519577026367,78.22764587402344,132.00144958496094,124.68667602539062
2021-09-01,36.34519577026367,78.1800537109375,134.22732543945312,124.72352600097656
2021-09-02,36.30850601196289,78.69415283203125,135.66815185546875,126.06066131591797
2021-09-03,36.143436431884766,78.43709564208984,133.3429412841797,126.19898986816406
2021-09-07,35.65736389160156,77.19944763183594,132.6274871826172,125.46128845214844
2021-09-08,35.7123908996582,77.43746185302734,131.47479248046875,125.40595245361328
2021-09-09,35.7123908996582,76.06655883789062,131.9815673828125,123.9581069946289
2021-09-10,35.33637237548828,75.63813781738281,130.88851928710938,122.82384490966797
2021-09-13,35.62067413330078,75.419189453125,130.25254821777344,122.06768035888672
2021-09-14,35.152950286865234,75.1526107788086,128.1757354736328,122.04924011230469
2021-09-15,35.345550537109375,75.43821716308594,129.6066436767578,122.84230041503906
2021-09-16,35.217140197753906,75.14309692382812,130.17306518554688,122.52877044677734
2021-09-17,34.99704360961914,75.13356018066406,132.0411834716797,122.64864349365234
2021-09-20,34.28732681274414,73.95307159423828,127.94720458984375,121.36880493164062
2021-09-21,34.24123764038086,74.50524139404297,129.42779541015625,121.55389404296875
2021-09-22,34.68366241455078,74.3624496459961,129.79547119140625,121.7574691772461
2021-09-23,35.06155776977539,75.03836059570312,132.23001098632812,122.6365966796875
2021-09-24,35.22746658325195,74.77182006835938,129.54705810546875,122.13689422607422
2021-09-27,35.67909622192383,74.3053207397461,131.0773162841797,120.3971176147461
2021-09-28,34.997039794921875,73.39137268066406,126.93364715576172,118.33342742919922
2021-09-29,35.209022521972656,73.98161315917969,124.83695983886719,119.26809692382812
2021-09-30,34.82191848754883,73.6484146118164,124.91645812988281,117.805908203125
2021-10-01,35.33806610107422,74.09586334228516,125.37355041503906,117.83369445800781
2021-10-04,35.043128967285156,73.04865264892578,122.44217681884766,116.03836822509766
2021-10-05,35.73439407348633,73.21051025390625,122.81977081298828,116.73243713378906
2021-10-06,35.99247741699219,73.16287231445312,121.5180435180664,116.51960754394531
2021-10-07,36.49941635131836,73.81025695800781,123.12781524658203,118.0650405883789
2021-10-08,36.702178955078125,73.61985778808594,122.66079711914062,117.4727783203125
2021-10-11,36.61923599243164,73.62936401367188,123.28681182861328,116.55660247802734
2021-10-12,36.610023498535156,73.40089416503906,123.82340240478516,115.99209594726562
2021-10-13,36.582366943359375,73.48656463623047,124.22088623046875,116.17718505859375
2021-10-14,37.264427185058594,74.09586334228516,126.29767608642578,117.84295654296875
2021-10-15,37.236778259277344,74.03874206542969,124.2904281616211,118.42597198486328
2021-10-18,37.07087707519531,73.02960968017578,121.6969223022461,117.620849609375
2021-10-19,37.54093551635742,73.88641357421875,122.89927673339844,119.16629028320312
2021-10-20,37.9004020690918,74.57188415527344,122.48192596435547,120.86906433105469
2021-10-21,37.95570373535156,74.62899780273438,123.05824279785156,121.35953521728516
2021-10-22,38.14925765991211,74.81939697265625,123.39611053466797,121.85000610351562
2021-10-25,38.204559326171875,74.88604736328125,123.60478973388672,121.99806213378906
2021-10-26,38.047874450683594,75.06693267822266,123.22718811035156,122.59960174560547
2021-10-27,37.21834182739258,74.04827117919922,121.44849395751953,121.6279067993164
2021-10-28,37.669979095458984,75.1716537475586,125.37355041503906,122.64591217041016
2021-10-29,37.17224884033203,75.35253143310547,124.02213287353516,123.83967590332031
2021-11-01,37.513282775878906,76.12366485595703,128.77195739746094,123.69160461425781
2021-11-02,37.73450469970703,76.52350616455078,130.43141174316406,124.46897888183594
2021-11-03,38.07552719116211,77.71354675292969,133.30316162109375,125.20001983642578
2021-11-04,37.59624481201172,77.62786102294922,132.36911010742188,124.33941650390625
2021-11-05,37.9372673034668,76.5140151977539,130.49105834960938,122.95128631591797
2021-11-08,37.83588409423828,76.98050689697266,129.68614196777344,123.68232727050781
2021-11-09,37.494850158691406,76.66630554199219,127.8180160522461,123.22889709472656
2021-11-10,37.411903381347656,77.09474182128906,125.3934326171875,123.58053588867188
2021-11-11,37.63310623168945,77.01856231689453,125.5126724243164,123.21964263916016
2021-11-12,37.706844329833984,77.35177612304688,125.74120330810547,123.83040618896484
2021-11-15,37.660762786865234,77.20896911621094,123.10794830322266,123.06230163574219
2021-11-16,37.73450469970703,77.30418395996094,123.72402954101562,123.58053588867188
2021-11-17,37.439552307128906,77.18994140625,122.15399932861328,123.75639343261719
2021-11-18,37.12616729736328,76.66630554199219,121.44849395751953,123.80266571044922
2021-11-19,36.83123016357422,76.50448608398438,121.150390625,123.0530776977539
2021-11-22,37.292076110839844,76.05704498291016,118.52706146240234,122.497802734375
2021-11-23,37.58701705932617,76.30455017089844,118.62640380859375,122.62736511230469
2021-11-24,37.45798110961914,76.1427230834961,119.29218292236328,122.58109283447266
2021-11-26,36.3150749206543,74.93363952636719,116.0428237915039,122.12764739990234
2021-11-29,36.17681121826172,74.14346313476562,114.3237533569336,122.46078491210938
2021-11-30,35.209022521972656,73.71507263183594,115.5360336303711,120.05467987060547
2021-12-01,34.7481803894043,73.41992950439453,111.42217254638672,119.84184265136719
2021-12-02,36.00168991088867,73.46752166748047,113.84678649902344,120.42488098144531
2021-12-03,35.47633361816406,73.12480926513672,108.83858489990234,120.64695739746094
2021-12-06,36.149173736572266,73.32470703125,108.88827514648438,121.33177185058594
2021-12-07,36.89574432373047,74.1815414428711,114.31381225585938,122.89575958251953
2021-12-08,36.93260955810547,74.07682800292969,115.95339965820312,123.82115936279297
2021-12-09,36.79435348510742,72.92487335205078,111.07437896728516,124.10803985595703
2021-12-10,36.72983932495117,72.92487335205078,109.2162094116211,124.54300689697266
2021-12-13,36.36115264892578,73.58179473876953,110.10057067871094,125.71827697753906
2021-12-14,36.51784896850586,73.37232971191406,108.0833969116211,125.20929718017578
2021-12-15,36.81279373168945,75.48583221435547,112.67422485351562,127.772705078125
2021-12-16,36.8220100402832,75.2478256225586,109.64347839355469,128.53158569335938
2021-12-17,36.333499908447266,75.51437377929688,114.88020324707031,127.63385009765625
2021-12-20,35.53367614746094,76.08216857910156,115.05908203125,126.8609848022461
2021-12-21,36.39560317993164,76.20620727539062,115.84408569335938,127.39051055908203
2021-12-22,36.636573791503906,77.16045379638672,115.78446197509766,128.87686157226562
2021-12-23,36.9794921875,77.69483184814453,117.47374725341797,129.4063262939453
2021-12-27,37.33167266845703,78.03836059570312,114.44298553466797,130.77198791503906
2021-12-28,37.35948181152344,77.65665435791016,112.495361328125,130.42825317382812
2021-12-29,37.498497009277344,78.10514831542969,112.02832794189453,131.17141723632812
2021-12-30,37.378021240234375,77.69483184814453,112.52517700195312,131.4408416748047
2021-12-31,37.41508483886719,77.41810607910156,111.25325775146484,130.8834686279297
2022-01-03,37.368751525878906,77.22724914550781,114.71128845214844,129.53643798828125
2022-01-04,37.74872970581055,76.5879135131836,110.65704345703125,127.82707977294922
2022-01-05,37.29460906982422,75.72908782958984,104.56573486328125,126.91669464111328
2022-01-06,37.78581619262695,75.77680969238281,104.53592681884766,125.44896697998047
2022-01-07,38.128726959228516,75.92948150634766,102.33988189697266,124.80794525146484
2022-01-10,37.989707946777344,76.81692504882812,102.48892974853516,126.08991241455078
2022-01-11,38.37896728515625,77.24634552001953,103.23419189453125,127.09320831298828
2022-01-12,38.3140869140625,75.93901824951172,99.96495819091797,126.7309341430664
2022-01-13,38.277015686035156,74.8416519165039,97.48075103759766,124.76150512695312
2022-01-14,38.30482482910156,75.35692596435547,99.85565185546875,124.5478515625
2022-01-18,37.702396392822266,74.10686492919922,93.92334747314453,122.80133819580078
2022-01-19,37.02583312988281,73.49613189697266,92.90979766845703,122.29967498779297
2022-01-20,36.831207275390625,72.74229431152344,91.38943481445312,121.50078582763672
2022-01-21,36.2658576965332,72.49418640136719,89.4616928100586,120.27452850341797
2022-01-24,36.69217300415039,72.16019439697266,91.5285415649414,119.87506866455078
2022-01-25,36.53461837768555,72.16019439697266,90.80316925048828,119.10403442382812
2022-01-26,36.349273681640625,71.58766174316406,89.02445220947266,118.48162078857422
2022-01-27,35.858055114746094,71.60674285888672,84.97023010253906,118.78817749023438
2022-01-28,36.469749450683594,73.0858154296875,88.0208511352539,121.21278381347656
2022-01-31,37.06290054321289,73.61066436767578,92.8402328491211,121.9095230102539
2022-02-01,37.27607345581055,74.0400619506836,94.34070587158203,122.23469543457031
2022-02-02,37.56338119506836,73.99234771728516,91.27020263671875,123.87896728515625
2022-02-03,37.192665100097656,73.1335220336914,88.87541198730469,123.34944152832031
2022-02-04,37.5819091796875,73.19078063964844,90.21688079833984,122.90354919433594
2022-02-07,37.628257751464844,73.35301971435547,92.66136169433594,122.68987274169922
2022-02-08,38.165802001953125,73.71562194824219,92.35330963134766,123.69317626953125
2022-02-09,38.30482482910156,74.48856353759766,96.64604187011719,124.65000915527344
2022-02-10,38.01751708984375,73.41026306152344,93.76435089111328,122.69917297363281
2022-02-11,37.6004524230957,73.26713562011719,92.7607192993164,120.99911499023438
2022-02-14,37.220462799072266,72.50374603271484,91.23045349121094,119.76360321044922
2022-02-15,37.8506965637207,73.51521301269531,95.0362777709961,121.110595703125
2022-02-16,37.952640533447266,73.77287292480469,94.05252838134766,121.29641723632812
2022-02-17,37.18339157104492,72.56098937988281,90.03802490234375,119.34557342529297
2022-02-18,37.238990783691406,72.08386993408203,88.82573699951172,118.4537582397461
2022-02-22,36.831207275390625,71.53995513916016,88.12020111083984,118.15647888183594
2022-02-23,36.339996337890625,71.1964111328125,84.56280517578125,117.56193542480469
2022-02-24,36.1360969543457,70.91011810302734,88.43818664550781,118.03570556640625
2022-02-25,37.44289779663086,72.52279663085938,89.23313903808594,121.64940643310547
2022-02-28,37.02583312988281,72.20790100097656,89.262939453125,120.729736328125
2022-03-01,35.84878921508789,71.71172332763672,88.5276107788086,120.06088256835938
2022-03-02,36.794132232666016,73.38165283203125,88.75616455078125,121.87236785888672
2022-03-03,36.7292594909668,73.18124389648438,86.10302734375,122.4947738647461
2022-03-04,36.20096969604492,73.1526107788086,83.37039184570312,123.1078872680664
2022-03-07,35.190757751464844,72.95221710205078,83.23127746582031,120.96197509765625
2022-03-08,35.02394104003906,72.0170669555664,83.78773498535156,118.49090576171875
2022-03-09,35.98781204223633,73.10491180419922,87.88172912597656,120.729736328125
2022-03-10,35.820987701416016,72.9617691040039,87.42462158203125,120.68328094482422
2022-03-11,35.765380859375,72.95221710205078,84.07588958740234,119.78218078613281
2022-03-14,36.05268859863281,73.0858154296875,80.55823516845703,120.6275634765625
2022-03-15,36.618038177490234,73.92556762695312,81.74073791503906,123.0335922241211
2022-03-16,37.27607345581055,74.69849395751953,85.64592742919922,124.51065826416016
2022-03-17,37.656063079833984,75.78633880615234,88.9946517944336,126.4800796508789
2022-03-18,37.86921691894531,76.33027648925781,91.57823944091797,127.26044464111328
2022-03-21,38.195735931396484,76.05473327636719,88.45805358886719,127.16350555419922
2022-03-22,38.64226150512695,76.23651123046875,91.62791442871094,127.19149780273438
2022-03-23,38.307369232177734,75.52857208251953,89.29275512695312,124.90839385986328
2022-03-24,38.76318359375,76.26522827148438,91.1906967163086,126.39936828613281
2022-03-25,39.26551818847656,76.42784118652344,89.05427551269531,126.98645782470703
2022-03-28,39.284114837646484,76.39915466308594,89.14370727539062,127.90900421142578
2022-03-29,39.62831115722656,77.05924224853516,92.95945739746094,128.66383361816406
2022-03-30,39.55390167236328,76.62873077392578,90.10758209228516,128.9154510498047
2022-03-31,39.09807205200195,76.13127899169922,89.31263732910156,127.65742492675781
2022-04-01,39.48876953125,77.22187042236328,92.67130279541016,128.66383361816406
2022-04-04,38.9027214050293,77.3844985961914,95.48342895507812,127.59217071533203
2022-04-05,38.73527145385742,76.99227142333984,92.66136169433594,127.86241149902344
2022-04-06,38.79109191894531,78.52295684814453,92.74085998535156,129.80999755859375
2022-04-07,38.66086959838867,79.82402038574219,91.84652709960938,132.30746459960938
2022-04-08,38.8004035949707,79.91966247558594,89.76972961425781,133.0995330810547
2022-04-11,38.72597885131836,78.34117126464844,86.768798828125,130.45301818847656
2022-04-12,38.400390625,78.10198974609375,86.59986114501953,129.18568420410156
2022-04-13,38.75387954711914,78.68557739257812,89.83929443359375,129.8193817138672
2022-04-14,38.64226150512695,78.35074615478516,87.21595764160156,129.1949920654297
2022-04-18,38.567832946777344,76.59046936035156,83.06232452392578,127.76922607421875
2022-04-19,38.86551284790039,77.13578033447266,84.06597137451172,128.98997497558594
2022-04-20,39.42366409301758,77.7002182006836,84.25476837158203,130.72329711914062
2022-04-21,39.04225540161133,76.70526885986328,80.64768981933594,129.2788848876953
2022-04-22,37.88875961303711,74.90674591064453,79.33599090576172,124.56358337402344
2022-04-25,37.89806365966797,75.62425231933594,81.05509185791016,125.40225982666016
2022-04-26,36.92131042480469,74.06487274169922,76.20589447021484,123.19375610351562
2022-04-27,37.13526153564453,73.95964813232422,75.44074249267578,122.92350769042969
2022-04-28,37.525962829589844,74.3614501953125,75.70905303955078,124.61952209472656
2022-04-29,36.23292922973633,72.6490249633789,73.36396026611328,121.4138412475586
2022-05-02,36.29804611206055,72.51509094238281,76.29532623291016,120.65902709960938
2022-05-03,36.60502624511719,72.37158203125,76.36487579345703,121.04109191894531
2022-05-04,37.712013244628906,72.95515441894531,78.08396911621094,123.72489929199219
2022-05-05,36.78176498413086,71.16619873046875,73.38379669189453,121.32067108154297
2022-05-06,36.73525619506836,70.15213012695312,69.68729400634766,120.9385986328125
2022-05-09,36.093387603759766,68.23880004882812,63.96367263793945,117.8074951171875
2022-05-10,35.70269012451172,68.67886352539062,67.27265930175781,118.22685241699219
2022-05-11,35.311988830566406,67.76048278808594,62.41350555419922,117.4440689086914
2022-05-12,35.19105529785156,69.30070495605469,64.5002670288086,118.5809555053711
2022-05-13,35.851524353027344,69.93209838867188,68.1669692993164,119.8389892578125
2022-05-16,35.91664123535156,70.7070083618164,68.02783966064453,120.7242660522461
2022-05-17,36.83757781982422,71.99848937988281,71.00889587402344,122.38300323486328
2022-05-18,35.98176193237305,70.247802734375,67.44156646728516,119.22393798828125
2022-05-19,35.60035705566406,70.18082427978516,68.9619140625,119.48489379882812
2022-05-20,35.29338836669922,71.06096649169922,69.88604736328125,120.9385986328125
2022-05-23,35.93524932861328,71.5009994506836,69.69725036621094,122.00093078613281
2022-05-24,35.87013626098633,71.19488525390625,66.97454071044922,122.36437225341797
2022-05-25,36.1771125793457,71.797607421875,67.30245208740234,122.32709503173828
2022-05-26,36.8096809387207,72.02718353271484,68.03777313232422,122.84893798828125
2022-05-27,37.49806213378906,73.57701110839844,70.64124298095703,124.88973236083984
2022-05-31,37.2747917175293,72.34288787841797,68.34584045410156,123.2216796875
2022-06-01,36.91200256347656,71.85499572753906,67.10372161865234,121.45114135742188
2022-06-02,37.330623626708984,71.96023559570312,68.33588409423828,122.41097259521484
2022-06-03,36.90270233154297,72.02718353271484,70.76048278808594,120.97588348388672
2022-06-06,37.330623626708984,70.99398803710938,68.74329376220703,120.99451446533203
2022-06-07,37.60968017578125,72.48638916015625,72.14170837402344,122.56937408447266
2022-06-08,37.09805679321289,71.76890563964844,72.74786376953125,121.6002197265625
2022-06-09,36.242225646972656,69.60682678222656,69.81648254394531,118.85121154785156
2022-06-10,35.38640594482422,68.43013763427734,66.60687255859375,116.94085693359375
2022-06-13,34.30733108520508,66.45941162109375,62.9202880859375,113.39974975585938
2022-06-14,34.493377685546875,66.1341323852539,63.01966094970703,112.31877136230469
2022-06-15,34.58639907836914,67.2534408569336,65.26538848876953,113.45565795898438
2022-06-16,33.41429138183594,66.0863037109375,63.566184997558594,111.78759002685547
2022-06-17,33.656150817871094,67.0142822265625,67.1832046508789,111.72237396240234
2022-06-21,34.27127456665039,68.42185974121094,69.58793640136719,114.73005676269531
2022-06-22,34.31802749633789,69.24701690673828,71.33683013916016,116.32093811035156
2022-06-23,34.27127456665039,71.25236511230469,75.7488021850586,118.93183898925781
2022-06-24,35.69223403930664,72.31743621826172,76.57355499267578,120.90638732910156
2022-06-27,35.64550018310547,72.82595825195312,76.31520080566406,121.3555679321289
2022-06-28,35.41178894042969,71.41548919677734,73.59249114990234,119.24065399169922
2022-06-29,35.16872787475586,72.16389465332031,74.32781982421875,120.2793960571289
2022-06-30,35.38373565673828,71.94322204589844,73.80115509033203,120.00801849365234
2022-07-01,35.94464874267578,73.10421752929688,76.05684661865234,121.3555679321289
2022-07-05,35.58005905151367,73.73748016357422,80.47874450683594,120.65369415283203
2022-07-06,35.52397155761719,73.86222839355469,80.49862670898438,121.46788024902344
2022-07-07,35.7576904296875,74.27481842041016,82.93315124511719,121.98258209228516
2022-07-08,35.58940887451172,74.30360412597656,83.89704132080078,122.34751892089844
2022-07-11,35.505271911621094,73.45922088623047,80.1806411743164,122.03872680664062
2022-07-12,35.33700180053711,73.11378479003906,81.35319519042969,120.48527526855469
2022-07-13,35.00979995727539,72.93151092529297,82.71454620361328,119.31552124023438
2022-07-14,34.028228759765625,72.50932312011719,80.80667114257812,118.9692611694336
2022-07-15,34.430206298828125,73.60316467285156,81.85003662109375,121.84219360351562
2022-07-18,34.11235427856445,72.14469909667969,79.23664093017578,119.26872253417969
2022-07-19,35.04719924926758,73.39205932617188,82.81391906738281,121.29940795898438
2022-07-20,35.159385681152344,72.49015045166016,83.98645782470703,120.1015853881836
2022-07-21,35.29026412963867,72.8067626953125,83.66848754882812,122.00126647949219
2022-07-22,35.00045394897461,72.24066925048828,80.17070770263672,121.49593353271484
2022-07-25,35.38373565673828,72.75879669189453,80.4290771484375,122.13227844238281
2022-07-26,35.18742752075195,73.2481460571289,80.78679656982422,122.75928497314453
2022-07-27,35.514625549316406,73.95816040039062,82.87354278564453,123.52665710449219
2022-07-28,35.26221466064453,72.5189208984375,81.97920989990234,124.31272888183594
2022-07-29,35.598751068115234,72.36539459228516,80.61787414550781,123.90098571777344
2022-08-01,35.18742752075195,71.80889892578125,78.96835327148438,122.98387145996094
2022-08-02,34.906982421875,71.48265838623047,80.46881103515625,122.54403686523438
2022-08-03,35.29026412963867,72.32701873779297,83.52937316894531,123.6669921875
2022-08-04,34.794795989990234,72.58607482910156,88.15001678466797,123.05876159667969
2022-08-05,35.18742752075195,72.98906707763672,91.71736145019531,123.011962890625
2022-08-08,35.49592590332031,73.36328125,93.29732513427734,123.30204010009766
2022-08-09,35.785728454589844,72.2982177734375,90.17713165283203,122.92774200439453
2022-08-10,36.54294967651367,73.03703308105469,93.15821075439453,124.26593017578125
2022-08-11,37.094505310058594,72.19267272949219,90.20693969726562,123.46115112304688
2022-08-12,37.6367073059082,73.13300323486328,93.18800354003906,125.04265594482422
2022-08-15,37.6367073059082,73.9197769165039,94.30094909667969,125.66963958740234
2022-08-16,37.833038330078125,73.71829223632812,91.8067855834961,125.33272552490234
2022-08-17,37.702152252197266,72.98906707763672,89.00459289550781,124.60282897949219
2022-08-18,37.99195098876953,72.81636810302734,88.30899810791016,124.05069732666016
2022-08-19,37.5245246887207,73.10421752929688,86.71910095214844,124.38755798339844
2022-08-22,36.74860763549805,72.16389465332031,85.3875732421875,122.75928497314453
2022-08-23,36.599037170410156,71.55941772460938,87.22589111328125,121.04676818847656
2022-08-24,36.757965087890625,71.61699676513672,89.064208984375,121.19647979736328
2022-08-25,37.29082107543945,71.86647033691406,88.80586242675781,122.5346908569336
2022-08-26,36.421417236328125,69.72677612304688,84.50318908691406,119.11898803710938
2022-08-29,36.084877014160156,68.99755096435547,83.43000030517578,118.28610229492188
2022-08-30,35.80442428588867,68.39306640625,82.57543182373047,117.50003814697266
2022-08-31,35.60810470581055,68.72889709472656,83.17163848876953,116.75139617919922
2022-09-01,35.626800537109375,70.2928695678711,84.98016357421875,118.66979217529297
2022-09-02,35.430484771728516,69.03593444824219,83.20145416259766,116.96663665771484
2022-09-06,35.37439727783203,68.67132568359375,80.82654571533203,117.07892608642578
2022-09-07,36.15031051635742,70.15855407714844,84.25476837158203,118.98799133300781
2022-09-08,36.53359603881836,71.06047821044922,86.8681640625,121.05610656738281
2022-09-09,36.80469512939453,72.2598648071289,87.4544448852539,122.12293243408203
2022-09-12,37.01036834716797,72.46136474609375,88.12020111083984,122.93705749511719
2022-09-13,36.075523376464844,70.32167053222656,83.60887145996094,118.87565612792969
2022-09-14,36.00074005126953,70.7822265625,84.55287170410156,118.94119262695312
2022-09-15,36.13161849975586,70.83978271484375,85.65586853027344,119.60560607910156
2022-09-16,35.813777923583984,70.56153869628906,82.7443618774414,119.26872253417969
2022-09-19,36.30681228637695,70.32014465332031,81.7109146118164,118.62608337402344
2022-09-20,35.73394775390625,69.24303436279297,81.47242736816406,117.23558044433594
2022-09-21,35.20802688598633,68.15630340576172,78.6304931640625,115.29071807861328
2022-09-22,34.65394973754883,68.52175903320312,77.59705352783203,115.90142059326172
2022-09-23,34.081077575683594,68.08899688720703,76.16614532470703,115.30950164794922
2022-09-26,33.41429138183594,67.48310852050781,74.58618927001953,114.21024322509766
2022-09-27,33.63029861450195,67.59851837158203,76.7325439453125,113.86261749267578
2022-09-28,34.28767776489258,70.28170776367188,80.68741607666016,116.3523941040039
2022-09-29,34.20315933227539,69.2526626586914,78.36219787597656,115.37528991699219
2022-09-30,33.968379974365234,68.56983184814453,78.81929779052734,113.7874755859375
2022-10-03,34.77603530883789,69.55078125,79.47512817382812,116.12690734863281
2022-10-04,36.128387451171875,71.28187561035156,82.47606658935547,118.82337951660156
2022-10-05,35.86541748046875,71.28187561035156,82.14814758300781,119.2179946899414
2022-10-06,35.61185073852539,70.89717102050781,82.14814758300781,117.69593048095703
2022-10-07,34.945072174072266,69.39691925048828,78.60066986083984,115.20616149902344
2022-10-10,35.19863510131836,69.11800384521484,77.15984344482422,114.48271179199219
2022-10-11,35.19863510131836,69.53155517578125,77.77590942382812,115.0934066772461
2022-10-12,34.945072174072266,69.14685821533203,78.20320892333984,114.52971649169922
2022-10-13,36.19411849975586,70.64714050292969,79.56455993652344,117.1979751586914
2022-10-14,35.59307098388672,69.76235961914062,77.32877349853516,116.40876770019531
2022-10-17,36.17533874511719,71.26263427734375,80.19058227539062,118.27845001220703
2022-10-18,36.738807678222656,71.53189849853516,80.56819152832031,118.9361343383789
2022-10-19,36.58855438232422,69.93546295166016,76.62324523925781,117.27313995361328
2022-10-20,35.480384826660156,69.42576599121094,76.23570251464844,116.27723693847656
2022-10-21,36.33498764038086,71.07991027832031,78.34232330322266,118.8891372680664
2022-10-24,36.860904693603516,72.080078125,77.98461151123047,121.181640625
2022-10-25,36.81394958496094,72.46475219726562,80.07134246826172,122.10237884521484
2022-10-26,36.81394958496094,73.4457015991211,81.40287780761719,123.45528411865234
2022-10-27,37.27412414550781,72.78211212158203,80.39926147460938,122.80704498291016
2022-10-28,38.692203521728516,74.41703796386719,83.23127746582031,124.82705688476562
2022-10-31,38.85185623168945,73.65727233886719,81.63141632080078,124.72366333007812
2022-11-01,38.7579460144043,74.13813018798828,82.29719543457031,124.79885864257812
2022-11-02,38.18507766723633,73.3783950805664,80.66755676269531,122.67550659179688
2022-11-03,37.82820129394531,73.10911560058594,80.12102508544922,122.15872955322266
2022-11-04,38.325950622558594,73.56110382080078,79.45524597167969,122.90097045898438
2022-11-07,38.485599517822266,74.59013366699219,78.62055969238281,124.2163314819336
2022-11-08,38.37289047241211,74.3785629272461,79.35588073730469,124.83641815185547
2022-11-09,37.76245880126953,73.03217315673828,76.71267700195312,123.4928970336914
2022-11-10,38.908203125,75.22486877441406,82.5953140258789,126.63094329833984
2022-11-11,38.325950622558594,74.59974670410156,84.22493743896484,125.08071899414062
2022-11-14,37.90333938598633,74.69593811035156,83.53931427001953,125.19343566894531
2022-11-15,38.17568588256836,74.57091522216797,83.32069396972656,125.03374481201172
2022-11-16,38.316558837890625,74.23431396484375,80.9755859375,124.97737121582031
2022-11-17,38.344730377197266,74.75363159179688,80.03157806396484,124.92098999023438
2022-11-18,38.71098709106445,75.30180358886719,80.49862670898438,126.43363189697266
2022-11-21,38.82368087768555,75.10945892333984,79.3658218383789,126.49002838134766
2022-11-22,39.236900329589844,75.58069610595703,80.45887756347656,127.58926391601562
2022-11-23,39.3402099609375,75.17678833007812,80.48869323730469,128.09661865234375
2022-11-25,39.650123596191406,75.58069610595703,80.54830932617188,128.85763549804688
2022-11-28,39.12420654296875,75.06138610839844,79.147216796875,127.88992309570312
2022-11-29,39.34959411621094,75.09983825683594,79.47512817382812,127.57051849365234
2022-11-30,40.03516387939453,77.16751861572266,83.09215545654297,130.61459350585938
2022-12-01,39.828556060791016,77.29253387451172,82.56549835205078,130.9904022216797
2022-12-02,40.02577590942383,77.96575164794922,85.11927032470703,131.3286590576172
2022-12-05,39.199337005615234,76.48471069335938,82.35681915283203,130.06964111328125
2022-12-06,39.3308219909668,75.91728210449219,80.08126068115234,129.08316040039062
2022-12-07,38.936378479003906,76.44625091552734,80.578125,130.1448211669922
2022-12-08,39.03029251098633,76.80207061767578,81.06502532958984,131.31922912597656
2022-12-09,38.7579460144043,75.64803314208984,79.02796173095703,129.63743591308594
2022-12-12,38.99272918701172,76.51354217529297,81.01534271240234,131.01856994628906
2022-12-13,38.908203125,76.4750747680664,82.29719543457031,131.42257690429688
2022-12-14,38.74855422973633,76.92708587646484,82.56549835205078,131.62928771972656
2022-12-15,38.14750671386719,75.46529388427734,80.1806411743164,129.21469116210938
2022-12-16,37.959686279296875,75.32102966308594,80.44892883300781,127.33561706542969
2022-12-19,37.81124496459961,75.00105285644531,78.79943084716797,126.8601303100586
2022-12-20,38.388004302978516,75.14562225341797,80.27005767822266,126.83180236816406
2022-12-21,39.06877517700195,76.00338745117188,82.05872344970703,128.5016632080078
2022-12-22,38.70002365112305,75.8106460571289,82.29719543457031,128.3224334716797
2022-12-23,38.95530700683594,75.74317169189453,80.36943817138672,128.3978729248047
2022-12-27,38.945865631103516,75.39620971679688,78.0442123413086,128.0676727294922
2022-12-28,38.463645935058594,75.12633514404297,78.33238983154297,127.23745727539062
2022-12-29,38.945865631103516,76.01304626464844,81.75068664550781,128.62429809570312
2022-12-30,38.718936920166016,75.75282287597656,82.47606658935547,128.1620330810547
2023-01-03,38.70948028564453,75.85881805419922,81.01534271240234,127.7940902709961
2023-01-04,39.15387725830078,76.44673156738281,82.71454620361328,128.1337432861328
2023-01-05,38.974220275878906,76.45636749267578,81.99909210205078,126.82234954833984
2023-01-06,39.94811248779297,77.70926666259766,82.63505554199219,127.99219512939453
2023-01-09,39.418617248535156,75.80098724365234,80.75698852539062,125.85066223144531
2023-01-10,39.87247085571289,76.36000061035156,83.05240631103516,126.90730285644531
2023-01-11,40.10884094238281,76.4081802368164,83.84734344482422,127.62428283691406
2023-01-12,40.07102584838867,76.57200622558594,87.36500549316406,127.2186050415039
2023-01-13,40.4492301940918,76.92864227294922,87.32525634765625,127.78465270996094
2023-01-17,40.06156921386719,76.5912857055664,86.31169128417969,127.19032287597656
2023-01-18,39.46589660644531,75.74317169189453,85.23851776123047,125.39783477783203
2023-01-19,39.116050720214844,75.82027435302734,84.3541259765625,125.6997299194336
2023-01-20,39.532081604003906,75.94556427001953,86.44086456298828,126.33183288574219
2023-01-23,39.83464050292969,76.388916015625,86.60980987548828,126.76575469970703
2023-01-24,40.07102584838867,76.167236328125,88.25932312011719,125.9261474609375
2023-01-25,40.430320739746094,76.4081802368164,88.33881378173828,125.9638900756836
2023-01-26,40.76126480102539,75.9552001953125,88.03076934814453,126.1997299194336
2023-01-27,40.515419006347656,75.66606140136719,88.82573699951172,125.34123992919922
2023-01-30,40.420867919921875,74.94324493408203,86.55017852783203,124.2091293334961
2023-01-31,41.082740783691406,75.67569732666016,88.33881378173828,125.81291961669922
2023-02-01,40.950347900390625,75.94556427001953,89.17352294921875,126.40731048583984
2023-02-02,40.67615509033203,75.5697021484375,91.38943481445312,125.54877471923828
2023-02-03,40.72343826293945,75.53115844726562,89.81941223144531,125.18085479736328
2023-02-06,40.89362716674805,75.3287582397461,89.13375854492188,124.48273468017578
2023-02-07,41.58385467529297,75.36730194091797,89.7498550415039,125.28461456298828
2023-02-08,41.42311096191406,74.57701110839844,86.63961791992188,124.91671752929688
2023-02-09,40.9219856262207,74.25896453857422,85.54654693603516,123.82234954833984
2023-02-10,41.17727279663086,74.6830062866211,85.07952117919922,124.9921646118164
2023-02-13,41.69731521606445,75.40585327148438,85.0198974609375,126.0299072265625
2023-02-14,41.2150993347168,74.87577056884766,85.33788299560547,125.28461456298828
2023-02-15,41.54603576660156,75.02033996582031,85.51675415039062,124.66197204589844
2023-02-16,41.281288146972656,74.23966979980469,84.2348861694336,123.41668701171875
2023-02-17,41.48929977416992,75.44439697265625,86.25206756591797,124.52050018310547
2023-02-21,40.638343811035156,74.56737518310547,82.24750518798828,122.9072265625
2023-02-22,40.64779281616211,74.23966979980469,83.10208129882812,122.49212646484375
2023-02-23,40.638343811035156,74.97216033935547,82.94309997558594,122.82234191894531
2023-02-24,40.76126480102539,74.1143798828125,80.95572662353516,121.23741149902344
2023-02-27,40.695064544677734,73.78670501708984,81.61153411865234,120.86946868896484
2023-02-28,40.94090270996094,73.3530044555664,82.32699584960938,119.97322845458984
2023-03-01,40.84635925292969,73.83489990234375,82.57543182373047,119.77511596679688
2023-03-02,40.54378128051758,73.99874114990234,81.89971923828125,120.510986328125
2023-03-03,40.78961944580078,74.4999008178711,83.06232452392578,121.86004638671875
2023-03-06,40.52487564086914,73.9312744140625,81.65130615234375,121.80345153808594
2023-03-07,39.94811248779297,73.08314514160156,81.55193328857422,119.84114837646484
2023-03-08,39.645538330078125,72.33141326904297,80.71723175048828,119.19963073730469
2023-03-09,38.57711410522461,71.57965850830078,78.23301696777344,117.99207305908203
2023-03-10,37.68832015991211,71.088134765625,75.1823959350586,117.12415313720703
2023-03-13,36.28895568847656,71.40618133544922,77.36851501464844,118.21849822998047
2023-03-14,37.09264373779297,72.23502349853516,78.53112030029297,119.27510833740234
2023-03-15,35.88238525390625,71.92660522460938,77.55731201171875,119.17133331298828
2023-03-16,36.90353775024414,72.485595703125,77.73617553710938,120.28456115722656
2023-03-17,35.400169372558594,71.11703491210938,76.01708984375,118.73737335205078
2023-03-20,36.453346252441406,71.91145324707031,76.29532623291016,120.2422866821289
2023-03-21,37.22188949584961,71.79548645019531,75.54011535644531,120.97156524658203
2023-03-22,36.20665740966797,70.68408966064453,72.66836547851562,119.14369201660156
2023-03-23,35.58993148803711,70.75173950195312,73.25464630126953,118.9163589477539
2023-03-24,35.7891845703125,71.77615356445312,73.72169494628906,120.56430053710938
2023-03-27,36.31102752685547,72.2786865234375,74.47687530517578,121.05677795410156
2023-03-28,36.34898376464844,72.25934600830078,73.98004150390625,120.32752990722656
2023-03-29,36.8992919921875,72.60726928710938,75.83824157714844,120.65901947021484
2023-03-30,36.95621871948242,72.52996826171875,74.19863891601562,121.31249237060547
2023-03-31,37.34524154663086,73.44805908203125,75.72892761230469,122.61001586914062
2023-04-03,37.468570709228516,73.87328338623047,76.57355499267578,123.98331451416016
2023-04-04,37.1080322265625,73.48672485351562,75.09296417236328,124.00224304199219
2023-04-05,37.326255798339844,74.25984191894531,74.90416717529297,126.14264678955078
2023-04-06,37.534996032714844,74.7913818359375,76.384765625,126.45518493652344
2023-04-10,37.772193908691406,74.65608215332031,75.66930389404297,126.36993408203125
2023-04-11,38.00940704345703,74.58844757080078,76.39470672607422,126.79617309570312
2023-04-12,38.03786849975586,74.0085678100586,75.56993103027344,126.83401489257812
2023-04-13,38.03786849975586,75.33256530761719,78.9285888671875,128.48193359375
2023-04-14,37.6963005065918,74.88801574707031,77.69642639160156,127.44963836669922
2023-04-17,38.123260498046875,75.361572265625,81.3134536743164,127.345458984375
2023-04-18,38.31303024291992,74.8976821899414,80.81661224365234,126.47413635253906
2023-04-19,38.550228118896484,75.9220962524414,81.83016967773438,126.86241912841797
2023-04-20,38.4932975769043,75.825439453125,80.111083984375,126.341552734375
2023-04-21,38.113773345947266,76.7725601196289,81.75068664550781,127.19392395019531
2023-04-24,38.03786849975586,76.22168731689453,80.7072982788086,127.90425872802734
2023-04-25,37.67732238769531,75.21661376953125,79.50495147705078,126.54044342041016
2023-04-26,37.36421203613281,74.2888412475586,78.8490982055664,124.740966796875
2023-04-27,37.980934143066406,74.2115249633789,78.30258178710938,125.39444732666016
2023-04-28,38.369956970214844,74.93635559082031,79.69375610351562,126.46466827392578
2023-05-01,38.59766387939453,76.00907135009766,81.55193328857422,127.1181640625
2023-05-02,37.933494567871094,74.5497817993164,79.22671508789062,126.56886291503906
2023-05-03,37.83861541748047,74.44346618652344,82.68472290039062,126.39837646484375
2023-05-04,37.19342803955078,73.83463287353516,83.44988250732422,125.39444732666016
2023-05-05,37.914520263671875,74.30818176269531,84.84103393554688,126.521484375
2023-05-08,38.23712158203125,73.89260864257812,84.46343231201172,126.24683380126953
2023-05-09,38.113773345947266,73.15813446044922,85.36769104003906,125.40393829345703
2023-05-10,37.990421295166016,73.81529998779297,86.72903442382812,125.75434112548828
2023-05-11,37.848106384277344,73.48672485351562,85.4670639038086,125.36605834960938
2023-05-12,37.70578384399414,73.34175872802734,84.89071655273438,125.195556640625
2023-05-15,37.8006591796875,73.53502655029297,86.99734497070312,124.97775268554688
2023-05-16,37.468570709228516,72.69424438476562,84.49324798583984,123.93594360351562
2023-05-17,37.70578384399414,73.3707504272461,85.19876861572266,124.08747863769531
2023-05-18,38.113773345947266,73.44805908203125,84.19514465332031,123.78440856933594
2023-05-19,37.952476501464844,73.87328338623047,84.83110809326172,124.36214447021484
2023-05-22,37.933494567871094,74.1632080078125,86.91783905029297,124.4852523803711
2023-05-23,37.449607849121094,73.67999267578125,86.9377212524414,123.1214599609375
2023-05-24,36.82339096069336,73.00350952148438,85.24846649169922,122.27853393554688
2023-05-25,36.709529876708984,72.08540344238281,83.02259063720703,121.02837371826172
2023-05-26,36.73799514770508,71.97909545898438,83.77779388427734,120.78214263916016
2023-05-30,36.880313873291016,71.45722198486328,82.61518096923828,120.033935546875
2023-05-31,36.187679290771484,71.94044494628906,83.3902587890625,121.0662612915039
2023-06-01,36.519775390625,71.98875427246094,84.54292297363281,121.86182403564453
2023-06-02,37.516021728515625,73.52537536621094,85.88440704345703,123.42452239990234
2023-06-05,37.202911376953125,73.3514175415039,86.16265106201172,123.86962127685547
2023-06-06,37.70578384399414,73.1194839477539,87.56375122070312,122.83732604980469
2023-06-07,38.17069625854492,72.8585433959961,87.6531753540039,122.35429382324219
2023-06-08,37.990421295166016,73.2064437866211,87.56375122070312,123.14039611816406
2023-06-09,38.03786849975586,73.14846801757812,87.10665130615234,123.51921081542969
2023-06-12,37.92401123046875,72.8005599975586,88.05064392089844,123.96437072753906
2023-06-13,38.218143463134766,73.19677734375,89.66043090820312,124.58942413330078
2023-06-14,37.67732238769531,72.92620086669922,88.3288803100586,123.31085205078125
2023-06-15,38.17069625854492,73.99891662597656,88.62699890136719,125.22396850585938
2023-06-16,38.303524017333984,74.30818176269531,87.1165771484375,125.21450805664062
2023-06-20,38.01877212524414,74.20743560791016,87.08975982666016,125.07376861572266
2023-06-21,38.133060455322266,73.8974609375,86.6127700805664,125.09278106689453
2023-06-22,38.05686950683594,74.18806457519531,86.04634857177734,125.94869232177734
2023-06-23,37.6568717956543,73.49064636230469,84.58558654785156,125.53023529052734
2023-06-26,37.85687255859375,72.66729736328125,82.64781188964844,124.81700897216797
2023-06-27,38.39971923828125,72.19267272949219,82.3993911743164,124.53168487548828
2023-06-28,38.104488372802734,71.97956085205078,83.4527359008789,124.13227844238281
2023-06-29,38.67591857910156,72.3185806274414,82.10126495361328,124.94062805175781
2023-06-30,38.93305587768555,73.24847412109375,82.6776351928711,126.2244644165039
2023-07-03,38.95209884643555,72.98694610595703,82.41925811767578,125.1878662109375
2023-07-05,38.71400833129883,72.75448608398438,82.48882293701172,125.1213150024414
2023-07-06,38.742576599121094,71.96988677978516,81.20691680908203,124.12278747558594
2023-07-07,39.0949592590332,71.33058166503906,81.26654815673828,122.67727661132812
2023-07-10,38.97114562988281,72.08612060546875,83.701171875,123.64729309082031
2023-07-11,39.39971923828125,72.03768157958984,83.30366516113281,123.67581176757812
2023-07-12,39.247337341308594,71.96988677978516,84.24771118164062,123.34295654296875
2023-07-13,39.23781204223633,72.14424133300781,84.1483383178711,123.39051055908203
2023-07-14,38.913997650146484,72.54137420654297,83.88996887207031,125.24492645263672
2023-07-17,39.47590637207031,72.84164428710938,85.22156524658203,124.67434692382812
2023-07-18,39.6854248046875,73.44220733642578,85.0427017211914,125.5968017578125
2023-07-19,39.79018783569336,73.78123474121094,85.22156524658203,126.1769027709961
2023-07-20,40.46637725830078,74.94361114501953,83.80054473876953,128.26907348632812
2023-07-21,40.49494552612305,75.47636413574219,84.4365234375,129.56239318847656
2023-07-24,40.54256820678711,75.06951904296875,82.89623260498047,129.27713012695312
2023-07-25,40.428287506103516,75.01140594482422,82.63787841796875,129.22003173828125
2023-07-26,40.87589645385742,75.16637420654297,82.52857208251953,129.13446044921875
2023-07-27,40.533042907714844,75.06951904296875,81.256591796875,128.1834716796875
2023-07-28,40.47589874267578,75.7959976196289,83.28379821777344,128.5638885498047
2023-07-31,40.45685577392578,75.41822814941406,83.76077270507812,127.57483673095703
2023-08-01,40.49494552612305,75.0307846069336,82.7770004272461,126.9091567993164
2023-08-02,40.83780288696289,75.01140594482422,81.54479217529297,126.99474334716797
2023-08-03,40.95208740234375,75.76695251464844,80.75975036621094,126.35758209228516
2023-08-04,40.78065490722656,75.74756622314453,80.7100601196289,125.9106216430664
2023-08-07,41.22827911376953,76.377197265625,78.1959457397461,127.36563110351562
2023-08-08,40.723514556884766,77.4911117553711,78.83192443847656,128.3451690673828
2023-08-09,40.61875915527344,77.07459259033203,78.76237487792969,128.30709838867188
2023-08-10,40.590179443359375,76.53217315673828,79.4381103515625,128.2215576171875
2023-08-11,40.7425651550293,77.13272857666016,79.36854553222656,129.02037048339844
2023-08-14,40.64732360839844,76.89057159423828,79.52753448486328,129.41029357910156
2023-08-15,40.161617279052734,77.21990966796875,79.31884765625,128.93478393554688
2023-08-16,40.36161422729492,76.2125244140625,77.58977508544922,127.95525360107422
2023-08-17,39.90447235107422,75.55384063720703,76.46687316894531,126.93767547607422
2023-08-18,39.87590408325195,75.62164306640625,77.04322052001953,126.9852523803711
2023-08-21,39.77114486694336,75.81537628173828,77.89781951904297,127.11837768554688
2023-08-22,39.45685958862305,75.37948608398438,77.8779525756836,126.67141723632812
2023-08-23,39.799713134765625,75.46666717529297,78.36488342285156,127.05182647705078
2023-08-24,39.97114181518555,75.0307846069336,77.33141326904297,125.94869232177734
2023-08-25,39.99970245361328,75.36978912353516,78.1959457397461,126.87113952636719
2023-08-28,40.05685806274414,75.15669250488281,78.4344253540039,127.16592407226562
2023-08-29,40.39018630981445,75.37948608398438,78.79217529296875,128.30709838867188
2023-08-30,40.56161117553711,75.61194610595703,79.17974853515625,128.21202087402344
2023-08-31,40.51399612426758,75.21481323242188,78.70275115966797,126.68093872070312
2023-09-01,40.90446853637695,75.92193603515625,80.6206283569336,127.02330017089844
2023-09-05,40.209232330322266,74.4205322265625,79.14991760253906,125.7109375
2023-09-06,40.27590560913086,73.97496032714844,79.3884048461914,125.02621459960938
2023-09-07,40.43780517578125,74.0330810546875,78.2655029296875,125.5873031616211
2023-09-08,40.409236907958984,74.3720932006836,78.15618896484375,125.5873031616211
2023-09-11,40.67589569091797,74.4786605834961,78.33507537841797,126.45271301269531
2023-09-12,41.085418701171875,74.29460144042969,78.63318634033203,126.29103088378906
2023-09-13,40.99970626831055,74.16868591308594,77.7984619140625,126.31005859375
2023-09-14,41.47589111328125,74.4980239868164,77.71895599365234,126.70945739746094
2023-09-15,41.2854118347168,73.51970672607422,76.62586975097656,125.7109375
2023-09-18,41.59797668457031,73.24872589111328,75.47315216064453,125.51995849609375
2023-09-19,41.894287109375,73.2584457397461,75.51290130615234,125.6249771118164
2023-09-20,41.79869842529297,73.32642364501953,73.87326049804688,125.63453674316406
2023-09-21,41.378135681152344,71.55880737304688,73.2372817993164,124.5363998413086
2023-09-22,41.445045471191406,71.14120483398438,72.50191497802734,124.27857971191406
2023-09-25,41.59797668457031,71.37428283691406,71.42869567871094,124.95655822753906
2023-09-26,41.072269439697266,71.5782470703125,72.75035095214844,123.8966293334961
2023-09-27,41.00536346435547,71.32574462890625,73.52543640136719,123.27597045898438
2023-09-28,41.14873504638672,71.32574462890625,73.30683135986328,123.86798858642578
2023-09-29,40.661258697509766,70.28655242919922,72.5615463256836,122.93221282958984
2023-10-02,40.24068832397461,69.4124526977539,70.20643615722656,122.76030731201172
2023-10-03,39.79145431518555,68.74231719970703,70.10704803466797,121.67174530029297
2023-10-04,40.32671356201172,68.78115844726562,69.4412612915039,122.1873779296875
2023-10-05,40.62302017211914,69.49015045166016,71.69700622558594,122.85580444335938
2023-10-06,40.81418991088867,69.78150939941406,71.77649688720703,124.14490509033203
2023-10-09,40.98624038696289,69.77179718017578,71.21009063720703,124.57461547851562
2023-10-10,40.82374954223633,70.4710693359375,71.64732360839844,125.1666259765625
2023-10-11,41.196533203125,70.43222045898438,70.87222290039062,124.6128158569336
2023-10-12,40.98624038696289,69.4124526977539,68.28853607177734,123.54332733154297
2023-10-13,41.22520446777344,69.23763275146484,69.16300201416016,124.3167724609375
2023-10-16,41.942081451416016,70.45165252685547,69.76919555664062,125.2525863647461
2023-10-17,42.34353256225586,70.62645721435547,69.85862731933594,125.08070373535156
2023-10-18,41.87517166137695,69.5872802734375,68.05998992919922,123.99214172363281
2023-10-19,41.167850494384766,68.46066284179688,66.66876983642578,122.7698745727539
2023-10-20,40.41273498535156,68.57721710205078,66.49984741210938,122.28287506103516
2023-10-23,40.011295318603516,67.68370056152344,65.04901885986328,121.51896667480469
2023-10-24,40.62302017211914,68.36353302001953,66.66876983642578,121.8913803100586
2023-10-25,40.61346435546875,67.79052734375,65.08876037597656,120.80281066894531
2023-10-26,40.842864990234375,67.4311752319336,65.76448059082031,119.60919952392578
2023-10-27,39.915706634521484,65.9258041381836,63.71742630004883,117.58482360839844
2023-10-30,40.460533142089844,66.76103973388672,64.78070831298828,118.24369812011719
2023-10-31,40.82374954223633,67.0135498046875,65.81417846679688,118.92166900634766
2023-11-01,41.23475646972656,67.5962905883789,67.17557525634766,119.1699447631836
2023-11-02,41.22520446777344,68.01390838623047,67.83143615722656,121.06062316894531
2023-11-03,41.56930923461914,68.99481964111328,71.0113296508789,121.66220092773438
2023-11-06,41.40681838989258,68.93656158447266,69.4412612915039,122.47383880615234
2023-11-07,41.33989715576172,69.00453186035156,71.0709457397461,122.5597915649414
2023-11-08,41.27299118041992,67.7710952758789,68.99409484863281,122.3879165649414
2023-11-09,41.167850494384766,66.26573181152344,66.17190551757812,119.85746765136719
2023-11-10,41.588417053222656,66.68335723876953,66.5296401977539,120.5736312866211
2023-11-13,41.67444610595703,66.85816192626953,66.85758209228516,121.27070617675781
2023-11-14,42.09502029418945,67.82936096191406,70.46479797363281,122.09188842773438
2023-11-15,41.74135208129883,68.2081527709961,70.65360260009766,122.1873779296875
2023-11-16,41.93251419067383,67.62541198730469,69.68968200683594,122.71257019042969
2023-11-17,42.123687744140625,67.9459228515625,72.20380401611328,122.46430969238281
2023-11-20,42.228824615478516,68.27613830566406,73.02859497070312,123.20912170410156
2023-11-21,42.572933197021484,67.97505187988281,71.54794311523438,123.95392608642578
2023-11-22,42.821449279785156,68.22757720947266,72.34292602539062,124.54593658447266
2023-11-24,43.136871337890625,68.54808044433594,73.19752502441406,125.21440124511719
2023-11-27,43.29936599731445,67.9459228515625,72.77023315429688,124.43136596679688
2023-11-28,42.678070068359375,67.5865707397461,72.57149505615234,123.7916030883789
2023-11-29,42.515586853027344,67.97505187988281,73.38631439208984,123.82978820800781
2023-11-30,43.28025436401367,68.722900390625,75.04586029052734,125.38626098632812
2023-12-01,43.24201583862305,69.33475494384766,77.34133911132812,125.88279724121094
2023-12-04,43.595680236816406,69.87863159179688,78.69280242919922,126.12153625488281
2023-12-05,43.394954681396484,69.7620849609375,78.30525970458984,125.9592056274414
2023-12-06,43.0030517578125,69.49986267089844,79.04061126708984,126.05467987060547
2023-12-07,42.88835906982422,69.7620849609375,80.01444244384766,125.90190887451172
2023-12-08,43.069969177246094,69.95633697509766,78.82198333740234,126.11197662353516
2023-12-11,43.547882080078125,70.1020278930664,78.36488342285156,126.9427490234375
2023-12-12,43.901546478271484,71.01494598388672,79.57722473144531,127.48700714111328
2023-12-13,44.05447769165039,72.52032470703125,83.42292022705078,129.83607482910156
2023-12-14,43.19422149658203,72.26781463623047,84.94331359863281,129.20578002929688
2023-12-15,42.83100509643555,71.65595245361328,85.18180847167969,128.10769653320312
2023-12-18,43.175838470458984,71.9198226928711,83.84403991699219,128.3167724609375
2023-12-19,43.463993072509766,72.91303253173828,85.970947265625,129.18002319335938
2023-12-20,42.705177307128906,71.77376556396484,82.1544418334961,127.30966186523438
2023-12-21,42.9453125,72.77669525146484,84.15214538574219,128.863525390625
2023-12-22,43.1278076171875,73.47781372070312,87.08409881591797,129.50616455078125
2023-12-26,43.16622543334961,73.86729431152344,88.91284942626953,129.7938995361328
2023-12-27,43.23345947265625,74.1496810913086,90.27446746826172,130.3406524658203
2023-12-28,43.4063606262207,74.33467864990234,90.30427551269531,130.67630004882812
2023-12-29,43.43517303466797,74.1009750366211,88.74388885498047,130.8105926513672
